field_key,src_table,label,abbreviation,dict_category,dict_unit,param_type,specimen,n_rows,n_keys,n_numeric,n_with_uom,unit_observed,p01,p50,p99,unit_recovery_rate,numeric_rate,dtype_inferred,coverage,missing_rate,obs_per_key
211,mimiciii.CHARTEVENTS,Heart Rate,,,,,,2476111,18815,2475470,2476111,BPM,51.4538,85.7176,134.9826,1.0,0.9997,numeric,0.9845,0.0155,131.603
742,mimiciii.CHARTEVENTS,calprevflg,,,,,,2462001,18815,2460929,2462001,kg,1.0,1.0,1.0,1.0,0.9996,numeric,0.9845,0.0155,130.853
646,mimiciii.CHARTEVENTS,SpO2,,,,,,2439167,18814,2436827,2439149,%,87.3001,98.0,100.0,1.0,0.999,numeric,0.9844,0.0156,129.646
618,mimiciii.CHARTEVENTS,Respiratory Rate,,,,,,2408175,18803,2407285,2408175,BPM,7.7696,19.7491,37.7978,1.0,0.9996,numeric,0.9838,0.0162,128.074
212,mimiciii.CHARTEVENTS,Heart Rhythm,,,,,,2348171,18815,0,0,,,,,0.0,0.0,categorical,0.9845,0.0155,124.803
161,mimiciii.CHARTEVENTS,Ectopy Type,,,,,,2299521,18813,0,0,,,,,0.0,0.0,categorical,0.9844,0.0156,122.23
128,mimiciii.CHARTEVENTS,Code Status,,,,,,2286550,18289,0,0,,,,,0.0,0.0,categorical,0.9569,0.0431,125.023
550,mimiciii.CHARTEVENTS,Precautions,,,,,,2275816,18165,0,0,,,,,0.0,0.0,categorical,0.9504,0.0496,125.286
1125,mimiciii.CHARTEVENTS,Service Type,,,,,,2082531,17165,0,0,,,,,0.0,0.0,categorical,0.8981,0.1019,121.324
30013,mimiciii.INPUTEVENTS_CV,D5W,,,,,,1879439,17925,0,0,,,,,0.0,0.0,categorical,0.9379,0.0621,104.85
159,mimiciii.CHARTEVENTS,Ectopy Frequency,,,,,,1786561,18668,0,0,,,,,0.0,0.0,categorical,0.9768,0.0232,95.702
30018,mimiciii.INPUTEVENTS_CV,.9% Normal Saline,,,,,,1720524,15501,0,0,,,,,0.0,0.0,categorical,0.8111,0.1889,110.994
51,mimiciii.CHARTEVENTS,Arterial BP [Systolic],,,,,,1578805,12836,1571311,1572918,mmHg,69.3567,120.6532,189.8577,0.9963,0.9953,numeric,0.6716,0.3284,122.998
8368,mimiciii.CHARTEVENTS,Arterial BP [Diastolic],,,,,,1570955,12274,1570955,1570955,mmHg,33.1963,58.9272,100.1834,1.0,1.0,numeric,0.6422,0.3578,127.99
1484,mimiciii.CHARTEVENTS,Risk for Falls,,,,,,1567335,12818,0,0,,,,,0.0,0.0,categorical,0.6707,0.3293,122.276
52,mimiciii.CHARTEVENTS,Arterial BP Mean,,,,,,1561213,12803,1554417,1555286,mmHg,49.6551,79.1076,131.636,0.9962,0.9956,numeric,0.6699,0.3301,121.941
5815,mimiciii.CHARTEVENTS,HR Alarm [Low],,,,,,1214521,11641,1212586,1213673,BPM,40.0,55.6764,70.6722,0.9993,0.9984,numeric,0.6091,0.3909,104.331
8549,mimiciii.CHARTEVENTS,HR Alarm [High],,,,,,1213020,11641,1213020,1213020,BPM,99.9821,120.0,159.9993,1.0,1.0,numeric,0.6091,0.3909,104.202
5820,mimiciii.CHARTEVENTS,SpO2 Alarm [Low],,,,,,1212293,11630,1210788,1211432,%,76.1095,90.0,93.9987,0.9993,0.9988,numeric,0.6085,0.3915,104.238
8554,mimiciii.CHARTEVENTS,SpO2 Alarm [High],,,,,,1207596,11618,1207596,1207596,%,56.2775,100.0,100.0,1.0,1.0,numeric,0.6079,0.3921,103.942
5819,mimiciii.CHARTEVENTS,Resp Alarm [Low],,,,,,1190376,11519,1188421,1189470,BPM,5.3871,8.0,28.8453,0.9992,0.9984,numeric,0.6027,0.3973,103.34
8553,mimiciii.CHARTEVENTS,Resp Alarm [High],,,,,,1188643,11504,1188643,1188643,BPM,25.1681,35.0,52.1426,1.0,1.0,numeric,0.6019,0.3981,103.324
581,mimiciii.CHARTEVENTS,Previous WeightF,,,,,,1169677,13662,1160065,1169677,kg,43.2429,82.3203,162.9223,1.0,0.9918,numeric,0.7148,0.2852,85.615
455,mimiciii.CHARTEVENTS,NBP [Systolic],,,,,,1050200,18324,1047175,1048300,mmHg,75.3967,118.9422,181.3519,0.9982,0.9971,numeric,0.9588,0.0412,57.313
8441,mimiciii.CHARTEVENTS,NBP [Diastolic],,,,,,1045799,18286,1045799,1045799,mmHg,26.8337,56.9977,98.9161,1.0,1.0,numeric,0.9568,0.0432,57.191
456,mimiciii.CHARTEVENTS,NBP Mean,,,,,,1033353,18304,1030815,1031463,mmHg,47.0923,76.3149,119.7846,0.9982,0.9975,numeric,0.9577,0.0423,56.455
5817,mimiciii.CHARTEVENTS,NBP Alarm [Low],,,,,,899627,10491,897294,897899,mmHg,54.9937,90.0,141.4819,0.9981,0.9974,numeric,0.5489,0.4511,85.752
8551,mimiciii.CHARTEVENTS,NBP Alarm [High],,,,,,897150,10445,897150,897150,mmHg,90.0,160.0,194.5996,1.0,1.0,numeric,0.5465,0.4535,85.893
113,mimiciii.CHARTEVENTS,CVP,,,,,,879042,9136,867504,873448,mmHg,0.9993,11.0,27.8711,0.9936,0.9869,numeric,0.478,0.522,96.217
1703,mimiciii.CHARTEVENTS,Health Care Proxy,,,,,,814248,6688,0,0,,,,,0.0,0.0,categorical,0.3499,0.6501,121.748
1337,mimiciii.CHARTEVENTS,Riker-SAS Scale,,,,,,766018,16447,0,0,,,,,0.0,0.0,categorical,0.8606,0.1394,46.575
674,mimiciii.CHARTEVENTS,Temp. Site,,,,,,763488,18810,0,0,,,,,0.0,0.0,categorical,0.9842,0.0158,40.589
432,mimiciii.CHARTEVENTS,Level of Conscious,,,,,,743729,18811,0,0,,,,,0.0,0.0,categorical,0.9843,0.0157,39.537
30131,mimiciii.INPUTEVENTS_CV,Propofol,,,,,,730345,8813,430453,435832,mcgkgmin,0.0,30.0,100.2048,0.5967,0.5894,mixed,0.4611,0.5389,82.871
5813,mimiciii.CHARTEVENTS,ABP Alarm [Low],,,,,,711270,7111,706964,708042,mmHg,49.991,90.0,144.3161,0.9955,0.9939,numeric,0.3721,0.6279,100.024
31,mimiciii.CHARTEVENTS,Activity,,,,,,708512,18781,0,0,,,,,0.0,0.0,categorical,0.9827,0.0173,37.725
8547,mimiciii.CHARTEVENTS,ABP Alarm [High],,,,,,706899,6855,706899,706899,mmHg,90.0,160.0,200.1508,1.0,1.0,numeric,0.3587,0.6413,103.122
184,mimiciii.CHARTEVENTS,Eye Opening,,,,,,690169,18810,689769,0,,1.0,4.0,4.0,0.0,0.9994,numeric,0.9842,0.0158,36.692
723,mimiciii.CHARTEVENTS,Verbal Response,,,,,,688803,18808,687938,0,,1.0,1.3429,5.0,0.0,0.9987,numeric,0.9841,0.0159,36.623
454,mimiciii.CHARTEVENTS,Motor Response,,,,,,687159,18809,686555,0,,1.0,6.0,6.0,0.0,0.9991,numeric,0.9841,0.0159,36.534
617,mimiciii.CHARTEVENTS,Respiratory Pattern,,,,,,687018,18809,0,0,,,,,0.0,0.0,categorical,0.9841,0.0159,36.526
637,mimiciii.CHARTEVENTS,Side Rails,,,,,,684163,18284,0,0,,,,,0.0,0.0,categorical,0.9567,0.0433,37.419
198,mimiciii.CHARTEVENTS,GCS Total,,,,,,683960,18807,683807,683960,points,3.0,11.0,15.0,1.0,0.9998,numeric,0.984,0.016,36.367
210,mimiciii.CHARTEVENTS,HOB,,,,,,677097,18783,0,0,,,,,0.0,0.0,categorical,0.9828,0.0172,36.048
707,mimiciii.CHARTEVENTS,Urine Source,,,,,,670598,18798,0,0,,,,,0.0,0.0,categorical,0.9836,0.0164,35.674
704,mimiciii.CHARTEVENTS,Turn,,,,,,661035,18789,0,0,,,,,0.0,0.0,categorical,0.9831,0.0169,35.182
479,mimiciii.CHARTEVENTS,Orientation,,,,,,660638,18806,24,0,,3.0,4.0,5.0,0.0,0.0,categorical,0.984,0.016,35.129
30045,mimiciii.INPUTEVENTS_CV,Insulin,,,,,,630018,5290,362036,366223,Uhr,0.0,3.0,19.1319,0.5813,0.5746,mixed,0.2768,0.7232,119.096
54,mimiciii.CHARTEVENTS,Assistance Device,,,,,,629022,18710,0,0,,,,,0.0,0.0,categorical,0.979,0.021,33.62
32,mimiciii.CHARTEVENTS,Activity Tolerance,,,,,,619605,18692,0,0,,,,,0.0,0.0,categorical,0.978,0.022,33.148
547,mimiciii.CHARTEVENTS,Position,,,,,,602653,18505,0,0,,,,,0.0,0.0,categorical,0.9682,0.0318,32.567
154,mimiciii.CHARTEVENTS,Diet Type,,,,,,575693,16148,0,0,,,,,0.0,0.0,categorical,0.8449,0.1551,35.651
30118,mimiciii.INPUTEVENTS_CV,Fentanyl,,,,,,575074,2447,324662,326133,mcghr,0.0,75.7133,586.337,0.5671,0.5646,mixed,0.128,0.872,235.012
1046,mimiciii.CHARTEVENTS,Pain Present,,,,,,561627,18275,0,0,,,,,0.0,0.0,categorical,0.9562,0.0438,30.732
599,mimiciii.CHARTEVENTS,RUL Lung Sounds,,,,,,557356,18807,0,0,,,,,0.0,0.0,categorical,0.984,0.016,29.636
428,mimiciii.CHARTEVENTS,LUL Lung Sounds,,,,,,557029,18808,0,0,,,,,0.0,0.0,categorical,0.9841,0.0159,29.617
593,mimiciii.CHARTEVENTS,RLL Lung Sounds,,,,,,555398,18807,0,0,,,,,0.0,0.0,categorical,0.984,0.016,29.531
425,mimiciii.CHARTEVENTS,LLL Lung Sounds,,,,,,555030,18808,0,0,,,,,0.0,0.0,categorical,0.9841,0.0159,29.51
663,mimiciii.CHARTEVENTS,Support Systems,,,,,,553450,17966,0,0,,,,,0.0,0.0,categorical,0.94,0.06,30.805
478,mimiciii.CHARTEVENTS,Oral Cavity,,,,,,548114,18806,0,0,,,,,0.0,0.0,categorical,0.984,0.016,29.146
678,mimiciii.CHARTEVENTS,Temperature F,,,,,,544102,18432,541991,543821,Deg. F,95.111,98.7123,102.6429,0.9995,0.9961,numeric,0.9644,0.0356,29.519
677,mimiciii.CHARTEVENTS,Temperature C (calc),,,,,,542931,18431,541873,542595,Deg. C,35.084,37.054,39.2475,0.9994,0.9981,numeric,0.9644,0.0356,29.457
706,mimiciii.CHARTEVENTS,Urine [Color],,,,,,524805,18651,0,0,,,,,0.0,0.0,categorical,0.9759,0.0241,28.138
27,mimiciii.CHARTEVENTS,Abdominal Assessment,,,,,,521852,18803,0,0,,,,,0.0,0.0,categorical,0.9838,0.0162,27.754
8480,mimiciii.CHARTEVENTS,Urine [Appearance],,,,,,519087,18596,0,0,,,,,0.0,0.0,categorical,0.973,0.027,27.914
680,mimiciii.CHARTEVENTS,Therapeutic Bed,,,,,,508871,13096,0,0,,,,,0.0,0.0,categorical,0.6852,0.3148,38.857
80,mimiciii.CHARTEVENTS,Bowel Sounds,,,,,,498688,18796,0,0,,,,,0.0,0.0,categorical,0.9835,0.0165,26.532
621,mimiciii.CHARTEVENTS,Restraint Location,,,,,,493565,16588,0,0,,,,,0.0,0.0,categorical,0.8679,0.1321,29.754
5814,mimiciii.CHARTEVENTS,CVP Alarm [Low],,,,,,469448,5351,454982,466142,mmHg,0.0,0.0,9.9957,0.993,0.9692,numeric,0.28,0.72,87.731
8548,mimiciii.CHARTEVENTS,CVP Alarm [High],,,,,,465285,4962,465285,465285,mmHg,10.0,20.0,39.978,1.0,1.0,numeric,0.2596,0.7404,93.77
49,mimiciii.CHARTEVENTS,Anti-Embolism [Device],,,,,,462032,14957,0,0,,,,,0.0,0.0,categorical,0.7826,0.2174,30.891
30025,mimiciii.INPUTEVENTS_CV,Heparin,,,,,,446901,3380,250200,252830,Uhr,0.0,978.4044,2812.4196,0.5657,0.5599,mixed,0.1769,0.8231,132.219
8367,mimiciii.CHARTEVENTS,Anti-Embolism [Status],,,,,,438796,12857,0,0,,,,,0.0,0.0,categorical,0.6727,0.3273,34.129
30128,mimiciii.INPUTEVENTS_CV,Neosynephrine-k,,,,,,425838,5169,257299,260340,mcgkgmin,0.0,0.7303,6.1998,0.6114,0.6042,mixed,0.2705,0.7295,82.383
644,mimiciii.CHARTEVENTS,Skin Integrity,,,,,,421554,18794,0,0,,,,,0.0,0.0,categorical,0.9834,0.0166,22.43
156,mimiciii.CHARTEVENTS,Dorsal PedPulse [Right],,,,,,419915,18474,0,0,,,,,0.0,0.0,categorical,0.9666,0.0334,22.73
8381,mimiciii.CHARTEVENTS,Dorsal PedPulse [Left],,,,,,415433,18443,0,0,,,,,0.0,0.0,categorical,0.965,0.035,22.525
1087,mimiciii.CHARTEVENTS,Pain Assess Method,,,,,,410999,16608,0,0,,,,,0.0,0.0,categorical,0.869,0.131,24.747
190,mimiciii.CHARTEVENTS,FiO2 Set,,,,,,410870,11856,407988,408823,torr,0.3,0.5,1.0,0.995,0.993,numeric,0.6203,0.3797,34.655
492,mimiciii.CHARTEVENTS,PAP [Systolic],,,,,,394098,5311,389453,390155,mmHg,17.644,38.7983,78.5547,0.99,0.9882,numeric,0.2779,0.7221,74.204
8448,mimiciii.CHARTEVENTS,PAP [Diastolic],,,,,,389331,5283,389331,389331,mmHg,6.0522,20.0,39.0004,1.0,1.0,numeric,0.2764,0.7236,73.695
525,mimiciii.CHARTEVENTS,Pain Location,,,,,,385139,18119,0,0,,,,,0.0,0.0,categorical,0.948,0.052,21.256
1622,mimiciii.CHARTEVENTS,Alarms,,,,,,375224,13444,0,0,,,,,0.0,0.0,categorical,0.7034,0.2966,27.91
30124,mimiciii.INPUTEVENTS_CV,Midazolam,,,,,,368416,1692,206936,208005,mghr,0.0,2.8496,28.0706,0.5646,0.5617,mixed,0.0885,0.9115,217.74
40,mimiciii.CHARTEVENTS,Airway Type,,,,,,365481,10940,0,0,,,,,0.0,0.0,categorical,0.5724,0.4276,33.408
605,mimiciii.CHARTEVENTS,Reason For Restraint,,,,,,362571,11833,0,0,,,,,0.0,0.0,categorical,0.6191,0.3809,30.641
197,mimiciii.CHARTEVENTS,Follows Commands,,,,,,360876,6968,0,0,,,,,0.0,0.0,categorical,0.3646,0.6354,51.79
622,mimiciii.CHARTEVENTS,Restraint Type,,,,,,359225,11658,0,0,,,,,0.0,0.0,categorical,0.61,0.39,30.814
585,mimiciii.CHARTEVENTS,Pupil Size [Right],,,,,,358360,10973,0,0,,,,,0.0,0.0,categorical,0.5741,0.4259,32.658
584,mimiciii.CHARTEVENTS,Pupil Response [Right],,,,,,354023,10851,0,0,,,,,0.0,0.0,categorical,0.5678,0.4322,32.626
722,mimiciii.CHARTEVENTS,Ventilator Type,,,,,,352664,10959,0,0,,,,,0.0,0.0,categorical,0.5734,0.4266,32.18
39,mimiciii.CHARTEVENTS,Airway Size,,,,,,352515,10663,0,0,,,,,0.0,0.0,categorical,0.5579,0.4421,33.06
8467,mimiciii.CHARTEVENTS,Pupil Size [Left],,,,,,352102,10899,0,0,,,,,0.0,0.0,categorical,0.5703,0.4297,32.306
1623,mimiciii.CHARTEVENTS,Parameters Checked,,,,,,351295,13440,0,0,,,,,0.0,0.0,categorical,0.7032,0.2968,26.138
8466,mimiciii.CHARTEVENTS,Pupil Response [Left],,,,,,348585,10792,0,0,,,,,0.0,0.0,categorical,0.5647,0.4353,32.3
1427,mimiciii.CHARTEVENTS,GI Prophylaxis [Drug #1],,,,,,345034,13958,0,0,,,,,0.0,0.0,categorical,0.7303,0.2697,24.719
229,mimiciii.CHARTEVENTS,INV Line#1 [Type],,,,,,341857,14463,0,0,,,,,0.0,0.0,categorical,0.7567,0.2433,23.637
127,mimiciii.CHARTEVENTS,Circulation/SkinInt,,,,,,335078,11982,0,0,,,,,0.0,0.0,categorical,0.6269,0.3731,27.965
549,mimiciii.CHARTEVENTS,PostTib. Pulses [Right],,,,,,334684,18146,0,0,,,,,0.0,0.0,categorical,0.9495,0.0505,18.444
467,mimiciii.CHARTEVENTS,O2 Delivery Device,,,,,,334549,18064,0,0,,,,,0.0,0.0,categorical,0.9452,0.0548,18.52
200,mimiciii.CHARTEVENTS,GI Intub #1 [Type],,,,,,334126,10152,0,0,,,,,0.0,0.0,categorical,0.5312,0.4688,32.912
8392,mimiciii.CHARTEVENTS,INV Line#1 [Site],,,,,,333613,14380,0,0,,,,,0.0,0.0,categorical,0.7524,0.2476,23.2
30120,mimiciii.INPUTEVENTS_CV,Levophed-k,,,,,,332718,2722,200650,202330,mcgkgmin,0.0,0.0802,0.882,0.6081,0.6031,mixed,0.1424,0.8576,122.233
655,mimiciii.CHARTEVENTS,Spontaneous Movement,,,,,,330644,6014,0,0,,,,,0.0,0.0,categorical,0.3147,0.6853,54.979
8456,mimiciii.CHARTEVENTS,PostTib. Pulses [Left],,,,,,329809,18088,0,0,,,,,0.0,0.0,categorical,0.9464,0.0536,18.234
623,mimiciii.CHARTEVENTS,Restraints Evaluated,,,,,,325687,11793,0,0,,,,,0.0,0.0,categorical,0.617,0.383,27.617
548,mimiciii.CHARTEVENTS,Position Change,,,,,,325606,11931,0,0,,,,,0.0,0.0,categorical,0.6243,0.3757,27.291
8388,mimiciii.CHARTEVENTS,GI Intub #1 [Site],,,,,,325285,10103,0,0,,,,,0.0,0.0,categorical,0.5286,0.4714,32.197
477,mimiciii.CHARTEVENTS,Oral Care,,,,,,324403,14823,0,0,,,,,0.0,0.0,categorical,0.7756,0.2244,21.885
657,mimiciii.CHARTEVENTS,Sputum Source,,,,,,318820,10390,0,0,,,,,0.0,0.0,categorical,0.5436,0.4564,30.685
8477,mimiciii.CHARTEVENTS,Sputum [Amount],,,,,,315975,10336,0,0,,,,,0.0,0.0,categorical,0.5408,0.4592,30.57
610,mimiciii.CHARTEVENTS,Removed x 5 Mins,,,,,,310952,11606,0,0,,,,,0.0,0.0,categorical,0.6073,0.3927,26.792
171,mimiciii.CHARTEVENTS,Education Topic #1,,,,,,310790,12517,0,0,,,,,0.0,0.0,categorical,0.6549,0.3451,24.829
506,mimiciii.CHARTEVENTS,PEEP Set,,,,,,309416,10971,305803,306025,cmH2O,0.001,5.0,19.6751,0.989,0.9883,numeric,0.574,0.426,28.203
807,mimiciii.CHARTEVENTS,Fingerstick Glucose,,Chemistry,,,,305034,13665,301687,0,,61.0534,130.1308,332.3283,0.0,0.989,numeric,0.715,0.285,22.322
676,mimiciii.CHARTEVENTS,Temperature C,,,,,,304958,6465,300629,300788,Deg. C,34.863,37.2,38.9355,0.9863,0.9858,numeric,0.3383,0.6617,47.171
1047,mimiciii.CHARTEVENTS,Range of Motion,,,,,,304540,11368,0,0,,,,,0.0,0.0,categorical,0.5948,0.4052,26.789
720,mimiciii.CHARTEVENTS,Ventilator Mode,,,,,,304291,10970,0,0,,,,,0.0,0.0,categorical,0.574,0.426,27.738
77,mimiciii.CHARTEVENTS,Behavior,,,,,,303978,17750,0,0,,,,,0.0,0.0,categorical,0.9287,0.0713,17.126
679,mimiciii.CHARTEVENTS,Temperature F (calc),,,,,,303263,4964,300628,300754,Deg. F,94.7538,98.96,102.0789,0.9917,0.9913,numeric,0.2597,0.7403,61.092
615,mimiciii.CHARTEVENTS,Resp Rate (Total),,,,,,301373,10987,298016,298163,BPM,8.7581,20.0,37.6192,0.9893,0.9889,numeric,0.5749,0.4251,27.43
656,mimiciii.CHARTEVENTS,Sputum [Color],,,,,,299523,9893,0,0,,,,,0.0,0.0,categorical,0.5176,0.4824,30.276
8476,mimiciii.CHARTEVENTS,Sputum Consistency,,,,,,296348,9806,0,0,,,,,0.0,0.0,categorical,0.5131,0.4869,30.221
30140,mimiciii.INPUTEVENTS_CV,N/A,,,,,,293644,8477,0,0,,,,,0.0,0.0,categorical,0.4435,0.5565,34.64
450,mimiciii.CHARTEVENTS,Minute Volume(Obser),,,,,,293413,10949,289862,290008,L/min,4.5571,9.9377,20.1328,0.9884,0.9879,numeric,0.5729,0.4271,26.798
51221,mimiciii.LABEVENTS,Hematocrit,,Hematology,,4544-3,Blood,289976,18876,289943,289955,%,20.9174,30.2261,44.4349,0.9999,0.9999,numeric,0.9877,0.0123,15.362
411,mimiciii.CHARTEVENTS,Incision/Wound #1,,,,,,289586,8190,0,0,,,,,0.0,0.0,categorical,0.4285,0.5715,35.358
232,mimiciii.CHARTEVENTS,INV Line#1SiteAppear,,,,,,289562,14329,0,0,,,,,0.0,0.0,categorical,0.7497,0.2503,20.208
596,mimiciii.CHARTEVENTS,RU Strength/Movement,,,,,,287880,5294,0,0,,,,,0.0,0.0,categorical,0.277,0.723,54.379
426,mimiciii.CHARTEVENTS,LU Strength/Movement,,,,,,287637,5288,0,0,,,,,0.0,0.0,categorical,0.2767,0.7233,54.394
590,mimiciii.CHARTEVENTS,RL Strength/Movement,,,,,,287348,5309,0,0,,,,,0.0,0.0,categorical,0.2778,0.7222,54.125
423,mimiciii.CHARTEVENTS,LL Strength/Movement,,,,,,287261,5305,0,0,,,,,0.0,0.0,categorical,0.2776,0.7224,54.149
157,mimiciii.CHARTEVENTS,ETT [Mark],,,,,,287113,10511,0,0,,,,,0.0,0.0,categorical,0.55,0.45,27.315
434,mimiciii.CHARTEVENTS,Low Exhaled Min Vol,,,,,,282245,10941,278900,0,,2.0077,4.344,12.0623,0.0,0.9881,numeric,0.5725,0.4275,25.797
218,mimiciii.CHARTEVENTS,High Insp. Pressure,,,,,,280822,10927,277511,277602,cmH2O,25.164,40.0,60.0365,0.9885,0.9882,numeric,0.5717,0.4283,25.7
8382,mimiciii.CHARTEVENTS,ETT [Location],,,,,,279687,10355,0,0,,,,,0.0,0.0,categorical,0.5418,0.4582,27.01
811,mimiciii.CHARTEVENTS,Glucose (70-105),,Chemistry,,,,279109,18725,274284,0,,60.7277,125.789,318.813,0.0,0.9827,numeric,0.9798,0.0202,14.906
444,mimiciii.CHARTEVENTS,Mean Airway Pressure,,,,,,276571,10915,272982,273122,cmH2O,4.2283,10.0436,27.0137,0.9875,0.987,numeric,0.5711,0.4289,25.339
50820,mimiciii.LABEVENTS,pH,,Blood Gas,,11558-4,Blood,275962,15442,275927,275937,units,7.1446,7.398,7.5359,0.9999,0.9999,numeric,0.808,0.192,17.871
50800,mimiciii.LABEVENTS,SPECIMEN TYPE,,BLOOD GAS,,,BLOOD,275865,15263,0,0,,,,,0.0,0.0,categorical,0.7986,0.2014,18.074
219,mimiciii.CHARTEVENTS,High Resp. Rate,,,,,,274987,10158,272047,272135,BPM,5.0,35.0,49.2428,0.9896,0.9893,numeric,0.5315,0.4685,27.071
50971,mimiciii.LABEVENTS,Potassium,,Chemistry,,2823-3,Blood,269392,18865,269210,269371,mEq/L,2.9339,4.0065,6.0026,0.9999,0.9993,numeric,0.9871,0.0129,14.28
235,mimiciii.CHARTEVENTS,INV Line#2 [Type],,,,,,268375,10440,0,0,,,,,0.0,0.0,categorical,0.5463,0.4537,25.706
631,mimiciii.CHARTEVENTS,Sensitivity-Vent,,,,,,267773,10908,263762,264207,cmH2O,1.0,2.0,3.2122,0.9867,0.985,numeric,0.5707,0.4293,24.548
203,mimiciii.CHARTEVENTS,GI#1 Tube [Status],,,,,,267486,10048,0,0,,,,,0.0,0.0,categorical,0.5257,0.4743,26.621
470,mimiciii.CHARTEVENTS,O2 Flow (lpm),,,,,,266948,16569,263904,264992,lpm,0.3568,4.0,15.0,0.9927,0.9886,numeric,0.8669,0.1331,16.111
8393,mimiciii.CHARTEVENTS,INV Line#2 [Site],,,,,,262128,10339,0,0,,,,,0.0,0.0,categorical,0.541,0.459,25.353
294,mimiciii.CHARTEVENTS,IV #1 [Site],,,,,,260596,18176,0,0,,,,,0.0,0.0,categorical,0.951,0.049,14.337
620,mimiciii.CHARTEVENTS,Responds to Stimuli [Type],,,,,,260248,4889,0,0,,,,,0.0,0.0,categorical,0.2558,0.7442,53.231
50802,mimiciii.LABEVENTS,Base Excess,,Blood Gas,,11555-0,Blood,253395,14989,253341,253375,mEq/L,-13.2405,0.0,12.4098,0.9999,0.9998,numeric,0.7843,0.2157,16.905
50804,mimiciii.LABEVENTS,Calculated Total CO2,,Blood Gas,,34728-6,Blood,253384,14990,253345,253364,mEq/L,13.267,25.944,41.9575,0.9999,0.9998,numeric,0.7843,0.2157,16.904
50821,mimiciii.LABEVENTS,pO2,,Blood Gas,,11556-8,Blood,253363,14988,253323,253343,mm Hg,32.5356,111.4348,465.9004,0.9999,0.9998,numeric,0.7842,0.2158,16.904
50818,mimiciii.LABEVENTS,pCO2,,Blood Gas,,11557-6,Blood,253360,14987,253329,253340,mm Hg,23.9703,40.0,77.6775,0.9999,0.9999,numeric,0.7842,0.2158,16.905
50912,mimiciii.LABEVENTS,Creatinine,,Chemistry,,2160-0,Blood,253176,18877,253111,253156,mg/dL,0.3,0.9477,7.884,0.9999,0.9997,numeric,0.9877,0.0123,13.412
51006,mimiciii.LABEVENTS,Urea Nitrogen,,Chemistry,,3094-0,Blood,252171,18877,252158,252151,mg/dL,4.3238,21.9552,115.4415,0.9999,0.9999,numeric,0.9877,0.0123,13.359
50983,mimiciii.LABEVENTS,Sodium,,Chemistry,,2951-2,Blood,251898,18858,251876,251878,mEq/L,125.981,139.0,151.6641,0.9999,0.9999,numeric,0.9867,0.0133,13.358
8474,mimiciii.CHARTEVENTS,Responds to Stimuli [Value],,,,,,250282,4853,0,0,,,,,0.0,0.0,categorical,0.2539,0.7461,51.573
72,mimiciii.CHARTEVENTS,Back Care,,,,,,250184,14962,0,0,,,,,0.0,0.0,categorical,0.7829,0.2171,16.721
8400,mimiciii.CHARTEVENTS,IV #1 [Size],,,,,,248931,17855,0,0,,,,,0.0,0.0,categorical,0.9342,0.0658,13.942
417,mimiciii.CHARTEVENTS,Inspired Gas Temp,,,,,,248836,10579,169396,245525,Deg. C,32.9984,35.6383,37.438,0.9867,0.6808,mixed,0.5535,0.4465,23.522
51265,mimiciii.LABEVENTS,Platelet Count,,Hematology,,777-3,Blood,246006,18876,245941,245988,K/uL,20.5839,209.2079,763.2553,0.9999,0.9997,numeric,0.9877,0.0123,13.033
50902,mimiciii.LABEVENTS,Chloride,,Chemistry,,2075-0,Blood,245887,18859,245867,245867,mEq/L,89.3212,104.0,119.3878,0.9999,0.9999,numeric,0.9868,0.0132,13.038
50882,mimiciii.LABEVENTS,Bicarbonate,,Chemistry,,1963-8,Blood,245803,18860,245734,245783,mEq/L,13.164,25.0,37.7157,0.9999,0.9997,numeric,0.9868,0.0132,13.033
50931,mimiciii.LABEVENTS,Glucose,,Chemistry,,2345-7,Blood,243060,18856,243041,243041,mg/dL,58.9914,119.2427,340.7838,0.9999,0.9999,numeric,0.9866,0.0134,12.89
1425,mimiciii.CHARTEVENTS,Daily Wake Up,,,,,,242815,14413,0,0,,,,,0.0,0.0,categorical,0.7541,0.2459,16.847
85,mimiciii.CHARTEVENTS,Braden Moisture,,,,,,240850,18710,0,0,,,,,0.0,0.0,categorical,0.979,0.021,12.873
82,mimiciii.CHARTEVENTS,Braden Activity,,,,,,240830,18710,0,0,,,,,0.0,0.0,categorical,0.979,0.021,12.872
84,mimiciii.CHARTEVENTS,Braden Mobility,,,,,,240705,18711,0,0,,,,,0.0,0.0,categorical,0.979,0.021,12.864
86,mimiciii.CHARTEVENTS,Braden Nutrition,,,,,,240625,18710,0,0,,,,,0.0,0.0,categorical,0.979,0.021,12.861
88,mimiciii.CHARTEVENTS,Braden SensoryPercep,,,,,,240408,18709,0,0,,,,,0.0,0.0,categorical,0.9789,0.0211,12.85
83,mimiciii.CHARTEVENTS,Braden Frict/Shear,,,,,,240298,18709,0,0,,,,,0.0,0.0,categorical,0.9789,0.0211,12.844
87,mimiciii.CHARTEVENTS,Braden Score,,,,,,239437,18706,239388,239437,number,8.0,13.9998,20.9096,1.0,0.9998,numeric,0.9788,0.0212,12.8
50868,mimiciii.LABEVENTS,Anion Gap,,Chemistry,,1863-0,Blood,239038,18856,239034,239018,mEq/L,6.9945,13.0,26.1545,0.9999,1.0,numeric,0.9866,0.0134,12.677
829,mimiciii.CHARTEVENTS,Potassium (3.5-5.3),,Chemistry,,,,236291,18744,232736,0,,2.8971,4.002,6.1361,0.0,0.985,numeric,0.9807,0.0193,12.606
51301,mimiciii.LABEVENTS,White Blood Cells,,Hematology,,804-5,Blood,235183,18869,235075,235165,K/uL,1.045,10.5046,34.9853,0.9999,0.9995,numeric,0.9873,0.0127,12.464
642,mimiciii.CHARTEVENTS,Skin Care,,,,,,234998,14742,0,0,,,,,0.0,0.0,categorical,0.7713,0.2287,15.941
51222,mimiciii.LABEVENTS,Hemoglobin,,Hematology,,718-7,Blood,234246,18868,234199,234228,g/dL,7.0534,10.2657,15.3587,0.9999,0.9998,numeric,0.9872,0.0128,12.415
51249,mimiciii.LABEVENTS,MCHC,,Hematology,,786-4,Blood,232735,18867,232664,232717,%,30.0393,33.8392,37.0153,0.9999,0.9997,numeric,0.9872,0.0128,12.336
51279,mimiciii.LABEVENTS,Red Blood Cells,,Hematology,,789-8,Blood,232673,18867,232546,232655,m/uL,2.2726,3.4087,5.1357,0.9999,0.9995,numeric,0.9872,0.0128,12.332
51250,mimiciii.LABEVENTS,MCV,,Hematology,,787-2,Blood,232672,18867,232541,232654,fL,74.4854,89.1666,107.0123,0.9999,0.9994,numeric,0.9872,0.0128,12.332
51248,mimiciii.LABEVENTS,MCH,,Hematology,,785-6,Blood,232672,18867,232543,232654,pg,23.6275,30.3475,36.0684,0.9999,0.9994,numeric,0.9872,0.0128,12.332
51277,mimiciii.LABEVENTS,RDW,,Hematology,,788-0,Blood,231898,18865,231777,231880,%,12.1994,14.9747,23.0255,0.9999,0.9995,numeric,0.9871,0.0129,12.292
50960,mimiciii.LABEVENTS,Magnesium,,Chemistry,,2601-3,Blood,231639,18719,231621,231624,mg/dL,1.299,2.0,3.0559,0.9999,0.9999,numeric,0.9794,0.0206,12.375
30026,mimiciii.INPUTEVENTS_CV,KCL,,,,,,229473,9343,0,0,,,,,0.0,0.0,categorical,0.4889,0.5111,24.561
238,mimiciii.CHARTEVENTS,INV Line#2SiteAppear,,,,,,225598,10325,0,0,,,,,0.0,0.0,categorical,0.5402,0.4598,21.85
526,mimiciii.CHARTEVENTS,Pain Management [Route/Status #1],,,,,,224924,14351,0,0,,,,,0.0,0.0,categorical,0.7509,0.2491,15.673
324,mimiciii.CHARTEVENTS,IV Site Appear #1,,,,,,215675,18074,0,0,,,,,0.0,0.0,categorical,0.9457,0.0543,11.933
780,mimiciii.CHARTEVENTS,Arterial pH,,ABG,,,,212989,13209,212379,0,,7.1587,7.4,7.5357,0.0,0.9971,numeric,0.6911,0.3089,16.125
1698,mimiciii.CHARTEVENTS,GI Tube #1 [Site],,,,,,212669,6703,0,0,,,,,0.0,0.0,categorical,0.3507,0.6493,31.727
778,mimiciii.CHARTEVENTS,Arterial PaCO2,,ABG,,,,212489,13139,203112,212134,mmHg,24.0061,40.0,73.3483,0.9983,0.9559,numeric,0.6875,0.3125,16.172
779,mimiciii.CHARTEVENTS,Arterial PaO2,,ABG,,,,212200,13135,202815,211845,mmHg,52.6003,111.9971,432.8203,0.9983,0.9558,numeric,0.6873,0.3127,16.155
777,mimiciii.CHARTEVENTS,Arterial CO2(Calc),,ABG,,,,209248,13089,203202,0,,13.4454,25.8888,41.426,0.0,0.9711,numeric,0.6849,0.3151,15.987
8492,mimiciii.CHARTEVENTS,GI Tube #1 [Site],,,,,,206833,6669,0,0,,,,,0.0,0.0,categorical,0.3489,0.6511,31.014
297,mimiciii.CHARTEVENTS,IV #2 [Site],,,,,,204848,15618,0,0,,,,,0.0,0.0,categorical,0.8172,0.1828,13.116
137,mimiciii.CHARTEVENTS,Cough Reflex,,,,,,204608,3853,0,0,,,,,0.0,0.0,categorical,0.2016,0.7984,53.104
578,mimiciii.CHARTEVENTS,Pressure Support,,,,,,204337,10594,200387,200876,.,0.0,8.4883,21.653,0.9831,0.9807,numeric,0.5543,0.4457,19.288
283,mimiciii.CHARTEVENTS,INV#1 WaveformAppear,,,,,,204291,11775,0,0,,,,,0.0,0.0,categorical,0.6161,0.3839,17.35
1529,mimiciii.CHARTEVENTS,Glucose,,Chemistry,,,,203899,14047,202390,0,,59.9226,123.4231,312.8079,0.0,0.9926,numeric,0.735,0.265,14.515
776,mimiciii.CHARTEVENTS,Arterial Base Excess,,ABG,,,,201038,12628,195033,0,,-12.8763,0.0,12.345,0.0,0.9701,numeric,0.6607,0.3393,15.92
398,mimiciii.CHARTEVENTS,Inc #1 [Dressing],,,,,,200445,8172,0,0,,,,,0.0,0.0,categorical,0.4276,0.5724,24.528
374,mimiciii.CHARTEVENTS,Impaired Skin Site#1,,,,,,199717,5756,0,0,,,,,0.0,0.0,categorical,0.3012,0.6988,34.697
50,mimiciii.CHARTEVENTS,Apnea Time Interval,,,,,,199706,7540,197701,0,,20.0,20.0,30.0,0.0,0.99,numeric,0.3945,0.6055,26.486
1126,mimiciii.CHARTEVENTS,Art.pH,,ABG,,,,198847,12356,198265,0,,7.159,7.4,7.5358,0.0,0.9971,numeric,0.6465,0.3535,16.093
30112,mimiciii.INPUTEVENTS_CV,Amiodarone,,,,,,198565,1657,114650,115489,mgmin,0.0,0.5,1.0,0.5816,0.5774,mixed,0.0867,0.9133,119.834
491,mimiciii.CHARTEVENTS,PAP Mean,,,,,,198550,2220,196553,196779,mmHg,13.3764,29.9999,54.9343,0.9911,0.9899,numeric,0.1162,0.8838,89.437
208,mimiciii.CHARTEVENTS,Gag Reflex,,,,,,197178,3835,0,0,,,,,0.0,0.0,categorical,0.2007,0.7993,51.415
8401,mimiciii.CHARTEVENTS,IV #2 [Size],,,,,,195613,15342,0,0,,,,,0.0,0.0,categorical,0.8027,0.1973,12.75
1043,mimiciii.CHARTEVENTS,Less Restrict Meas.,,,,,,195568,8832,0,0,,,,,0.0,0.0,categorical,0.4621,0.5379,22.143
813,mimiciii.CHARTEVENTS,Hematocrit,,Hematology,,,,195490,18735,195333,195489,%,20.1347,29.9459,43.5376,1.0,0.9992,numeric,0.9803,0.0197,10.434
50970,mimiciii.LABEVENTS,Phosphate,,Chemistry,,2777-1,Blood,192672,18177,192652,192656,mg/dL,1.366,3.4,8.3506,0.9999,0.9999,numeric,0.9511,0.0489,10.6
648,mimiciii.CHARTEVENTS,Speech,,,,,,191442,3730,0,0,,,,,0.0,0.0,categorical,0.1952,0.8048,51.325
30121,mimiciii.INPUTEVENTS_CV,Nitroglycerine-k,,,,,,189087,3890,115578,117548,mcgkgmin,0.0,0.8047,5.743,0.6217,0.6112,mixed,0.2035,0.7965,48.608
130,mimiciii.CHARTEVENTS,Communication,,,,,,188526,3614,0,0,,,,,0.0,0.0,categorical,0.1891,0.8109,52.165
50893,mimiciii.LABEVENTS,"Calcium, Total",,Chemistry,,2000-8,Blood,188005,18121,187993,187998,mg/dL,6.4999,8.3329,10.5548,1.0,0.9999,numeric,0.9481,0.0519,10.375
619,mimiciii.CHARTEVENTS,Respiratory Rate Set,,,,,,185121,10585,180554,180820,BPM,0.0,14.6957,34.2178,0.9768,0.9753,numeric,0.5538,0.4462,17.489
682,mimiciii.CHARTEVENTS,Tidal Volume (Obser),,,,,,182416,10570,177955,178171,ml/B,298.3329,551.2037,884.1715,0.9767,0.9755,numeric,0.5531,0.4469,17.258
187,mimiciii.CHARTEVENTS,Family Communication,,,,,,181294,17182,0,0,,,,,0.0,0.0,categorical,0.899,0.101,10.551
51275,mimiciii.LABEVENTS,PTT,,Hematology,,3173-2,Blood,176157,18288,175542,176145,sec,21.059,34.5966,150.0,0.9999,0.9965,numeric,0.9569,0.0431,9.632
1704,mimiciii.CHARTEVENTS,PA line cm Mark,,,,,,174473,2783,172223,172597,cm,39.5489,50.0,68.5759,0.9892,0.9871,numeric,0.1456,0.8544,62.692
527,mimiciii.CHARTEVENTS,Pain Type,,,,,,174434,15554,0,0,,,,,0.0,0.0,categorical,0.8138,0.1862,11.215
614,mimiciii.CHARTEVENTS,Resp Rate (Spont),,,,,,174057,10573,169609,169841,BPM,0.0,0.0,24.1959,0.9758,0.9744,numeric,0.5532,0.4468,16.462
1535,mimiciii.CHARTEVENTS,Potassium,,Chemistry,,,,173775,14058,170333,0,,2.8997,4.0,6.1115,0.0,0.9802,numeric,0.7356,0.2644,12.361
535,mimiciii.CHARTEVENTS,Peak Insp. Pressure,,,,,,172930,10568,168480,168649,cmH2O,10.2685,26.998,48.1131,0.9752,0.9743,numeric,0.553,0.447,16.364
683,mimiciii.CHARTEVENTS,Tidal Volume (Set),,,,,,169707,10550,165044,165313,ml/B,0.0078,550.0,807.4851,0.9741,0.9725,numeric,0.552,0.448,16.086
116,mimiciii.CHARTEVENTS,Cardiac Index,,,,,,169451,5139,164460,165053,...,1.4633,2.7102,6.0973,0.974,0.9705,numeric,0.2689,0.7311,32.974
325,mimiciii.CHARTEVENTS,IV Site Appear #2,,,,,,169311,15437,0,0,,,,,0.0,0.0,categorical,0.8077,0.1923,10.968
392,mimiciii.CHARTEVENTS,Inc #1 [Drainage],,,,,,168245,8066,0,0,,,,,0.0,0.0,categorical,0.422,0.578,20.859
1089,mimiciii.CHARTEVENTS,PainLevel Acceptable,,,,,,167514,12511,0,0,,,,,0.0,0.0,categorical,0.6546,0.3454,13.389
30021,mimiciii.INPUTEVENTS_CV,Lactated Ringers,,,,,,164410,7328,0,0,,,,,0.0,0.0,categorical,0.3834,0.6166,22.436
51237,mimiciii.LABEVENTS,INR(PT),,Hematology,,5895-7,Blood,163049,18333,162940,0,,0.9,1.3,5.2337,0.0,0.9993,numeric,0.9592,0.0408,8.894
51274,mimiciii.LABEVENTS,PT,,Hematology,,5902-2,Blood,162797,18329,162728,162781,sec,11.3556,14.1572,37.7784,0.9999,0.9996,numeric,0.959,0.041,8.882
732,mimiciii.CHARTEVENTS,Waveform-Vent,,,,,,162771,10416,0,0,,,,,0.0,0.0,categorical,0.545,0.455,15.627
626,mimiciii.CHARTEVENTS,SVR,,,,,,160167,4986,155361,155897,...,351.2024,927.8992,2197.5631,0.9733,0.97,numeric,0.2609,0.7391,32.123
284,mimiciii.CHARTEVENTS,INV#2 WaveformAppear,,,,,,159136,8881,0,0,,,,,0.0,0.0,categorical,0.4647,0.5353,17.919
131,mimiciii.CHARTEVENTS,Compliance (40-60ml),,,,,,158058,10500,153852,154049,ml/cmH,9.2627,28.4198,81.6506,0.9746,0.9734,numeric,0.5494,0.4506,15.053
8428,mimiciii.CHARTEVENTS,Inc #1 [Status],,,,,,155930,7788,0,0,,,,,0.0,0.0,categorical,0.4075,0.5925,20.022
837,mimiciii.CHARTEVENTS,Sodium (135-148),,Chemistry,,,,155424,18707,155327,0,,126.3217,139.0,152.8526,0.0,0.9994,numeric,0.9788,0.0212,8.308
627,mimiciii.CHARTEVENTS,SVRI,,,,,,153897,4841,153346,153836,...,716.9641,1822.6107,3811.8914,0.9996,0.9964,numeric,0.2533,0.7467,31.79
6208,mimiciii.CHARTEVENTS,Ve High,,,,,,150548,6170,148992,0,,10.7754,17.9965,26.7687,0.0,0.9897,numeric,0.3228,0.6772,24.4
183,mimiciii.CHARTEVENTS,Eye Care,,,,,,148719,7944,0,0,,,,,0.0,0.0,categorical,0.4157,0.5843,18.721
30015,mimiciii.INPUTEVENTS_CV,D5/.45NS,,,,,,145611,4667,0,0,,,,,0.0,0.0,categorical,0.2442,0.7558,31.2
230,mimiciii.CHARTEVENTS,INV Line#1 Zero/Cal,,,,,,143527,11923,0,0,,,,,0.0,0.0,categorical,0.6238,0.3762,12.038
412,mimiciii.CHARTEVENTS,Incision/Wound #2,,,,,,143248,5103,0,0,,,,,0.0,0.0,categorical,0.267,0.733,28.071
241,mimiciii.CHARTEVENTS,INV Line#3 [Type],,,,,,142079,4664,0,0,,,,,0.0,0.0,categorical,0.244,0.756,30.463
684,mimiciii.CHARTEVENTS,Tidal Volume (Spont),,,,,,141135,9530,137595,137853,ml/B,0.0,470.0131,953.2183,0.9767,0.9749,numeric,0.4986,0.5014,14.81
30141,mimiciii.INPUTEVENTS_CV,Ativan,,,,,,139978,645,81472,81807,mghr,0.0,2.0,15.6392,0.5844,0.582,mixed,0.0337,0.9663,217.02
8394,mimiciii.CHARTEVENTS,INV Line#3 [Site],,,,,,138767,4615,0,0,,,,,0.0,0.0,categorical,0.2415,0.7585,30.069
90,mimiciii.CHARTEVENTS,C.O.(thermodilution),,,,,,138738,4949,133677,134431,L/min,2.5911,5.3828,12.7563,0.969,0.9635,numeric,0.2589,0.7411,28.034
30056,mimiciii.INPUTEVENTS_CV,Po Intake,,,,,,138656,14782,0,0,,,,,0.0,0.0,categorical,0.7734,0.2266,9.38
30032,mimiciii.INPUTEVENTS_CV,TPN,,,,,,137889,1137,0,0,,,,,0.0,0.0,categorical,0.0595,0.9405,121.274
430,mimiciii.CHARTEVENTS,LVSW,,,,,,137579,4623,136971,137578,g * m,25.1356,62.7287,190.3157,1.0,0.9956,numeric,0.2419,0.7581,29.76
821,mimiciii.CHARTEVENTS,Magnesium (1.6-2.6),,Chemistry,,,,137473,18229,136343,0,,1.2985,2.0,3.15,0.0,0.9918,numeric,0.9538,0.0462,7.541
5818,mimiciii.CHARTEVENTS,PAP Alarm [Low],,,,,,137241,3283,125877,134812,mmHg,0.0,5.9482,45.4721,0.9823,0.9172,mixed,0.1718,0.8282,41.804
431,mimiciii.CHARTEVENTS,LVSWI,,,,,,136321,4590,135729,136312,g*m/m2,13.5181,31.7723,90.806,0.9999,0.9957,numeric,0.2402,0.7598,29.7
50808,mimiciii.LABEVENTS,Free Calcium,,Blood Gas,,1994-3,Blood,135655,12462,135625,135647,mmol/L,0.8299,1.1371,1.4261,0.9999,0.9998,numeric,0.6521,0.3479,10.885
791,mimiciii.CHARTEVENTS,Creatinine (0-1.3),,Chemistry,,,,135261,18727,135156,0,,0.2991,0.9148,7.717,0.0,0.9992,numeric,0.9799,0.0201,7.223
781,mimiciii.CHARTEVENTS,BUN (6-20),,Chemistry,,,,134580,18724,134529,0,,4.2483,22.8329,121.1233,0.0,0.9996,numeric,0.9797,0.0203,7.188
662,mimiciii.CHARTEVENTS,Stroke Volume,,,,,,134495,4760,133336,133927,ml,27.3241,61.9035,154.8285,0.9958,0.9914,numeric,0.2491,0.7509,28.255
8552,mimiciii.CHARTEVENTS,PAP Alarm [High],,,,,,134253,2839,134253,134253,mmHg,16.0505,30.0041,85.2898,1.0,1.0,numeric,0.1485,0.8515,47.289
202,mimiciii.CHARTEVENTS,GI#1 Tube PlaceCheck,,,,,,133476,6900,0,0,,,,,0.0,0.0,categorical,0.361,0.639,19.344
788,mimiciii.CHARTEVENTS,Chloride (100-112),,Chemistry,,,,133215,18635,133152,0,,89.9993,105.1731,120.6768,0.0,0.9995,numeric,0.975,0.025,7.149
787,mimiciii.CHARTEVENTS,Carbon Dioxide,,Chemistry,,,,132971,18630,132900,0,,12.5075,24.3303,37.6325,0.0,0.9995,numeric,0.9748,0.0252,7.137
625,mimiciii.CHARTEVENTS,SVI,,,,,,132698,4705,132094,132659,...,14.8931,31.3904,70.6031,0.9997,0.9954,numeric,0.2462,0.7538,28.204
828,mimiciii.CHARTEVENTS,Platelets,,Hematology,,,,131344,18669,131246,0,,22.8473,187.64,722.3917,0.0,0.9993,numeric,0.9768,0.0232,7.035
814,mimiciii.CHARTEVENTS,Hemoglobin,,Hematology,,,,131293,18616,131148,131291,gm/dl,7.0525,10.217,14.9785,1.0,0.9989,numeric,0.974,0.026,7.053
543,mimiciii.CHARTEVENTS,Plateau Pressure,,,,,,130060,10216,125246,125825,cmH2O,7.7114,21.9896,40.8263,0.9674,0.963,numeric,0.5345,0.4655,12.731
421,mimiciii.CHARTEVENTS,LCW,,,,,,129986,4627,129396,129986,kg x m,2.4115,5.4831,15.6076,1.0,0.9955,numeric,0.2421,0.7579,28.093
422,mimiciii.CHARTEVENTS,LCWI,,,,,,128808,4594,128242,128807,...,1.3162,2.7644,7.6049,1.0,0.9956,numeric,0.2404,0.7596,28.038
30166,mimiciii.INPUTEVENTS_CV,Promote w/fiber,,,,,,126846,1408,0,0,,,,,0.0,0.0,categorical,0.0737,0.9263,90.089
861,mimiciii.CHARTEVENTS,"WBC (4-11,000)",,Hematology,,,,123348,18622,123282,0,,1.9488,11.3768,36.7553,0.0,0.9995,numeric,0.9744,0.0256,6.624
465,mimiciii.CHARTEVENTS,Neuro Symptoms,,,,,,122403,2723,0,0,,,,,0.0,0.0,categorical,0.1425,0.8575,44.952
664,mimiciii.CHARTEVENTS,Swan SVO2,,,,,,122224,2862,119312,119708,%,46.644,68.9942,88.2876,0.9794,0.9762,numeric,0.1497,0.8503,42.706
833,mimiciii.CHARTEVENTS,RBC,,Hematology,,,,121983,18597,121907,121982,/mic l,2.2642,3.3735,4.9972,1.0,0.9994,numeric,0.9731,0.0269,6.559
8390,mimiciii.CHARTEVENTS,GI#1 Tube [Drain],,,,,,121924,9382,0,0,,,,,0.0,0.0,categorical,0.4909,0.5091,12.996
30123,mimiciii.INPUTEVENTS_CV,Lasix,,,,,,119120,848,65011,65664,mghr,0.0,5.0,24.9199,0.5512,0.5458,mixed,0.0444,0.9556,140.472
244,mimiciii.CHARTEVENTS,INV Line#3SiteAppear,,,,,,117317,4565,0,0,,,,,0.0,0.0,categorical,0.2389,0.7611,25.699
1536,mimiciii.CHARTEVENTS,Sodium,,Chemistry,,,,117173,14038,117101,0,,126.3979,139.0,152.5375,0.0,0.9994,numeric,0.7345,0.2655,8.347
1127,mimiciii.CHARTEVENTS,"WBC   (4-11,000)",,Hematology,,,,116680,17604,116617,0,,1.9235,11.3723,36.8973,0.0,0.9995,numeric,0.9211,0.0789,6.628
439,mimiciii.CHARTEVENTS,MDI #1 [Puff],,,,,,116030,3324,114687,0,,2.0,6.0,10.2638,0.0,0.9884,numeric,0.1739,0.8261,34.907
386,mimiciii.CHARTEVENTS,Inc #1 [Closure],,,,,,115420,6173,0,0,,,,,0.0,0.0,categorical,0.323,0.677,18.698
30043,mimiciii.INPUTEVENTS_CV,Dopamine,,,,,,114956,1603,69778,70473,mcgkgmin,0.0,3.9986,20.0,0.613,0.607,mixed,0.0839,0.9161,71.713
8437,mimiciii.CHARTEVENTS,MDI #1 [Drug],,,,,,114892,3283,0,0,,,,,0.0,0.0,categorical,0.1718,0.8282,34.996
629,mimiciii.CHARTEVENTS,Seizure Activity,,,,,,114633,2113,0,0,,,,,0.0,0.0,categorical,0.1106,0.8894,54.251
30073,mimiciii.INPUTEVENTS_CV,Impact w/fiber,,,,,,113821,1049,0,0,,,,,0.0,0.0,categorical,0.0549,0.9451,108.504
816,mimiciii.CHARTEVENTS,Ionized Calcium,,Chemistry,,,,113298,11018,112203,0,,0.8334,1.1382,1.4414,0.0,0.9903,numeric,0.5765,0.4235,10.283
30051,mimiciii.INPUTEVENTS_CV,Vasopressin,,,,,,112258,860,69853,70185,Umin,0.0,0.0514,4.0429,0.6252,0.6223,mixed,0.045,0.955,130.533
399,mimiciii.CHARTEVENTS,Inc #2 [Dressing],,,,,,111805,5096,0,0,,,,,0.0,0.0,categorical,0.2666,0.7334,21.94
827,mimiciii.CHARTEVENTS,Phosphorous(2.7-4.5),,Chemistry,,,,110812,16882,110781,110812,mEq/L,1.303,3.3982,8.7295,1.0,0.9997,numeric,0.8833,0.1167,6.564
50809,mimiciii.LABEVENTS,Glucose,,Blood Gas,,2339-0,Blood,110647,11690,110616,110644,mg/dL,61.1818,130.1114,331.3596,1.0,0.9997,numeric,0.6117,0.3883,9.465
236,mimiciii.CHARTEVENTS,INV Line#2 Zero/Cal,,,,,,109691,8802,0,0,,,,,0.0,0.0,categorical,0.4605,0.5395,12.462
356,mimiciii.CHARTEVENTS,ImpSkin Treatment #1,,,,,,108567,5408,0,0,,,,,0.0,0.0,categorical,0.283,0.717,20.075
7915,mimiciii.CHARTEVENTS,Pt./Family Informed,,,,,,108129,3261,0,0,,,,,0.0,0.0,categorical,0.1706,0.8294,33.158
221,mimiciii.CHARTEVENTS,I:E Ratio,,,,,,108113,8982,14057,0,,0.8951,2.7318,16.567,0.0,0.13,mixed,0.47,0.53,12.037
50822,mimiciii.LABEVENTS,"Potassium, Whole Blood",,Blood Gas,,6298-4,Blood,106969,12573,106935,106967,mEq/L,2.8649,4.1,6.488,1.0,0.9997,numeric,0.6579,0.3421,8.508
786,mimiciii.CHARTEVENTS,Calcium (8.4-10.2),,Chemistry,,,,106221,16776,106165,106221,mg/dl,6.3674,8.2665,10.5603,1.0,0.9995,numeric,0.8778,0.1222,6.332
522,mimiciii.CHARTEVENTS,Pain Cause,,,,,,106128,12960,0,0,,,,,0.0,0.0,categorical,0.6781,0.3219,8.189
50812,mimiciii.LABEVENTS,Intubated,,Blood Gas,,,Blood,105424,13189,0,0,,,,,0.0,0.0,categorical,0.6901,0.3099,7.993
580,mimiciii.CHARTEVENTS,Previous Weight,,,,,,105280,12313,105044,105280,kg,28.3466,82.1557,166.6353,1.0,0.9978,numeric,0.6443,0.3557,8.55
1532,mimiciii.CHARTEVENTS,Magnesium,,Chemistry,,,,104330,13784,103226,0,,1.2986,2.0247,3.1842,0.0,0.9894,numeric,0.7212,0.2788,7.569
167,mimiciii.CHARTEVENTS,Education Learner,,,,,,103073,12439,0,0,,,,,0.0,0.0,categorical,0.6508,0.3492,8.286
524,mimiciii.CHARTEVENTS,Pain Level (Rest),,,,,,102445,12613,0,0,,,,,0.0,0.0,categorical,0.66,0.34,8.122
1525,mimiciii.CHARTEVENTS,Creatinine,,Chemistry,,,,102180,14051,102094,0,,0.2996,0.9496,7.6658,0.0,0.9992,numeric,0.7352,0.2648,7.272
1044,mimiciii.CHARTEVENTS,Pain Level,,,,,,101730,12458,0,0,,,,,0.0,0.0,categorical,0.6518,0.3482,8.166
1162,mimiciii.CHARTEVENTS,BUN,,,,,,101664,14050,101630,0,,4.3218,22.8172,120.063,0.0,0.9997,numeric,0.7351,0.2649,7.236
50817,mimiciii.LABEVENTS,Oxygen Saturation,,Blood Gas,,20564-1,Blood,101480,10901,101443,72591,%,47.2776,96.5355,99.0,0.7153,0.9996,numeric,0.5704,0.4296,9.309
825,mimiciii.CHARTEVENTS,PTT(22-35),,Coags,,,,101087,16839,100682,0,,21.1993,34.0216,150.0,0.0,0.996,numeric,0.8811,0.1189,6.003
1523,mimiciii.CHARTEVENTS,Chloride,,Chemistry,,,,100844,14038,100795,0,,90.0159,105.6299,120.6329,0.0,0.9995,numeric,0.7345,0.2655,7.184
375,mimiciii.CHARTEVENTS,Impaired Skin Site#2,,,,,,100828,2757,0,0,,,,,0.0,0.0,categorical,0.1443,0.8557,36.572
95,mimiciii.CHARTEVENTS,CT #1 Dressing,,,,,,100548,4980,0,0,,,,,0.0,0.0,categorical,0.2606,0.7394,20.19
169,mimiciii.CHARTEVENTS,Education Readiness,,,,,,100503,12340,0,0,,,,,0.0,0.0,categorical,0.6457,0.3543,8.144
300,mimiciii.CHARTEVENTS,IV #3 [Site],,,,,,100356,8463,0,0,,,,,0.0,0.0,categorical,0.4428,0.5572,11.858
30125,mimiciii.INPUTEVENTS_CV,Milrinone,,,,,,100074,757,59387,59652,mcgkgmin,0.0,0.2554,0.75,0.5961,0.5934,mixed,0.0396,0.9604,132.198
30144,mimiciii.INPUTEVENTS_CV,Gastric Meds,,,,,,99753,6065,0,0,,,,,0.0,0.0,categorical,0.3173,0.6827,16.447
344,mimiciii.CHARTEVENTS,ImpSkin Character #1,,,,,,97726,5569,0,0,,,,,0.0,0.0,categorical,0.2914,0.7086,17.548
168,mimiciii.CHARTEVENTS,Education Method,,,,,,97619,12235,0,0,,,,,0.0,0.0,categorical,0.6402,0.3598,7.979
8416,mimiciii.CHARTEVENTS,Inc #1 [Appearance],,,,,,97593,5795,0,0,,,,,0.0,0.0,categorical,0.3032,0.6968,16.841
122,mimiciii.CHARTEVENTS,Chest Tube Site #1,,,,,,96620,4925,0,0,,,,,0.0,0.0,categorical,0.2577,0.7423,19.618
8429,mimiciii.CHARTEVENTS,Inc #2 [Status],,,,,,96236,4979,0,0,,,,,0.0,0.0,categorical,0.2605,0.7395,19.328
8402,mimiciii.CHARTEVENTS,IV #3 [Size],,,,,,95574,7979,0,0,,,,,0.0,0.0,categorical,0.4175,0.5825,11.978
165,mimiciii.CHARTEVENTS,Education Barrier,,,,,,95406,11834,0,0,,,,,0.0,0.0,categorical,0.6192,0.3808,8.062
30050,mimiciii.INPUTEVENTS_CV,Nitroprusside,,,,,,94886,1288,58822,59481,mcgkgmin,0.0,0.8655,5.2943,0.6269,0.6199,mixed,0.0674,0.9326,73.669
170,mimiciii.CHARTEVENTS,Education Response,,,,,,94334,12073,0,0,,,,,0.0,0.0,categorical,0.6317,0.3683,7.814
815,mimiciii.CHARTEVENTS,INR (2-4 ref. range),,Coags,,,,93551,16866,93443,0,,0.9,1.3,4.9518,0.0,0.9988,numeric,0.8825,0.1175,5.547
824,mimiciii.CHARTEVENTS,PT(11-13.5),,Coags,,,,93282,16830,93199,0,,11.4006,14.1369,35.8339,0.0,0.9991,numeric,0.8806,0.1194,5.543
1542,mimiciii.CHARTEVENTS,WBC,,Hematology,,,,92990,14027,92938,0,,1.7932,11.3011,37.2755,0.0,0.9994,numeric,0.7339,0.2661,6.629
413,mimiciii.CHARTEVENTS,Incision/Wound #3,,,,,,92550,3560,0,0,,,,,0.0,0.0,categorical,0.1863,0.8137,25.997
643,mimiciii.CHARTEVENTS,Skin Color,,,,,,91782,3236,0,0,,,,,0.0,0.0,categorical,0.1693,0.8307,28.363
97,mimiciii.CHARTEVENTS,CT #1 Suction Amount,,,,,,91552,4963,0,0,,,,,0.0,0.0,categorical,0.2597,0.7403,18.447
645,mimiciii.CHARTEVENTS,Skin [Temperature],,,,,,91143,3091,0,0,,,,,0.0,0.0,categorical,0.1617,0.8383,29.487
393,mimiciii.CHARTEVENTS,Inc #2 [Drainage],,,,,,90660,5025,0,0,,,,,0.0,0.0,categorical,0.2629,0.7371,18.042
8475,mimiciii.CHARTEVENTS,Skin Condition,,,,,,90621,3090,0,0,,,,,0.0,0.0,categorical,0.1617,0.8383,29.327
226,mimiciii.CHARTEVENTS,ICP,,,,,,90226,482,88558,89698,mmHg,0.165,9.984,47.1005,0.9941,0.9815,numeric,0.0252,0.9748,187.191
216,mimiciii.CHARTEVENTS,Height of Bed,,,,,,87505,1784,0,0,,,,,0.0,0.0,categorical,0.0933,0.9067,49.05
1534,mimiciii.CHARTEVENTS,Phosphorous,,Chemistry,,,,87448,13087,87426,87448,mEq/L,1.2779,3.3,8.5715,1.0,0.9997,numeric,0.6848,0.3152,6.682
516,mimiciii.CHARTEVENTS,Pacemaker Type,,,,,,86563,4092,0,0,,,,,0.0,0.0,categorical,0.2141,0.7859,21.154
166,mimiciii.CHARTEVENTS,Education Handout,,,,,,85622,11508,0,0,,,,,0.0,0.0,categorical,0.6021,0.3979,7.44
1522,mimiciii.CHARTEVENTS,Calcium,,Chemistry,,,,85464,12977,85423,85450,mg/dl,6.42,8.2994,10.5933,0.9998,0.9995,numeric,0.679,0.321,6.586
94,mimiciii.CHARTEVENTS,CT #1 Drainage,,,,,,84459,4976,0,0,,,,,0.0,0.0,categorical,0.2604,0.7396,16.973
139,mimiciii.CHARTEVENTS,Cough/Deep Breathe,,,,,,84433,6029,0,0,,,,,0.0,0.0,categorical,0.3155,0.6845,14.004
659,mimiciii.CHARTEVENTS,Stool [Color],,,,,,83759,4738,0,0,,,,,0.0,0.0,categorical,0.2479,0.7521,17.678
515,mimiciii.CHARTEVENTS,Pacemaker Mode,,,,,,83666,4055,0,0,,,,,0.0,0.0,categorical,0.2122,0.7878,20.633
579,mimiciii.CHARTEVENTS,PressureReduceDevice,,,,,,82961,1289,0,0,,,,,0.0,0.0,categorical,0.0674,0.9326,64.361
96,mimiciii.CHARTEVENTS,CT #1 [Fluctuate],,,,,,82334,4964,0,0,,,,,0.0,0.0,categorical,0.2597,0.7403,16.586
8478,mimiciii.CHARTEVENTS,Stool [Consistency],,,,,,82001,4690,0,0,,,,,0.0,0.0,categorical,0.2454,0.7546,17.484
616,mimiciii.CHARTEVENTS,Respiratory Effort,,,,,,81722,2227,0,0,,,,,0.0,0.0,categorical,0.1165,0.8835,36.696
582,mimiciii.CHARTEVENTS,Procedures,,,,,,79695,15074,0,0,,,,,0.0,0.0,categorical,0.7887,0.2113,5.287
326,mimiciii.CHARTEVENTS,IV Site Appear #3,,,,,,79305,7534,0,0,,,,,0.0,0.0,categorical,0.3942,0.6058,10.526
8373,mimiciii.CHARTEVENTS,CT #1 [Leak],,,,,,78761,4957,0,0,,,,,0.0,0.0,categorical,0.2594,0.7406,15.889
136,mimiciii.CHARTEVENTS,Cough Effort,,,,,,78602,2387,0,0,,,,,0.0,0.0,categorical,0.1249,0.8751,32.929
660,mimiciii.CHARTEVENTS,Stool Guaiac,,,,,,78381,12026,0,0,,,,,0.0,0.0,categorical,0.6292,0.3708,6.518
92,mimiciii.CHARTEVENTS,CPP,,,,,,78192,472,76824,77708,mmHg,38.97,80.9688,134.3843,0.9938,0.9825,numeric,0.0247,0.9753,165.661
47,mimiciii.CHARTEVENTS,Angio Site #1,,,,,,78009,2846,0,0,,,,,0.0,0.0,categorical,0.1489,0.8511,27.41
1533,mimiciii.CHARTEVENTS,PTT,,Coags,,,,76889,12845,76544,0,,21.0054,33.9632,150.0,0.0,0.9955,numeric,0.6721,0.3279,5.986
172,mimiciii.CHARTEVENTS,Education Topic #2,,,,,,76143,10743,0,0,,,,,0.0,0.0,categorical,0.5621,0.4379,7.088
545,mimiciii.CHARTEVENTS,Plateau-Off,,,,,,75842,5922,0,0,,,,,0.0,0.0,categorical,0.3099,0.6901,12.807
30126,mimiciii.INPUTEVENTS_CV,Morphine Sulfate,,,,,,74697,1092,44652,44834,mghr,0.0,4.0,43.39,0.6002,0.5978,mixed,0.0571,0.9429,68.404
400,mimiciii.CHARTEVENTS,Inc #3 [Dressing],,,,,,74260,3564,0,0,,,,,0.0,0.0,categorical,0.1865,0.8135,20.836
362,mimiciii.CHARTEVENTS,ImpSkin Wound Base#1,,,,,,73340,4557,0,0,,,,,0.0,0.0,categorical,0.2384,0.7616,16.094
521,mimiciii.CHARTEVENTS,Pacer Wires Vent,,,,,,72583,3661,71581,0,,0.0,2.0,3.515,0.0,0.9862,numeric,0.1916,0.8084,19.826
50825,mimiciii.LABEVENTS,Temperature,,Blood Gas,,,Blood,72009,8959,71883,0,,34.946,37.224,39.4753,0.0,0.9983,numeric,0.4688,0.5312,8.038
519,mimiciii.CHARTEVENTS,Pacer Wires Atrial,,,,,,71940,3671,70990,0,,0.0,2.0,2.0075,0.0,0.9868,numeric,0.1921,0.8079,19.597
285,mimiciii.CHARTEVENTS,INV#3 WaveformAppear,,,,,,71627,3234,0,0,,,,,0.0,0.0,categorical,0.1692,0.8308,22.148
661,mimiciii.CHARTEVENTS,Stool Management,,,,,,71523,2777,0,0,,,,,0.0,0.0,categorical,0.1453,0.8547,25.755
1530,mimiciii.CHARTEVENTS,INR,,Coags,,,,71232,12864,71147,0,,0.9,1.3,5.0121,0.0,0.9988,numeric,0.6731,0.3269,5.537
1286,mimiciii.CHARTEVENTS,PT,,,,,,71061,12850,70996,0,,11.2966,14.2188,37.2847,0.0,0.9991,numeric,0.6724,0.3276,5.53
30095,mimiciii.INPUTEVENTS_CV,TF Residual,,,,,,71040,3747,0,0,,,,,0.0,0.0,categorical,0.1961,0.8039,18.959
50813,mimiciii.LABEVENTS,Lactate,,Blood Gas,,32693-4,Blood,70422,12172,70381,70421,mmol/L,0.5998,1.8379,14.8221,1.0,0.9994,numeric,0.6369,0.3631,5.786
6206,mimiciii.CHARTEVENTS,Tank A psi.,,,,,,69391,5727,67790,0,,997.034,2000.0,3000.0,0.0,0.9769,numeric,0.2997,0.7003,12.116
6207,mimiciii.CHARTEVENTS,Tank B psi.,,,,,,69228,5722,67701,0,,996.5883,2000.0,3000.0,0.0,0.9779,numeric,0.2994,0.7006,12.099
834,mimiciii.CHARTEVENTS,SaO2,,ABG's,,,,68387,8551,67832,67943,%,85.1808,97.0,99.261,0.9935,0.9919,numeric,0.4474,0.5526,7.998
436,mimiciii.CHARTEVENTS,Low Insp. Pressure,,,,,,68114,2345,67112,67147,cmH2O,5.4236,10.0,34.0784,0.9858,0.9853,numeric,0.1227,0.8773,29.046
50816,mimiciii.LABEVENTS,Oxygen,,Blood Gas,,19994-3,Blood,67835,9086,67751,27754,%,23.2917,50.0,100.0,0.4091,0.9988,numeric,0.4754,0.5246,7.466
30119,mimiciii.INPUTEVENTS_CV,Epinephrine-k,,,,,,66694,934,40430,40733,mcgkgmin,0.0,0.02,0.3169,0.6107,0.6062,mixed,0.0489,0.9511,71.407
576,mimiciii.CHARTEVENTS,Pressure Sore Site#1,,,,,,66224,1402,0,0,,,,,0.0,0.0,categorical,0.0734,0.9266,47.235
352,mimiciii.CHARTEVENTS,ImpSkin #1 [Drain],,,,,,64199,4127,0,0,,,,,0.0,0.0,categorical,0.2159,0.7841,15.556
518,mimiciii.CHARTEVENTS,Pacer Wire Condition,,,,,,63721,3901,0,0,,,,,0.0,0.0,categorical,0.2041,0.7959,16.335
394,mimiciii.CHARTEVENTS,Inc #3 [Drainage],,,,,,63356,3524,0,0,,,,,0.0,0.0,categorical,0.1844,0.8156,17.978
135,mimiciii.CHARTEVENTS,Corneal Reflex [Right],,,,,,62387,1975,0,0,,,,,0.0,0.0,categorical,0.1033,0.8967,31.588
247,mimiciii.CHARTEVENTS,INV Line#4 [Type],,,,,,62374,1776,0,0,,,,,0.0,0.0,categorical,0.0929,0.9071,35.12
640,mimiciii.CHARTEVENTS,Significant Events,,,,,,62241,13955,0,0,,,,,0.0,0.0,categorical,0.7302,0.2698,4.46
591,mimiciii.CHARTEVENTS,RLE [Temperature],,,,,,61944,2403,0,0,,,,,0.0,0.0,categorical,0.1257,0.8743,25.778
8380,mimiciii.CHARTEVENTS,Corneal Reflex [Left],,,,,,61242,1947,0,0,,,,,0.0,0.0,categorical,0.1019,0.8981,31.455
43,mimiciii.CHARTEVENTS,Angio Appearance #1 [Attribute 1],,,,,,61182,2853,0,0,,,,,0.0,0.0,categorical,0.1493,0.8507,21.445
721,mimiciii.CHARTEVENTS,Ventilator No.,,,,,,61151,2782,59044,59134,#,1.0,10.7563,29.0,0.967,0.9655,numeric,0.1456,0.8544,21.981
8468,mimiciii.CHARTEVENTS,RLE [Color],,,,,,61043,2396,0,0,,,,,0.0,0.0,categorical,0.1254,0.8746,25.477
8395,mimiciii.CHARTEVENTS,INV Line#4 [Site],,,,,,60997,1754,0,0,,,,,0.0,0.0,categorical,0.0918,0.9082,34.776
517,mimiciii.CHARTEVENTS,Pacer Rate,,,,,,60556,3779,59177,59477,BPM,35.8856,60.0,96.9862,0.9822,0.9772,numeric,0.1977,0.8023,16.024
123,mimiciii.CHARTEVENTS,Chest Tube Site #2,,,,,,60438,3437,0,0,,,,,0.0,0.0,categorical,0.1798,0.8202,17.585
114,mimiciii.CHARTEVENTS,CaO2,,,,,,59928,7585,59841,59926,ml/dl,9.5483,13.6775,19.4511,1.0,0.9985,numeric,0.3969,0.6031,7.901
690,mimiciii.CHARTEVENTS,Trach Size,,,,,,59661,982,0,0,,,,,0.0,0.0,categorical,0.0514,0.9486,60.755
692,mimiciii.CHARTEVENTS,Tracheostomy Type,,,,,,59594,981,0,0,,,,,0.0,0.0,categorical,0.0513,0.9487,60.748
8430,mimiciii.CHARTEVENTS,Inc #3 [Status],,,,,,57156,3431,0,0,,,,,0.0,0.0,categorical,0.1795,0.8205,16.659
8454,mimiciii.CHARTEVENTS,Pain Management [Route/Status #2],,,,,,56786,8994,0,0,,,,,0.0,0.0,categorical,0.4706,0.5294,6.314
357,mimiciii.CHARTEVENTS,ImpSkin Treatment #2,,,,,,56436,2608,0,0,,,,,0.0,0.0,categorical,0.1365,0.8635,21.64
588,mimiciii.CHARTEVENTS,RCW,,,,,,56272,1679,56062,56272,kg * m,0.799,2.3803,6.9509,1.0,0.9963,numeric,0.0879,0.9121,33.515
50885,mimiciii.LABEVENTS,"Bilirubin, Total",,Chemistry,,1975-2,Blood,56168,12539,56163,56167,mg/dL,0.1828,0.9847,36.4754,1.0,0.9999,numeric,0.6561,0.3439,4.479
601,mimiciii.CHARTEVENTS,RVSW,,,,,,56078,1674,55871,56077,g * m,8.4337,27.1226,77.2308,1.0,0.9963,numeric,0.0876,0.9124,33.499
688,mimiciii.CHARTEVENTS,Trach [Cuff],,,,,,56021,918,0,0,,,,,0.0,0.0,categorical,0.048,0.952,61.025
201,mimiciii.CHARTEVENTS,GI Intub #2 [Type],,,,,,55830,860,0,0,,,,,0.0,0.0,categorical,0.045,0.955,64.919
8479,mimiciii.CHARTEVENTS,Trach [Fenestra],,,,,,55656,914,0,0,,,,,0.0,0.0,categorical,0.0478,0.9522,60.893
138,mimiciii.CHARTEVENTS,Cough Type,,,,,,55630,2028,0,0,,,,,0.0,0.0,categorical,0.1061,0.8939,27.431
50861,mimiciii.LABEVENTS,Alanine Aminotransferase (ALT),,Chemistry,,1742-6,Blood,55411,12686,55399,55410,IU/L,5.7559,39.5986,3480.9589,1.0,0.9998,numeric,0.6638,0.3362,4.368
207,mimiciii.CHARTEVENTS,GU Catheter Size,,,,,,55377,1391,0,0,,,,,0.0,0.0,categorical,0.0728,0.9272,39.811
50878,mimiciii.LABEVENTS,Asparate Aminotransferase (AST),,Chemistry,,1920-8,Blood,55368,12660,55367,55367,IU/L,9.8456,46.3557,4688.9772,1.0,1.0,numeric,0.6624,0.3376,4.373
589,mimiciii.CHARTEVENTS,RCWI,,,,,,55108,1642,54920,55107,...,0.4307,1.2098,3.3653,1.0,0.9966,numeric,0.0859,0.9141,33.562
8389,mimiciii.CHARTEVENTS,GI Intub #2 [Site],,,,,,55033,844,0,0,,,,,0.0,0.0,categorical,0.0442,0.9558,65.205
602,mimiciii.CHARTEVENTS,RVSWI,,,,,,54921,1637,54734,54918,g*m/m2,4.5505,13.8516,35.8074,0.9999,0.9966,numeric,0.0857,0.9143,33.55
424,mimiciii.CHARTEVENTS,LLE [Temp],,,,,,54783,2097,0,0,,,,,0.0,0.0,categorical,0.1097,0.8903,26.124
118,mimiciii.CHARTEVENTS,Cerv Collar Status,,,,,,54202,1724,0,0,,,,,0.0,0.0,categorical,0.0902,0.9098,31.44
440,mimiciii.CHARTEVENTS,MDI #2 [Puff],,,,,,54145,1799,53687,0,,2.0,6.0,9.9937,0.0,0.9915,numeric,0.0941,0.9059,30.097
30122,mimiciii.INPUTEVENTS_CV,Labetolol,,,,,,53977,710,32274,32826,mgmin,0.0,1.0,5.9824,0.6081,0.5979,mixed,0.0371,0.9629,76.024
50863,mimiciii.LABEVENTS,Alkaline Phosphatase,,Chemistry,,6768-6,Blood,53913,12404,53913,53912,IU/L,34.4051,104.7399,875.9246,1.0,1.0,numeric,0.649,0.351,4.346
8435,mimiciii.CHARTEVENTS,LLE [Color],,,,,,53880,2093,0,0,,,,,0.0,0.0,categorical,0.1095,0.8905,25.743
119,mimiciii.CHARTEVENTS,Cervical Collar Type,,,,,,53726,1722,0,0,,,,,0.0,0.0,categorical,0.0901,0.9099,31.2
8438,mimiciii.CHARTEVENTS,MDI #2 [Drug],,,,,,53702,1749,0,0,,,,,0.0,0.0,categorical,0.0915,0.9085,30.704
50827,mimiciii.LABEVENTS,Ventilation Rate,,Blood Gas,,,Blood,52471,8290,0,0,,,,,0.0,0.0,categorical,0.4338,0.5662,6.329
45,mimiciii.CHARTEVENTS,Angio Dressing #1,,,,,,52250,2817,0,0,,,,,0.0,0.0,categorical,0.1474,0.8526,18.548
818,mimiciii.CHARTEVENTS,Lactic Acid(0.5-2.0),,Chemistry,,,,52180,9456,51915,0,,0.5995,1.8001,15.4384,0.0,0.9949,numeric,0.4948,0.5052,5.518
30077,mimiciii.INPUTEVENTS_CV,Nepro,,,,,,52109,503,0,0,,,,,0.0,0.0,categorical,0.0263,0.9737,103.596
345,mimiciii.CHARTEVENTS,ImpSkin Character #2,,,,,,51516,2684,0,0,,,,,0.0,0.0,categorical,0.1404,0.8596,19.194
30090,mimiciii.INPUTEVENTS_CV,Tube Feeding,,,,,,50756,453,0,0,,,,,0.0,0.0,categorical,0.0237,0.9763,112.044
50826,mimiciii.LABEVENTS,Tidal Volume,,Blood Gas,,20112-9,Blood,50595,7634,50595,0,,250.651,550.0,894.0387,0.0,1.0,numeric,0.3994,0.6006,6.628
410,mimiciii.CHARTEVENTS,Incentive Spirometry,,,,,,50569,5282,0,0,,,,,0.0,0.0,categorical,0.2764,0.7236,9.574
376,mimiciii.CHARTEVENTS,Impaired Skin Site#3,,,,,,50463,1353,0,0,,,,,0.0,0.0,categorical,0.0708,0.9292,37.297
250,mimiciii.CHARTEVENTS,INV Line#4SiteAppear,,,,,,50450,1731,0,0,,,,,0.0,0.0,categorical,0.0906,0.9094,29.145
30020,mimiciii.INPUTEVENTS_CV,.45% Normal Saline,,,,,,50207,2104,0,0,,,,,0.0,0.0,categorical,0.1101,0.8899,23.863
30115,mimiciii.INPUTEVENTS_CV,Diltiazem,,,,,,49753,618,28259,28713,mghr,0.0,10.0,24.4868,0.5771,0.568,mixed,0.0323,0.9677,80.506
30042,mimiciii.INPUTEVENTS_CV,Dobutamine,,,,,,49005,579,29463,29691,mcgkgmin,0.0,3.0,19.6538,0.6059,0.6012,mixed,0.0303,0.9697,84.637
242,mimiciii.CHARTEVENTS,INV Line#3 Zero/Cal,,,,,,48674,3183,0,0,,,,,0.0,0.0,categorical,0.1665,0.8335,15.292
464,mimiciii.CHARTEVENTS,Neuro Drain Type,,,,,,48331,509,0,0,,,,,0.0,0.0,categorical,0.0266,0.9734,94.953
8422,mimiciii.CHARTEVENTS,Inc #1 [Amount],,,,,,47706,5049,0,0,,,,,0.0,0.0,categorical,0.2642,0.7358,9.449
50819,mimiciii.LABEVENTS,PEEP,,Blood Gas,,20077-4,Blood,47609,6213,47609,0,,1.4418,5.0,21.945,0.0,1.0,numeric,0.3251,0.6749,7.663
463,mimiciii.CHARTEVENTS,Neuro Drain Status,,,,,,47423,479,0,0,,,,,0.0,0.0,categorical,0.0251,0.9749,99.004
50810,mimiciii.LABEVENTS,"Hematocrit, Calculated",,Blood Gas,,20570-8,Blood,47335,10950,47335,47334,%,18.0,31.0,46.6345,1.0,1.0,numeric,0.5729,0.4271,4.323
50811,mimiciii.LABEVENTS,Hemoglobin,,Blood Gas,,718-7,Blood,47333,10950,47333,47332,g/dL,6.0328,10.2565,15.5143,1.0,1.0,numeric,0.5729,0.4271,4.323
604,mimiciii.CHARTEVENTS,Radiologic Study,,,,,,47020,12757,0,0,,,,,0.0,0.0,categorical,0.6675,0.3325,3.686
30114,mimiciii.INPUTEVENTS_CV,Cisatracurium,,,,,,45754,365,26252,26405,mgkghr,0.0,0.15,2.418,0.5771,0.5738,mixed,0.0191,0.9809,125.353
30066,mimiciii.INPUTEVENTS_CV,Carrier,,,,,,45455,674,0,0,,,,,0.0,0.0,categorical,0.0353,0.9647,67.441
50910,mimiciii.LABEVENTS,Creatine Kinase (CK),,Chemistry,,2157-6,Blood,45392,11351,45390,45388,IU/L,11.3283,145.7413,14705.8183,0.9999,1.0,numeric,0.5939,0.4061,3.999
462,mimiciii.CHARTEVENTS,Neuro Drain [Level],,,,,,45194,439,0,0,,,,,0.0,0.0,categorical,0.023,0.977,102.948
225,mimiciii.CHARTEVENTS,IABP setting,,,,,,45026,697,0,0,,,,,0.0,0.0,categorical,0.0365,0.9635,64.6
1531,mimiciii.CHARTEVENTS,Lactic Acid,,Chemistry,,,,44288,7688,44224,0,,0.5985,1.7943,14.9237,0.0,0.9986,numeric,0.4023,0.5977,5.761
530,mimiciii.CHARTEVENTS,Peak Flow,,,,,,43876,3067,36969,41959,L/m,35.9505,60.0,93.7866,0.9563,0.8426,mixed,0.1605,0.8395,14.306
8443,mimiciii.CHARTEVENTS,Neuro Drain [Location],,,,,,43693,416,0,0,,,,,0.0,0.0,categorical,0.0218,0.9782,105.031
205,mimiciii.CHARTEVENTS,GI#2 Tube [Status],,,,,,42905,830,0,0,,,,,0.0,0.0,categorical,0.0434,0.9566,51.693
461,mimiciii.CHARTEVENTS,Neuro Drain Drainage,,,,,,42640,447,0,0,,,,,0.0,0.0,categorical,0.0234,0.9766,95.391
163,mimiciii.CHARTEVENTS,Edema #1 [Location],,,,,,42136,841,0,0,,,,,0.0,0.0,categorical,0.044,0.956,50.102
58,mimiciii.CHARTEVENTS,Atrial Pacemaker [mA],,,,,,41783,3345,39059,0,,0.2942,0.9985,20.0,0.0,0.9348,mixed,0.175,0.825,12.491
691,mimiciii.CHARTEVENTS,Tracheostomy Cuff,,,,,,41776,960,0,0,,,,,0.0,0.0,categorical,0.0502,0.9498,43.517
50911,mimiciii.LABEVENTS,"Creatine Kinase, MB Isoenzyme",,Chemistry,,6773-6,Blood,41559,10809,27767,41556,ng/mL,1.0,7.0,380.8374,0.9999,0.6681,mixed,0.5656,0.4344,3.845
50828,mimiciii.LABEVENTS,Ventilator,,Blood Gas,,,Blood,40219,9534,0,0,,,,,0.0,0.0,categorical,0.4988,0.5012,4.218
50862,mimiciii.LABEVENTS,Albumin,,Chemistry,,1751-7,Blood,40212,12089,40202,40209,g/dL,1.4633,2.8,4.5016,0.9999,0.9998,numeric,0.6325,0.3675,3.326
140,mimiciii.CHARTEVENTS,Cuff Leak,,,,,,39985,962,0,0,,,,,0.0,0.0,categorical,0.0503,0.9497,41.564
387,mimiciii.CHARTEVENTS,Inc #2 [Closure],,,,,,39361,3020,0,0,,,,,0.0,0.0,categorical,0.158,0.842,13.033
30001,mimiciii.INPUTEVENTS_CV,Packed RBC's,,,,,,39354,7358,0,0,,,,,0.0,0.0,categorical,0.385,0.615,5.348
363,mimiciii.CHARTEVENTS,ImpSkin Wound Base#2,,,,,,39349,2258,0,0,,,,,0.0,0.0,categorical,0.1181,0.8819,17.426
30088,mimiciii.INPUTEVENTS_CV,Replete w/fiber,,,,,,39346,414,0,0,,,,,0.0,0.0,categorical,0.0217,0.9783,95.039
8383,mimiciii.CHARTEVENTS,Edema #1 [Amount],,,,,,39335,797,0,0,,,,,0.0,0.0,categorical,0.0417,0.9583,49.354
468,mimiciii.CHARTEVENTS,O2 Delivery Device#2,,,,,,39187,3357,0,0,,,,,0.0,0.0,categorical,0.1756,0.8244,11.673
152,mimiciii.CHARTEVENTS,Dialysis Type,,,,,,38871,337,0,0,,,,,0.0,0.0,categorical,0.0176,0.9824,115.344
611,mimiciii.CHARTEVENTS,Replace Rate ml/hr,,,,,,38427,313,38399,38411,ml/hr,200.0,1500.0,2000.0,0.9996,0.9993,numeric,0.0164,0.9836,122.77
148,mimiciii.CHARTEVENTS,Dialysis Access Site,,,,,,38247,343,0,0,,,,,0.0,0.0,categorical,0.0179,0.9821,111.507
79,mimiciii.CHARTEVENTS,Blood Flow ml/min,,,,,,38218,310,38184,38201,cc/min,80.0,100.1231,180.0,0.9996,0.9991,numeric,0.0162,0.9838,123.284
8371,mimiciii.CHARTEVENTS,Atrial Pacemaker [Sensitivity],,,,,,38214,3079,38174,0,,0.1672,6.0,20.0,0.0,0.999,numeric,0.1611,0.8389,12.411
30354,mimiciii.INPUTEVENTS_CV,ProBalance,,,,,,38097,427,0,0,,,,,0.0,0.0,categorical,0.0223,0.9777,89.22
149,mimiciii.CHARTEVENTS,Dialysis Access Type,,,,,,37907,346,0,0,,,,,0.0,0.0,categorical,0.0181,0.9819,109.558
142,mimiciii.CHARTEVENTS,Current Goal,,,,,,37472,298,36899,0,,-210.6325,0.0,405.0813,0.0,0.9847,numeric,0.0156,0.9844,125.745
567,mimiciii.CHARTEVENTS,PressSoreTreatment#1,,,,,,37407,1386,0,0,,,,,0.0,0.0,categorical,0.0725,0.9275,26.989
612,mimiciii.CHARTEVENTS,Replace.Fluid Infuse,,,,,,36991,296,0,0,,,,,0.0,0.0,categorical,0.0155,0.9845,124.97
1045,mimiciii.CHARTEVENTS,Pain Level/Response,,,,,,36973,8410,0,0,,,,,0.0,0.0,categorical,0.44,0.56,4.396
147,mimiciii.CHARTEVENTS,Dialysate Infusing,,,,,,36936,301,0,0,,,,,0.0,0.0,categorical,0.0157,0.9843,122.711
146,mimiciii.CHARTEVENTS,Dialysate Flow ml/hr,,,,,,36529,298,36498,36508,ml/hr,0.0,500.0,1500.0,0.9994,0.9992,numeric,0.0156,0.9844,122.581
29,mimiciii.CHARTEVENTS,Access mmHg,,,,,,36449,312,36344,0,,-161.9646,-56.9017,141.4328,0.0,0.9971,numeric,0.0163,0.9837,116.824
471,mimiciii.CHARTEVENTS,O2 Flow (lpm) #2,,,,,,36314,3198,34887,35175,lpm,0.1831,4.9829,21.3967,0.9686,0.9607,numeric,0.1673,0.8327,11.355
192,mimiciii.CHARTEVENTS,Filter Pressure mmHg,,,,,,36044,314,35984,36025,mmHg,75.0456,144.1053,273.2664,0.9995,0.9983,numeric,0.0164,0.9836,114.79
624,mimiciii.CHARTEVENTS,Return Pressure mmHg,,,,,,35967,314,35933,35948,mmHg,43.0255,86.8872,183.5487,0.9995,0.9991,numeric,0.0164,0.9836,114.545
665,mimiciii.CHARTEVENTS,System Integrity,,,,,,35897,304,0,0,,,,,0.0,0.0,categorical,0.0159,0.9841,118.082
303,mimiciii.CHARTEVENTS,IV #4 [Site],,,,,,35665,2785,0,0,,,,,0.0,0.0,categorical,0.1457,0.8543,12.806
173,mimiciii.CHARTEVENTS,Effluent Press mmHg,,,,,,35555,311,34542,6198,mmHg,-199.195,-27.218,141.385,0.1743,0.9715,numeric,0.0163,0.9837,114.325
51254,mimiciii.LABEVENTS,Monocytes,,Hematology,,742-7,Blood,34931,13253,34921,34924,%,0.0,4.1748,20.9843,0.9998,0.9997,numeric,0.6934,0.3066,2.636
51244,mimiciii.LABEVENTS,Lymphocytes,,Hematology,,731-0,Blood,34931,13253,34921,34924,%,0.3546,10.4155,57.7037,0.9998,0.9997,numeric,0.6934,0.3066,2.636
51256,mimiciii.LABEVENTS,Neutrophils,,Hematology,,761-7,Blood,34931,13253,34921,34924,%,9.3877,79.952,96.3082,0.9998,0.9997,numeric,0.6934,0.3066,2.636
51200,mimiciii.LABEVENTS,Eosinophils,,Hematology,,711-2,Blood,34929,13252,34919,34922,%,0.0,0.7591,11.585,0.9998,0.9997,numeric,0.6934,0.3066,2.636
51146,mimiciii.LABEVENTS,Basophils,,Hematology,,704-7,Blood,34927,13252,34917,34920,%,0.0,0.1961,1.9608,0.9998,0.9997,numeric,0.6934,0.3066,2.636
50824,mimiciii.LABEVENTS,"Sodium, Whole Blood",,Blood Gas,,2947-0,Blood,34565,10235,34562,34564,mEq/L,124.8507,137.0,150.1545,1.0,0.9999,numeric,0.5355,0.4645,3.377
353,mimiciii.CHARTEVENTS,ImpSkin #2 [Drain],,,,,,34351,2081,0,0,,,,,0.0,0.0,categorical,0.1089,0.8911,16.507
8403,mimiciii.CHARTEVENTS,IV #4 [Size],,,,,,34322,2730,0,0,,,,,0.0,0.0,categorical,0.1428,0.8572,12.572
823,mimiciii.CHARTEVENTS,Mixed Venous O2% Sat,,Blood Gases,,,,34230,3887,33561,0,,42.4058,65.0,87.051,0.0,0.9805,numeric,0.2034,0.7966,8.806
93,mimiciii.CHARTEVENTS,CT #1 Crepitus,,,,,,33799,1160,0,0,,,,,0.0,0.0,categorical,0.0607,0.9393,29.137
51498,mimiciii.LABEVENTS,Specific Gravity,,Hematology,,5811-5,Urine,33622,14424,32565,33618, ,1.0045,1.015,1.0431,0.9999,0.9686,numeric,0.7547,0.2453,2.331
51491,mimiciii.LABEVENTS,pH,,Hematology,,5803-2,Urine,33622,14424,33608,33618,units,5.0,5.6539,8.8277,0.9999,0.9996,numeric,0.7547,0.2453,2.331
51492,mimiciii.LABEVENTS,Protein,,Hematology,,5804-0,Urine,33479,14408,8972,33475,mg/dL,30.0,30.0,500.0,0.9999,0.268,mixed,0.7539,0.2461,2.324
51508,mimiciii.LABEVENTS,Urine Color,,Hematology,,5778-6,Urine,33447,14404,0,0,,,,,0.0,0.0,categorical,0.7537,0.2463,2.322
51506,mimiciii.LABEVENTS,Urine Appearance,,Hematology,,5767-9,Urine,33441,14403,0,0,,,,,0.0,0.0,categorical,0.7536,0.2464,2.322
51514,mimiciii.LABEVENTS,Urobilinogen,,Hematology,,5818-0,Urine,33435,14402,10067,33431,EU/dL,0.2,0.8927,12.0,0.9999,0.3011,mixed,0.7536,0.2464,2.322
51466,mimiciii.LABEVENTS,Blood,,Hematology,,5794-3,Urine,33431,14401,0,9279,mg/dL,,,,0.2776,0.0,categorical,0.7535,0.2465,2.321
51478,mimiciii.LABEVENTS,Glucose,,Hematology,,5792-7,Urine,33430,14403,2915,33426,mg/dL,100.0,250.0,1000.0,0.9999,0.0872,mixed,0.7536,0.2464,2.321
51484,mimiciii.LABEVENTS,Ketone,,Hematology,,5797-6,Urine,33428,14402,3241,33424,mg/dL,10.0,15.0,150.0,0.9999,0.097,mixed,0.7536,0.2464,2.321
51464,mimiciii.LABEVENTS,Bilirubin,,Hematology,,5770-3,Urine,33419,14401,0,33415,EU/dL,,,,0.9999,0.0,categorical,0.7535,0.2465,2.321
51487,mimiciii.LABEVENTS,Nitrite,,Hematology,,5802-4,Urine,33415,14401,0,0,,,,,0.0,0.0,categorical,0.7535,0.2465,2.32
763,mimiciii.CHARTEVENTS,Daily Weight,,,,,,33368,13686,33050,33368,kg,43.2403,82.8134,160.072,1.0,0.9905,numeric,0.7161,0.2839,2.438
8417,mimiciii.CHARTEVENTS,Inc #2 [Appearance],,,,,,33075,2830,0,0,,,,,0.0,0.0,categorical,0.1481,0.8519,11.687
338,mimiciii.CHARTEVENTS,Imp Skin Cleanse #1,,,,,,32673,3990,0,0,,,,,0.0,0.0,categorical,0.2088,0.7912,8.189
388,mimiciii.CHARTEVENTS,Inc #3 [Closure],,,,,,32559,2688,0,0,,,,,0.0,0.0,categorical,0.1406,0.8594,12.113
30172,mimiciii.INPUTEVENTS_CV,Natrecor,,,,,,32336,242,18016,18098,mcgkgmin,0.0,0.01,0.03,0.5597,0.5571,mixed,0.0127,0.9873,133.62
1699,mimiciii.CHARTEVENTS,GI Tube #2 [Site],,,,,,32233,533,0,0,,,,,0.0,0.0,categorical,0.0279,0.9721,60.475
51486,mimiciii.LABEVENTS,Leukocytes,,Hematology,,5799-2,Urine,32057,13805,1,0,,3.0,3.0,3.0,0.0,0.0,categorical,0.7223,0.2777,2.322
8493,mimiciii.CHARTEVENTS,GI Tube #2 [Site],,,,,,31822,523,0,0,,,,,0.0,0.0,categorical,0.0274,0.9726,60.845
89,mimiciii.CHARTEVENTS,C.O. (fick),,,,,,31812,3250,29281,29484,L/min,2.6834,5.2427,12.7373,0.9268,0.9204,mixed,0.1701,0.8299,9.788
30023,mimiciii.INPUTEVENTS_CV,Calcium Gluconate,,,,,,31807,336,0,0,,,,,0.0,0.0,categorical,0.0176,0.9824,94.664
592,mimiciii.CHARTEVENTS,RLE [Sensation],,,,,,31710,1181,0,0,,,,,0.0,0.0,categorical,0.0618,0.9382,26.85
598,mimiciii.CHARTEVENTS,RUE [Sensation],,,,,,31541,1167,0,0,,,,,0.0,0.0,categorical,0.0611,0.9389,27.027
30133,mimiciii.INPUTEVENTS_CV,Sandostatin,,,,,,31488,251,17652,17789,mcghr,8.2218,50.0,97.8178,0.5649,0.5606,mixed,0.0131,0.9869,125.45
5816,mimiciii.CHARTEVENTS,ICP Alarm [Low],,,,,,31301,863,30196,30481,mmHg,0.0,0.0,10.2372,0.9738,0.9647,numeric,0.0452,0.9548,36.27
8469,mimiciii.CHARTEVENTS,LLE [Sensation],,,,,,31224,1166,0,0,,,,,0.0,0.0,categorical,0.061,0.939,26.779
8472,mimiciii.CHARTEVENTS,LUE [Sensation],,,,,,30744,1141,0,0,,,,,0.0,0.0,categorical,0.0597,0.9403,26.945
30096,mimiciii.INPUTEVENTS_CV,TPN w/Lipids,,,,,,30492,277,0,0,,,,,0.0,0.0,categorical,0.0145,0.9855,110.079
286,mimiciii.CHARTEVENTS,INV#4 WaveformAppear,,,,,,30439,1246,0,0,,,,,0.0,0.0,categorical,0.0652,0.9348,24.429
427,mimiciii.CHARTEVENTS,LUE [Temp],,,,,,30414,1107,0,0,,,,,0.0,0.0,categorical,0.0579,0.9421,27.474
5683,mimiciii.CHARTEVENTS,Hourly PFR,,,,,,30377,231,30335,0,,-53.009,151.9423,573.3079,0.0,0.9986,numeric,0.0121,0.9879,131.502
8550,mimiciii.CHARTEVENTS,ICP Alarm [High],,,,,,30288,250,30288,30288,mmHg,13.7006,20.0,74.8209,1.0,1.0,numeric,0.0131,0.9869,121.152
30078,mimiciii.INPUTEVENTS_CV,Respalor,,,,,,30198,267,0,0,,,,,0.0,0.0,categorical,0.014,0.986,113.101
731,mimiciii.CHARTEVENTS,Warming [Device],,,,,,30071,4516,0,0,,,,,0.0,0.0,categorical,0.2363,0.7637,6.659
8436,mimiciii.CHARTEVENTS,LUE [Color],,,,,,29841,1102,0,0,,,,,0.0,0.0,categorical,0.0577,0.9423,27.079
327,mimiciii.CHARTEVENTS,IV Site Appear #4,,,,,,29833,2746,0,0,,,,,0.0,0.0,categorical,0.1437,0.8563,10.864
100,mimiciii.CHARTEVENTS,CT #2 Dressing,,,,,,29456,1313,0,0,,,,,0.0,0.0,categorical,0.0687,0.9313,22.434
30163,mimiciii.INPUTEVENTS_CV,Dilaudid,,,,,,29330,110,17522,17591,mghr,0.0,1.9246,15.4611,0.5998,0.5974,mixed,0.0058,0.9942,266.636
102,mimiciii.CHARTEVENTS,CT #2 Suction Amount,,,,,,29311,1324,0,0,,,,,0.0,0.0,categorical,0.0693,0.9307,22.138
358,mimiciii.CHARTEVENTS,ImpSkin Treatment #3,,,,,,28995,1281,0,0,,,,,0.0,0.0,categorical,0.067,0.933,22.635
925,mimiciii.CHARTEVENTS,Marital Status,,,,,,28884,18760,0,0,,,,,0.0,0.0,categorical,0.9816,0.0184,1.54
930,mimiciii.CHARTEVENTS,Ext,,,,,,28884,18760,0,0,,,,,0.0,0.0,categorical,0.9816,0.0184,1.54
916,mimiciii.CHARTEVENTS,Allergy 1,,,,,,28884,18760,0,0,,,,,0.0,0.0,categorical,0.9816,0.0184,1.54
919,mimiciii.CHARTEVENTS,Service,,,,,,28884,18760,0,0,,,,,0.0,0.0,categorical,0.9816,0.0184,1.54
935,mimiciii.CHARTEVENTS,Allergy 3,,,,,,28884,18760,0,0,,,,,0.0,0.0,categorical,0.9816,0.0184,1.54
69,mimiciii.CHARTEVENTS,BSA,,,,,,28884,18760,13553,13563,m2,1.34,1.9734,2.9063,0.4696,0.4692,mixed,0.9816,0.0184,1.54
762,mimiciii.CHARTEVENTS,Admit Wt,,,,,,28884,18760,21580,21596,kg,42.315,78.8333,158.9947,0.7477,0.7471,mixed,0.9816,0.0184,1.54
920,mimiciii.CHARTEVENTS,Admit Ht,,,,,,28884,18760,13596,13607,inches,55.1181,67.0,76.1076,0.4711,0.4707,mixed,0.9816,0.0184,1.54
924,mimiciii.CHARTEVENTS,Readmission,,,,,,28884,18760,0,0,,,,,0.0,0.0,categorical,0.9816,0.0184,1.54
926,mimiciii.CHARTEVENTS,Religion,,,,,,28884,18760,0,0,,,,,0.0,0.0,categorical,0.9816,0.0184,1.54
927,mimiciii.CHARTEVENTS,Allergy 2,,,,,,28884,18760,0,0,,,,,0.0,0.0,categorical,0.9816,0.0184,1.54
917,mimiciii.CHARTEVENTS,Diagnosis/op,,,,,,28882,18759,0,0,,,,,0.0,0.0,categorical,0.9815,0.0185,1.54
508,mimiciii.CHARTEVENTS,PT Splint #1 [Location],,,,,,28749,486,0,0,,,,,0.0,0.0,categorical,0.0254,0.9746,59.154
8418,mimiciii.CHARTEVENTS,Inc #3 [Appearance],,,,,,28717,2525,0,0,,,,,0.0,0.0,categorical,0.1321,0.8679,11.373
50954,mimiciii.LABEVENTS,Lactate Dehydrogenase (LD),,Chemistry,,2532-0,Blood,28471,8729,28470,28471,IU/L,112.4273,292.2163,5422.7389,1.0,1.0,numeric,0.4567,0.5433,3.262
8450,mimiciii.CHARTEVENTS,PT Splint #1 [Status],,,,,,28462,475,0,0,,,,,0.0,0.0,categorical,0.0249,0.9751,59.92
30178,mimiciii.INPUTEVENTS_CV,Nicardipine,,,,,,28177,321,16092,16296,mcgkgmin,0.0,1.2713,4.6738,0.5783,0.5711,mixed,0.0168,0.9832,87.779
30149,mimiciii.INPUTEVENTS_CV,Fentanyl (Conc),,,,,,28159,133,16352,16420,mcghr,0.0,100.0,509.5306,0.5831,0.5807,mixed,0.007,0.993,211.722
8485,mimiciii.CHARTEVENTS,Warming [Status],,,,,,28144,4378,0,0,,,,,0.0,0.0,categorical,0.2291,0.7709,6.429
414,mimiciii.CHARTEVENTS,Incision/Wound #4,,,,,,28086,865,0,0,,,,,0.0,0.0,categorical,0.0453,0.9547,32.469
496,mimiciii.CHARTEVENTS,PCA Dose,,,,,,28079,1286,21615,0,,0.05,0.25,8.4487,0.0,0.7698,mixed,0.0673,0.9327,21.834
499,mimiciii.CHARTEVENTS,PCA Medication,,,,,,28059,1280,0,0,,,,,0.0,0.0,categorical,0.067,0.933,21.921
493,mimiciii.CHARTEVENTS,PCA 1 Hr Limit (mg),,,,,,28048,1275,23823,0,,0.4753,2.5,64.2344,0.0,0.8494,mixed,0.0667,0.9333,21.998
129,mimiciii.CHARTEVENTS,Collar Care,,,,,,28018,1603,0,0,,,,,0.0,0.0,categorical,0.0839,0.9161,17.478
498,mimiciii.CHARTEVENTS,PCA Lockout (Min),,,,,,28004,1279,24442,0,,5.6007,6.0,10.4028,0.0,0.8728,mixed,0.0669,0.9331,21.895
50867,mimiciii.LABEVENTS,Amylase,,Chemistry,,1798-8,Blood,27861,9611,27859,27861,IU/L,10.5161,63.673,943.4081,1.0,0.9999,numeric,0.5029,0.4971,2.899
55,mimiciii.CHARTEVENTS,Assisted Systole,,,,,,27804,695,27135,27210,mmHg,57.5569,93.539,151.4427,0.9786,0.9759,numeric,0.0364,0.9636,40.006
769,mimiciii.CHARTEVENTS,ALT,,Enzymes,,,,27755,8362,27728,0,,5.617,45.5083,4754.0126,0.0,0.999,numeric,0.4375,0.5625,3.319
784,mimiciii.CHARTEVENTS,CPK,,Enzymes,,,,27752,8788,27395,0,,12.1991,207.1168,18888.2752,0.0,0.9871,numeric,0.4598,0.5402,3.158
59,mimiciii.CHARTEVENTS,Augmented Diastole,,,,,,27729,694,27110,27127,mmHg,63.2843,106.7774,159.8316,0.9783,0.9777,numeric,0.0363,0.9637,39.955
770,mimiciii.CHARTEVENTS,AST,,Enzymes,,,,27637,8324,27617,0,,10.7547,59.0914,6770.1603,0.0,0.9993,numeric,0.4355,0.5645,3.32
62,mimiciii.CHARTEVENTS,BAEDP,,,,,,27552,694,26935,26950,mmHg,23.6731,54.1531,93.3954,0.9782,0.9776,numeric,0.0363,0.9637,39.7
7914,mimiciii.CHARTEVENTS,Insulin Guideline,,,,,,27227,2986,0,0,,,,,0.0,0.0,categorical,0.1562,0.8438,9.118
773,mimiciii.CHARTEVENTS,Alk. Phosphate,,Enzymes,,,,27032,8113,27012,0,,31.8915,98.6702,757.2014,0.0,0.9993,numeric,0.4245,0.5755,3.332
848,mimiciii.CHARTEVENTS,Total Bili (0-1.5),,Chemistry,,,,26831,7706,26805,0,,0.0645,1.1817,39.6594,0.0,0.999,numeric,0.4032,0.5968,3.482
224,mimiciii.CHARTEVENTS,IABP Mean,,,,,,26770,693,26136,26158,mmHg,50.9158,79.2887,122.288,0.9771,0.9763,numeric,0.0363,0.9637,38.629
99,mimiciii.CHARTEVENTS,CT #2 Drainage,,,,,,26716,1344,0,0,,,,,0.0,0.0,categorical,0.0703,0.9297,19.878
346,mimiciii.CHARTEVENTS,ImpSkin Character #3,,,,,,26488,1322,0,0,,,,,0.0,0.0,categorical,0.0692,0.9308,20.036
51003,mimiciii.LABEVENTS,Troponin T,,Chemistry,,6598-7,Blood,26391,7898,18100,26391,ng/mL,0.01,0.1523,12.0717,1.0,0.6858,mixed,0.4132,0.5868,3.341
30142,mimiciii.INPUTEVENTS_CV,Integrelin,,,,,,26345,766,15297,15586,mcgkgmin,0.0,2.0,2.1902,0.5916,0.5806,mixed,0.0401,0.9599,34.393
101,mimiciii.CHARTEVENTS,CT #2 [Fluctuate],,,,,,25941,1335,0,0,,,,,0.0,0.0,categorical,0.0699,0.9301,19.431
733,mimiciii.CHARTEVENTS,Weight Change,,,,,,25924,10253,25595,25924,kg,-6.6634,0.0,10.0775,1.0,0.9873,numeric,0.5365,0.4635,2.528
51516,mimiciii.LABEVENTS,WBC,,Hematology,,5821-4,Urine,25621,12091,10879,25617,#/hpf,0.0,1.0202,311.2899,0.9998,0.4246,mixed,0.6326,0.3674,2.119
51493,mimiciii.LABEVENTS,RBC,,Hematology,,5808-1,Urine,25621,12090,10551,25617,#/hpf,0.0,2.4293,677.9989,0.9998,0.4118,mixed,0.6326,0.3674,2.119
51476,mimiciii.LABEVENTS,Epithelial Cells,,Hematology,,5787-7,Urine,25568,12082,11699,25564,#/hpf,0.0,0.0,7.9749,0.9998,0.4576,mixed,0.6322,0.3678,2.116
51463,mimiciii.LABEVENTS,Bacteria,,Hematology,,5769-5,Urine,25496,12070,391,0,,0.0,0.0,0.0,0.0,0.0153,categorical,0.6315,0.3685,2.112
51519,mimiciii.LABEVENTS,Yeast,,Hematology,,5822-2,Urine,25492,12070,39,0,,0.0,0.0,0.0,0.0,0.0015,categorical,0.6315,0.3685,2.112
8365,mimiciii.CHARTEVENTS,Angio Appearance #1 [Attribute 2],,,,,,25417,2410,0,0,,,,,0.0,0.0,categorical,0.1261,0.8739,10.546
8374,mimiciii.CHARTEVENTS,CT #2 [Leak],,,,,,24995,1332,0,0,,,,,0.0,0.0,categorical,0.0697,0.9303,18.765
666,mimiciii.CHARTEVENTS,Systolic Unloading,,,,,,24581,691,23943,23973,%,1.0,11.0,46.7554,0.9753,0.974,numeric,0.0362,0.9638,35.573
50956,mimiciii.LABEVENTS,Lipase,,Chemistry,,3040-3,Blood,24492,7922,24484,24492,IU/L,6.4741,42.3828,1388.9869,1.0,0.9997,numeric,0.4145,0.5855,3.092
446,mimiciii.CHARTEVENTS,Micro-Neb Treatment,,,,,,24383,3752,41,0,,0.0,0.6,2115.0,0.0,0.0017,categorical,0.1963,0.8037,6.499
1697,mimiciii.CHARTEVENTS,Atrial Pacemaker Sense [mV],,,,,,24333,2149,22538,0,,0.4,0.5,18.6321,0.0,0.9262,mixed,0.1124,0.8876,11.323
570,mimiciii.CHARTEVENTS,PressSoreWoundBase#1,,,,,,24242,1353,0,0,,,,,0.0,0.0,categorical,0.0708,0.9292,17.917
30060,mimiciii.INPUTEVENTS_CV,D5NS,,,,,,23863,987,0,0,,,,,0.0,0.0,categorical,0.0516,0.9484,24.177
30059,mimiciii.INPUTEVENTS_CV,GT Flush,,,,,,23735,2039,0,0,,,,,0.0,0.0,categorical,0.1067,0.8933,11.641
597,mimiciii.CHARTEVENTS,RUE [Temperature],,,,,,23586,726,0,0,,,,,0.0,0.0,categorical,0.038,0.962,32.488
30030,mimiciii.INPUTEVENTS_CV,Sodium Bicarbonate,,,,,,23519,1409,0,0,,,,,0.0,0.0,categorical,0.0737,0.9263,16.692
8471,mimiciii.CHARTEVENTS,RUE [Color],,,,,,23288,724,0,0,,,,,0.0,0.0,categorical,0.0379,0.9621,32.166
151,mimiciii.CHARTEVENTS,Dialysis Site Appear,,,,,,23280,327,0,0,,,,,0.0,0.0,categorical,0.0171,0.9829,71.193
719,mimiciii.CHARTEVENTS,Ventricular Pacemaker [mA],,,,,,23189,2353,19997,0,,0.0,3.9432,25.0,0.0,0.8623,mixed,0.1231,0.8769,9.855
253,mimiciii.CHARTEVENTS,INV Line#5 [Type],,,,,,22983,601,0,0,,,,,0.0,0.0,categorical,0.0314,0.9686,38.241
1695,mimiciii.CHARTEVENTS,Atr Sens Thresh mV,,,,,,22793,2162,21946,22123,V-mA,0.4,1.0,7.3694,0.9706,0.9628,numeric,0.1131,0.8869,10.543
8491,mimiciii.CHARTEVENTS,Atrial Pacemaker Sense [mA],,,,,,22791,2036,22790,0,,0.3089,11.6826,21.5567,0.0,1.0,numeric,0.1065,0.8935,11.194
595,mimiciii.CHARTEVENTS,RSBI (<200),,,,,,22696,6312,19493,20435,units,13.27,66.4617,191.6352,0.9004,0.8589,mixed,0.3303,0.6697,3.596
1696,mimiciii.CHARTEVENTS,Atr Stim Thresh mA,,,,,,22666,2142,21849,21994,V-mA,0.7419,6.0,20.0,0.9704,0.964,numeric,0.1121,0.8879,10.582
497,mimiciii.CHARTEVENTS,Patient controlled analgesia (PCA) [Inject],,,,,,22610,1217,22216,0,,0.0,2.0,40.44,0.0,0.9826,numeric,0.0637,0.9363,18.578
652,mimiciii.CHARTEVENTS,Spon. Vt (L) (Mech.),,,,,,22476,6278,20077,20152,L,0.1076,0.3609,0.8608,0.8966,0.8933,mixed,0.3285,0.6715,3.58
651,mimiciii.CHARTEVENTS,Spon RR (Mech.),,,,,,22419,6273,20082,20133,BPM,8.7838,24.0,46.0068,0.898,0.8958,mixed,0.3282,0.6718,3.574
8396,mimiciii.CHARTEVENTS,INV Line#5 [Site],,,,,,22348,584,0,0,,,,,0.0,0.0,categorical,0.0306,0.9694,38.267
30117,mimiciii.INPUTEVENTS_CV,Esmolol,,,,,,22296,343,13354,13579,mcgkgmin,0.0,75.0871,300.0,0.609,0.5989,mixed,0.0179,0.9821,65.003
194,mimiciii.CHARTEVENTS,Flow-By (lpm),,,,,,22289,827,21821,21841,lpm,0.0,6.0,9.0188,0.9799,0.979,numeric,0.0433,0.9567,26.952
8449,mimiciii.CHARTEVENTS,Patient controlled analgesia (PCA) [Attempt],,,,,,22164,1206,22159,0,,0.0,3.0,94.7902,0.0,0.9998,numeric,0.0631,0.9369,18.378
30167,mimiciii.INPUTEVENTS_CV,Precedex,,,,,,21723,458,12402,12562,mcgkghr,0.0,0.5,0.911,0.5783,0.5709,mixed,0.024,0.976,47.43
195,mimiciii.CHARTEVENTS,Flow-by Sensitivity,,,,,,21678,832,21214,21228,cmH2O,0.0081,2.0,3.5771,0.9792,0.9786,numeric,0.0435,0.9565,26.055
1397,mimiciii.CHARTEVENTS,RSBI (<100),,,,,,21453,5671,18818,19686,units,13.1473,66.34,191.3811,0.9176,0.8772,mixed,0.2967,0.7033,3.783
403,mimiciii.CHARTEVENTS,Inc #4 [Dressing],,,,,,21313,864,0,0,,,,,0.0,0.0,categorical,0.0452,0.9548,24.668
551,mimiciii.CHARTEVENTS,Pressure Sore #1 [Stage],,,,,,20953,1330,0,0,,,,,0.0,0.0,categorical,0.0696,0.9304,15.754
1538,mimiciii.CHARTEVENTS,Total Bili,,Chemistry,,,,20857,5841,20841,0,,0.007,1.1482,40.5058,0.0,0.9992,numeric,0.3056,0.6944,3.571
772,mimiciii.CHARTEVENTS,Albumin (>3.2),,Chemistry,,,,20451,8059,20436,0,,1.3927,2.7,4.3348,0.0,0.9993,numeric,0.4217,0.5783,2.538
504,mimiciii.CHARTEVENTS,PCWP,,,,,,20368,2903,15752,17625,mmHg,4.8131,17.0,35.5629,0.8653,0.7734,mixed,0.1519,0.8481,7.016
1705,mimiciii.CHARTEVENTS,Vent Sens Thresh mV,,,,,,20364,2133,19482,19649,V-mA,0.5,4.0,17.9313,0.9649,0.9567,numeric,0.1116,0.8884,9.547
56,mimiciii.CHARTEVENTS,Atrial Pacemaker [Sense],,,,,,20280,3495,0,0,,,,,0.0,0.0,categorical,0.1829,0.8171,5.803
1707,mimiciii.CHARTEVENTS,Vent Stim Thresh mA,,,,,,19843,2086,18954,19129,V-mA,0.2798,5.0,25.0,0.964,0.9552,numeric,0.1091,0.8909,9.512
248,mimiciii.CHARTEVENTS,INV Line#4 Zero/Cal,,,,,,19834,1221,0,0,,,,,0.0,0.0,categorical,0.0639,0.9361,16.244
364,mimiciii.CHARTEVENTS,ImpSkin Wound Base#3,,,,,,19739,1124,0,0,,,,,0.0,0.0,categorical,0.0588,0.9412,17.561
30164,mimiciii.INPUTEVENTS_CV,Criticare HN,,,,,,19662,244,0,0,,,,,0.0,0.0,categorical,0.0128,0.9872,80.582
395,mimiciii.CHARTEVENTS,Inc #4 [Drainage],,,,,,19505,853,0,0,,,,,0.0,0.0,categorical,0.0446,0.9554,22.866
30058,mimiciii.INPUTEVENTS_CV,Free Water Bolus,,,,,,19434,1167,0,0,,,,,0.0,0.0,categorical,0.0611,0.9389,16.653
8406,mimiciii.CHARTEVENTS,ImpSkin #1 [Amount],,,,,,19271,2369,0,0,,,,,0.0,0.0,categorical,0.124,0.876,8.135
51144,mimiciii.LABEVENTS,Bands,,Hematology,,763-3,Blood,19225,8143,19225,19222,%,0.0,0.5115,36.6901,0.9998,1.0,numeric,0.4261,0.5739,2.361
70,mimiciii.CHARTEVENTS,BSA - English,,,,,,19205,6339,19116,19205,m2,0.9101,1.3299,1.8705,1.0,0.9954,numeric,0.3317,0.6683,3.03
71,mimiciii.CHARTEVENTS,BSA - Metric,,,,,,19205,6339,19116,19205,m2,1.073,1.5504,2.163,1.0,0.9954,numeric,0.3317,0.6683,3.03
121,mimiciii.CHARTEVENTS,Chest PT [Right],,,,,,19188,2373,0,0,,,,,0.0,0.0,categorical,0.1242,0.8758,8.086
8484,mimiciii.CHARTEVENTS,Ventricular Pacemaker [Sensitivity],,,,,,19014,1673,18980,0,,0.0,3.3141,25.0,0.0,0.9982,numeric,0.0875,0.9125,11.365
51214,mimiciii.LABEVENTS,"Fibrinogen, Functional",,Hematology,,3255-7,Blood,18997,7103,18973,18997,mg/dL,73.2184,260.5944,920.3481,1.0,0.9987,numeric,0.3717,0.6283,2.675
50806,mimiciii.LABEVENTS,"Chloride, Whole Blood",,Blood Gas,,2069-3,Blood,18864,7529,18860,18863,mEq/L,90.9968,106.0,120.633,0.9999,0.9998,numeric,0.3939,0.6061,2.506
30029,mimiciii.INPUTEVENTS_CV,Potassium Phosphate,,,,,,18732,1414,0,0,,,,,0.0,0.0,categorical,0.074,0.926,13.248
134,mimiciii.CHARTEVENTS,Cooling [Device],,,,,,18664,906,0,0,,,,,0.0,0.0,categorical,0.0474,0.9526,20.6
509,mimiciii.CHARTEVENTS,PT Splint #2 [Location],,,,,,18663,259,0,0,,,,,0.0,0.0,categorical,0.0136,0.9864,72.058
51009,mimiciii.LABEVENTS,Vancomycin,,Chemistry,,20578-1,Blood,18653,3985,18435,18644,ug/mL,3.0603,16.6572,46.7493,0.9995,0.9883,numeric,0.2085,0.7915,4.681
8451,mimiciii.CHARTEVENTS,PT Splint #2 [Status],,,,,,18543,254,0,0,,,,,0.0,0.0,categorical,0.0133,0.9867,73.004
554,mimiciii.CHARTEVENTS,Press Sore Site #2,,,,,,18483,379,0,0,,,,,0.0,0.0,categorical,0.0198,0.9802,48.768
1391,mimiciii.CHARTEVENTS,DO2I,,,,,,18281,2896,18247,18253,ml/m/m,194.1567,373.4769,857.5388,0.9985,0.9981,numeric,0.1515,0.8485,6.313
153,mimiciii.CHARTEVENTS,Diastolic Unloading,,,,,,18256,689,17600,17633,%,1.0,6.0,28.2985,0.9659,0.9641,numeric,0.0361,0.9639,26.496
785,mimiciii.CHARTEVENTS,CPK/MB,,Enzymes,,,,18201,6303,17878,0,,1.0,8.7355,431.8911,0.0,0.9823,numeric,0.3298,0.6702,2.888
256,mimiciii.CHARTEVENTS,INV Line#5SiteAppear,,,,,,18189,585,0,0,,,,,0.0,0.0,categorical,0.0306,0.9694,31.092
8378,mimiciii.CHARTEVENTS,Chest PT [Left],,,,,,18186,2345,0,0,,,,,0.0,0.0,categorical,0.1227,0.8773,7.755
350,mimiciii.CHARTEVENTS,ImpSkin #3 [Drain],,,,,,18146,1025,0,0,,,,,0.0,0.0,categorical,0.0536,0.9464,17.703
51233,mimiciii.LABEVENTS,Hypochromia,,Hematology,,728-6,Blood,17902,8452,1,0,,2.0,2.0,2.0,0.0,0.0001,categorical,0.4422,0.5578,2.118
8379,mimiciii.CHARTEVENTS,Cooling [Status],,,,,,17850,885,0,0,,,,,0.0,0.0,categorical,0.0463,0.9537,20.169
8369,mimiciii.CHARTEVENTS,Atrial Pacemaker [Capture],,,,,,17771,3373,0,0,,,,,0.0,0.0,categorical,0.1765,0.8235,5.269
51246,mimiciii.LABEVENTS,Macrocytes,,Hematology,,738-5,Blood,17584,8348,0,0,,,,,0.0,0.0,categorical,0.4368,0.5632,2.106
30072,mimiciii.INPUTEVENTS_CV,Peptamen,,,,,,17584,179,0,0,,,,,0.0,0.0,categorical,0.0094,0.9906,98.235
51137,mimiciii.LABEVENTS,Anisocytosis,,Hematology,,702-1,Blood,17568,8217,2,0,,1.0,1.0,1.0,0.0,0.0001,categorical,0.4299,0.5701,2.138
30173,mimiciii.INPUTEVENTS_CV,Argatroban,,,,,,17079,98,9309,9419,mcgkgmin,0.0,0.7505,5.8892,0.5515,0.5451,mixed,0.0051,0.9949,174.276
339,mimiciii.CHARTEVENTS,Imp Skin Cleanse #2,,,,,,16650,1956,0,0,,,,,0.0,0.0,categorical,0.1023,0.8977,8.512
51252,mimiciii.LABEVENTS,Microcytes,,Hematology,,741-9,Blood,16618,8120,0,0,,,,,0.0,0.0,categorical,0.4249,0.5751,2.047
51267,mimiciii.LABEVENTS,Poikilocytosis,,Hematology,,779-9,Blood,16444,7976,1,0,,1.0,1.0,1.0,0.0,0.0001,categorical,0.4173,0.5827,2.062
158,mimiciii.CHARTEVENTS,ETT Position Change,,,,,,16242,5288,0,0,,,,,0.0,0.0,categorical,0.2767,0.7233,3.071
30048,mimiciii.INPUTEVENTS_CV,Lidocaine,,,,,,16219,241,9673,9766,mgmin,0.0,1.0356,3.9714,0.6021,0.5964,mixed,0.0126,0.9874,67.299
30047,mimiciii.INPUTEVENTS_CV,Levophed,,,,,,16119,166,10366,10429,mcgmin,0.0,5.8314,63.8308,0.647,0.6431,mixed,0.0087,0.9913,97.102
164,mimiciii.CHARTEVENTS,Edema #2 [Location],,,,,,15884,318,0,0,,,,,0.0,0.0,categorical,0.0166,0.9834,49.95
51087,mimiciii.LABEVENTS,Length of Urine Collection,,Chemistry,,13362-9,Urine,15738,8602,307,0,,2.0,24.0,24.0,0.0,0.0195,categorical,0.4501,0.5499,1.83
472,mimiciii.CHARTEVENTS,O2AV,,,,,,15725,3127,15664,15725,ml/min,318.6104,721.6212,1769.5068,1.0,0.9961,numeric,0.1636,0.8364,5.029
1521,mimiciii.CHARTEVENTS,Albumin,,Chemistry,,,,15719,6172,15711,0,,1.4384,2.7328,4.3727,0.0,0.9995,numeric,0.3229,0.6771,2.547
705,mimiciii.CHARTEVENTS,Untoward Effect,,,,,,15718,3570,0,0,,,,,0.0,0.0,categorical,0.1868,0.8132,4.403
473,mimiciii.CHARTEVENTS,O2AVI,,,,,,15676,3109,15615,15676,ml/m/m,174.2381,361.9835,848.5373,1.0,0.9961,numeric,0.1627,0.8373,5.042
817,mimiciii.CHARTEVENTS,LDH,,Enzymes,,,,15574,6086,15562,0,,118.1732,320.1911,7554.1457,0.0,0.9992,numeric,0.3184,0.6816,2.559
8488,mimiciii.CHARTEVENTS,GI Prophylaxis [Drug #2],,,,,,15514,4308,0,0,,,,,0.0,0.0,categorical,0.2254,0.7746,3.601
8433,mimiciii.CHARTEVENTS,Inc #4 [Status],,,,,,15513,822,0,0,,,,,0.0,0.0,categorical,0.043,0.957,18.872
115,mimiciii.CHARTEVENTS,Capillary Refill [Right],,,,,,15476,805,0,0,,,,,0.0,0.0,categorical,0.0421,0.9579,19.225
30005,mimiciii.INPUTEVENTS_CV,Fresh Frozen Plasma,,,,,,15372,2703,0,0,,,,,0.0,0.0,categorical,0.1414,0.8586,5.687
57,mimiciii.CHARTEVENTS,Atrial Pacemaker Threshold [Unit],,,,,,15355,1132,0,0,,,,,0.0,0.0,categorical,0.0592,0.9408,13.564
30065,mimiciii.INPUTEVENTS_CV,Sterile Water,,,,,,15259,1336,0,0,,,,,0.0,0.0,categorical,0.0699,0.9301,11.421
8423,mimiciii.CHARTEVENTS,Inc #2 [Amount],,,,,,15254,1977,0,0,,,,,0.0,0.0,categorical,0.1034,0.8966,7.716
717,mimiciii.CHARTEVENTS,Ventricular Pacemaker [Sense],,,,,,15217,3296,0,0,,,,,0.0,0.0,categorical,0.1725,0.8275,4.617
30089,mimiciii.INPUTEVENTS_CV,Promod,,,,,,15184,135,0,0,,,,,0.0,0.0,categorical,0.0071,0.9929,112.474
783,mimiciii.CHARTEVENTS,Blood Products,,Hematology,,,,15182,5958,1,0,,71.0,71.0,71.0,0.0,0.0001,categorical,0.3117,0.6883,2.548
6701,mimiciii.CHARTEVENTS,Arterial BP #2 [Systolic],,,,,,15175,375,14849,14888,mmHg,50.2362,108.559,180.9069,0.9811,0.9785,numeric,0.0196,0.9804,40.467
8384,mimiciii.CHARTEVENTS,Edema #2 [Amount],,,,,,15014,300,0,0,,,,,0.0,0.0,categorical,0.0157,0.9843,50.047
6702,mimiciii.CHARTEVENTS,Arterial BP Mean #2,,,,,,14998,374,14693,14705,mmHg,46.7254,75.9541,126.3379,0.9805,0.9797,numeric,0.0196,0.9804,40.102
1483,mimiciii.CHARTEVENTS,RSBI Not Completed,,,,,,14854,3871,0,0,,,,,0.0,0.0,categorical,0.2025,0.7975,3.837
8555,mimiciii.CHARTEVENTS,Arterial BP #2 [Diastolic],,,,,,14845,375,14845,14845,mmHg,27.9511,57.2807,96.1367,1.0,1.0,numeric,0.0196,0.9804,39.587
641,mimiciii.CHARTEVENTS,Sitter,,,,,,14825,789,0,0,,,,,0.0,0.0,categorical,0.0413,0.9587,18.79
150,mimiciii.CHARTEVENTS,Dialysis Machine,,,,,,14815,148,0,0,,,,,0.0,0.0,categorical,0.0077,0.9923,100.101
51266,mimiciii.LABEVENTS,Platelet Smear,,Hematology,,778-1,Blood,14694,7230,0,0,,,,,0.0,0.0,categorical,0.3783,0.6217,2.032
8457,mimiciii.CHARTEVENTS,Pressure Sore #1 [Heal],,,,,,14650,1213,0,0,,,,,0.0,0.0,categorical,0.0635,0.9365,12.077
558,mimiciii.CHARTEVENTS,Pressure Sore #1 [Drainage],,,,,,14623,1061,0,0,,,,,0.0,0.0,categorical,0.0555,0.9445,13.782
775,mimiciii.CHARTEVENTS,Amylase,,Enzymes,,,,14619,5258,14537,0,,10.2006,65.8107,1002.8185,0.0,0.9944,numeric,0.2751,0.7249,2.78
500,mimiciii.CHARTEVENTS,PCA Total Dose,,,,,,14614,1172,12783,0,,0.0,1.4895,93.4375,0.0,0.8747,mixed,0.0613,0.9387,12.469
223830,mimiciii.CHARTEVENTS,PH (Arterial),PH (Arterial),Labs,None,Numeric,,14396,1078,14396,14396,units,7.1531,7.4,7.5441,1.0,1.0,numeric,0.0564,0.9436,13.354
8370,mimiciii.CHARTEVENTS,Atrial Pacemaker Threshold [Value],,,,,,14282,1017,14282,14282,V-mA,0.5123,6.0,19.9775,1.0,1.0,numeric,0.0532,0.9468,14.043
377,mimiciii.CHARTEVENTS,Impaired Skin Site#4,,,,,,14268,603,0,0,,,,,0.0,0.0,categorical,0.0316,0.9684,23.662
594,mimiciii.CHARTEVENTS,ROM [Type],,,,,,14268,667,0,0,,,,,0.0,0.0,categorical,0.0349,0.9651,21.391
8377,mimiciii.CHARTEVENTS,Capillary Refill [Left],,,,,,14240,761,0,0,,,,,0.0,0.0,categorical,0.0398,0.9602,18.712
800,mimiciii.CHARTEVENTS,Differential-Polys,,Hematology,,,,14189,6749,14063,0,,10.9706,81.9392,96.6098,0.0,0.9911,numeric,0.3531,0.6469,2.102
798,mimiciii.CHARTEVENTS,Differential-Lymphs,,Hematology,,,,14189,6750,14064,0,,0.0,8.9103,49.2574,0.0,0.9912,numeric,0.3532,0.6468,2.102
796,mimiciii.CHARTEVENTS,Differential-Basos,,Hematology,,,,14188,6750,14064,0,,0.0,0.1,1.7128,0.0,0.9913,numeric,0.3532,0.6468,2.102
799,mimiciii.CHARTEVENTS,Differential-Monos,,Hematology,,,,14188,6750,14063,0,,0.0,4.0,18.1444,0.0,0.9912,numeric,0.3532,0.6468,2.102
797,mimiciii.CHARTEVENTS,Differential-Eos,,Hematology,,,,14187,6750,14063,0,,0.0,0.4991,10.5752,0.0,0.9913,numeric,0.3532,0.6468,2.102
48,mimiciii.CHARTEVENTS,Angio Site #2,,,,,,13937,526,0,0,,,,,0.0,0.0,categorical,0.0275,0.9725,26.496
224828,mimiciii.CHARTEVENTS,Arterial Base Excess,Arterial Base Excess,Labs,None,Numeric,,13804,1075,13804,13804,mEq/L,-11.7043,0.0,12.7761,1.0,1.0,numeric,0.0562,0.9438,12.841
220224,mimiciii.CHARTEVENTS,Arterial O2 pressure,PO2 (Arterial),Labs,mmHg,Numeric,,13803,1075,13803,13803,mmHg,52.8153,110.5317,446.7096,1.0,1.0,numeric,0.0562,0.9438,12.84
220235,mimiciii.CHARTEVENTS,Arterial CO2 Pressure,PCO2 (Arterial),Labs,mmHg,Numeric,,13803,1075,13803,13803,mmHg,24.0842,40.3622,74.8632,1.0,1.0,numeric,0.0562,0.9438,12.84
225698,mimiciii.CHARTEVENTS,TCO2 (calc) Arterial,TCO2 (calc) Arterial,Labs,None,Numeric,,13802,1075,13802,13802,mEq/L,14.4595,26.0,42.3564,1.0,1.0,numeric,0.0562,0.9438,12.839
1430,mimiciii.CHARTEVENTS,Nausea and Vomiting,,,,,,13782,851,0,0,,,,,0.0,0.0,categorical,0.0445,0.9555,16.195
98,mimiciii.CHARTEVENTS,CT #2 Crepitus,,,,,,13743,467,0,0,,,,,0.0,0.0,categorical,0.0244,0.9756,29.428
603,mimiciii.CHARTEVENTS,Radial Pulse [Right],,,,,,13729,719,0,0,,,,,0.0,0.0,categorical,0.0376,0.9624,19.095
1437,mimiciii.CHARTEVENTS,Tremor,,,,,,13707,843,0,0,,,,,0.0,0.0,categorical,0.0441,0.9559,16.26
1432,mimiciii.CHARTEVENTS,Paroxysmal Sweats,,,,,,13689,840,0,0,,,,,0.0,0.0,categorical,0.044,0.956,16.296
1421,mimiciii.CHARTEVENTS,Anxiety,,,,,,13646,860,0,0,,,,,0.0,0.0,categorical,0.045,0.955,15.867
1420,mimiciii.CHARTEVENTS,Aggitation,,,,,,13587,848,0,0,,,,,0.0,0.0,categorical,0.0444,0.9556,16.022
76,mimiciii.CHARTEVENTS,Bath,,,,,,13469,2548,0,0,,,,,0.0,0.0,categorical,0.1333,0.8667,5.286
1401,mimiciii.CHARTEVENTS,zzO2AV,,,,,,13372,2581,13327,13372,ml/min,328.6545,726.6697,1766.8126,1.0,0.9966,numeric,0.135,0.865,5.181
8470,mimiciii.CHARTEVENTS,ROM [Value],,,,,,13369,653,0,0,,,,,0.0,0.0,categorical,0.0342,0.9658,20.473
51268,mimiciii.LABEVENTS,Polychromasia,,Hematology,,10378-8,Blood,13368,6784,0,0,,,,,0.0,0.0,categorical,0.355,0.645,1.971
1390,mimiciii.CHARTEVENTS,DO2,,,,,,13359,2577,13312,13340,ml/min,328.6531,726.9183,1765.9458,0.9986,0.9965,numeric,0.1348,0.8652,5.184
1402,mimiciii.CHARTEVENTS,zzO2AVI,,,,,,13342,2569,13297,13342,ml/m/m,176.7324,363.279,848.8361,1.0,0.9966,numeric,0.1344,0.8656,5.193
1423,mimiciii.CHARTEVENTS,Auditory Disturbance,,,,,,13342,842,0,0,,,,,0.0,0.0,categorical,0.0441,0.9559,15.846
1436,mimiciii.CHARTEVENTS,Tactile Disturbances,,,,,,13308,837,0,0,,,,,0.0,0.0,categorical,0.0438,0.9562,15.9
1428,mimiciii.CHARTEVENTS,Headache,,,,,,13303,840,0,0,,,,,0.0,0.0,categorical,0.044,0.956,15.837
1439,mimiciii.CHARTEVENTS,Visual Disturbances,,,,,,13285,839,0,0,,,,,0.0,0.0,categorical,0.0439,0.9561,15.834
1479,mimiciii.CHARTEVENTS,IV #1 Reason DC'D,,,,,,13212,7704,0,0,,,,,0.0,0.0,categorical,0.4031,0.5969,1.715
806,mimiciii.CHARTEVENTS,Fibrinogen (150-400),,Coags,,,,13050,5170,12882,0,,76.1894,255.2512,923.2059,0.0,0.9871,numeric,0.2705,0.7295,2.524
1431,mimiciii.CHARTEVENTS,Orient/Clouding Sens,,,,,,13031,832,0,0,,,,,0.0,0.0,categorical,0.0435,0.9565,15.662
487,mimiciii.CHARTEVENTS,Ostomy [Type],,,,,,13021,372,0,0,,,,,0.0,0.0,categorical,0.0195,0.9805,35.003
141,mimiciii.CHARTEVENTS,Cuff Pressure-Airway,,,,,,12861,4730,8433,9932,cmH2O,3.1354,22.0,36.9371,0.7723,0.6557,mixed,0.2475,0.7525,2.719
8482,mimiciii.CHARTEVENTS,Ventricular Pacemaker [Capture],,,,,,12804,3035,0,0,,,,,0.0,0.0,categorical,0.1588,0.8412,4.219
1424,mimiciii.CHARTEVENTS,CIWA Sum Total,,,,,,12733,820,12527,12642,sum,0.0,5.3378,27.2269,0.9929,0.9838,numeric,0.0429,0.9571,15.528
1706,mimiciii.CHARTEVENTS,Ventricular Pacemaker Sense [mV],,,,,,12680,1508,10684,0,,0.0,2.0,15.1055,0.0,0.8426,mixed,0.0789,0.9211,8.408
51251,mimiciii.LABEVENTS,Metamyelocytes,,Hematology,,28541-1,Blood,12653,5406,12653,12651,%,0.0,0.0,10.4725,0.9998,1.0,numeric,0.2829,0.7171,2.341
220545,mimiciii.CHARTEVENTS,Hematocrit (serum),Hematocrit (serum),Labs,None,Numeric,,12651,1654,12651,12651,%,20.3942,29.1086,44.0422,1.0,1.0,numeric,0.0865,0.9135,7.649
51143,mimiciii.LABEVENTS,Atypical Lymphocytes,,Hematology,,733-6,Blood,12632,5416,12632,12630,%,0.0,0.0,8.1281,0.9998,1.0,numeric,0.2834,0.7166,2.332
51255,mimiciii.LABEVENTS,Myelocytes,,Hematology,,26498-6,Blood,12629,5403,12629,12627,%,0.0,0.0,8.2636,0.9998,1.0,numeric,0.2827,0.7173,2.337
494,mimiciii.CHARTEVENTS,PCA Basal Rate,,,,,,12587,595,12107,0,,0.0,0.0,9.6572,0.0,0.9619,numeric,0.0311,0.9689,21.155
30101,mimiciii.INPUTEVENTS_CV,OR Crystalloid,,,,,,12535,5979,0,0,,,,,0.0,0.0,categorical,0.3128,0.6872,2.097
50823,mimiciii.LABEVENTS,Required O2,,Blood Gas,,,Blood,12531,5215,12529,0,,35.9953,80.5235,100.0,0.0,0.9998,numeric,0.2729,0.7271,2.403
50801,mimiciii.LABEVENTS,Alveolar-arterial Gradient,,Blood Gas,,19991-9,Blood,12501,5211,12500,7803,mm Hg,160.8093,483.4819,646.6225,0.6242,0.9999,numeric,0.2727,0.7273,2.399
8447,mimiciii.CHARTEVENTS,Ostomy [Appearance],,,,,,12473,367,0,0,,,,,0.0,0.0,categorical,0.0192,0.9808,33.986
8473,mimiciii.CHARTEVENTS,Radial Pulse [Left],,,,,,12439,699,0,0,,,,,0.0,0.0,categorical,0.0366,0.9634,17.795
30028,mimiciii.INPUTEVENTS_CV,MVI,,,,,,12152,460,0,0,,,,,0.0,0.0,categorical,0.0241,0.9759,26.417
30404,mimiciii.INPUTEVENTS_CV,Nutren Pulmonary,,,,,,12124,118,0,0,,,,,0.0,0.0,categorical,0.0062,0.9938,102.746
30403,mimiciii.INPUTEVENTS_CV,Nutren Renal,,,,,,12025,103,0,0,,,,,0.0,0.0,categorical,0.0054,0.9946,116.748
359,mimiciii.CHARTEVENTS,ImpSkin Treatment #4,,,,,,12012,578,0,0,,,,,0.0,0.0,categorical,0.0302,0.9698,20.782
389,mimiciii.CHARTEVENTS,Inc #4 [Closure],,,,,,11944,699,0,0,,,,,0.0,0.0,categorical,0.0366,0.9634,17.087
30150,mimiciii.INPUTEVENTS_CV,Fentanyl Base,,,,,,11706,122,0,0,,,,,0.0,0.0,categorical,0.0064,0.9936,95.951
466,mimiciii.CHARTEVENTS,Nursing Consultation,,,,,,11537,4065,0,0,,,,,0.0,0.0,categorical,0.2127,0.7873,2.838
512,mimiciii.CHARTEVENTS,PVR,,,,,,11529,2087,9754,9864,...,26.7498,176.4871,641.0054,0.8556,0.846,mixed,0.1092,0.8908,5.524
227442,mimiciii.CHARTEVENTS,Potassium (serum),Potassium (serum),Labs,None,Numeric with tag,,11404,1645,11404,11404,mEq/L,2.9234,4.0,5.797,1.0,1.0,numeric,0.0861,0.9139,6.933
44,mimiciii.CHARTEVENTS,Angio Appearance #2 [Attribute 1],,,,,,11262,524,0,0,,,,,0.0,0.0,categorical,0.0274,0.9726,21.492
287,mimiciii.CHARTEVENTS,INV#5 WaveformAppear,,,,,,11181,435,0,0,,,,,0.0,0.0,categorical,0.0228,0.9772,25.703
50908,mimiciii.LABEVENTS,CK-MB Index,,Chemistry,,20569-0,Blood,11064,3476,11064,11063,%,0.234,5.5381,23.7172,0.9999,1.0,numeric,0.1819,0.8181,3.183
30049,mimiciii.INPUTEVENTS_CV,Nitroglycerine,,,,,,11037,228,6681,6750,mcgmin,0.0,79.6751,400.0,0.6116,0.6053,mixed,0.0119,0.9881,48.408
573,mimiciii.CHARTEVENTS,Pressure Sore Odor#1,,,,,,11008,933,0,0,,,,,0.0,0.0,categorical,0.0488,0.9512,11.798
347,mimiciii.CHARTEVENTS,ImpSkin Character #4,,,,,,10980,590,0,0,,,,,0.0,0.0,categorical,0.0309,0.9691,18.61
220645,mimiciii.CHARTEVENTS,Sodium (serum),Sodium (serum),Labs,None,Numeric,,10776,1648,10776,10776,mEq/L,128.533,139.4238,152.8614,1.0,1.0,numeric,0.0862,0.9138,6.539
220615,mimiciii.CHARTEVENTS,Creatinine,Creatinine,Labs,None,Numeric,,10737,1655,10737,10737,mg/dL,0.3265,0.9987,6.3474,1.0,1.0,numeric,0.0866,0.9134,6.488
225624,mimiciii.CHARTEVENTS,BUN,BUN,Labs,None,Numeric,,10705,1655,10705,10705,mg/dL,4.4522,22.0328,116.4583,1.0,1.0,numeric,0.0866,0.9134,6.468
220602,mimiciii.CHARTEVENTS,Chloride (serum),Chloride (serum),Labs,None,Numeric,,10671,1654,10671,10671,mEq/L,92.1022,105.9866,120.8271,1.0,1.0,numeric,0.0865,0.9135,6.452
1528,mimiciii.CHARTEVENTS,Fibrinogen,,Coags,,,,10663,4274,10571,0,,76.799,250.5771,924.408,0.0,0.9914,numeric,0.2236,0.7764,2.495
227443,mimiciii.CHARTEVENTS,HCO3 (serum),HCO3 (serum),Labs,None,Numeric with tag,,10624,1654,10624,10624,mEq/L,13.0235,24.9259,37.9614,1.0,1.0,numeric,0.0865,0.9135,6.423
513,mimiciii.CHARTEVENTS,PVRI,,,,,,10605,1143,10459,10557,...,54.4174,345.7775,1149.4735,0.9955,0.9862,numeric,0.0598,0.9402,9.278
8495,mimiciii.CHARTEVENTS,Ventricular Pacemaker Sense [mA],,,,,,10573,1071,10564,0,,0.0,9.2729,25.0,0.0,0.9991,numeric,0.056,0.944,9.872
564,mimiciii.CHARTEVENTS,PressSoreCleansing#1,,,,,,10492,1124,0,0,,,,,0.0,0.0,categorical,0.0588,0.9412,9.335
8407,mimiciii.CHARTEVENTS,ImpSkin #2 [Amount],,,,,,10488,1227,0,0,,,,,0.0,0.0,categorical,0.0642,0.9358,8.548
1063,mimiciii.CHARTEVENTS,bath,,,,,,10467,2020,1,0,,1100.0,1100.0,1100.0,0.0,0.0001,categorical,0.1057,0.8943,5.182
50967,mimiciii.LABEVENTS,Phenytoin,,Chemistry,,3967-7,Blood,10455,2001,10184,10455,ug/mL,1.096,9.593,26.3297,1.0,0.9741,numeric,0.1047,0.8953,5.225
220635,mimiciii.CHARTEVENTS,Magnesium,Magnesium,Labs,None,Numeric,,10387,1588,10387,10387,mg/dL,1.3839,2.1,3.2849,1.0,1.0,numeric,0.0831,0.9169,6.541
8419,mimiciii.CHARTEVENTS,Inc #4 [Appearance],,,,,,10384,665,0,0,,,,,0.0,0.0,categorical,0.0348,0.9652,15.615
609,mimiciii.CHARTEVENTS,Remote Alarm,,,,,,10380,1752,0,0,,,,,0.0,0.0,categorical,0.0917,0.9083,5.925
176,mimiciii.CHARTEVENTS,Epi Infusion Rate,,,,,,10361,434,8363,0,,0.0,7.9897,16.0255,0.0,0.8072,mixed,0.0227,0.9773,23.873
30127,mimiciii.INPUTEVENTS_CV,Neosynephrine,,,,,,10291,152,6745,6816,mcgmin,0.0,41.014,717.2096,0.6623,0.6554,mixed,0.008,0.992,67.704
855,mimiciii.CHARTEVENTS,Vancomycin/Random,,Drug Level,,,,10287,2784,10064,0,,3.1062,16.1902,44.779,0.0,0.9783,numeric,0.1457,0.8543,3.695
220621,mimiciii.CHARTEVENTS,Glucose (serum),Glucose (serum),Labs,None,Numeric,,10219,1636,10219,10212,mg/dL,61.1356,124.2373,325.1524,0.9993,1.0,numeric,0.0856,0.9144,6.246
124,mimiciii.CHARTEVENTS,Chest Tube Site #3,,,,,,10209,366,0,0,,,,,0.0,0.0,categorical,0.0192,0.9808,27.893
180,mimiciii.CHARTEVENTS,Epidural Medication,,,,,,10143,433,0,0,,,,,0.0,0.0,categorical,0.0227,0.9773,23.425
419,mimiciii.CHARTEVENTS,KneeImmobilizeLoc [Right],,,,,,10100,1116,0,0,,,,,0.0,0.0,categorical,0.0584,0.9416,9.05
227457,mimiciii.CHARTEVENTS,Platelet Count,Platelet Count,Labs,None,Numeric with tag,,10044,1653,10044,10044,K/uL,23.7663,205.3091,685.5957,1.0,1.0,numeric,0.0865,0.9135,6.076
227073,mimiciii.CHARTEVENTS,Anion gap,Anion gap,Labs,None,Numeric,,10037,1634,10037,10037,mEq/L,6.9647,13.0,24.2414,1.0,1.0,numeric,0.0855,0.9145,6.143
1624,mimiciii.CHARTEVENTS,PreSep Catheter SVO2,,,,,,9952,360,9641,9698,%,49.3203,75.2255,93.3132,0.9745,0.9688,numeric,0.0188,0.9812,27.644
8424,mimiciii.CHARTEVENTS,Inc #3 [Amount],,,,,,9921,1336,0,0,,,,,0.0,0.0,categorical,0.0699,0.9301,7.426
30071,mimiciii.INPUTEVENTS_CV,Vivonex,,,,,,9918,137,0,0,,,,,0.0,0.0,categorical,0.0072,0.9928,72.394
2139,mimiciii.CHARTEVENTS,EDVI,,,,,,9892,139,9862,0,,62.109,119.1786,242.7016,0.0,0.997,numeric,0.0073,0.9927,71.165
1480,mimiciii.CHARTEVENTS,IV #2 Reason DC'D,,,,,,9883,5885,0,0,,,,,0.0,0.0,categorical,0.3079,0.6921,1.679
220228,mimiciii.CHARTEVENTS,Hemoglobin,Hemoglobin,Labs,g/dl,Numeric,,9822,1652,9822,9822,g/dl,6.856,9.9485,15.3591,1.0,1.0,numeric,0.0864,0.9136,5.946
697,mimiciii.CHARTEVENTS,Traction/Immobile #1,,,,,,9784,278,0,0,,,,,0.0,0.0,categorical,0.0145,0.9855,35.194
220546,mimiciii.CHARTEVENTS,WBC,WBC,Labs,None,Numeric,,9779,1652,9779,9779,K/uL,3.136,11.1179,30.0034,1.0,1.0,numeric,0.0864,0.9136,5.919
46,mimiciii.CHARTEVENTS,Angio Dressing #2,,,,,,9578,507,0,0,,,,,0.0,0.0,categorical,0.0265,0.9735,18.892
568,mimiciii.CHARTEVENTS,PressSoreTreatment#2,,,,,,9371,371,0,0,,,,,0.0,0.0,categorical,0.0194,0.9806,25.259
50920,mimiciii.LABEVENTS,Estimated GFR (MDRD equation),,Chemistry,,33914-3,Blood,9332,5241,0,0,,,,,0.0,0.0,categorical,0.2742,0.7258,1.781
368,mimiciii.CHARTEVENTS,ImpSkin #1 [Width],,,,,,9330,2072,0,0,,,,,0.0,0.0,categorical,0.1084,0.8916,4.503
259,mimiciii.CHARTEVENTS,INV Line#6 [Type],,,,,,9316,197,0,0,,,,,0.0,0.0,categorical,0.0103,0.9897,47.289
204,mimiciii.CHARTEVENTS,GI#2 Tube PlaceCheck,,,,,,9315,619,0,0,,,,,0.0,0.0,categorical,0.0324,0.9676,15.048
687,mimiciii.CHARTEVENTS,Trach Care,,,,,,9275,858,0,0,,,,,0.0,0.0,categorical,0.0449,0.9551,10.81
415,mimiciii.CHARTEVENTS,Incision/Wound #5,,,,,,9218,194,0,0,,,,,0.0,0.0,categorical,0.0102,0.9898,47.515
225677,mimiciii.CHARTEVENTS,Phosphorous,Phosphorous,Labs,None,Numeric,,9139,1498,9139,9139,mg/dL,1.237,3.2864,7.6254,1.0,1.0,numeric,0.0784,0.9216,6.101
8397,mimiciii.CHARTEVENTS,INV Line#6 [Site],,,,,,9090,192,0,0,,,,,0.0,0.0,categorical,0.01,0.99,47.344
1517,mimiciii.CHARTEVENTS,Readmit <48 hrs,,,,,,9058,6336,0,0,,,,,0.0,0.0,categorical,0.3315,0.6685,1.43
693,mimiciii.CHARTEVENTS,Tract/Imm Location#1,,,,,,9058,242,0,0,,,,,0.0,0.0,categorical,0.0127,0.9873,37.43
795,mimiciii.CHARTEVENTS,Differential-Bands,,Hematology,,,,9032,4607,8943,0,,0.0,1.0,39.3174,0.0,0.9901,numeric,0.2411,0.7589,1.96
225625,mimiciii.CHARTEVENTS,Calcium non-ionized,Calcium non-ionized,Labs,None,Numeric,,9009,1488,9009,9009,mg/dL,6.6659,8.4,10.7023,1.0,1.0,numeric,0.0779,0.9221,6.054
8391,mimiciii.CHARTEVENTS,GI#2 Tube [Drain],,,,,,8959,536,0,0,,,,,0.0,0.0,categorical,0.028,0.972,16.715
30086,mimiciii.INPUTEVENTS_CV,Ultracal,,,,,,8949,126,0,0,,,,,0.0,0.0,categorical,0.0066,0.9934,71.024
1433,mimiciii.CHARTEVENTS,Seizure,,,,,,8904,611,0,0,,,,,0.0,0.0,categorical,0.032,0.968,14.573
51082,mimiciii.LABEVENTS,"Creatinine, Urine",,Chemistry,,2161-8,Urine,8857,5068,8853,8856,mg/dL,6.6295,72.1969,304.8612,0.9999,0.9995,numeric,0.2652,0.7348,1.748
51100,mimiciii.LABEVENTS,"Sodium, Urine",,Chemistry,,2955-3,Urine,8828,5029,7574,8827,mEq/L,10.0,49.2423,197.2671,0.9999,0.858,mixed,0.2631,0.7369,1.755
179,mimiciii.CHARTEVENTS,Epidural Location,,,,,,8729,410,26,0,,0.0,12.0,12.0,0.0,0.003,categorical,0.0215,0.9785,21.29
30165,mimiciii.INPUTEVENTS_CV,Promote,,,,,,8561,137,0,0,,,,,0.0,0.0,categorical,0.0072,0.9928,62.489
647,mimiciii.CHARTEVENTS,Spare Trach Present,,,,,,8541,186,0,0,,,,,0.0,0.0,categorical,0.0097,0.9903,45.919
365,mimiciii.CHARTEVENTS,ImpSkin Wound Base#4,,,,,,8501,521,0,0,,,,,0.0,0.0,categorical,0.0273,0.9727,16.317
50964,mimiciii.LABEVENTS,"Osmolality, Measured",,Chemistry,,2692-2,Blood,8500,1978,8500,8500,mOsm/kg,257.3907,300.1301,360.0639,1.0,1.0,numeric,0.1035,0.8965,4.297
340,mimiciii.CHARTEVENTS,Imp Skin Cleanse #3,,,,,,8297,941,0,0,,,,,0.0,0.0,categorical,0.0492,0.9508,8.817
1429,mimiciii.CHARTEVENTS,Insomnia,,,,,,8214,587,0,0,,,,,0.0,0.0,categorical,0.0307,0.9693,13.993
822,mimiciii.CHARTEVENTS,Mixed Venous O2,,Blood Gases,,,,8197,2998,6459,0,,24.075,36.0,112.9799,0.0,0.788,mixed,0.1569,0.8431,2.734
30031,mimiciii.INPUTEVENTS_CV,Thiamine,,,,,,8178,392,0,0,,,,,0.0,0.0,categorical,0.0205,0.9795,20.862
30068,mimiciii.INPUTEVENTS_CV,Folate,,,,,,8120,382,0,0,,,,,0.0,0.0,categorical,0.02,0.98,21.257
225667,mimiciii.CHARTEVENTS,Ionized Calcium,Ionized Calcium,Labs,None,Numeric,,8019,921,8019,8019,mmol/L,0.8826,1.1281,1.4191,1.0,1.0,numeric,0.0482,0.9518,8.707
186,mimiciii.CHARTEVENTS,FIO2 Alarm-Low,,,,,,7970,1634,6748,6796,decFrc,20.0,39.6141,90.2125,0.8527,0.8467,mixed,0.0855,0.9145,4.878
354,mimiciii.CHARTEVENTS,ImpSkin #4 [Drain],,,,,,7927,485,0,0,,,,,0.0,0.0,categorical,0.0254,0.9746,16.344
50933,mimiciii.LABEVENTS,Green Top Hold (plasma),,Chemistry,,,Blood,7909,5873,0,0,,,,,0.0,0.0,categorical,0.3073,0.6927,1.347
8434,mimiciii.CHARTEVENTS,KneeImmobilizeLoc [Left],,,,,,7902,827,0,0,,,,,0.0,0.0,categorical,0.0433,0.9567,9.555
8410,mimiciii.CHARTEVENTS,ImpSkin #1 [Length],,,,,,7719,1700,0,0,,,,,0.0,0.0,categorical,0.0889,0.9111,4.541
227466,mimiciii.CHARTEVENTS,PTT,PTT,Labs,None,Numeric with tag,,7714,1503,7714,7714,sec,21.8672,36.5386,150.0,1.0,1.0,numeric,0.0786,0.9214,5.132
1426,mimiciii.CHARTEVENTS,Drowsiness,,,,,,7659,562,0,0,,,,,0.0,0.0,categorical,0.0294,0.9706,13.628
380,mimiciii.CHARTEVENTS,Inc Cleansing #1,,,,,,7655,1885,0,0,,,,,0.0,0.0,categorical,0.0986,0.9014,4.061
671,mimiciii.CHARTEVENTS,TCPCV Insp. Time,,,,,,7572,358,7310,7314,sec,0.5019,0.9008,1.9798,0.9659,0.9654,numeric,0.0187,0.9813,21.151
1434,mimiciii.CHARTEVENTS,Slurred Speech,,,,,,7568,559,0,0,,,,,0.0,0.0,categorical,0.0292,0.9708,13.538
193,mimiciii.CHARTEVENTS,Flatus,,,,,,7527,576,0,0,,,,,0.0,0.0,categorical,0.0301,0.9699,13.068
670,mimiciii.CHARTEVENTS,TCPCV Insp. Pressure,,,,,,7514,351,7253,7262,cmH2O,11.9662,29.6074,49.0116,0.9665,0.9653,numeric,0.0184,0.9816,21.407
1435,mimiciii.CHARTEVENTS,Sustained Nystamus,,,,,,7450,535,0,0,,,,,0.0,0.0,categorical,0.028,0.972,13.925
105,mimiciii.CHARTEVENTS,CT #3 Dressing,,,,,,7413,251,0,0,,,,,0.0,0.0,categorical,0.0131,0.9869,29.534
162,mimiciii.CHARTEVENTS,Ectopy Type 2,,,,,,7396,286,0,0,,,,,0.0,0.0,categorical,0.015,0.985,25.86
262,mimiciii.CHARTEVENTS,INV Line#6SiteAppear,,,,,,7382,192,0,0,,,,,0.0,0.0,categorical,0.01,0.99,38.448
30075,mimiciii.INPUTEVENTS_CV,Deliver 2.0,,,,,,7354,79,0,0,,,,,0.0,0.0,categorical,0.0041,0.9959,93.089
107,mimiciii.CHARTEVENTS,CT #3 Suction Amount,,,,,,7333,253,0,0,,,,,0.0,0.0,categorical,0.0132,0.9868,28.984
628,mimiciii.CHARTEVENTS,Sedation Score,,,,,,7318,1329,0,0,,,,,0.0,0.0,categorical,0.0695,0.9305,5.506
226543,mimiciii.CHARTEVENTS,Religion,Religion,ADT,,Text,,7294,1666,7294,0,,2.0,12.9057,15.0,0.0,1.0,numeric,0.0872,0.9128,4.378
75,mimiciii.CHARTEVENTS,Baseline Current/mA,,,,,,7196,315,6950,6987,mA,3.1053,31.8592,80.0,0.971,0.9658,numeric,0.0165,0.9835,22.844
860,mimiciii.CHARTEVENTS,Venous pH,,VBG's,,,,7117,3400,6760,6773,pH,7.1446,7.3826,7.5116,0.9517,0.9498,mixed,0.1779,0.8221,2.093
858,mimiciii.CHARTEVENTS,Venous PvCO2,,VBG's,,,,7084,3388,2203,6738,mmHg,25.706,45.9681,87.1283,0.9512,0.311,mixed,0.1773,0.8227,2.091
577,mimiciii.CHARTEVENTS,Pressure Sore Site#3,,,,,,7068,125,0,0,,,,,0.0,0.0,categorical,0.0065,0.9935,56.544
30100,mimiciii.INPUTEVENTS_CV,Regular Insulin,,,,,,7068,68,0,0,,,,,0.0,0.0,categorical,0.0036,0.9964,103.941
734,mimiciii.CHARTEVENTS,Working Pressure,,,,,,7023,943,6507,6511,cmH2O,22.3797,70.0,74.8648,0.9271,0.9265,mixed,0.0493,0.9507,7.448
185,mimiciii.CHARTEVENTS,FIO2 Alarm-High,,,,,,7016,1427,5949,5952,decFrc,29.3502,55.0,100.0,0.8483,0.8479,mixed,0.0747,0.9253,4.917
836,mimiciii.CHARTEVENTS,Serum Osmolality,,Chemistry,,,,7006,1338,6936,0,,264.1449,301.5815,356.4194,0.0,0.99,numeric,0.07,0.93,5.236
30016,mimiciii.INPUTEVENTS_CV,Dextrose 10%,,,,,,7005,314,0,0,,,,,0.0,0.0,categorical,0.0164,0.9836,22.309
859,mimiciii.CHARTEVENTS,Venous PvO2,,Mixed Venous Gases,,,,7002,3356,2117,6657,mmHg,20.9371,40.9706,90.8169,0.9507,0.3023,mixed,0.1756,0.8244,2.086
227467,mimiciii.CHARTEVENTS,INR,INR,Labs,None,Numeric with tag,,6985,1506,6985,0,,0.9,1.3,4.8221,0.0,1.0,numeric,0.0788,0.9212,4.638
227465,mimiciii.CHARTEVENTS,Prothrombin time,PT,Labs,None,Numeric with tag,,6980,1506,6980,6979,sec,11.3394,14.6539,43.545,0.9999,1.0,numeric,0.0788,0.9212,4.635
254,mimiciii.CHARTEVENTS,INV Line#5 Zero/Cal,,,,,,6976,422,0,0,,,,,0.0,0.0,categorical,0.0221,0.9779,16.531
51002,mimiciii.LABEVENTS,Troponin I,,Chemistry,,10839-9,Blood,6949,2300,3657,6945,ng/ml,0.3,2.6942,46.549,0.9994,0.5263,mixed,0.1203,0.8797,3.021
30130,mimiciii.INPUTEVENTS_CV,Pentobarbitol,,,,,,6930,38,3952,3972,mgkghr,0.0,2.5,20.8353,0.5732,0.5703,mixed,0.002,0.998,182.368
50979,mimiciii.LABEVENTS,Red Top Hold,,Chemistry,,,Blood,6898,5236,0,0,,,,,0.0,0.0,categorical,0.274,0.726,1.317
571,mimiciii.CHARTEVENTS,PressSoreWoundBase#2,,,,,,6878,359,0,0,,,,,0.0,0.0,categorical,0.0188,0.9812,19.159
673,mimiciii.CHARTEVENTS,TOF Response/Twitch,,,,,,6847,347,0,0,,,,,0.0,0.0,categorical,0.0182,0.9818,19.732
401,mimiciii.CHARTEVENTS,Inc #5 [Dressing],,,,,,6821,194,0,0,,,,,0.0,0.0,categorical,0.0102,0.9898,35.16
104,mimiciii.CHARTEVENTS,CT #3 Drainage,,,,,,6735,256,0,0,,,,,0.0,0.0,categorical,0.0134,0.9866,26.309
672,mimiciii.CHARTEVENTS,TCPCV-MAP,,,,,,6626,332,6379,0,,8.0,20.6311,37.1466,0.0,0.9627,numeric,0.0174,0.9826,19.958
1422,mimiciii.CHARTEVENTS,Ataxia,,,,,,6582,523,0,0,,,,,0.0,0.0,categorical,0.0274,0.9726,12.585
106,mimiciii.CHARTEVENTS,CT #3 [Fluctuate],,,,,,6570,256,0,0,,,,,0.0,0.0,categorical,0.0134,0.9866,25.664
449,mimiciii.CHARTEVENTS,Minute Volume (Set),,,,,,6533,1044,5883,5911,L/min,2.7646,11.4959,19.6973,0.9048,0.9005,mixed,0.0546,0.9454,6.258
457,mimiciii.CHARTEVENTS,NMB Medication,,,,,,6518,289,0,0,,,,,0.0,0.0,categorical,0.0151,0.9849,22.554
30054,mimiciii.INPUTEVENTS_CV,Pre-Admission Intake,,,,,,6496,3885,0,0,,,,,0.0,0.0,categorical,0.2033,0.7967,1.672
189,mimiciii.CHARTEVENTS,FiO2 (Analyzed),,,,,,6454,944,5875,5887,torr,0.3,0.5,1.0,0.9121,0.9103,mixed,0.0494,0.9506,6.837
802,mimiciii.CHARTEVENTS,Dilantin,,Drug Level,,,,6450,1539,6280,0,,1.1685,9.8637,25.9354,0.0,0.9736,numeric,0.0805,0.9195,4.191
50993,mimiciii.LABEVENTS,Thyroid Stimulating Hormone,,Chemistry,,3016-3,Blood,6417,5100,6286,6415,uIU/mL,0.0703,2.0369,33.1281,0.9997,0.9796,numeric,0.2668,0.7332,1.258
378,mimiciii.CHARTEVENTS,Impaired Skin Site#5,,,,,,6404,265,0,0,,,,,0.0,0.0,categorical,0.0139,0.9861,24.166
8375,mimiciii.CHARTEVENTS,CT #3 [Leak],,,,,,6386,253,0,0,,,,,0.0,0.0,categorical,0.0132,0.9868,25.241
160,mimiciii.CHARTEVENTS,Ectopy Frequency 2,,,,,,6368,279,0,0,,,,,0.0,0.0,categorical,0.0146,0.9854,22.824
226537,mimiciii.CHARTEVENTS,Glucose (whole blood),Glucose (whole blood),Labs,None,Numeric,,6362,775,6362,6362,mg/dL,60.1905,121.2809,273.7246,1.0,1.0,numeric,0.0406,0.9594,8.209
396,mimiciii.CHARTEVENTS,Inc #5 [Drainage],,,,,,6357,191,0,0,,,,,0.0,0.0,categorical,0.01,0.99,33.283
50815,mimiciii.LABEVENTS,O2 Flow,,Blood Gas,,3151-8,Blood,6342,3800,6342,6342,L/min,0.6152,4.0,100.0,1.0,1.0,numeric,0.1988,0.8012,1.669
226381,mimiciii.CHARTEVENTS,Marital Status,Marital Status,ADT,,Text,,6324,1545,6324,0,,1.0,2.0,4.0,0.0,1.0,numeric,0.0808,0.9192,4.093
669,mimiciii.CHARTEVENTS,TCPCV I:E Ratio,,,,,,6265,331,276,0,,1.0,1.7244,4.6,0.0,0.0441,categorical,0.0173,0.9827,18.927
50887,mimiciii.LABEVENTS,Blue Top Hold,,Chemistry,,,Blood,6255,4915,0,0,,,,,0.0,0.0,categorical,0.2572,0.7428,1.273
460,mimiciii.CHARTEVENTS,Nerve Stimulated,,,,,,6218,314,0,0,,,,,0.0,0.0,categorical,0.0164,0.9836,19.803
51093,mimiciii.LABEVENTS,"Osmolality, Urine",,Chemistry,,2695-5,Urine,6200,3829,6199,6199,mOsm/kg,111.5128,397.7825,935.2362,0.9998,0.9998,numeric,0.2003,0.7997,1.619
199,mimiciii.CHARTEVENTS,GI [Guaiac],,,,,,6190,1162,0,0,,,,,0.0,0.0,categorical,0.0608,0.9392,5.327
8404,mimiciii.CHARTEVENTS,ImpSkin #3 [Amount],,,,,,6134,622,0,0,,,,,0.0,0.0,categorical,0.0325,0.9675,9.862
209,mimiciii.CHARTEVENTS,Graft/Flap Pulse,,,,,,6119,129,0,0,,,,,0.0,0.0,categorical,0.0067,0.9933,47.434
227464,mimiciii.CHARTEVENTS,Potassium (whole blood),Potassium (whole blood),Labs,None,Numeric with tag,,6109,771,6109,6109,mEq/L,2.8845,4.0696,6.3429,1.0,1.0,numeric,0.0403,0.9597,7.923
552,mimiciii.CHARTEVENTS,Pressure Sore #2 [Stage],,,,,,6046,354,0,0,,,,,0.0,0.0,categorical,0.0185,0.9815,17.079
50909,mimiciii.LABEVENTS,Cortisol,,Chemistry,,2143-6,Blood,6019,2474,6006,6017,ug/dL,2.0801,26.242,140.1226,0.9997,0.9978,numeric,0.1294,0.8706,2.433
668,mimiciii.CHARTEVENTS,TCPCV Fixed I Time,,,,,,5873,314,0,0,,,,,0.0,0.0,categorical,0.0164,0.9836,18.704
857,mimiciii.CHARTEVENTS,Venous CO2(Calc),,VBG'S,,,,5750,2745,2200,0,,10.8182,26.8837,48.2429,0.0,0.3826,mixed,0.1436,0.8564,2.095
30177,mimiciii.INPUTEVENTS_CV,Lepirudin,,,,,,5662,22,2903,2949,mgkghr,0.0,0.0714,0.1986,0.5208,0.5127,mixed,0.0012,0.9988,257.364
227378,mimiciii.CHARTEVENTS,Patient Location,Patient Location,ADT,,Text,,5647,1666,0,0,,,,,0.0,0.0,categorical,0.0872,0.9128,3.39
1090,mimiciii.CHARTEVENTS,Ramsey SedationScale,,,,,,5586,1005,0,0,,,,,0.0,0.0,categorical,0.0526,0.9474,5.558
1650,mimiciii.CHARTEVENTS,high mv,,,,,,5418,140,5416,0,,10.0,17.0223,28.1786,0.0,0.9996,numeric,0.0073,0.9927,38.7
51000,mimiciii.LABEVENTS,Triglycerides,,Chemistry,,1644-4,Blood,5401,4234,5400,5399,mg/dL,33.687,124.5957,876.9677,0.9996,0.9998,numeric,0.2215,0.7785,1.276
177,mimiciii.CHARTEVENTS,Epidural Appearance,,,,,,5342,468,0,0,,,,,0.0,0.0,categorical,0.0245,0.9755,11.415
226544,mimiciii.CHARTEVENTS,Language,Language,ADT,,Text,,5267,1270,5267,0,,1.0,1.0,20.0,0.0,1.0,numeric,0.0665,0.9335,4.147
1700,mimiciii.CHARTEVENTS,GI#3 Intub Site,,,,,,5255,72,0,0,,,,,0.0,0.0,categorical,0.0038,0.9962,72.986
30006,mimiciii.INPUTEVENTS_CV,Platelets,,,,,,5243,1436,0,0,,,,,0.0,0.0,categorical,0.0751,0.9249,3.651
1701,mimiciii.CHARTEVENTS,GI Tube #3 [Status],,,,,,5238,67,0,0,,,,,0.0,0.0,categorical,0.0035,0.9965,78.179
7151,mimiciii.CHARTEVENTS,HOB Measurement,,,,,,5217,1647,4194,4281,mmHg,0.0,30.0,49.2926,0.8206,0.8039,mixed,0.0862,0.9138,3.168
360,mimiciii.CHARTEVENTS,ImpSkin Treatment #5,,,,,,5201,248,0,0,,,,,0.0,0.0,categorical,0.013,0.987,20.972
30061,mimiciii.INPUTEVENTS_CV,D5RL,,,,,,5169,182,0,0,,,,,0.0,0.0,categorical,0.0095,0.9905,28.401
1481,mimiciii.CHARTEVENTS,IV #3 Reason DC'D,,,,,,5104,3098,0,0,,,,,0.0,0.0,categorical,0.1621,0.8379,1.648
1,mimiciii.CHARTEVENTS,% Inspir. Time,,,,,,5087,891,0,0,,,,,0.0,0.0,categorical,0.0466,0.9534,5.709
8366,mimiciii.CHARTEVENTS,Angio Appearance #2 [Attribute 2],,,,,,5018,452,0,0,,,,,0.0,0.0,categorical,0.0237,0.9763,11.102
1078,mimiciii.CHARTEVENTS,BATH,,,,,,4968,909,0,0,,,,,0.0,0.0,categorical,0.0476,0.9524,5.465
217,mimiciii.CHARTEVENTS,Heparin Dose,,,,,,4877,90,4761,4853,units,50.0,700.0,1700.0,0.9951,0.9762,numeric,0.0047,0.9953,54.189
710,mimiciii.CHARTEVENTS,VEN Lumen Volume,,,,,,4867,49,4658,0,,1.0,1.4758,2.4,0.0,0.9571,numeric,0.0026,0.9974,99.327
24,mimiciii.CHARTEVENTS,ART Lumen Volume,,,,,,4867,49,4658,0,,0.9,1.4,2.3,0.0,0.9571,numeric,0.0026,0.9974,99.327
50883,mimiciii.LABEVENTS,"Bilirubin, Direct",,Chemistry,,1968-7,Blood,4864,2198,4853,4864,mg/dL,0.1,1.6087,27.479,1.0,0.9977,numeric,0.115,0.885,2.213
532,mimiciii.CHARTEVENTS,Peak Flow (Calc),,,,,,4863,889,4301,4340,lpm,15.8874,41.2073,63.9056,0.8925,0.8844,mixed,0.0465,0.9535,5.47
348,mimiciii.CHARTEVENTS,ImpSkin Character #5,,,,,,4834,258,0,0,,,,,0.0,0.0,categorical,0.0135,0.9865,18.736
51007,mimiciii.LABEVENTS,Uric Acid,,Chemistry,,3084-1,Blood,4827,1678,4827,4826,mg/dL,0.7996,4.3643,16.0246,0.9998,1.0,numeric,0.0878,0.9122,2.877
561,mimiciii.CHARTEVENTS,Pressure Sore #1 [Width],,,,,,4796,812,0,0,,,,,0.0,0.0,categorical,0.0425,0.9575,5.906
30102,mimiciii.INPUTEVENTS_CV,OR Colloid,,,,,,4796,2500,0,0,,,,,0.0,0.0,categorical,0.1308,0.8692,1.918
220227,mimiciii.CHARTEVENTS,Arterial O2 Saturation,SaO2,Labs,%,Numeric,,4686,650,4686,4686,%,84.7922,97.0,99.0496,1.0,1.0,numeric,0.034,0.966,7.209
8431,mimiciii.CHARTEVENTS,Inc #5 [Status],,,,,,4681,185,0,0,,,,,0.0,0.0,categorical,0.0097,0.9903,25.303
225668,mimiciii.CHARTEVENTS,Lactic Acid,Lactic Acid,Labs,None,Numeric,,4675,990,4675,4675,mmol/L,0.6073,1.8061,12.5118,1.0,1.0,numeric,0.0518,0.9482,4.722
288,mimiciii.CHARTEVENTS,INV#6 WaveformAppear,,,,,,4626,136,0,0,,,,,0.0,0.0,categorical,0.0071,0.9929,34.015
50884,mimiciii.LABEVENTS,"Bilirubin, Indirect",,Chemistry,,1971-1,Blood,4584,2073,4580,4584,mg/dL,0.1,1.0,13.6874,1.0,0.9991,numeric,0.1085,0.8915,2.211
50952,mimiciii.LABEVENTS,Iron,,Chemistry,,2498-4,Blood,4522,3565,4518,4522,ug/dL,7.0547,34.4924,213.3232,1.0,0.9991,numeric,0.1865,0.8135,1.268
8463,mimiciii.CHARTEVENTS,Pressure Sore #1 [Length],,,,,,4495,780,0,0,,,,,0.0,0.0,categorical,0.0408,0.9592,5.763
30138,mimiciii.INPUTEVENTS_CV,Vecuronium,,,,,,4485,70,2651,2686,mgkghr,0.0,0.05,0.25,0.5989,0.5911,mixed,0.0037,0.9963,64.071
390,mimiciii.CHARTEVENTS,Inc #5 [Closure],,,,,,4483,176,0,0,,,,,0.0,0.0,categorical,0.0092,0.9908,25.472
30143,mimiciii.INPUTEVENTS_CV,3% Normal Saline,,,,,,4410,116,0,0,,,,,0.0,0.0,categorical,0.0061,0.9939,38.017
50998,mimiciii.LABEVENTS,Transferrin,,Chemistry,,2500-7,Blood,4403,3498,4373,4403,mg/dL,55.7433,156.4521,331.362,1.0,0.9932,numeric,0.183,0.817,1.259
30383,mimiciii.INPUTEVENTS_CV,Impact,,,,,,4380,51,0,0,,,,,0.0,0.0,categorical,0.0027,0.9973,85.882
50953,mimiciii.LABEVENTS,"Iron Binding Capacity, Total",,Chemistry,,2500-7,Blood,4373,3481,4373,4373,ug/dL,72.6984,203.2797,430.907,1.0,1.0,numeric,0.1821,0.8179,1.256
559,mimiciii.CHARTEVENTS,Pressure Sore #2 [Drainage],,,,,,4295,294,0,0,,,,,0.0,0.0,categorical,0.0154,0.9846,14.609
369,mimiciii.CHARTEVENTS,ImpSkin #2 [Width],,,,,,4212,982,0,0,,,,,0.0,0.0,categorical,0.0514,0.9486,4.289
8458,mimiciii.CHARTEVENTS,Pressure Sore #2 [Heal],,,,,,4199,321,0,0,,,,,0.0,0.0,categorical,0.0168,0.9832,13.081
50924,mimiciii.LABEVENTS,Ferritin,,Chemistry,,2276-4,Blood,4181,3446,3847,4181,ng/mL,11.4338,312.7291,1863.0232,1.0,0.9201,mixed,0.1803,0.8197,1.213
51512,mimiciii.LABEVENTS,Urine Mucous,,Hematology,,8247-9,Urine,4153,3296,1,0,,0.0,0.0,0.0,0.0,0.0002,categorical,0.1725,0.8275,1.26
60,mimiciii.CHARTEVENTS,Auto-PEEP Level,,,,,,4091,658,3690,3770,cmH2O,0.0,2.0,20.2941,0.9215,0.902,mixed,0.0344,0.9656,6.217
51260,mimiciii.LABEVENTS,Ovalocytes,,Hematology,,774-0,Blood,4084,2664,0,0,,,,,0.0,0.0,categorical,0.1394,0.8606,1.533
8425,mimiciii.CHARTEVENTS,Inc #4 [Amount],,,,,,4072,408,0,0,,,,,0.0,0.0,categorical,0.0213,0.9787,9.98
441,mimiciii.CHARTEVENTS,MDI #3 [Puff],,,,,,4066,364,3965,0,,0.5661,4.0,8.2109,0.0,0.9752,numeric,0.019,0.981,11.17
529,mimiciii.CHARTEVENTS,Pause Time %,,,,,,4039,808,0,0,,,,,0.0,0.0,categorical,0.0423,0.9577,4.999
1639,mimiciii.CHARTEVENTS,High MV,,,,,,4022,167,4019,0,,10.0,18.0,25.019,0.0,0.9993,numeric,0.0087,0.9913,24.084
30009,mimiciii.INPUTEVENTS_CV,Albumin 25%,,,,,,3984,551,0,0,,,,,0.0,0.0,categorical,0.0288,0.9712,7.23
8439,mimiciii.CHARTEVENTS,MDI #3 [Drug],,,,,,3935,345,0,0,,,,,0.0,0.0,categorical,0.0181,0.9819,11.406
310,mimiciii.CHARTEVENTS,IV Drip Medication#1,,,,,,3918,75,0,0,,,,,0.0,0.0,categorical,0.0039,0.9961,52.24
8420,mimiciii.CHARTEVENTS,Inc #5 [Appearance],,,,,,3902,168,0,0,,,,,0.0,0.0,categorical,0.0088,0.9912,23.226
50935,mimiciii.LABEVENTS,Haptoglobin,,Chemistry,,4542-7,Blood,3901,2446,3199,3901,mg/dL,23.0476,176.1694,509.4095,1.0,0.82,mixed,0.128,0.872,1.595
851,mimiciii.CHARTEVENTS,Troponin,,Enzymes,,,,3900,1687,2137,0,,0.0307,2.3579,45.6544,0.0,0.5479,mixed,0.0883,0.9117,2.312
25,mimiciii.CHARTEVENTS,AV Interval,,,,,,3899,1167,2842,2873,msec,0.0,160.0,269.2862,0.7369,0.7289,mixed,0.0611,0.9389,3.341
308,mimiciii.CHARTEVENTS,IV Drip Dose #1,,,,,,3897,74,1438,0,,0.0,5.1757,80.0,0.0,0.369,mixed,0.0039,0.9961,52.662
30110,mimiciii.INPUTEVENTS_CV,Aggrastat,,,,,,3887,109,2279,2309,mcgkgmin,0.0,0.1,0.86,0.594,0.5863,mixed,0.0057,0.9943,35.661
30033,mimiciii.INPUTEVENTS_CV,Lipids,,,,,,3831,51,0,0,,,,,0.0,0.0,categorical,0.0027,0.9973,75.118
8460,mimiciii.CHARTEVENTS,Pressure Sore #1 [Amount],,,,,,3750,547,0,0,,,,,0.0,0.0,categorical,0.0286,0.9714,6.856
50856,mimiciii.LABEVENTS,Acetaminophen,,Chemistry,,3297-9,Blood,3720,3343,395,3720,ug/mL,5.045,12.525,480.9901,1.0,0.1062,mixed,0.1749,0.8251,1.113
265,mimiciii.CHARTEVENTS,INV Line#7 [Type],,,,,,3718,72,0,0,,,,,0.0,0.0,categorical,0.0038,0.9962,51.639
51104,mimiciii.LABEVENTS,"Urea Nitrogen, Urine",,Chemistry,,3095-7,Urine,3702,2645,3702,3702,mg/dL,36.636,450.6611,1461.6332,1.0,1.0,numeric,0.1384,0.8616,1.4
366,mimiciii.CHARTEVENTS,ImpSkin Wound Base#5,,,,,,3694,224,0,0,,,,,0.0,0.0,categorical,0.0117,0.9883,16.491
50907,mimiciii.LABEVENTS,"Cholesterol, Total",,Chemistry,,2093-3,Blood,3629,3286,3628,3627,mg/dL,63.493,153.4976,308.3738,0.9994,0.9997,numeric,0.1719,0.8281,1.104
8398,mimiciii.CHARTEVENTS,INV Line#7 [Site],,,,,,3606,70,0,0,,,,,0.0,0.0,categorical,0.0037,0.9963,51.514
103,mimiciii.CHARTEVENTS,CT #3 Crepitus,,,,,,3602,117,0,0,,,,,0.0,0.0,categorical,0.0061,0.9939,30.786
1486,mimiciii.CHARTEVENTS,High Minute Volume,,,,,,3595,115,3592,0,,10.0,18.0,29.7567,0.0,0.9992,numeric,0.006,0.994,31.261
188,mimiciii.CHARTEVENTS,Femoral Pulse [Right],,,,,,3586,220,0,0,,,,,0.0,0.0,categorical,0.0115,0.9885,16.3
355,mimiciii.CHARTEVENTS,ImpSkin #5 [Drain],,,,,,3586,209,0,0,,,,,0.0,0.0,categorical,0.0109,0.9891,17.158
50922,mimiciii.LABEVENTS,Ethanol,,Chemistry,,5642-4,Blood,3576,3339,709,3576,mg/dL,11.545,160.405,512.4876,1.0,0.1983,mixed,0.1747,0.8253,1.071
686,mimiciii.CHARTEVENTS,Total PEEP Level,,,,,,3567,762,3002,3071,cmH2O,0.0,12.301,28.5918,0.8609,0.8416,mixed,0.0399,0.9601,4.681
569,mimiciii.CHARTEVENTS,PressSoreTreatment#3,,,,,,3560,119,0,0,,,,,0.0,0.0,categorical,0.0062,0.9938,29.916
50981,mimiciii.LABEVENTS,Salicylate,,Chemistry,,4023-8,Blood,3537,3313,123,3537,mg/dL,4.0,10.0,116.05,1.0,0.0348,categorical,0.1733,0.8267,1.068
50880,mimiciii.LABEVENTS,Benzodiazepine Screen,,Chemistry,,42662-7,Blood,3520,3342,0,0,,,,,0.0,0.0,categorical,0.1749,0.8251,1.053
341,mimiciii.CHARTEVENTS,Imp Skin Cleanse #4,,,,,,3508,439,0,0,,,,,0.0,0.0,categorical,0.023,0.977,7.991
50879,mimiciii.LABEVENTS,Barbiturate Screen,,Chemistry,,3376-1,Blood,3500,3333,0,0,,,,,0.0,0.0,categorical,0.1744,0.8256,1.05
50999,mimiciii.LABEVENTS,Tricyclic Antidepressant Screen,,Chemistry,,4073-3,Blood,3489,3322,0,0,,,,,0.0,0.0,categorical,0.1738,0.8262,1.05
8411,mimiciii.CHARTEVENTS,ImpSkin #2 [Length],,,,,,3488,799,0,0,,,,,0.0,0.0,categorical,0.0418,0.9582,4.365
459,mimiciii.CHARTEVENTS,Neg Insp Force(>-25),,,,,,3462,2417,1215,1286,.,0.0,26.0471,80.0,0.3715,0.351,mixed,0.1265,0.8735,1.432
50803,mimiciii.LABEVENTS,"Calculated Bicarbonate, Whole Blood",,Blood Gas,,1959-6,Blood,3441,2686,3437,3441,mEq/L,9.1864,24.0,38.1959,1.0,0.9988,numeric,0.1405,0.8595,1.281
50904,mimiciii.LABEVENTS,"Cholesterol, HDL",,Chemistry,,2085-9,Blood,3387,3102,3386,3385,mg/dL,8.3901,41.5862,89.7002,0.9994,0.9997,numeric,0.1623,0.8377,1.092
50903,mimiciii.LABEVENTS,Cholesterol Ratio (Total/HDL),,Chemistry,,9322-9,Blood,3371,3090,3371,3369,Ratio,1.7123,3.6776,14.644,0.9994,1.0,numeric,0.1617,0.8383,1.091
30052,mimiciii.INPUTEVENTS_CV,Procainamide,,,,,,3352,36,1919,1944,mgmin,0.0,2.0,6.0,0.58,0.5725,mixed,0.0019,0.9981,93.111
30160,mimiciii.INPUTEVENTS_CV,D5 Normal Saline,,,,,,3318,172,0,0,,,,,0.0,0.0,categorical,0.009,0.991,19.291
51218,mimiciii.LABEVENTS,Granulocyte Count,,Hematology,,30394-1,Blood,3296,467,3296,3296,#/uL,0.7071,411.6433,20606.4743,1.0,1.0,numeric,0.0244,0.9756,7.058
30099,mimiciii.INPUTEVENTS_CV,PPN,,,,,,3252,116,0,0,,,,,0.0,0.0,categorical,0.0061,0.9939,28.034
30384,mimiciii.INPUTEVENTS_CV,Xigris,,,,,,3209,36,1025,1031,mcgkghr,17.6,24.0,24.49,0.3213,0.3194,mixed,0.0019,0.9981,89.139
574,mimiciii.CHARTEVENTS,Pressure Sore Odor#2,,,,,,3196,266,0,0,,,,,0.0,0.0,categorical,0.0139,0.9861,12.015
1596,mimiciii.CHARTEVENTS,HIGH MV,,,,,,3195,135,3194,0,,10.1536,16.0,26.0,0.0,0.9997,numeric,0.0071,0.9929,23.667
50905,mimiciii.LABEVENTS,"Cholesterol, LDL, Calculated",,Chemistry,,2090-9,Blood,3190,2948,3190,3188,mg/dL,19.051,82.5719,200.8188,0.9994,1.0,numeric,0.1542,0.8458,1.082
51523,mimiciii.LABEVENTS,GR HOLD,,CHEMISTRY,,,URINE,3183,2887,0,0,,,,,0.0,0.0,categorical,0.1511,0.8489,1.103
495,mimiciii.CHARTEVENTS,PCA Bolus,,,,,,3163,568,2896,0,,0.0,0.0,3.9443,0.0,0.9156,mixed,0.0297,0.9703,5.569
718,mimiciii.CHARTEVENTS,Ventricular Pacemaker Threshold [Unit],,,,,,3108,900,0,0,,,,,0.0,0.0,categorical,0.0471,0.9529,3.453
381,mimiciii.CHARTEVENTS,Inc Cleansing #2,,,,,,3076,1064,0,0,,,,,0.0,0.0,categorical,0.0557,0.9443,2.891
309,mimiciii.CHARTEVENTS,IV Drip Dose #2,,,,,,3034,37,1018,0,,0.2878,3.4756,68.1111,0.0,0.3355,mixed,0.0019,0.9981,82.0
311,mimiciii.CHARTEVENTS,IV Drip Medication#2,,,,,,3028,37,0,0,,,,,0.0,0.0,categorical,0.0019,0.9981,81.838
850,mimiciii.CHARTEVENTS,Triglyceride (0-200),,Chemistry,,,,3017,2440,2972,0,,32.2991,124.9883,1061.6024,0.0,0.9851,numeric,0.1277,0.8723,1.236
51462,mimiciii.LABEVENTS,Amorphous Crystals,,Hematology,,8246-1,Urine,3007,2436,0,0,,,,,0.0,0.0,categorical,0.1275,0.8725,1.234
435,mimiciii.CHARTEVENTS,Low Exhaled Vt,,,,,,2969,101,2898,0,,0.1,100.0,547.6153,0.0,0.9761,numeric,0.0053,0.9947,29.396
51482,mimiciii.LABEVENTS,Hyaline Casts,,Hematology,,5796-8,Urine,2960,2463,903,2960,#/lpf,1.0,3.0,53.394,1.0,0.3051,mixed,0.1289,0.8711,1.202
1411,mimiciii.CHARTEVENTS,Bladder Pressure,,,,,,2951,467,2599,2547,mmHg,5.0958,17.0,38.4635,0.8631,0.8807,mixed,0.0244,0.9756,6.319
30008,mimiciii.INPUTEVENTS_CV,Albumin 5%,,,,,,2932,666,0,0,,,,,0.0,0.0,categorical,0.0348,0.9652,4.402
437,mimiciii.CHARTEVENTS,Low Peep,,,,,,2921,84,2871,0,,0.8892,3.0,20.0,0.0,0.9829,numeric,0.0044,0.9956,34.774
50919,mimiciii.LABEVENTS,EDTA Hold,,Chemistry,,,Blood,2901,2469,0,0,,,,,0.0,0.0,categorical,0.1292,0.8708,1.175
416,mimiciii.CHARTEVENTS,Incision/Wound #6,,,,,,2900,53,0,0,,,,,0.0,0.0,categorical,0.0028,0.9972,54.717
50917,mimiciii.LABEVENTS,Digoxin,,Chemistry,,10535-3,Blood,2860,1203,2757,2860,ng/mL,0.2,1.0,3.7618,1.0,0.964,numeric,0.0629,0.9371,2.377
268,mimiciii.CHARTEVENTS,INV Line#7SiteAppear,,,,,,2856,71,0,0,,,,,0.0,0.0,categorical,0.0037,0.9963,40.225
260,mimiciii.CHARTEVENTS,INV Line#6 Zero/Cal,,,,,,2837,134,0,0,,,,,0.0,0.0,categorical,0.007,0.993,21.172
51010,mimiciii.LABEVENTS,Vitamin B12,,Chemistry,,2170-9,Blood,2782,2579,2601,2782,pg/mL,160.3696,633.1654,1930.1887,1.0,0.9349,mixed,0.1349,0.8651,1.079
8408,mimiciii.CHARTEVENTS,ImpSkin #4 [Amount],,,,,,2780,294,0,0,,,,,0.0,0.0,categorical,0.0154,0.9846,9.456
51079,mimiciii.LABEVENTS,"Cocaine, Urine",,Chemistry,,3397-7,Urine,2747,2618,0,0,,,,,0.0,0.0,categorical,0.137,0.863,1.049
565,mimiciii.CHARTEVENTS,PressSoreCleansing#2,,,,,,2742,307,0,0,,,,,0.0,0.0,categorical,0.0161,0.9839,8.932
50852,mimiciii.LABEVENTS,% Hemoglobin A1c,,Chemistry,,4548-4,Blood,2738,2514,2737,2738,%,4.7913,6.0021,13.6664,1.0,0.9996,numeric,0.1315,0.8685,1.089
730,mimiciii.CHARTEVENTS,Vital Cap (>1.0)L,,,,,,2738,2196,532,568,liters,0.1799,1.0362,4.5,0.2075,0.1943,mixed,0.1149,0.8851,1.247
220277,mimiciii.CHARTEVENTS,O2 saturation pulseoxymetry,SpO2,Respiratory,%,Numeric,,2737,13,2737,2737,%,86.0,98.0,100.0,1.0,1.0,numeric,0.0007,0.9993,210.538
51071,mimiciii.LABEVENTS,"Amphetamine Screen, Urine",,Chemistry,,3349-8,Urine,2735,2609,0,0,,,,,0.0,0.0,categorical,0.1365,0.8635,1.048
51075,mimiciii.LABEVENTS,"Benzodiazepine Screen, Urine",,Chemistry,,3390-2,Urine,2726,2597,0,0,,,,,0.0,0.0,categorical,0.1359,0.8641,1.05
51074,mimiciii.LABEVENTS,"Barbiturate Screen, Urine",,Chemistry,,3377-9,Urine,2723,2601,0,0,,,,,0.0,0.0,categorical,0.1361,0.8639,1.047
51092,mimiciii.LABEVENTS,"Opiate Screen, Urine",,Chemistry,,3879-4,Urine,2720,2592,0,0,,,,,0.0,0.0,categorical,0.1356,0.8644,1.049
51090,mimiciii.LABEVENTS,"Methadone, Urine",,Chemistry,,3773-9,Urine,2716,2595,0,0,,,,,0.0,0.0,categorical,0.1358,0.8642,1.047
51240,mimiciii.LABEVENTS,Large Platelets,,Hematology,,34167-7,Blood,2700,814,2,0,,8.0,66.0,124.0,0.0,0.0007,categorical,0.0426,0.9574,3.317
555,mimiciii.CHARTEVENTS,PressSore Depth #1,,,,,,2691,564,0,0,,,,,0.0,0.0,categorical,0.0295,0.9705,4.771
30104,mimiciii.INPUTEVENTS_CV,OR Packed RBC's,,,,,,2676,1229,0,0,,,,,0.0,0.0,categorical,0.0643,0.9357,2.177
1340,mimiciii.CHARTEVENTS,high minute volume,,,,,,2674,103,2670,0,,10.0,17.0584,26.9844,0.0,0.9985,numeric,0.0054,0.9946,25.961
220210,mimiciii.CHARTEVENTS,Respiratory Rate,RR,Respiratory,insp/min,Numeric,,2659,13,2659,2659,insp/min,9.0,20.0417,40.7578,1.0,1.0,numeric,0.0007,0.9993,204.538
220045,mimiciii.CHARTEVENTS,Heart Rate,HR,Routine Vital Signs,bpm,Numeric,,2650,13,2650,2650,bpm,49.3889,84.8501,138.6572,1.0,1.0,numeric,0.0007,0.9993,203.846
803,mimiciii.CHARTEVENTS,Direct Bili (0-0.3),,Chemistry,,,,2612,1316,2603,0,,0.1,2.2553,28.5892,0.0,0.9966,numeric,0.0689,0.9311,1.985
8386,mimiciii.CHARTEVENTS,Femoral Pulse [Left],,,,,,2581,188,0,0,,,,,0.0,0.0,categorical,0.0098,0.9902,13.729
768,mimiciii.CHARTEVENTS,ACT (102-142),,Coags,,,,2574,1456,2518,0,,95.3966,151.782,301.6227,0.0,0.9782,numeric,0.0762,0.9238,1.768
50986,mimiciii.LABEVENTS,tacroFK,,Chemistry,,,Blood,2535,237,2467,2535,ng/mL,1.8112,9.3256,28.2371,1.0,0.9732,numeric,0.0124,0.9876,10.696
572,mimiciii.CHARTEVENTS,PressSoreWoundBase#3,,,,,,2533,116,0,0,,,,,0.0,0.0,categorical,0.0061,0.9939,21.836
8483,mimiciii.CHARTEVENTS,Ventricular Pacemaker Threshold [Value],,,,,,2516,744,2516,0,,0.3447,5.9852,24.9079,0.0,1.0,numeric,0.0389,0.9611,3.382
51283,mimiciii.LABEVENTS,"Reticulocyte Count, Automated",,Hematology,,17849-1,Blood,2502,1980,2502,2502,%,0.2,1.9593,9.0653,1.0,1.0,numeric,0.1036,0.8964,1.264
220048,mimiciii.CHARTEVENTS,Heart Rhythm,Heart Rhythm,Routine Vital Signs,,Text,,2410,12,0,0,,,,,0.0,0.0,categorical,0.0006,0.9994,200.833
1328,mimiciii.CHARTEVENTS,Cartridge/Bag Change,,,,,,2408,1647,0,0,,,,,0.0,0.0,categorical,0.0862,0.9138,1.462
178,mimiciii.CHARTEVENTS,Epidural Bolus,,,,,,2391,312,2124,0,,0.0,0.0,5.9895,0.0,0.8883,mixed,0.0163,0.9837,7.663
30069,mimiciii.INPUTEVENTS_CV,Solumedrol,,,,,,2360,107,0,0,,,,,0.0,0.0,categorical,0.0056,0.9944,22.056
1010,mimiciii.CHARTEVENTS,High exhaled min vol,,,,,,2354,68,2353,0,,12.0,17.5015,25.0,0.0,0.9996,numeric,0.0036,0.9964,34.618
51097,mimiciii.LABEVENTS,"Potassium, Urine",,Chemistry,,2828-2,Urine,2353,1749,2310,2352,mEq/L,4.2242,35.6875,92.8429,0.9996,0.9817,numeric,0.0915,0.9085,1.345
586,mimiciii.CHARTEVENTS,QTc,,,,,,2342,706,2161,2146,sec,0.2401,0.4111,0.5673,0.9163,0.9227,mixed,0.0369,0.9631,3.317
8387,mimiciii.CHARTEVENTS,GI [pH],,,,,,2336,757,2087,0,,1.0,5.1396,7.7774,0.0,0.8934,mixed,0.0396,0.9604,3.086
51196,mimiciii.LABEVENTS,D-Dimer,,Hematology,,48065-7,Blood,2302,1506,1390,2302,ng/mL,198.8062,2706.8818,9945.8955,1.0,0.6038,mixed,0.0788,0.9212,1.529
227684,mimiciii.CHARTEVENTS,Safety Measures,Safety Measures,Restraint/Support Systems,,Text,,2293,10,0,0,,,,,0.0,0.0,categorical,0.0005,0.9995,229.3
546,mimiciii.CHARTEVENTS,Popliteal Pulse [Right],,,,,,2288,133,0,0,,,,,0.0,0.0,categorical,0.007,0.993,17.203
224650,mimiciii.CHARTEVENTS,Ectopy Type 1,Ectopy Type 1,Routine Vital Signs,,Text,,2285,12,0,0,,,,,0.0,0.0,categorical,0.0006,0.9994,190.417
8494,mimiciii.CHARTEVENTS,GI Tube #3 [Drain],,,,,,2258,54,0,0,,,,,0.0,0.0,categorical,0.0028,0.9972,41.815
30402,mimiciii.INPUTEVENTS_CV,Nutren 2.0,,,,,,2248,23,0,0,,,,,0.0,0.0,categorical,0.0012,0.9988,97.739
50925,mimiciii.LABEVENTS,Folate,,Chemistry,,2284-8,Blood,2247,2106,1864,2247,ng/mL,3.313,10.8422,19.756,1.0,0.8296,mixed,0.1102,0.8898,1.067
50914,mimiciii.LABEVENTS,Cyclosporin,,Chemistry,,3521-2,Blood,2243,162,2188,2243,ng/mL,36.5855,309.3121,1346.8093,1.0,0.9755,numeric,0.0085,0.9915,13.846
1565,mimiciii.CHARTEVENTS,High MV Limit,,,,,,2233,82,2232,0,,10.0,18.0,27.2231,0.0,0.9996,numeric,0.0043,0.9957,27.232
50929,mimiciii.LABEVENTS,Gentamicin,,Chemistry,,35668-3,Blood,2209,517,2048,2209,ug/mL,0.3,1.9081,10.034,1.0,0.9271,mixed,0.0271,0.9729,4.273
1540,mimiciii.CHARTEVENTS,Triglyceride,,Chemistry,,,,2186,1793,2172,0,,31.5429,124.0068,1185.4645,0.0,0.9936,numeric,0.0938,0.9062,1.219
51213,mimiciii.LABEVENTS,Fibrin Degradation Products,,Hematology,,30226-5,Blood,2183,1296,0,2183,ug/mL,,,,1.0,0.0,categorical,0.0678,0.9322,1.684
51257,mimiciii.LABEVENTS,Nucleated Red Cells,,Hematology,,772-4,Blood,2170,1022,2170,2170,%,1.0,2.0,135.9605,1.0,1.0,numeric,0.0535,0.9465,2.123
181,mimiciii.CHARTEVENTS,Epidural Total Dose,,,,,,2157,322,1758,0,,0.0,13.1454,771.1457,0.0,0.815,mixed,0.0168,0.9832,6.699
708,mimiciii.CHARTEVENTS,VAD Beat Rate [Right],,,,,,2156,13,1275,2155,%,29.3571,50.0,73.0625,0.9995,0.5914,mixed,0.0007,0.9993,165.846
220644,mimiciii.CHARTEVENTS,ALT,ALT,Labs,None,Numeric,,2144,704,2144,2144,IU/L,8.0536,40.8912,3031.424,1.0,1.0,numeric,0.0368,0.9632,3.045
225690,mimiciii.CHARTEVENTS,Total Bilirubin,Total Bilirubin,Labs,None,Numeric,,2143,692,2143,2143,mg/dL,0.2,1.0698,38.7162,1.0,1.0,numeric,0.0362,0.9638,3.097
1330,mimiciii.CHARTEVENTS,Med Wasted [Drug],,,,,,2141,1647,0,0,,,,,0.0,0.0,categorical,0.0862,0.9138,1.3
553,mimiciii.CHARTEVENTS,Pressure Sore #3 [Stage],,,,,,2141,110,0,0,,,,,0.0,0.0,categorical,0.0058,0.9942,19.464
220587,mimiciii.CHARTEVENTS,AST,AST,Labs,None,Numeric,,2140,702,2140,2140,IU/L,12.4744,56.1545,3949.7411,1.0,1.0,numeric,0.0367,0.9633,3.048
51151,mimiciii.LABEVENTS,Burr Cells,,Hematology,,7790-9,Blood,2138,1540,0,0,,,,,0.0,0.0,categorical,0.0806,0.9194,1.388
51479,mimiciii.LABEVENTS,Granular Casts,,Hematology,,5793-5,Urine,2116,1723,508,2116,#/lpf,1.0,3.9082,54.3001,1.0,0.2401,mixed,0.0902,0.9098,1.228
8426,mimiciii.CHARTEVENTS,Inc #5 [Amount],,,,,,2113,127,0,0,,,,,0.0,0.0,categorical,0.0066,0.9934,16.638
51287,mimiciii.LABEVENTS,Schistocytes,,Hematology,,800-3,Blood,2099,1375,0,0,,,,,0.0,0.0,categorical,0.0719,0.9281,1.527
1329,mimiciii.CHARTEVENTS,Initials (2 RNs) [RN #1],,,,,,2093,1626,0,0,,,,,0.0,0.0,categorical,0.0851,0.9149,1.287
225612,mimiciii.CHARTEVENTS,Alkaline Phosphate,Alkaline Phosphate,Labs,None,Numeric,,2084,685,2084,2084,IU/L,29.6688,86.3906,732.7414,1.0,1.0,numeric,0.0358,0.9642,3.042
30116,mimiciii.INPUTEVENTS_CV,Doxacurium,,,,,,2066,20,1299,1321,mgkghr,0.0,0.0145,0.045,0.6394,0.6288,mixed,0.001,0.999,103.3
125,mimiciii.CHARTEVENTS,Chest Tube Site #4,,,,,,2062,41,0,0,,,,,0.0,0.0,categorical,0.0021,0.9979,50.293
698,mimiciii.CHARTEVENTS,Traction/Immobile #2,,,,,,2004,48,0,0,,,,,0.0,0.0,categorical,0.0025,0.9975,41.75
510,mimiciii.CHARTEVENTS,PT Splint #3 [Location],,,,,,1997,28,0,0,,,,,0.0,0.0,categorical,0.0015,0.9985,71.321
8452,mimiciii.CHARTEVENTS,PT Splint #3 [Status],,,,,,1990,28,0,0,,,,,0.0,0.0,categorical,0.0015,0.9985,71.071
225634,mimiciii.CHARTEVENTS,CK (CPK),CK (CPK),Labs,None,Numeric,,1977,682,1977,1977,IU/L,13.8163,251.1238,25469.9908,1.0,1.0,numeric,0.0357,0.9643,2.899
694,mimiciii.CHARTEVENTS,Tract/Imm Location#2,,,,,,1974,47,0,0,,,,,0.0,0.0,categorical,0.0025,0.9975,42.0
1527,mimiciii.CHARTEVENTS,Direct Bili,,Chemistry,,,,1953,970,1949,0,,0.1,2.3166,28.6839,0.0,0.998,numeric,0.0508,0.9492,2.013
520,mimiciii.CHARTEVENTS,Pacer Wires Ground,,,,,,1948,104,1905,0,,0.0,1.0,2.0,0.0,0.9779,numeric,0.0054,0.9946,18.731
30055,mimiciii.INPUTEVENTS_CV,Cath Lab Intake,,,,,,1939,1155,0,0,,,,,0.0,0.0,categorical,0.0604,0.9396,1.679
1438,mimiciii.CHARTEVENTS,Ulnar Pulse [Right],,,,,,1938,110,0,0,,,,,0.0,0.0,categorical,0.0058,0.9942,17.618
30151,mimiciii.INPUTEVENTS_CV,Ketamine,,,,,,1926,23,685,793,mcgkgmin,0.0,2.4,26.5487,0.4117,0.3557,mixed,0.0012,0.9988,83.739
226540,mimiciii.CHARTEVENTS,Hematocrit (whole blood - calc),Hematocrit (whole blood - calc),Labs,None,Numeric,,1917,575,1917,1917,%,17.0812,29.0,44.4811,1.0,1.0,numeric,0.0301,0.9699,3.334
30168,mimiciii.INPUTEVENTS_CV,Normal Saline_GU,,,,,,1912,134,0,0,,,,,0.0,0.0,categorical,0.007,0.993,14.269
402,mimiciii.CHARTEVENTS,Inc #6 [Dressing],,,,,,1894,52,0,0,,,,,0.0,0.0,categorical,0.0027,0.9973,36.423
853,mimiciii.CHARTEVENTS,Uric Acid (2.7-7.0),,Chemistry,,,,1874,994,1842,0,,0.9917,5.4732,16.9914,0.0,0.9829,numeric,0.052,0.948,1.885
789,mimiciii.CHARTEVENTS,Cholesterol (<200),,Chemistry,,,,1872,1751,1861,1861,mg/dl,62.3332,154.4694,306.3849,0.9941,0.9941,numeric,0.0916,0.9084,1.069
1520,mimiciii.CHARTEVENTS,ACT,,Coags,,,,1861,984,1826,0,,95.4987,157.8316,307.0507,0.0,0.9812,numeric,0.0515,0.9485,1.891
51078,mimiciii.LABEVENTS,"Chloride, Urine",,Chemistry,,2078-4,Urine,1856,1465,1655,1855,mEq/L,10.5083,53.4176,203.0478,0.9995,0.8917,mixed,0.0767,0.9233,1.267
8455,mimiciii.CHARTEVENTS,Popliteal Pulse [Left],,,,,,1855,117,0,0,,,,,0.0,0.0,categorical,0.0061,0.9939,15.855
30012,mimiciii.INPUTEVENTS_CV,Hespan,,,,,,1848,759,0,0,,,,,0.0,0.0,categorical,0.0397,0.9603,2.435
370,mimiciii.CHARTEVENTS,ImpSkin #3 [Width],,,,,,1843,447,0,0,,,,,0.0,0.0,categorical,0.0234,0.9766,4.123
649,mimiciii.CHARTEVENTS,Spiritual Support,,,,,,1839,1286,0,0,,,,,0.0,0.0,categorical,0.0673,0.9327,1.43
632,mimiciii.CHARTEVENTS,Sensory Level,,,,,,1813,218,0,0,,,,,0.0,0.0,categorical,0.0114,0.9886,8.317
64,mimiciii.CHARTEVENTS,BIPAP - EPAP,,,,,,1768,391,1656,1677,cmH2O,3.3467,7.0,20.9904,0.9485,0.9367,mixed,0.0205,0.9795,4.522
397,mimiciii.CHARTEVENTS,Inc #6 [Drainage],,,,,,1768,51,0,0,,,,,0.0,0.0,categorical,0.0027,0.9973,34.667
442,mimiciii.CHARTEVENTS,Manual BP [Systolic],,,,,,1754,434,1569,1594,mmHg,69.6121,120.626,189.0775,0.9088,0.8945,mixed,0.0227,0.9773,4.041
404,mimiciii.CHARTEVENTS,Inc/Wound Packing #1,,,,,,1752,387,0,0,,,,,0.0,0.0,categorical,0.0202,0.9798,4.527
50976,mimiciii.LABEVENTS,"Protein, Total",,Chemistry,,2885-2,Blood,1737,1438,1736,1737,g/dL,3.4972,5.7885,8.6249,1.0,0.9994,numeric,0.0752,0.9248,1.208
51296,mimiciii.LABEVENTS,Teardrop Cells,,Hematology,,7791-7,Blood,1733,1206,0,0,,,,,0.0,0.0,categorical,0.0631,0.9369,1.437
382,mimiciii.CHARTEVENTS,Inc Cleansing #3,,,,,,1730,735,0,0,,,,,0.0,0.0,categorical,0.0385,0.9615,2.354
630,mimiciii.CHARTEVENTS,Seizure Duration,,,,,,1725,430,0,0,,,,,0.0,0.0,categorical,0.0225,0.9775,4.012
1546,mimiciii.CHARTEVENTS,high ve,,,,,,1715,81,1715,0,,9.1911,16.0,24.736,0.0,1.0,numeric,0.0042,0.9958,21.173
110,mimiciii.CHARTEVENTS,CT #4 Dressing,,,,,,1712,33,0,0,,,,,0.0,0.0,categorical,0.0017,0.9983,51.879
379,mimiciii.CHARTEVENTS,Impaired Skin Site#6,,,,,,1711,77,0,0,,,,,0.0,0.0,categorical,0.004,0.996,22.221
112,mimiciii.CHARTEVENTS,CT #4 Suction Amount,,,,,,1709,31,0,0,,,,,0.0,0.0,categorical,0.0016,0.9984,55.129
227456,mimiciii.CHARTEVENTS,Albumin,Albumin,Labs,None,Numeric with tag,,1700,700,1700,1700,g/dL,1.525,2.8285,4.408,1.0,1.0,numeric,0.0366,0.9634,2.429
109,mimiciii.CHARTEVENTS,CT #4 Drainage,,,,,,1653,34,0,0,,,,,0.0,0.0,categorical,0.0018,0.9982,48.618
226534,mimiciii.CHARTEVENTS,Sodium (whole blood),Sodium (whole blood),Labs,None,Numeric,,1633,608,1633,1633,mEq/L,126.0,136.0,148.3338,1.0,1.0,numeric,0.0318,0.9682,2.686
68,mimiciii.CHARTEVENTS,BIPAP-Mode,,,,,,1632,373,0,0,,,,,0.0,0.0,categorical,0.0195,0.9805,4.375
542,mimiciii.CHARTEVENTS,Pin Care,,,,,,1627,127,0,0,,,,,0.0,0.0,categorical,0.0066,0.9934,12.811
8489,mimiciii.CHARTEVENTS,Ulnar Pulse [Left],,,,,,1627,102,0,0,,,,,0.0,0.0,categorical,0.0053,0.9947,15.951
560,mimiciii.CHARTEVENTS,Pressure Sore #3 [Drainage],,,,,,1624,95,0,0,,,,,0.0,0.0,categorical,0.005,0.995,17.095
111,mimiciii.CHARTEVENTS,CT #4 [Fluctuate],,,,,,1620,34,0,0,,,,,0.0,0.0,categorical,0.0018,0.9982,47.647
227429,mimiciii.CHARTEVENTS,Troponin-T,Troponin-T,Labs,None,Numeric with tag,,1618,632,1618,1618,ng/mL,0.01,0.0753,15.7225,1.0,1.0,numeric,0.0331,0.9669,2.56
361,mimiciii.CHARTEVENTS,ImpSkin Treatment #6,,,,,,1617,76,0,0,,,,,0.0,0.0,categorical,0.004,0.996,21.276
50995,mimiciii.LABEVENTS,"Thyroxine (T4), Free",,Chemistry,,3024-7,Blood,1615,1331,1599,1613,ng/dL,0.4,1.1,3.0897,0.9988,0.9901,numeric,0.0696,0.9304,1.213
443,mimiciii.CHARTEVENTS,Manual BP Mean(calc),,,,,,1615,412,1489,1499,mmHg,48.4694,82.2751,125.7454,0.9282,0.922,mixed,0.0216,0.9784,3.92
226228,mimiciii.CHARTEVENTS,Gender,Gender,ADT,,Text,,1615,1615,1615,0,,1.0,1.0,2.0,0.0,1.0,numeric,0.0845,0.9155,1.0
1600,mimiciii.CHARTEVENTS,HIGH MINUTE VOLUME,,,,,,1607,32,1607,0,,10.0855,18.0,25.0,0.0,1.0,numeric,0.0017,0.9983,50.219
2146,mimiciii.CHARTEVENTS,edvi,,,,,,1588,23,1583,0,,79.4252,131.5514,221.92,0.0,0.9969,numeric,0.0012,0.9988,69.043
8376,mimiciii.CHARTEVENTS,CT #4 [Leak],,,,,,1584,34,0,0,,,,,0.0,0.0,categorical,0.0018,0.9982,46.588
1482,mimiciii.CHARTEVENTS,IV #4 Reason DC'D,,,,,,1583,960,0,0,,,,,0.0,0.0,categorical,0.0502,0.9498,1.649
429,mimiciii.CHARTEVENTS,LVAD Flow LPM,,,,,,1576,11,1576,1576,L/min,2.6392,4.8826,6.2193,1.0,1.0,numeric,0.0006,0.9994,143.273
67,mimiciii.CHARTEVENTS,BIPAP - O2 lpm,,,,,,1549,346,1451,1469,lpm,0.2869,5.0,15.0,0.9484,0.9367,mixed,0.0181,0.9819,4.477
8459,mimiciii.CHARTEVENTS,Pressure Sore #3 [Heal],,,,,,1531,102,0,0,,,,,0.0,0.0,categorical,0.0053,0.9947,15.01
51278,mimiciii.LABEVENTS,Red Blood Cell Fragments,,Hematology,,,Blood,1527,988,0,0,,,,,0.0,0.0,categorical,0.0517,0.9483,1.546
220179,mimiciii.CHARTEVENTS,Non Invasive Blood Pressure systolic,NBPs,Routine Vital Signs,mmHg,Numeric,,1527,14,1527,1527,mmHg,77.9786,124.966,187.476,1.0,1.0,numeric,0.0007,0.9993,109.071
8481,mimiciii.CHARTEVENTS,VAD Beat Rate [Left],,,,,,1526,11,1526,1526,%,31.5751,57.2684,70.0,1.0,1.0,numeric,0.0006,0.9994,138.727
537,mimiciii.CHARTEVENTS,Pericard Drain Site,,,,,,1523,128,0,0,,,,,0.0,0.0,categorical,0.0067,0.9933,11.898
220180,mimiciii.CHARTEVENTS,Non Invasive Blood Pressure diastolic,NBPd,Routine Vital Signs,mmHg,Numeric,,1523,14,1523,1523,mmHg,34.91,66.0605,101.5775,1.0,1.0,numeric,0.0007,0.9993,108.786
220181,mimiciii.CHARTEVENTS,Non Invasive Blood Pressure mean,NBPm,Routine Vital Signs,mmHg,Numeric,,1520,13,1520,1520,mmHg,47.55,80.9173,117.3114,1.0,1.0,numeric,0.0007,0.9993,116.923
801,mimiciii.CHARTEVENTS,Digoxin,,Drug Level,,,,1518,708,1469,1511,ng,0.2,1.0,3.8,0.9954,0.9677,numeric,0.037,0.963,2.144
1567,mimiciii.CHARTEVENTS,apnea,,,,,,1507,85,1506,0,,20.0,20.0,30.0,0.0,0.9993,numeric,0.0044,0.9956,17.729
8412,mimiciii.CHARTEVENTS,ImpSkin #3 [Length],,,,,,1505,363,0,0,,,,,0.0,0.0,categorical,0.019,0.981,4.146
51102,mimiciii.LABEVENTS,"Total Protein, Urine",,Chemistry,,2887-8,Urine,1497,1166,1408,1497,mg/dL,6.2257,49.9957,1277.1454,1.0,0.9405,mixed,0.061,0.939,1.284
793,mimiciii.CHARTEVENTS,D-Dimer (0-500),,Coags,,,,1494,1022,814,0,,325.96,3069.1597,9945.3403,0.0,0.5448,mixed,0.0535,0.9465,1.462
8440,mimiciii.CHARTEVENTS,Manual BP [Diastolic],,,,,,1489,400,1489,1489,mmHg,31.13,61.9643,99.4067,1.0,1.0,numeric,0.0209,0.9791,3.723
289,mimiciii.CHARTEVENTS,INV#7 WaveformAppear,,,,,,1487,41,0,0,,,,,0.0,0.0,categorical,0.0021,0.9979,36.268
856,mimiciii.CHARTEVENTS,Vancomycin/Trough,,Drug Level,,,,1477,920,1394,0,,2.5294,13.5018,40.6824,0.0,0.9438,mixed,0.0481,0.9519,1.605
91,mimiciii.CHARTEVENTS,CPM,,,,,,1454,46,6,0,,40.0,52.5,90.0,0.0,0.0041,categorical,0.0024,0.9976,31.609
349,mimiciii.CHARTEVENTS,ImpSkin Character #6,,,,,,1446,76,0,0,,,,,0.0,0.0,categorical,0.004,0.996,19.026
503,mimiciii.CHARTEVENTS,PCV Set Insp. Press,,,,,,1440,95,1383,1386,.,12.2199,30.0,48.0,0.9625,0.9604,numeric,0.005,0.995,15.158
66,mimiciii.CHARTEVENTS,BIPAP - IPAP,,,,,,1429,315,1320,1341,cmH2O,0.0,12.0,25.0,0.9384,0.9237,mixed,0.0165,0.9835,4.537
50940,mimiciii.LABEVENTS,Hepatitis B Surface Antibody,,Chemistry,,5193-8,Blood,1426,1212,0,0,,,,,0.0,0.0,categorical,0.0634,0.9366,1.177
50866,mimiciii.LABEVENTS,Ammonia,,Chemistry,,16362-6,Blood,1425,867,1409,1425,umol/L,9.1967,45.6792,292.7151,1.0,0.9888,numeric,0.0454,0.9546,1.644
50941,mimiciii.LABEVENTS,Hepatitis B Surface Antigen,,Chemistry,,5196-1,Blood,1421,1244,0,0,,,,,0.0,0.0,categorical,0.0651,0.9349,1.142
342,mimiciii.CHARTEVENTS,Imp Skin Cleanse #5,,,,,,1420,187,0,0,,,,,0.0,0.0,categorical,0.0098,0.9902,7.594
30087,mimiciii.INPUTEVENTS_CV,Replete,,,,,,1413,16,0,0,,,,,0.0,0.0,categorical,0.0008,0.9992,88.313
838,mimiciii.CHARTEVENTS,SvO2,,Mixed Venous Gases,,,,1411,735,1317,1327,%,36.9667,70.0,98.2589,0.9405,0.9334,mixed,0.0385,0.9615,1.92
30103,mimiciii.INPUTEVENTS_CV,OR FFP,,,,,,1407,664,0,0,,,,,0.0,0.0,categorical,0.0347,0.9653,2.119
51351,mimiciii.LABEVENTS,Lymphs,,Hematology,,26479-6,Cerebrospinal Fluid (CSF),1392,890,1392,1392,%,0.0,41.449,100.0,1.0,1.0,numeric,0.0466,0.9534,1.564
1524,mimiciii.CHARTEVENTS,Cholesterol,,Chemistry,,,,1392,1314,1385,1385,mg/dl,60.3214,152.6463,297.2501,0.995,0.995,numeric,0.0688,0.9312,1.059
51355,mimiciii.LABEVENTS,Monocytes,,Hematology,,26486-1,Cerebrospinal Fluid (CSF),1390,890,1390,1390,%,0.0,6.983,77.6,1.0,1.0,numeric,0.0466,0.9534,1.562
51363,mimiciii.LABEVENTS,"WBC, CSF",,Hematology,,26465-5,Cerebrospinal Fluid (CSF),1390,890,1390,1390,#/uL,0.0,5.0,7052.3376,1.0,1.0,numeric,0.0466,0.9534,1.562
51360,mimiciii.LABEVENTS,Polys,,Hematology,,26517-3,Cerebrospinal Fluid (CSF),1389,890,1389,1389,%,0.0,14.3741,98.345,1.0,1.0,numeric,0.0466,0.9534,1.561
30135,mimiciii.INPUTEVENTS_CV,TPA,,,,,,1379,46,322,491,mgmin,0.0,0.6932,25.0,0.3561,0.2335,mixed,0.0024,0.9976,29.978
51145,mimiciii.LABEVENTS,Basophilic Stippling,,Hematology,,703-9,Blood,1378,1013,0,0,,,,,0.0,0.0,categorical,0.053,0.947,1.36
51362,mimiciii.LABEVENTS,"RBC, CSF",,Hematology,,26454-9,Cerebrospinal Fluid (CSF),1377,887,1377,1377,#/uL,0.0,109.1361,252256.7209,1.0,1.0,numeric,0.0464,0.9536,1.552
391,mimiciii.CHARTEVENTS,Inc #6 [Closure],,,,,,1367,50,0,0,,,,,0.0,0.0,categorical,0.0026,0.9974,27.34
539,mimiciii.CHARTEVENTS,Pericardial Drainage,,,,,,1362,127,0,0,,,,,0.0,0.0,categorical,0.0066,0.9934,10.724
51474,mimiciii.LABEVENTS,Eosinophils,,Hematology,,25156-1,Urine,1359,1136,0,0,,,,,0.0,0.0,categorical,0.0594,0.9406,1.196
226545,mimiciii.CHARTEVENTS,Race,Race,ADT,,Text,,1350,1350,0,0,,,,,0.0,0.0,categorical,0.0706,0.9294,1.0
940,mimiciii.CHARTEVENTS,trach care,,,,,,1327,120,0,0,,,,,0.0,0.0,categorical,0.0063,0.9937,11.058
81,mimiciii.CHARTEVENTS,Brachial Pulse [Right],,,,,,1327,69,0,0,,,,,0.0,0.0,categorical,0.0036,0.9964,19.232
50943,mimiciii.LABEVENTS,Hepatitis C Virus Antibody,,Chemistry,,16128-1,Blood,1326,1238,0,0,,,,,0.0,0.0,categorical,0.0648,0.9352,1.071
227445,mimiciii.CHARTEVENTS,CK-MB,CK-MB,Labs,None,Numeric with tag,,1320,494,1320,1320,ng/mL,2.0,10.0,363.3168,1.0,1.0,numeric,0.0258,0.9742,2.672
8409,mimiciii.CHARTEVENTS,ImpSkin #5 [Amount],,,,,,1319,142,0,0,,,,,0.0,0.0,categorical,0.0074,0.9926,9.289
51294,mimiciii.LABEVENTS,Target Cells,,Hematology,,10381-2,Blood,1314,830,0,0,,,,,0.0,0.0,categorical,0.0434,0.9566,1.583
220632,mimiciii.CHARTEVENTS,LDH,LDH,Labs,None,Numeric,,1312,537,1312,1312,IU/L,121.24,303.2875,4076.8686,1.0,1.0,numeric,0.0281,0.9719,2.443
51288,mimiciii.LABEVENTS,Sedimentation Rate,,Hematology,,4537-7,Blood,1301,1006,1301,1301,mm/hr,0.0,51.5163,147.49,1.0,1.0,numeric,0.0526,0.9474,1.293
600,mimiciii.CHARTEVENTS,RVAD Flow LPM,,,,,,1296,7,1295,1295,L/min,2.1479,4.6,5.4,0.9992,0.9992,numeric,0.0004,0.9996,185.143
30159,mimiciii.INPUTEVENTS_CV,D5 Ringers Lact.,,,,,,1295,61,0,0,,,,,0.0,0.0,categorical,0.0032,0.9968,21.23
30401,mimiciii.INPUTEVENTS_CV,Peptamen 1.5,,,,,,1282,8,0,0,,,,,0.0,0.0,categorical,0.0004,0.9996,160.25
562,mimiciii.CHARTEVENTS,Pressure Sore #2 [Width],,,,,,1276,237,0,0,,,,,0.0,0.0,categorical,0.0124,0.9876,5.384
8432,mimiciii.CHARTEVENTS,Inc #6 [Status],,,,,,1262,48,0,0,,,,,0.0,0.0,categorical,0.0025,0.9975,26.292
220734,mimiciii.CHARTEVENTS,PH (dipstick),PH (dipstick),Labs,None,Numeric,,1250,692,1250,1206,units,5.0,5.0,8.0,0.9648,1.0,numeric,0.0362,0.9638,1.806
220050,mimiciii.CHARTEVENTS,Arterial Blood Pressure systolic,ABPs,Routine Vital Signs,mmHg,Numeric,,1242,7,1242,1242,mmHg,69.2171,132.2008,208.1067,1.0,1.0,numeric,0.0004,0.9996,177.429
220051,mimiciii.CHARTEVENTS,Arterial Blood Pressure diastolic,ABPd,Routine Vital Signs,mmHg,Numeric,,1240,7,1240,1240,mmHg,36.2571,60.0332,96.3778,1.0,1.0,numeric,0.0004,0.9996,177.143
220052,mimiciii.CHARTEVENTS,Arterial Blood Pressure mean,ABPm,Routine Vital Signs,mmHg,Numeric,,1238,8,1238,1238,mmHg,50.2514,81.0042,131.8934,1.0,1.0,numeric,0.0004,0.9996,154.75
51018,mimiciii.LABEVENTS,"Total Protein, CSF",,Chemistry,,2880-3,Cerebrospinal Fluid (CSF),1227,867,1216,1227,mg/dL,7.8511,47.7618,910.727,1.0,0.991,numeric,0.0454,0.9546,1.415
1541,mimiciii.CHARTEVENTS,Uric Acid,,Chemistry,,,,1214,573,1207,0,,0.9063,5.2596,17.024,0.0,0.9942,numeric,0.03,0.97,2.119
51014,mimiciii.LABEVENTS,"Glucose, CSF",,Chemistry,,2342-4,Cerebrospinal Fluid (CSF),1200,855,1200,1200,mg/dL,2.7222,74.0347,186.3334,1.0,1.0,numeric,0.0447,0.9553,1.404
51099,mimiciii.LABEVENTS,Protein/Creatinine Ratio,,Chemistry,,2890-2,Urine,1198,944,1198,1198,Ratio,0.1,0.7633,33.2592,1.0,1.0,numeric,0.0494,0.9506,1.269
608,mimiciii.CHARTEVENTS,Recruit Breath,,,,,,1197,428,0,0,,,,,0.0,0.0,categorical,0.0224,0.9776,2.797
51501,mimiciii.LABEVENTS,Transitional Epithelial Cells,,Hematology,,30089-7,Urine,1192,1087,76,1192,#/hpf,1.0,1.5,309.2202,1.0,0.0638,mixed,0.0569,0.9431,1.097
1578,mimiciii.CHARTEVENTS,HI/Minute/Vol,,,,,,1192,35,1192,0,,10.0,18.0,25.8986,0.0,1.0,numeric,0.0018,0.9982,34.057
1492,mimiciii.CHARTEVENTS,High MV Alarm,,,,,,1190,23,1190,0,,10.0,20.0,25.0,0.0,1.0,numeric,0.0012,0.9988,51.739
227471,mimiciii.CHARTEVENTS,Specific Gravity (urine),Specific Gravity (urine),Labs,None,Numeric with tag,,1181,680,1181,0,,1.0,1.02,1.0485,0.0,1.0,numeric,0.0356,0.9644,1.737
30113,mimiciii.INPUTEVENTS_CV,Atracurium,,,,,,1162,9,714,716,mgkghr,0.0,0.2245,0.5,0.6162,0.6145,mixed,0.0005,0.9995,129.111
8464,mimiciii.CHARTEVENTS,Pressure Sore #2 [Length],,,,,,1158,226,0,0,,,,,0.0,0.0,categorical,0.0118,0.9882,5.124
606,mimiciii.CHARTEVENTS,Rec. Breath Pressure,,,,,,1145,408,877,0,,20.0,35.0,50.4025,0.0,0.7659,mixed,0.0213,0.9787,2.806
607,mimiciii.CHARTEVENTS,Rec.Breath Time(sec),,,,,,1142,410,855,0,,0.755,40.0,120.0,0.0,0.7487,mixed,0.0215,0.9785,2.785
226536,mimiciii.CHARTEVENTS,Chloride (whole blood),Chloride (whole blood),Labs,None,Numeric,,1131,550,1131,1131,mEq/L,90.3122,106.3391,119.3756,1.0,1.0,numeric,0.0288,0.9712,2.056
8372,mimiciii.CHARTEVENTS,Brachial Pulse [Left],,,,,,1123,62,0,0,,,,,0.0,0.0,categorical,0.0032,0.9968,18.113
8421,mimiciii.CHARTEVENTS,Inc #6 [Appearance],,,,,,1090,49,0,0,,,,,0.0,0.0,categorical,0.0026,0.9974,22.245
50889,mimiciii.LABEVENTS,C-Reactive Protein,,Chemistry,,1988-5,Blood,1083,853,1005,1083,mg/L,0.1597,23.8284,279.877,1.0,0.928,mixed,0.0446,0.9554,1.27
490,mimiciii.CHARTEVENTS,PAO2,,,,,,1082,908,1077,1082,mmHg,173.7624,316.9194,681.8973,1.0,0.9954,numeric,0.0475,0.9525,1.192
538,mimiciii.CHARTEVENTS,Pericard Drain Stat,,,,,,1081,98,0,0,,,,,0.0,0.0,categorical,0.0051,0.9949,11.031
367,mimiciii.CHARTEVENTS,ImpSkin Wound Base#6,,,,,,1078,64,0,0,,,,,0.0,0.0,categorical,0.0033,0.9967,16.844
51008,mimiciii.LABEVENTS,Valproic Acid,,Chemistry,,4086-5,Blood,1075,253,1020,1075,ug/mL,4.32,45.0584,207.7521,1.0,0.9488,mixed,0.0132,0.9868,4.249
8461,mimiciii.CHARTEVENTS,Pressure Sore #2 [Amount],,,,,,1072,155,0,0,,,,,0.0,0.0,categorical,0.0081,0.9919,6.916
220581,mimiciii.CHARTEVENTS,Amylase,Amylase,Labs,None,Numeric,,1067,397,1067,1067,IU/L,14.3711,60.3301,1126.1336,1.0,1.0,numeric,0.0208,0.9792,2.688
667,mimiciii.CHARTEVENTS,TCPCV Apnea Settings,,,,,,1067,62,0,0,,,,,0.0,0.0,categorical,0.0032,0.9968,17.21
41,mimiciii.CHARTEVENTS,Alarms Activated,,,,,,1060,84,0,0,,,,,0.0,0.0,categorical,0.0044,0.9956,12.619
108,mimiciii.CHARTEVENTS,CT #4 Crepitus,,,,,,1060,21,0,0,,,,,0.0,0.0,categorical,0.0011,0.9989,50.476
1738,mimiciii.CHARTEVENTS,high/min/vent,,,,,,1060,24,1060,0,,10.0,18.0,35.0,0.0,1.0,numeric,0.0013,0.9987,44.167
26,mimiciii.CHARTEVENTS,AaDO2,,,,,,1056,883,1050,1056,mmHg,20.5333,202.1055,616.0,1.0,0.9943,numeric,0.0462,0.9538,1.196
225672,mimiciii.CHARTEVENTS,Lipase,Lipase,Labs,None,Numeric,,1055,390,1055,1055,IU/L,8.0,40.748,1400.7671,1.0,1.0,numeric,0.0204,0.9796,2.705
78,mimiciii.CHARTEVENTS,Bladder Irrigation,,,,,,1044,86,0,0,,,,,0.0,0.0,categorical,0.0045,0.9955,12.14
225642,mimiciii.CHARTEVENTS,Differential-Monos,Differential-Monos,Labs,None,Numeric,,1039,600,1039,1039,%,0.0,4.0,11.211,1.0,1.0,numeric,0.0314,0.9686,1.732
225639,mimiciii.CHARTEVENTS,Differential-Basos,Differential-Basos,Labs,None,Numeric,,1039,600,1039,1039,%,0.0,0.1,1.0703,1.0,1.0,numeric,0.0314,0.9686,1.732
225641,mimiciii.CHARTEVENTS,Differential-Lymphs,Differential-Lymphs,Labs,None,Numeric,,1039,600,1039,1039,%,0.6373,9.716,36.9393,1.0,1.0,numeric,0.0314,0.9686,1.732
225643,mimiciii.CHARTEVENTS,Differential-Neuts,Differential-Neuts,Labs,None,Numeric,,1039,600,1039,1039,%,50.5273,82.5713,95.8616,1.0,1.0,numeric,0.0314,0.9686,1.732
225640,mimiciii.CHARTEVENTS,Differential-Eos,Differential-Eos,Labs,None,Numeric,,1039,600,1039,1039,%,0.0,0.5922,10.092,1.0,1.0,numeric,0.0314,0.9686,1.732
30105,mimiciii.INPUTEVENTS_CV,OR Platelets,,,,,,1033,489,0,0,,,,,0.0,0.0,categorical,0.0256,0.9744,2.112
351,mimiciii.CHARTEVENTS,ImpSkin #6 [Drain],,,,,,1027,59,0,0,,,,,0.0,0.0,categorical,0.0031,0.9969,17.407
50942,mimiciii.LABEVENTS,Hepatitis B Virus Core Antibody,,Chemistry,,5187-0,Blood,1023,957,0,0,,,,,0.0,0.0,categorical,0.0501,0.9499,1.069
50963,mimiciii.LABEVENTS,NTproBNP,,Chemistry,,33762-6,Blood,1007,861,980,1004,pg/mL,51.8667,4217.9333,56985.7291,0.997,0.9732,numeric,0.0451,0.9549,1.17
6282,mimiciii.CHARTEVENTS,Bed Rotation,,,,,,988,14,2,0,,25.0,25.0,25.0,0.0,0.002,categorical,0.0007,0.9993,70.571
223753,mimiciii.CHARTEVENTS,Riker-SAS Scale,Riker-SAS Scale,Pain/Sedation,,Text,,985,13,985,0,,1.0,4.0,6.0,0.0,1.0,numeric,0.0007,0.9993,75.769
50854,mimiciii.LABEVENTS,Absolute A1c,,Chemistry,,4548-4,Blood,984,913,1,0,,0.45,0.45,0.45,0.0,0.001,categorical,0.0478,0.9522,1.078
50855,mimiciii.LABEVENTS,Absolute Hemoglobin,,Chemistry,,718-7,Blood,984,913,1,0,,7.3,7.3,7.3,0.0,0.001,categorical,0.0478,0.9522,1.078
371,mimiciii.CHARTEVENTS,ImpSkin #4 [Width],,,,,,977,226,0,0,,,,,0.0,0.0,categorical,0.0118,0.9882,4.323
30027,mimiciii.INPUTEVENTS_CV,Magnesium Sulfate,,,,,,976,117,0,0,,,,,0.0,0.0,categorical,0.0061,0.9939,8.342
1616,mimiciii.CHARTEVENTS,High MV.,,,,,,967,28,966,0,,10.0,16.0,23.824,0.0,0.999,numeric,0.0015,0.9985,34.536
8487,mimiciii.CHARTEVENTS,Med Wasted [Amount],,,,,,945,627,861,0,,0.0,30.355,250.0,0.0,0.9111,mixed,0.0328,0.9672,1.507
225674,mimiciii.CHARTEVENTS,Mixed Venous O2% Sat,Mixed Venous O2% Sat,Labs,%,Numeric,,933,287,933,933,%,38.654,63.5663,93.082,1.0,1.0,numeric,0.015,0.985,3.251
30067,mimiciii.INPUTEVENTS_CV,HCL,,,,,,916,40,0,0,,,,,0.0,0.0,categorical,0.0021,0.9979,22.9
30094,mimiciii.INPUTEVENTS_CV,Other Blood Products,,,,,,915,100,0,0,,,,,0.0,0.0,categorical,0.0052,0.9948,9.15
30111,mimiciii.INPUTEVENTS_CV,Amicar,,,,,,913,29,530,550,gmhr,0.0,1.0,5.0,0.6024,0.5805,mixed,0.0015,0.9985,31.483
1526,mimiciii.CHARTEVENTS,D-Dimer,,Coags,,,,905,652,814,0,,325.96,3069.1597,9945.3403,0.0,0.8994,mixed,0.0341,0.9659,1.388
51103,mimiciii.LABEVENTS,Uhold,,Chemistry,,,Urine,901,875,0,0,,,,,0.0,0.0,categorical,0.0458,0.9542,1.03
266,mimiciii.CHARTEVENTS,INV Line#7 Zero/Cal,,,,,,900,40,0,0,,,,,0.0,0.0,categorical,0.0021,0.9979,22.5
30007,mimiciii.INPUTEVENTS_CV,Cryoprecipitate,,,,,,895,385,0,0,,,,,0.0,0.0,categorical,0.0201,0.9799,2.325
51458,mimiciii.LABEVENTS,"WBC, Pleural",,Hematology,,26467-1,Pleural,894,680,894,894,#/uL,0.0,367.0408,51849.7748,1.0,1.0,numeric,0.0356,0.9644,1.315
51446,mimiciii.LABEVENTS,Lymphocytes,,Hematology,,26481-2,Pleural,893,680,893,893,%,0.0,21.5638,93.0175,1.0,1.0,numeric,0.0356,0.9644,1.313
51455,mimiciii.LABEVENTS,Polys,,Hematology,,26519-9,Pleural,893,680,893,893,%,0.0,37.4337,99.0,1.0,1.0,numeric,0.0356,0.9644,1.313
51450,mimiciii.LABEVENTS,Monos,,Hematology,,33362-5,Pleural,893,680,893,893,%,0.0,6.0,59.64,1.0,1.0,numeric,0.0356,0.9644,1.313
46284,mimiciii.INPUTEVENTS_CV,Citrate,,Free Form Intake,,,,890,9,0,0,,,,,0.0,0.0,categorical,0.0005,0.9995,98.889
213,mimiciii.CHARTEVENTS,Heart Sounds,,,,,,883,123,0,0,,,,,0.0,0.0,categorical,0.0064,0.9936,7.179
40549,mimiciii.INPUTEVENTS_CV,protonix,,Free Form Intake,,,,883,24,0,0,,,,,0.0,0.0,categorical,0.0013,0.9987,36.792
8486,mimiciii.CHARTEVENTS,Initials (2 RNs) [RN #2],,,,,,879,602,0,0,,,,,0.0,0.0,categorical,0.0315,0.9685,1.46
566,mimiciii.CHARTEVENTS,PressSoreCleansing#3,,,,,,875,90,0,0,,,,,0.0,0.0,categorical,0.0047,0.9953,9.722
458,mimiciii.CHARTEVENTS,Nares [Right],,,,,,875,59,0,0,,,,,0.0,0.0,categorical,0.0031,0.9969,14.831
224080,mimiciii.CHARTEVENTS,Head of Bed,HOB,Treatments,,Text,,869,12,0,0,,,,,0.0,0.0,categorical,0.0006,0.9994,72.417
41101,mimiciii.INPUTEVENTS_CV,Protonix,,Free Form Intake,,,,869,21,0,0,,,,,0.0,0.0,categorical,0.0011,0.9989,41.381
51059,mimiciii.LABEVENTS,"Total Protein, Pleural",,Chemistry,,2882-9,Pleural,865,669,859,865,g/dL,0.4,2.232,5.9218,1.0,0.9931,numeric,0.035,0.965,1.293
486,mimiciii.CHARTEVENTS,Ostomy Care,,,,,,865,131,0,0,,,,,0.0,0.0,categorical,0.0069,0.9931,6.603
51457,mimiciii.LABEVENTS,"RBC, Pleural",,Hematology,,26456-4,Pleural,855,658,855,855,#/uL,0.0,2651.071,640450.3751,1.0,1.0,numeric,0.0344,0.9656,1.299
51054,mimiciii.LABEVENTS,"Lactate Dehydrogenase, Pleural",,Chemistry,,2530-4,Pleural,855,656,855,855,IU/L,36.275,177.5266,6470.6275,1.0,1.0,numeric,0.0343,0.9657,1.303
50814,mimiciii.LABEVENTS,Methemoglobin,,Blood Gas,,2614-6,Blood,852,712,825,852,%,0.0,0.6,34.0,1.0,0.9683,numeric,0.0373,0.9627,1.197
271,mimiciii.CHARTEVENTS,INV Line#8 [Type],,,,,,851,27,0,0,,,,,0.0,0.0,categorical,0.0014,0.9986,31.519
1336,mimiciii.CHARTEVENTS,Protonix,,,,,,845,24,756,0,,8.0,8.0,11.65,0.0,0.8947,mixed,0.0013,0.9987,35.208
511,mimiciii.CHARTEVENTS,PT Splint #4 [Location],,,,,,845,9,0,0,,,,,0.0,0.0,categorical,0.0005,0.9995,93.889
8453,mimiciii.CHARTEVENTS,PT Splint #4 [Status],,,,,,844,9,0,0,,,,,0.0,0.0,categorical,0.0005,0.9995,93.778
227468,mimiciii.CHARTEVENTS,Fibrinogen,Fibrinogen,Labs,None,Numeric with tag,,842,478,842,842,mg/dL,76.195,227.2692,934.5901,1.0,1.0,numeric,0.025,0.975,1.762
8399,mimiciii.CHARTEVENTS,INV Line#8 [Site],,,,,,842,25,0,0,,,,,0.0,0.0,categorical,0.0013,0.9987,33.68
809,mimiciii.CHARTEVENTS,Gentamycin/Random,,Drug Level,,,,840,316,736,0,,0.3,1.8897,11.133,0.0,0.8762,mixed,0.0165,0.9835,2.658
224085,mimiciii.CHARTEVENTS,Assistance Device,Assistance Device,Treatments,,Text,,836,12,0,0,,,,,0.0,0.0,categorical,0.0006,0.9994,69.667
1000,mimiciii.CHARTEVENTS,cisatricurium,,,,,,835,2,533,0,,1.5,20.0,30.0,0.0,0.6383,mixed,0.0001,0.9999,417.5
224082,mimiciii.CHARTEVENTS,Turn,Turn,Treatments,,Text,,828,12,0,0,,,,,0.0,0.0,categorical,0.0006,0.9994,69.0
224084,mimiciii.CHARTEVENTS,Activity,Activity,Treatments,,Text,,827,12,0,0,,,,,0.0,0.0,categorical,0.0006,0.9994,68.917
50805,mimiciii.LABEVENTS,Carboxyhemoglobin,,Blood Gas,,20563-3,Blood,819,726,803,819,%,0.0,1.0,7.0,1.0,0.9805,numeric,0.038,0.962,1.128
51116,mimiciii.LABEVENTS,Lymphocytes,,Hematology,,26482-0,Ascites,808,451,808,808,%,0.0,15.9167,92.34,1.0,1.0,numeric,0.0236,0.9764,1.792
51128,mimiciii.LABEVENTS,"WBC, Ascites",,Hematology,,26468-9,Ascites,808,451,808,808,#/uL,0.0,148.3333,36225.4792,1.0,1.0,numeric,0.0236,0.9764,1.792
51120,mimiciii.LABEVENTS,Monocytes,,Hematology,,26488-7,Ascites,808,451,808,808,%,0.0,9.25,82.23,1.0,1.0,numeric,0.0236,0.9764,1.792
51125,mimiciii.LABEVENTS,Polys,,Hematology,,26520-7,Ascites,808,451,808,808,%,0.0,25.6458,98.0,1.0,1.0,numeric,0.0236,0.9764,1.792
224093,mimiciii.CHARTEVENTS,Position,Position,Treatments,,Text,,808,12,0,0,,,,,0.0,0.0,categorical,0.0006,0.9994,67.333
805,mimiciii.CHARTEVENTS,FK506,,Drug Level,,,,807,185,760,0,,1.74,8.1074,29.1,0.0,0.9418,mixed,0.0097,0.9903,4.362
174,mimiciii.CHARTEVENTS,Emesis [Appearance],,,,,,806,325,0,0,,,,,0.0,0.0,categorical,0.017,0.983,2.48
6851,mimiciii.CHARTEVENTS,Rotation,,,,,,795,11,0,0,,,,,0.0,0.0,categorical,0.0006,0.9994,72.273
8413,mimiciii.CHARTEVENTS,ImpSkin #4 [Length],,,,,,791,176,0,0,,,,,0.0,0.0,categorical,0.0092,0.9908,4.494
224086,mimiciii.CHARTEVENTS,Activity Tolerance,Activity Tolerance,Treatments,,Text,,790,12,0,0,,,,,0.0,0.0,categorical,0.0006,0.9994,65.833
50994,mimiciii.LABEVENTS,Thyroxine (T4),,Chemistry,,3026-2,Blood,786,640,782,786,ug/dL,2.032,6.3014,17.3255,1.0,0.9949,numeric,0.0335,0.9665,1.228
575,mimiciii.CHARTEVENTS,Pressure Sore Odor#3,,,,,,785,79,0,0,,,,,0.0,0.0,categorical,0.0041,0.9959,9.937
51127,mimiciii.LABEVENTS,"RBC, Ascites",,Hematology,,26457-2,Ascites,784,437,784,784,#/uL,0.0,1023.6667,338880.5318,1.0,1.0,numeric,0.0229,0.9771,1.794
226105,mimiciii.CHARTEVENTS,Behavior,Behavior,Neurological,,Text,,780,13,0,0,,,,,0.0,0.0,categorical,0.0007,0.9993,60.0
51053,mimiciii.LABEVENTS,"Glucose, Pleural",,Chemistry,,2346-5,Pleural,777,618,777,777,mg/dL,0.0,120.8368,243.845,1.0,1.0,numeric,0.0323,0.9677,1.257
1702,mimiciii.CHARTEVENTS,GI#3 tube PlaceCheck,,,,,,776,48,0,0,,,,,0.0,0.0,categorical,0.0025,0.9975,16.167
695,mimiciii.CHARTEVENTS,Tract/Imm Location#3,,,,,,774,8,0,0,,,,,0.0,0.0,categorical,0.0004,0.9996,96.75
699,mimiciii.CHARTEVENTS,Traction/Immobile #3,,,,,,773,8,0,0,,,,,0.0,0.0,categorical,0.0004,0.9996,96.625
30134,mimiciii.INPUTEVENTS_CV,Reopro,,,,,,773,25,448,457,mcgkgmin,0.0,0.125,10.2,0.5912,0.5796,mixed,0.0013,0.9987,30.92
224651,mimiciii.CHARTEVENTS,Ectopy Frequency 1,Ectopy Frequency 1,Routine Vital Signs,,Text,,767,12,0,0,,,,,0.0,0.0,categorical,0.0006,0.9994,63.917
30108,mimiciii.INPUTEVENTS_CV,PACU Crystalloids,,,,,,764,411,0,0,,,,,0.0,0.0,categorical,0.0215,0.9785,1.859
792,mimiciii.CHARTEVENTS,Cyclosporin,,Drug Level,,,,763,127,722,0,,31.11,217.6157,1281.0801,0.0,0.9463,mixed,0.0066,0.9934,6.008
224642,mimiciii.CHARTEVENTS,Temperature Site,Temp Site,Routine Vital Signs,,Text,,763,12,0,0,,,,,0.0,0.0,categorical,0.0006,0.9994,63.583
8442,mimiciii.CHARTEVENTS,Nares [Left],,,,,,758,53,0,0,,,,,0.0,0.0,categorical,0.0028,0.9972,14.302
40552,mimiciii.INPUTEVENTS_CV,cisatricurium,,Free Form Intake,,,,751,4,0,0,,,,,0.0,0.0,categorical,0.0002,0.9998,187.75
220074,mimiciii.CHARTEVENTS,Central Venous Pressure,CVP,Hemodynamics,mmHg,Numeric,,747,7,747,747,mmHg,-1.1325,13.2645,345.325,1.0,1.0,numeric,0.0004,0.9996,106.714
556,mimiciii.CHARTEVENTS,PressSore Depth #2,,,,,,742,166,0,0,,,,,0.0,0.0,categorical,0.0087,0.9913,4.47
852,mimiciii.CHARTEVENTS,Tylenol,,Drug Level,,,,742,592,152,0,,5.002,14.75,703.6002,0.0,0.2049,mixed,0.031,0.969,1.253
227668,mimiciii.CHARTEVENTS,Side Rails_V2,Side Rails_V2,Restraint/Support Systems,,Text,,736,11,0,0,,,,,0.0,0.0,categorical,0.0006,0.9994,66.909
30014,mimiciii.INPUTEVENTS_CV,D5/.2NS,,,,,,733,32,0,0,,,,,0.0,0.0,categorical,0.0017,0.9983,22.906
501,mimiciii.CHARTEVENTS,PCV Exh Vt (Obser),,,,,,732,44,706,707,ml/B,200.45,529.9587,964.0101,0.9658,0.9645,numeric,0.0023,0.9977,16.636
223986,mimiciii.CHARTEVENTS,RUL Lung Sounds,RUL Lung Sounds,Pulmonary,,Text,,729,13,0,0,,,,,0.0,0.0,categorical,0.0007,0.9993,56.077
223988,mimiciii.CHARTEVENTS,LUL Lung Sounds,LUL Lung Sounds,Pulmonary,,Text,,724,13,0,0,,,,,0.0,0.0,categorical,0.0007,0.9993,55.692
223987,mimiciii.CHARTEVENTS,RLL Lung Sounds,RLL Lung Sounds,Pulmonary,,Text,,723,13,0,0,,,,,0.0,0.0,categorical,0.0007,0.9993,55.615
50930,mimiciii.LABEVENTS,Globulin,,Chemistry,,2336-6,Blood,721,637,721,721,g/dL,1.3907,2.7661,5.5738,1.0,1.0,numeric,0.0333,0.9667,1.132
223989,mimiciii.CHARTEVENTS,LLL Lung Sounds,LLL Lung Sounds,Pulmonary,,Text,,717,12,0,0,,,,,0.0,0.0,categorical,0.0006,0.9994,59.75
849,mimiciii.CHARTEVENTS,Total Protein(6.5-8),,Chemistry,,,,715,613,711,0,,3.3555,5.4298,8.6725,0.0,0.9944,numeric,0.0321,0.9679,1.166
30063,mimiciii.INPUTEVENTS_CV,IV Piggyback,,,,,,712,23,0,0,,,,,0.0,0.0,categorical,0.0012,0.9988,30.957
1599,mimiciii.CHARTEVENTS,HIGH MINUTE VENT.,,,,,,708,33,708,0,,11.54,15.0,26.0,0.0,1.0,numeric,0.0017,0.9983,21.455
51497,mimiciii.LABEVENTS,Renal Epithelial Cells,,Hematology,,26052-1,Urine,691,662,29,691,#/hpf,0.0,2.0,88.0,1.0,0.042,categorical,0.0346,0.9654,1.044
223781,mimiciii.CHARTEVENTS,Pain Present,Pain Present,Pain/Sedation,,Text,,690,12,0,0,,,,,0.0,0.0,categorical,0.0006,0.9994,57.5
30170,mimiciii.INPUTEVENTS_CV,Ampho-B_GU,,,,,,684,14,0,0,,,,,0.0,0.0,categorical,0.0007,0.9993,48.857
1566,mimiciii.CHARTEVENTS,high min vol,,,,,,683,28,683,0,,12.0,18.0,30.0,0.0,1.0,numeric,0.0015,0.9985,24.393
223795,mimiciii.CHARTEVENTS,Pain Assessment Method,Pain Assessment Method,Pain/Sedation,,Text,,672,12,0,0,,,,,0.0,0.0,categorical,0.0006,0.9994,56.0
226104,mimiciii.CHARTEVENTS,Level of Consciousness,Level of Consciousness,Neurological,,Text,,671,12,0,0,,,,,0.0,0.0,categorical,0.0006,0.9994,55.917
702,mimiciii.CHARTEVENTS,Transcut Pad Place,,,,,,670,81,0,0,,,,,0.0,0.0,categorical,0.0042,0.9958,8.272
225628,mimiciii.CHARTEVENTS,CK-MB fraction (%),CK-MB fraction (%),Labs,None,Numeric,,667,241,667,667,%,0.2,4.2715,18.315,1.0,1.0,numeric,0.0126,0.9874,2.768
50873,mimiciii.LABEVENTS,Anti-Nuclear Antibody,,Chemistry,,5047-6,Blood,666,611,0,0,,,,,0.0,0.0,categorical,0.032,0.968,1.09
970,mimiciii.CHARTEVENTS,TRACH CARE,,,,,,665,47,0,0,,,,,0.0,0.0,categorical,0.0025,0.9975,14.149
223898,mimiciii.CHARTEVENTS,Orientation,Orientation,Neurological,,Text,,663,13,0,0,,,,,0.0,0.0,categorical,0.0007,0.9993,51.0
223900,mimiciii.CHARTEVENTS,GCS - Verbal Response,Verbal Response,Neurological,,Text,,661,12,661,0,,1.0,1.0,5.0,0.0,1.0,numeric,0.0006,0.9994,55.083
220739,mimiciii.CHARTEVENTS,GCS - Eye Opening,Eye Opening,Neurological,,Text,,661,12,661,0,,1.0,4.0,4.0,0.0,1.0,numeric,0.0006,0.9994,55.083
223901,mimiciii.CHARTEVENTS,GCS - Motor Response,Motor Response,Neurological,,Text,,660,12,660,0,,1.0,6.0,6.0,0.0,1.0,numeric,0.0006,0.9994,55.0
224003,mimiciii.CHARTEVENTS,Abdominal Assessment,Abdominal Assessment,GI/GU,,Text,,650,12,0,0,,,,,0.0,0.0,categorical,0.0006,0.9994,54.167
223902,mimiciii.CHARTEVENTS,Speech,Speech,Neurological,,Text,,649,12,0,0,,,,,0.0,0.0,categorical,0.0006,0.9994,54.083
223999,mimiciii.CHARTEVENTS,Oral Cavity,Oral Cavity,GI/GU,,Text,,646,12,0,0,,,,,0.0,0.0,categorical,0.0006,0.9994,53.833
223903,mimiciii.CHARTEVENTS,Communication,Communication,Neurological,,Text,,645,12,0,0,,,,,0.0,0.0,categorical,0.0006,0.9994,53.75
223911,mimiciii.CHARTEVENTS,Spontaneous Movement,Spontaneous Movement,Neurological,,Text,,643,12,0,0,,,,,0.0,0.0,categorical,0.0006,0.9994,53.583
804,mimiciii.CHARTEVENTS,Ethanol,,Drug Level,,,,641,588,58,0,,0.8,83.0,383.08,0.0,0.0905,mixed,0.0308,0.9692,1.09
223792,mimiciii.CHARTEVENTS,Pain Management,Pain Management,Pain/Sedation,,Text,,637,11,0,0,,,,,0.0,0.0,categorical,0.0006,0.9994,57.909
223910,mimiciii.CHARTEVENTS,Follows Commands,Follows Commands,Neurological,,Text,,636,12,0,0,,,,,0.0,0.0,categorical,0.0006,0.9994,53.0
223754,mimiciii.CHARTEVENTS,Risk for Falls,Risk for Falls,Neurological,,Text,,636,12,0,0,,,,,0.0,0.0,categorical,0.0006,0.9994,53.0
224087,mimiciii.CHARTEVENTS,Therapeutic Bed,Therapeutic Bed,Treatments,,Text,,636,12,0,0,,,,,0.0,0.0,categorical,0.0006,0.9994,53.0
1659,mimiciii.CHARTEVENTS,high min vent,,,,,,633,24,633,0,,11.1383,17.0,28.0,0.0,1.0,numeric,0.0013,0.9987,26.375
51518,mimiciii.LABEVENTS,WBC Clumps,,Hematology,,,Urine,630,561,1,0,,0.0,0.0,0.0,0.0,0.0016,categorical,0.0294,0.9706,1.123
50975,mimiciii.LABEVENTS,Protein Electrophoresis,,Chemistry,,24351-9,Blood,628,596,0,0,,,,,0.0,0.0,categorical,0.0312,0.9688,1.054
50966,mimiciii.LABEVENTS,Phenobarbital,,Chemistry,,3947-9,Blood,623,128,570,623,ug/mL,3.94,27.6891,81.8,1.0,0.9149,mixed,0.0067,0.9933,4.867
224641,mimiciii.CHARTEVENTS,Alarms On,Alarms On,Alarms,,Checkbox,,621,13,621,0,,0.0,1.0,1.0,0.0,1.0,numeric,0.0007,0.9993,47.769
44306,mimiciii.INPUTEVENTS_CV,methadone,,Free Form Intake,,,,621,2,0,0,,,,,0.0,0.0,categorical,0.0001,0.9999,310.5
50965,mimiciii.LABEVENTS,Parathyroid Hormone,,Chemistry,,2731-8,Blood,619,518,606,619,pg/mL,7.56,102.0185,1435.4935,1.0,0.979,numeric,0.0271,0.9729,1.195
224168,mimiciii.CHARTEVENTS,Parameters Checked,Parameters Checked,Alarms,,Checkbox,,616,13,616,0,,1.0,1.0,1.0,0.0,1.0,numeric,0.0007,0.9993,47.385
274,mimiciii.CHARTEVENTS,INV Line#8SiteAppear,,,,,,613,26,0,0,,,,,0.0,0.0,categorical,0.0014,0.9986,23.577
50937,mimiciii.LABEVENTS,Hepatitis A Virus Antibody,,Chemistry,,5183-9,Blood,609,582,0,443,Pos/Neg,,,,0.7274,0.0,categorical,0.0305,0.9695,1.046
225684,mimiciii.CHARTEVENTS,Serum Osmolality,Serum Osmolality,Labs,None,Numeric,,609,107,609,609,mOsm/kg,271.3933,300.0988,338.8033,1.0,1.0,numeric,0.0056,0.9944,5.692
1658,mimiciii.CHARTEVENTS,driving pressure,,,,,,609,37,607,0,,6.0,20.0,45.0,0.0,0.9967,numeric,0.0019,0.9981,16.459
227461,mimiciii.CHARTEVENTS,Phenytoin (Dilantin),Phenytoin (Dilantin),Labs,None,Numeric with tag,,608,179,608,608,ug/mL,1.3773,9.7389,20.726,1.0,1.0,numeric,0.0094,0.9906,3.397
51513,mimiciii.LABEVENTS,Urine Specimen Type,,Hematology,,19159-3,Urine,607,554,0,0,,,,,0.0,0.0,categorical,0.029,0.971,1.096
224089,mimiciii.CHARTEVENTS,Anti Embolic Device,Anti Embolic Device,Treatments,,Text,,607,11,0,0,,,,,0.0,0.0,categorical,0.0006,0.9994,55.182
50857,mimiciii.LABEVENTS,Acetone,,Chemistry,,5567-3,Blood,606,470,1,0,,331.0,331.0,331.0,0.0,0.0017,categorical,0.0246,0.9754,1.289
6333,mimiciii.CHARTEVENTS,bed rotation,,,,,,605,9,3,0,,15.0,15.0,15.0,0.0,0.005,categorical,0.0005,0.9995,67.222
3223,mimiciii.CHARTEVENTS,Bedbath,,,,,,602,81,0,0,,,,,0.0,0.0,categorical,0.0042,0.9958,7.432
226168,mimiciii.CHARTEVENTS,Oral Care,Oral Care,Treatments,,Text,,601,13,0,0,,,,,0.0,0.0,categorical,0.0007,0.9993,46.231
224001,mimiciii.CHARTEVENTS,Diet Type,Diet Type,GI/GU,,Text,,600,12,0,0,,,,,0.0,0.0,categorical,0.0006,0.9994,50.0
224015,mimiciii.CHARTEVENTS,Urine Source,Urine Source,GI/GU,,Text,,600,12,0,0,,,,,0.0,0.0,categorical,0.0006,0.9994,50.0
854,mimiciii.CHARTEVENTS,Vancomycin/Peak,,Drug Level,,,,600,340,555,0,,6.23,27.118,70.395,0.0,0.925,mixed,0.0178,0.9822,1.765
51427,mimiciii.LABEVENTS,Lymphocytes,,Hematology,,11031-2,Other Body Fluid,595,513,593,595,%,0.0,6.9136,83.7133,1.0,0.9966,numeric,0.0268,0.9732,1.16
51431,mimiciii.LABEVENTS,Monos,,Hematology,,10330-9,Other Body Fluid,595,513,593,595,%,0.0,4.1975,76.7133,1.0,0.9966,numeric,0.0268,0.9732,1.16
51436,mimiciii.LABEVENTS,Polys,,Hematology,,26518-1,Other Body Fluid,595,513,593,595,%,0.0,60.3951,99.7133,1.0,0.9966,numeric,0.0268,0.9732,1.16
223916,mimiciii.CHARTEVENTS,Response to Stimuli (Type),Response to Stimuli (Type),Neurological,,Text,,593,12,0,0,,,,,0.0,0.0,categorical,0.0006,0.9994,49.417
1510,mimiciii.CHARTEVENTS,high Ve,,,,,,587,13,587,0,,12.0,16.2469,26.0,0.0,1.0,numeric,0.0007,0.9993,45.154
225158,mimiciii.INPUTEVENTS_MV,NaCl 0.9%,NaCl 0.9%,Fluids/Intake,mL,Solution,,587,17,573,573,mL/hour,0.6152,10.0149,810.1633,0.9761,0.9761,numeric,0.0009,0.9991,34.529
223905,mimiciii.CHARTEVENTS,Cough Reflex,Cough Reflex,Neurological,,Text,,586,12,0,0,,,,,0.0,0.0,categorical,0.0006,0.9994,48.833
51001,mimiciii.LABEVENTS,Triiodothyronine (T3),,Chemistry,,3053-6,Blood,585,460,562,585,ng/dL,30.12,65.75,293.8003,1.0,0.9607,numeric,0.0241,0.9759,1.272
30022,mimiciii.INPUTEVENTS_CV,Calcium Chloride,,,,,,584,11,0,0,,,,,0.0,0.0,categorical,0.0006,0.9994,53.091
41583,mimiciii.INPUTEVENTS_CV,pantoprazole,,Free Form Intake,,,,583,18,0,0,,,,,0.0,0.0,categorical,0.0009,0.9991,32.389
51439,mimiciii.LABEVENTS,"WBC, Other Fluid",,Hematology,,26466-3,Other Body Fluid,582,505,580,582,#/uL,0.0,10.6852,47383.3022,1.0,0.9966,numeric,0.0264,0.9736,1.152
223761,mimiciii.CHARTEVENTS,Temperature Fahrenheit,Temperature F,Routine Vital Signs,?F,Numeric,,582,12,582,582,?F,95.8,98.9302,102.736,1.0,1.0,numeric,0.0006,0.9994,48.5
2591,mimiciii.CHARTEVENTS,FENOLDOPAM MCG/KG/MN,,,,,,580,1,580,0,,0.05,0.3,0.3,0.0,1.0,numeric,0.0001,0.9999,580.0
224016,mimiciii.CHARTEVENTS,Urine Color,Urine Color,GI/GU,,Text,,580,12,0,0,,,,,0.0,0.0,categorical,0.0006,0.9994,48.333
223904,mimiciii.CHARTEVENTS,Gag Reflex,Gag Reflex,Neurological,,Text,,576,12,0,0,,,,,0.0,0.0,categorical,0.0006,0.9994,48.0
223985,mimiciii.CHARTEVENTS,Respiratory Pattern,Respiratory Pattern,Pulmonary,,Text,,574,12,0,0,,,,,0.0,0.0,categorical,0.0006,0.9994,47.833
30011,mimiciii.INPUTEVENTS_CV,Dextran 40,,,,,,574,13,0,0,,,,,0.0,0.0,categorical,0.0007,0.9993,44.154
223990,mimiciii.CHARTEVENTS,Respiratory Effort,Respiratory Effort,Pulmonary,,Text,,573,12,0,0,,,,,0.0,0.0,categorical,0.0006,0.9994,47.75
224004,mimiciii.CHARTEVENTS,Bowel Sounds,Bowel Sounds,GI/GU,,Text,,573,12,0,0,,,,,0.0,0.0,categorical,0.0006,0.9994,47.75
220949,mimiciii.INPUTEVENTS_MV,Dextrose 5%,Dextrose 5%,Fluids/Intake,mL,Solution,,573,14,383,383,mL/hour,1.0825,26.2295,252.791,0.6684,0.6684,mixed,0.0007,0.9993,40.929
224073,mimiciii.CHARTEVENTS,Education Topic,Education Topic,Restraint/Support Systems,,Text,,566,11,0,0,,,,,0.0,0.0,categorical,0.0006,0.9994,51.455
50927,mimiciii.LABEVENTS,Gamma Glutamyltransferase,,Chemistry,,2324-2,Blood,564,447,564,564,IU/L,13.14,217.0156,1970.3601,1.0,1.0,numeric,0.0234,0.9766,1.262
6541,mimiciii.CHARTEVENTS,methadone mg /hr,,,,,,563,1,563,0,,8.0,10.0,60.0,0.0,1.0,numeric,0.0001,0.9999,563.0
224026,mimiciii.CHARTEVENTS,Skin Integrity,Skin Integrity,Skin - Assessment,,Text,,557,12,0,0,,,,,0.0,0.0,categorical,0.0006,0.9994,46.417
51076,mimiciii.LABEVENTS,"Bicarbonate, Urine",,Chemistry,,1964-6,Urine,555,446,56,381,mEq/L,5.0,16.5,149.72,0.6865,0.1009,mixed,0.0233,0.9767,1.244
220274,mimiciii.CHARTEVENTS,PH (Venous),PH (Venous),Labs,None,Numeric,,550,291,550,550,units,7.16,7.39,7.53,1.0,1.0,numeric,0.0152,0.9848,1.89
383,mimiciii.CHARTEVENTS,Inc Cleansing #4,,,,,,550,153,0,0,,,,,0.0,0.0,categorical,0.008,0.992,3.595
51438,mimiciii.LABEVENTS,"RBC, Other Fluid",,Hematology,,26455-6,Other Body Fluid,543,469,541,543,#/uL,0.0,0.0,2805300.8771,1.0,0.9963,numeric,0.0245,0.9755,1.158
224027,mimiciii.CHARTEVENTS,Skin Temperature,Skin Temp,Skin - Assessment,,Text,,542,11,0,0,,,,,0.0,0.0,categorical,0.0006,0.9994,49.273
226732,mimiciii.CHARTEVENTS,O2 Delivery Device(s),O2 Delivery Device(s),Respiratory,,Text,,540,12,0,0,,,,,0.0,0.0,categorical,0.0006,0.9994,45.0
51292,mimiciii.LABEVENTS,Spherocytes,,Hematology,,802-9,Blood,537,399,0,0,,,,,0.0,0.0,categorical,0.0209,0.9791,1.346
523,mimiciii.CHARTEVENTS,Pain Level (Movemnt),,,,,,537,139,0,0,,,,,0.0,0.0,categorical,0.0073,0.9927,3.863
51269,mimiciii.LABEVENTS,Promyelocytes,,Hematology,,781-5,Blood,536,343,536,536,%,0.0,1.0,10.0,1.0,1.0,numeric,0.0179,0.9821,1.563
225638,mimiciii.CHARTEVENTS,Differential-Bands,Differential-Bands,Labs,None,Numeric,,536,340,536,536,%,0.0,0.0,36.0,1.0,1.0,numeric,0.0178,0.9822,1.576
51448,mimiciii.LABEVENTS,Mesothelial Cells,,Hematology,,30431-1,Pleural,535,453,535,535,%,0.85,4.3281,52.3,1.0,1.0,numeric,0.0237,0.9763,1.181
50944,mimiciii.LABEVENTS,HIV Antibody,,Chemistry,,5220-9,Blood,535,514,0,0,,,,,0.0,0.0,categorical,0.0269,0.9731,1.041
224028,mimiciii.CHARTEVENTS,Skin Color,Skin Color,Skin - Assessment,,Text,,535,11,0,0,,,,,0.0,0.0,categorical,0.0006,0.9994,48.636
1621,mimiciii.CHARTEVENTS,High/Min/Vent,,,,,,532,11,532,0,,12.0,18.0,30.0,0.0,1.0,numeric,0.0006,0.9994,48.364
224065,mimiciii.CHARTEVENTS,Circulation/Skin Integrity,Circulation/Skin Integrity,Restraint/Support Systems,,Text,,532,11,0,0,,,,,0.0,0.0,categorical,0.0006,0.9994,48.364
227663,mimiciii.CHARTEVENTS,Immobilizer,Immobilizer,Restraint/Support Systems,,Text,,530,11,0,0,,,,,0.0,0.0,categorical,0.0006,0.9994,48.182
1539,mimiciii.CHARTEVENTS,Total Protein,,Chemistry,,,,523,464,522,0,,3.4,5.5,8.984,0.0,0.9981,numeric,0.0243,0.9757,1.127
7027,mimiciii.CHARTEVENTS,vacuum,,,,,,523,3,523,0,,40.0,84.0,90.0,0.0,1.0,numeric,0.0002,0.9998,174.333
224876,mimiciii.CHARTEVENTS,Urine Appearance,Urine Appearance,GI/GU,,Text,,521,12,0,0,,,,,0.0,0.0,categorical,0.0006,0.9994,43.417
835,mimiciii.CHARTEVENTS,Sed Rate,,Hematology,,,,520,454,517,0,,0.0,47.0313,147.33,0.0,0.9942,numeric,0.0238,0.9762,1.145
225054,mimiciii.CHARTEVENTS,Anti Embolic Device Status,Anti Embolic Device Status,Treatments,,Text,,510,11,0,0,,,,,0.0,0.0,categorical,0.0006,0.9994,46.364
50835,mimiciii.LABEVENTS,"Albumin, Ascites",,Chemistry,,1749-1,Ascites,509,333,194,509,g/dL,0.344,1.4833,3.956,1.0,0.3811,mixed,0.0174,0.9826,1.529
224860,mimiciii.CHARTEVENTS,Skin Condition,Skin Condition,Skin - Assessment,,Text,,508,11,0,0,,,,,0.0,0.0,categorical,0.0006,0.9994,46.182
227681,mimiciii.CHARTEVENTS,Less Restrictive Measures_V1,Less Restrictive Measures,Restraint/Support Systems,,Text,,501,10,0,0,,,,,0.0,0.0,categorical,0.0005,0.9995,50.1
227516,mimiciii.CHARTEVENTS,PO2 (Mixed Venous),PO2 (Mixed Venous),Labs,mmHg,Numeric,,501,213,501,501,mmHg,24.0,36.0,135.3301,1.0,1.0,numeric,0.0111,0.9889,2.352
223934,mimiciii.CHARTEVENTS,Dorsal PedPulse R,Dorsal PedPulse R,Cardiovascular (Pulses),,Text,,500,12,0,0,,,,,0.0,0.0,categorical,0.0006,0.9994,41.667
3098,mimiciii.CHARTEVENTS,hi mv,,,,,,499,7,499,0,,10.0,17.8163,25.0,0.0,1.0,numeric,0.0004,0.9996,71.286
51118,mimiciii.LABEVENTS,Mesothelial Cell,,Hematology,,30432-9,Ascites,495,295,495,495,%,1.0,4.0,41.55,1.0,1.0,numeric,0.0154,0.9846,1.678
224756,mimiciii.CHARTEVENTS,Response,Response,Neurological,,Text,,495,12,0,0,,,,,0.0,0.0,categorical,0.0006,0.9994,41.25
6330,mimiciii.CHARTEVENTS,Bed rotation,,,,,,493,7,0,0,,,,,0.0,0.0,categorical,0.0004,0.9996,70.429
8427,mimiciii.CHARTEVENTS,Inc #6 [Amount],,,,,,491,40,0,0,,,,,0.0,0.0,categorical,0.0021,0.9979,12.275
223835,mimiciii.CHARTEVENTS,Inspired O2 Fraction,FiO2,Respiratory,None,Numeric,,490,11,490,0,,30.0,40.0,100.0,0.0,1.0,numeric,0.0006,0.9994,44.545
30148,mimiciii.INPUTEVENTS_CV,Narcan,,,,,,490,22,308,320,mcgkgmin,0.0,0.034,1.0,0.6531,0.6286,mixed,0.0012,0.9988,22.273
51117,mimiciii.LABEVENTS,Macrophage,,Hematology,,40517-5,Ascites,488,297,488,488,%,1.0,15.8776,90.62,1.0,1.0,numeric,0.0155,0.9845,1.643
224088,mimiciii.CHARTEVENTS,Pressure Reducing Device,Pressure Reducing Device,Treatments,,Text,,488,12,0,0,,,,,0.0,0.0,categorical,0.0006,0.9994,40.667
223943,mimiciii.CHARTEVENTS,Dorsal PedPulse L,Dorsal PedPulse L,Cardiovascular (Pulses),,Text,,480,12,0,0,,,,,0.0,0.0,categorical,0.0006,0.9994,40.0
224031,mimiciii.CHARTEVENTS,Edema Location,Edema Location,Skin - Incisions,,Text,,480,12,0,0,,,,,0.0,0.0,categorical,0.0006,0.9994,40.0
51098,mimiciii.LABEVENTS,"Prot. Electrophoresis, Urine",,Chemistry,,13438-7,Urine,479,446,0,453,+/-,,,,0.9457,0.0,categorical,0.0233,0.9767,1.074
51505,mimiciii.LABEVENTS,Uric Acid Crystals,,Hematology,,5817-2,Urine,478,422,0,0,,,,,0.0,0.0,categorical,0.0221,0.9779,1.133
223849,mimiciii.CHARTEVENTS,Ventilator Mode,Ventilator Mode,Respiratory,,Text,,478,12,478,0,,0.0,11.0,52.44,0.0,1.0,numeric,0.0006,0.9994,39.833
51447,mimiciii.LABEVENTS,Macrophages,,Hematology,,40520-9,Pleural,477,404,477,477,%,1.0,10.6939,85.38,1.0,1.0,numeric,0.0211,0.9789,1.181
223991,mimiciii.CHARTEVENTS,Cough Effort,Cough Effort,Pulmonary,,Text,,476,12,0,0,,,,,0.0,0.0,categorical,0.0006,0.9994,39.667
1982,mimiciii.CHARTEVENTS,HIGH MV ALARM,,,,,,473,5,473,0,,10.0,18.0,25.0,0.0,1.0,numeric,0.0003,0.9997,94.6
2059,mimiciii.CHARTEVENTS,Driving pressure,,,,,,472,17,472,0,,10.0,26.0,38.0,0.0,1.0,numeric,0.0009,0.9991,27.765
5727,mimiciii.CHARTEVENTS,Hi MV,,,,,,472,15,471,0,,12.0,16.8571,24.0,0.0,0.9979,numeric,0.0008,0.9992,31.467
50849,mimiciii.LABEVENTS,"Total Protein, Ascites",,Chemistry,,2883-7,Ascites,470,310,462,470,g/dL,0.2,1.2786,5.964,1.0,0.983,numeric,0.0162,0.9838,1.516
227341,mimiciii.CHARTEVENTS,History of falling (within 3 mnths),History of falling (within 3 mnths)*,Restraint/Support Systems,,Text,,470,12,470,0,,0.0,0.0,25.0,0.0,1.0,numeric,0.0006,0.9994,39.167
227375,mimiciii.CHARTEVENTS,Daily Wake Up,Daily Wake Up,Pain/Sedation,,Text,,467,11,0,0,,,,,0.0,0.0,categorical,0.0006,0.9994,42.455
223907,mimiciii.CHARTEVENTS,Pupil Size Right,Pupil Size Right,Neurological,,Text,,464,10,0,0,,,,,0.0,0.0,categorical,0.0005,0.9995,46.4
227342,mimiciii.CHARTEVENTS,Secondary diagnosis,Secondary diagnosis,Restraint/Support Systems,,Text,,463,12,463,0,,0.0,15.0,15.0,0.0,1.0,numeric,0.0006,0.9994,38.583
30057,mimiciii.INPUTEVENTS_CV,Supplement,,,,,,462,19,0,0,,,,,0.0,0.0,categorical,0.001,0.999,24.316
50950,mimiciii.LABEVENTS,Immunoglobulin G,,Chemistry,,2465-3,Blood,461,427,461,461,mg/dL,210.21,964.4694,5576.626,1.0,1.0,numeric,0.0223,0.9777,1.08
372,mimiciii.CHARTEVENTS,ImpSkin #5 [Width],,,,,,460,95,0,0,,,,,0.0,0.0,categorical,0.005,0.995,4.842
227121,mimiciii.CHARTEVENTS,Pupil Response Right,Pupil Response R,Neurological,,Text,,460,10,0,0,,,,,0.0,0.0,categorical,0.0005,0.9995,46.0
220339,mimiciii.CHARTEVENTS,PEEP set,PEEP set,Respiratory,cmH2O,Numeric,,460,11,460,460,cmH2O,0.0,5.0,23.0,1.0,1.0,numeric,0.0006,0.9994,41.818
224054,mimiciii.CHARTEVENTS,Braden Sensory Perception,Braden Sensory Perception,Skin - Assessment,,Text,,459,12,459,0,,1.0,3.0,4.0,0.0,1.0,numeric,0.0006,0.9994,38.25
50831,mimiciii.LABEVENTS,pH,,Blood Gas,,2748-2,Other Body Fluid,458,385,455,311,units,6.6305,7.4551,8.5,0.679,0.9934,numeric,0.0201,0.9799,1.19
224058,mimiciii.CHARTEVENTS,Braden Nutrition,Braden Nutrition,Skin - Assessment,,Text,,458,12,458,0,,1.0,2.0,3.0,0.0,1.0,numeric,0.0006,0.9994,38.167
224055,mimiciii.CHARTEVENTS,Braden Moisture,Braden Moisture,Skin - Assessment,,Text,,458,12,458,0,,2.0,3.0,4.0,0.0,1.0,numeric,0.0006,0.9994,38.167
224057,mimiciii.CHARTEVENTS,Braden Mobility,Braden Mobility,Skin - Assessment,,Text,,458,12,458,0,,1.0,2.0,3.0,0.0,1.0,numeric,0.0006,0.9994,38.167
50968,mimiciii.LABEVENTS,"Phenytoin, Free",,Chemistry,,3969-3,Blood,457,195,414,457,ug/mL,0.528,1.8722,3.8,1.0,0.9059,mixed,0.0102,0.9898,2.344
224059,mimiciii.CHARTEVENTS,Braden Friction/Shear,Braden Friction/Shear,Skin - Assessment,,Text,,457,12,457,0,,1.0,2.0,3.0,0.0,1.0,numeric,0.0006,0.9994,38.083
227345,mimiciii.CHARTEVENTS,Gait/Transferring,Gait/Transferring,Restraint/Support Systems,,Text,,457,12,457,0,,0.0,0.0,20.0,0.0,1.0,numeric,0.0006,0.9994,38.083
227344,mimiciii.CHARTEVENTS,IV/Saline lock,IV/Saline lock,Restraint/Support Systems,,Text,,457,12,457,0,,0.0,20.0,20.0,0.0,1.0,numeric,0.0006,0.9994,38.083
3,mimiciii.CHARTEVENTS,ABI (R),,,,,,456,246,203,214,.,0.3336,0.8827,1.5,0.4693,0.4452,mixed,0.0129,0.9871,1.854
224056,mimiciii.CHARTEVENTS,Braden Activity,Braden Activity,Skin - Assessment,,Text,,456,12,456,0,,1.0,1.0,2.0,0.0,1.0,numeric,0.0006,0.9994,38.0
224733,mimiciii.CHARTEVENTS,Pupil Size Left,Pupil Size Left,Neurological,,Text,,456,10,0,0,,,,,0.0,0.0,categorical,0.0005,0.9995,45.6
5,mimiciii.CHARTEVENTS,ABI Brachial BP [Right],,,,,,455,245,208,213,mmHg,63.16,104.0556,164.2,0.4681,0.4571,mixed,0.0128,0.9872,1.857
563,mimiciii.CHARTEVENTS,Pressure Sore #3 [Width],,,,,,454,76,0,0,,,,,0.0,0.0,categorical,0.004,0.996,5.974
224032,mimiciii.CHARTEVENTS,Impaired Skin Site #1,Site #1,Skin - Impairment,,Text,,453,10,0,0,,,,,0.0,0.0,categorical,0.0005,0.9995,45.3
51134,mimiciii.LABEVENTS,Acanthocytes,,Hematology,,7789-1,Blood,452,380,0,0,,,,,0.0,0.0,categorical,0.0199,0.9801,1.189
227346,mimiciii.CHARTEVENTS,Mental status,Mental status,Restraint/Support Systems,,Text,,452,12,452,0,,0.0,15.0,15.0,0.0,1.0,numeric,0.0006,0.9994,37.667
220047,mimiciii.CHARTEVENTS,Heart Rate Alarm - Low,HR Alarm - Low,Alarms,bpm,Numeric,,452,13,452,452,bpm,40.0,50.0,75.0,1.0,1.0,numeric,0.0007,0.9993,34.769
405,mimiciii.CHARTEVENTS,Inc/Wound Packing #2,,,,,,452,110,0,0,,,,,0.0,0.0,categorical,0.0058,0.9942,4.109
4,mimiciii.CHARTEVENTS,ABI Ankle BP [Right],,,,,,452,244,206,211,mmHg,39.28,94.8333,175.52,0.4668,0.4558,mixed,0.0128,0.9872,1.852
227455,mimiciii.CHARTEVENTS,Vancomycin (Trough),Vancomycin (Trough),Labs,None,Numeric with tag,,451,181,451,451,ug/mL,2.303,18.4837,47.992,1.0,1.0,numeric,0.0095,0.9905,2.492
227288,mimiciii.CHARTEVENTS,Pupil Response Left,Pupil Response L,Neurological,,Text,,451,10,0,0,,,,,0.0,0.0,categorical,0.0005,0.9995,45.1
223918,mimiciii.CHARTEVENTS,RL Strength/Movement,RL Strength/Movement,Neurological,,Text,,451,11,0,0,,,,,0.0,0.0,categorical,0.0006,0.9994,41.0
223917,mimiciii.CHARTEVENTS,RU Strength/Movement,RU Strength/Movement,Neurological,,Text,,451,11,0,0,,,,,0.0,0.0,categorical,0.0006,0.9994,41.0
220046,mimiciii.CHARTEVENTS,Heart rate Alarm - High,HR Alarm - High,Alarms,bpm,Numeric,,450,13,450,450,bpm,100.0,120.0,150.0,1.0,1.0,numeric,0.0007,0.9993,34.615
51046,mimiciii.LABEVENTS,"Albumin, Pleural",,Chemistry,,1748-3,Pleural,449,370,303,449,g/dL,0.553,1.4875,3.041,1.0,0.6748,mixed,0.0194,0.9806,1.214
223919,mimiciii.CHARTEVENTS,LU Strength/Movement,LU Strength/Movement,Neurological,,Text,,449,11,0,0,,,,,0.0,0.0,categorical,0.0006,0.9994,40.818
224023,mimiciii.CHARTEVENTS,Support Systems,Support Systems,Restraint/Support Systems,,Text,,449,12,0,0,,,,,0.0,0.0,categorical,0.0006,0.9994,37.417
227343,mimiciii.CHARTEVENTS,Ambulatory aid,Ambulatory aid,Restraint/Support Systems,,Text,,448,12,448,0,,0.0,0.0,0.0,0.0,1.0,numeric,0.0006,0.9994,37.333
223770,mimiciii.CHARTEVENTS,O2 Saturation Pulseoxymetry Alarm - Low,SpO2 Alarm - Low,Alarms,%,Numeric,,448,12,448,448,%,79.9,90.0,93.0,1.0,1.0,numeric,0.0006,0.9994,37.333
224687,mimiciii.CHARTEVENTS,Minute Volume,Minute Volume,Respiratory,L/min,Numeric,,447,11,447,447,L/min,5.188,11.2839,26.563,1.0,1.0,numeric,0.0006,0.9994,40.636
224226,mimiciii.CHARTEVENTS,Impaired Skin Wound Base #1,Site/Wound Base #1,Skin - Impairment,,Text,,446,9,0,0,,,,,0.0,0.0,categorical,0.0005,0.9995,49.556
223769,mimiciii.CHARTEVENTS,O2 Saturation Pulseoxymetry Alarm - High,SpO2 Alarm - High,Alarms,%,Numeric,,445,12,445,445,%,100.0,100.0,100.0,1.0,1.0,numeric,0.0006,0.9994,37.083
1418,mimiciii.CHARTEVENTS,multipodus boots,,,,,,445,22,0,0,,,,,0.0,0.0,categorical,0.0012,0.9988,20.227
224162,mimiciii.CHARTEVENTS,Resp Alarm - Low,Resp Alarm - Low,Alarms,insp/min,Numeric,,445,12,445,445,insp/min,6.0,8.0,8.0,1.0,1.0,numeric,0.0006,0.9994,37.083
224161,mimiciii.CHARTEVENTS,Resp Alarm - High,Resp Alarm - High,Alarms,insp/min,Numeric,,444,12,444,444,insp/min,30.0,35.0,50.0,1.0,1.0,numeric,0.0006,0.9994,37.0
227662,mimiciii.CHARTEVENTS,Patient/Family Informed_V2,Patient/Family Informed_V2,Restraint/Support Systems,,Text,,443,11,0,0,,,,,0.0,0.0,categorical,0.0006,0.9994,40.273
224038,mimiciii.CHARTEVENTS,Impaired Skin Treatment #1,Site Treatment #1,Skin - Impairment,,Text,,443,10,0,0,,,,,0.0,0.0,categorical,0.0005,0.9995,44.3
826,mimiciii.CHARTEVENTS,Phenobarbital,,Drug Level,,,,443,86,408,0,,4.216,29.1167,81.8,0.0,0.921,mixed,0.0045,0.9955,5.151
223920,mimiciii.CHARTEVENTS,LL Strength/Movement,LL Strength/Movement,Neurological,,Text,,443,11,0,0,,,,,0.0,0.0,categorical,0.0006,0.9994,40.273
224697,mimiciii.CHARTEVENTS,Mean Airway Pressure,Mean Airway Pressure,Respiratory,cmH2O,Numeric,,441,11,441,441,cmH2O,1.82,9.0,32.0,1.0,1.0,numeric,0.0006,0.9994,40.091
2,mimiciii.CHARTEVENTS,ABI (L),,,,,,440,242,200,203,.,0.3682,0.8788,1.3014,0.4614,0.4545,mixed,0.0127,0.9873,1.818
30175,mimiciii.INPUTEVENTS_CV,Alcohol 10%,,,,,,439,7,229,229,gmhr,0.0,1.5,10.0,0.5216,0.5216,mixed,0.0004,0.9996,62.714
30098,mimiciii.INPUTEVENTS_CV,D5 Aminosyn 3.5%,,,,,,438,17,0,0,,,,,0.0,0.0,categorical,0.0009,0.9991,25.765
343,mimiciii.CHARTEVENTS,Imp Skin Cleanse #6,,,,,,436,53,0,0,,,,,0.0,0.0,categorical,0.0028,0.9972,8.226
45381,mimiciii.INPUTEVENTS_CV,replete with fiber,,Free Form Intake,,,,436,5,0,0,,,,,0.0,0.0,categorical,0.0003,0.9997,87.2
1513,mimiciii.CHARTEVENTS,Hi Min Vol,,,,,,434,9,434,0,,12.0,16.8333,20.0,0.0,1.0,numeric,0.0005,0.9995,48.222
41193,mimiciii.INPUTEVENTS_CV,cyclosporine,,Free Form Intake,,,,429,6,0,0,,,,,0.0,0.0,categorical,0.0003,0.9997,71.5
226253,mimiciii.CHARTEVENTS,SpO2 Desat Limit,SpO2 Desat Limit,Alarms,%,Numeric,,428,12,428,428,%,80.0,85.0,90.0,1.0,1.0,numeric,0.0006,0.9994,35.667
224565,mimiciii.CHARTEVENTS,Surrounding Tissue #1,Surrounding Tissue #1,Skin - Impairment,,Text,,428,9,0,0,,,,,0.0,0.0,categorical,0.0005,0.9995,47.556
8465,mimiciii.CHARTEVENTS,Pressure Sore #3 [Length],,,,,,428,74,0,0,,,,,0.0,0.0,categorical,0.0039,0.9961,5.784
227664,mimiciii.CHARTEVENTS,Immobilizer Device,Immobilizer Device,Restraint/Support Systems,,Text,,427,10,0,0,,,,,0.0,0.0,categorical,0.0005,0.9995,42.7
224561,mimiciii.CHARTEVENTS,Impaired Skin Type #1,Type #1,Skin - Impairment,,Text,,425,10,0,0,,,,,0.0,0.0,categorical,0.0005,0.9995,42.5
2052,mimiciii.CHARTEVENTS,Nicardipine,,,,,,424,3,424,0,,0.0,5.4444,14.0,0.0,1.0,numeric,0.0002,0.9998,141.333
44107,mimiciii.INPUTEVENTS_CV,Acetylcysteine,,Free Form Intake,,,,424,6,0,0,,,,,0.0,0.0,categorical,0.0003,0.9997,70.667
63,mimiciii.CHARTEVENTS,BIPAP - BPM,,,,,,423,137,365,369,bpm,0.0,12.0,30.0,0.8723,0.8629,mixed,0.0072,0.9928,3.088
224685,mimiciii.CHARTEVENTS,Tidal Volume (observed),Tidal Volume (observed),Respiratory,mL,Numeric,,421,11,421,421,mL,40.47,534.4007,864.5302,1.0,1.0,numeric,0.0006,0.9994,38.273
224785,mimiciii.CHARTEVENTS,GI #1 Tube Type,GI #1 Tube Type,GI/GU,,Text,,421,12,0,0,,,,,0.0,0.0,categorical,0.0006,0.9994,35.083
220293,mimiciii.CHARTEVENTS,Minute Volume Alarm - High,MV Alarm - High,Alarms,L/min,Numeric,,419,11,419,419,L/min,16.0,20.0,40.0,1.0,1.0,numeric,0.0006,0.9994,38.091
30003,mimiciii.INPUTEVENTS_CV,Aminophylline,,,,,,419,4,218,224,mgkghr,0.2281,0.2855,45.0,0.5346,0.5203,mixed,0.0002,0.9998,104.75
220292,mimiciii.CHARTEVENTS,Minute Volume Alarm - Low,MV Alarm - Low,Alarms,L/min,Numeric,,418,11,418,418,L/min,2.0,4.0,9.0,1.0,1.0,numeric,0.0006,0.9994,38.0
224017,mimiciii.CHARTEVENTS,GU Catheter Size,GU Catheter Size,GI/GU,,Text,,418,9,0,0,,,,,0.0,0.0,categorical,0.0005,0.9995,46.444
223876,mimiciii.CHARTEVENTS,Apnea Interval,Apnea Interval,Respiratory,sec,Numeric,,418,11,418,418,sec,20.0,20.0,40.0,1.0,1.0,numeric,0.0006,0.9994,38.0
224007,mimiciii.CHARTEVENTS,GI #1 Intub Site,GI #1 Intub Site,GI/GU,,Text,,416,12,0,0,,,,,0.0,0.0,categorical,0.0006,0.9994,34.667
223873,mimiciii.CHARTEVENTS,Paw High,Paw High,Respiratory,cmH2O,Numeric,,416,11,416,416,cmH2O,25.0,35.0,60.0,1.0,1.0,numeric,0.0006,0.9994,37.818
50969,mimiciii.LABEVENTS,"Phenytoin, Percent Free",,Chemistry,,10548-6,Blood,413,190,413,413,%,8.0,18.625,57.48,1.0,1.0,numeric,0.0099,0.9901,2.174
224000,mimiciii.CHARTEVENTS,Nares R,Nares R,GI/GU,,Text,,413,9,0,0,,,,,0.0,0.0,categorical,0.0005,0.9995,45.889
2454,mimiciii.CHARTEVENTS,CISATRA MCG/KG/MIN,,,,,,413,2,413,0,,1.5,5.0,8.0,0.0,1.0,numeric,0.0001,0.9999,206.5
224067,mimiciii.CHARTEVENTS,Range of Motion,Range of Motion,Restraint/Support Systems,,Text,,410,11,0,0,,,,,0.0,0.0,categorical,0.0006,0.9994,37.273
224879,mimiciii.CHARTEVENTS,Nares L,Nares L,GI/GU,,Text,,409,9,0,0,,,,,0.0,0.0,categorical,0.0005,0.9995,45.444
51148,mimiciii.LABEVENTS,Blasts,,Hematology,,708-8,Blood,407,91,407,407,%,0.0,12.1389,95.0,1.0,1.0,numeric,0.0048,0.9952,4.473
45597,mimiciii.INPUTEVENTS_CV,REPLETE WITH FIBER,,Free Form Intake,,,,407,3,0,0,,,,,0.0,0.0,categorical,0.0002,0.9998,135.667
133,mimiciii.CHARTEVENTS,Cont.Nebulizer(Drug),,,,,,406,99,0,0,,,,,0.0,0.0,categorical,0.0052,0.9948,4.101
1551,mimiciii.CHARTEVENTS,high MV,,,,,,404,19,403,0,,10.0,17.75,25.0,0.0,0.9975,numeric,0.001,0.999,21.263
41848,mimiciii.INPUTEVENTS_CV,Mucomyst,,Free Form Intake,,,,404,8,0,0,,,,,0.0,0.0,categorical,0.0004,0.9996,50.5
224259,mimiciii.CHARTEVENTS,Impaired Skin Drainage #1,Site Drainage #1,Skin - Impairment,,Text,,400,10,0,0,,,,,0.0,0.0,categorical,0.0005,0.9995,40.0
223874,mimiciii.CHARTEVENTS,Vti High,Vti High,Respiratory,mL,Numeric,,400,11,400,400,mL,1.4,1.95,2000.0,1.0,1.0,numeric,0.0006,0.9994,36.364
447,mimiciii.CHARTEVENTS,Minimal Leak Present,,,,,,399,251,0,0,,,,,0.0,0.0,categorical,0.0131,0.9869,1.59
225185,mimiciii.CHARTEVENTS,Skin Care,Skin Care,Treatments,,Checkbox,,399,12,399,0,,1.0,1.0,1.0,0.0,1.0,numeric,0.0006,0.9994,33.25
1054,mimiciii.CHARTEVENTS,protonix,,,,,,398,15,272,0,,0.0,8.0,8.0,0.0,0.6834,mixed,0.0008,0.9992,26.533
224689,mimiciii.CHARTEVENTS,Respiratory Rate (spontaneous),Respiratory Rate (spontaneous),Respiratory,insp/min,Numeric,,396,11,396,396,insp/min,0.0,20.0,42.54,1.0,1.0,numeric,0.0006,0.9994,36.0
5630,mimiciii.CHARTEVENTS,DRIVING PRESSURE,,,,,,395,12,394,0,,10.0,20.0,28.0,0.0,0.9975,numeric,0.0006,0.9994,32.917
227666,mimiciii.CHARTEVENTS,Immobilizer Location,Immobilizer Location,Restraint/Support Systems,,Text,,394,10,0,0,,,,,0.0,0.0,categorical,0.0005,0.9995,39.4
224695,mimiciii.CHARTEVENTS,Peak Insp. Pressure,Peak Insp. Pressure,Respiratory,cmH2O,Numeric,,394,10,394,394,cmH2O,0.44,17.1667,56.56,1.0,1.0,numeric,0.0005,0.9995,39.4
224373,mimiciii.CHARTEVENTS,Sputum Amount,Sputum Amount,Respiratory,,Text,,392,11,0,0,,,,,0.0,0.0,categorical,0.0006,0.9994,35.636
224372,mimiciii.CHARTEVENTS,Sputum Source,Sputum Source,Respiratory,,Text,,392,11,0,0,,,,,0.0,0.0,categorical,0.0006,0.9994,35.636
8462,mimiciii.CHARTEVENTS,Pressure Sore #3 [Amount],,,,,,392,58,0,0,,,,,0.0,0.0,categorical,0.003,0.997,6.759
51095,mimiciii.LABEVENTS,"Phosphate, Urine",,Chemistry,,2778-9,Urine,388,340,366,388,mg/dL,0.0,32.0,216.1081,1.0,0.9433,mixed,0.0178,0.9822,1.141
2129,mimiciii.CHARTEVENTS,Driving Pressure,,,,,,388,26,388,0,,13.0,22.0,40.0,0.0,1.0,numeric,0.0014,0.9986,14.923
223780,mimiciii.CHARTEVENTS,Daily Wake Up Deferred,Daily Wake Up Deferred,Pain/Sedation,,Text,,388,10,0,0,,,,,0.0,0.0,categorical,0.0005,0.9995,38.8
8405,mimiciii.CHARTEVENTS,ImpSkin #6 [Amount],,,,,,385,41,0,0,,,,,0.0,0.0,categorical,0.0021,0.9979,9.39
30129,mimiciii.INPUTEVENTS_CV,Pancuronium,,,,,,382,9,255,258,mgkghr,0.0,0.0333,0.1975,0.6754,0.6675,mixed,0.0005,0.9995,42.444
30044,mimiciii.INPUTEVENTS_CV,Epinephrine,,,,,,381,12,245,251,mcgmin,0.0,3.1111,15.2487,0.6588,0.643,mixed,0.0006,0.9994,31.75
51197,mimiciii.LABEVENTS,Elliptocytes,,Hematology,,6681-1,Blood,378,316,0,0,,,,,0.0,0.0,categorical,0.0165,0.9835,1.196
224370,mimiciii.CHARTEVENTS,Sputum Color,Sputum Color,Respiratory,,Text,,378,11,0,0,,,,,0.0,0.0,categorical,0.0006,0.9994,34.364
51469,mimiciii.LABEVENTS,Calcium Oxalate Crystals,,Hematology,,5774-5,Urine,376,342,0,0,,,,,0.0,0.0,categorical,0.0179,0.9821,1.099
223875,mimiciii.CHARTEVENTS,Fspn High,Fspn High,Respiratory,insp/min,Numeric,,376,11,376,376,insp/min,10.0,40.0,50.0,1.0,1.0,numeric,0.0006,0.9994,34.182
50938,mimiciii.LABEVENTS,Hepatitis A Virus IgM Antibody,,Chemistry,,22314-9,Blood,375,357,0,0,,,,,0.0,0.0,categorical,0.0187,0.9813,1.05
224076,mimiciii.CHARTEVENTS,Education Barrier,Education Barrier,Restraint/Support Systems,,Text,,375,11,0,0,,,,,0.0,0.0,categorical,0.0006,0.9994,34.091
2006,mimiciii.CHARTEVENTS,high min volume,,,,,,372,5,372,0,,12.0,18.72,34.56,0.0,1.0,numeric,0.0003,0.9997,74.4
224369,mimiciii.CHARTEVENTS,Sputum Consistency,Sputum Consistency,Respiratory,,Text,,372,11,0,0,,,,,0.0,0.0,categorical,0.0006,0.9994,33.818
223935,mimiciii.CHARTEVENTS,PostTib. Pulses R,PostTib Pulses R,Cardiovascular (Pulses),,Text,,371,12,0,0,,,,,0.0,0.0,categorical,0.0006,0.9994,30.917
42455,mimiciii.INPUTEVENTS_CV,FENOLDOPAM 10MG/250C,,Free Form Intake,,,,371,1,0,0,,,,,0.0,0.0,categorical,0.0001,0.9999,371.0
8414,mimiciii.CHARTEVENTS,ImpSkin #5 [Length],,,,,,368,67,0,0,,,,,0.0,0.0,categorical,0.0035,0.9965,5.493
223783,mimiciii.CHARTEVENTS,Pain Location,Pain Location,Pain/Sedation,,Text,,367,12,0,0,,,,,0.0,0.0,categorical,0.0006,0.9994,30.583
50951,mimiciii.LABEVENTS,Immunoglobulin M,,Chemistry,,2472-9,Blood,365,346,365,365,mg/dL,6.15,79.24,3389.1049,1.0,1.0,numeric,0.0181,0.9819,1.055
50864,mimiciii.LABEVENTS,Alpha-Fetoprotein,,Chemistry,,1834-1,Blood,365,341,339,365,ng/mL,1.0,3.276,24362.4645,1.0,0.9288,mixed,0.0178,0.9822,1.07
227454,mimiciii.CHARTEVENTS,Vancomycin (Random),Vancomycin (Random),Labs,None,Numeric with tag,,365,161,365,365,ug/mL,2.975,18.46,46.755,1.0,1.0,numeric,0.0084,0.9916,2.267
50949,mimiciii.LABEVENTS,Immunoglobulin A,,Chemistry,,2458-8,Blood,364,344,362,364,mg/dL,13.36,208.78,1200.0403,1.0,0.9945,numeric,0.018,0.982,1.058
42504,mimiciii.INPUTEVENTS_CV,CA GLUCONATE,,Free Form Intake,,,,364,2,0,0,,,,,0.0,0.0,categorical,0.0001,0.9999,182.0
225187,mimiciii.CHARTEVENTS,Back Care,Back Care,Treatments,,Checkbox,,363,12,363,0,,1.0,1.0,1.0,0.0,1.0,numeric,0.0006,0.9994,30.25
223752,mimiciii.CHARTEVENTS,Non-Invasive Blood Pressure Alarm - Low,NBP Alarm - Low,Alarms,mmHg,Numeric,,362,12,362,362,mmHg,70.0,90.0,100.0,1.0,1.0,numeric,0.0006,0.9994,30.167
223751,mimiciii.CHARTEVENTS,Non-Invasive Blood Pressure Alarm - High,NBP Alarm - High,Alarms,mmHg,Numeric,,361,12,361,361,mmHg,140.0,160.0,190.0,1.0,1.0,numeric,0.0006,0.9994,30.083
1487,mimiciii.CHARTEVENTS,hi min vent,,,,,,360,12,360,0,,12.0,17.5,22.9,0.0,1.0,numeric,0.0006,0.9994,30.0
223992,mimiciii.CHARTEVENTS,Cough Type,Cough Type,Pulmonary,,Text,,360,9,0,0,,,,,0.0,0.0,categorical,0.0005,0.9995,40.0
1506,mimiciii.CHARTEVENTS,high min. vol.,,,,,,359,8,359,0,,12.0,18.0,20.0,0.0,1.0,numeric,0.0004,0.9996,44.875
50939,mimiciii.LABEVENTS,"Hepatitis B Core Antibody, IgM",,Chemistry,,31204-1,Blood,358,343,0,0,,,,,0.0,0.0,categorical,0.0179,0.9821,1.044
1591,mimiciii.CHARTEVENTS,waffle boots,,,,,,358,12,0,0,,,,,0.0,0.0,categorical,0.0006,0.9994,29.833
227517,mimiciii.CHARTEVENTS,Humidification,Humidification,Respiratory,,Text,,358,10,0,0,,,,,0.0,0.0,categorical,0.0005,0.9995,35.8
225664,mimiciii.CHARTEVENTS,Glucose finger stick,Glucose finger stick,Labs,None,Numeric,,357,12,357,0,,55.07,149.84,307.65,0.0,1.0,numeric,0.0006,0.9994,29.75
223947,mimiciii.CHARTEVENTS,PostTib. Pulses L,PostTib Pulses L,Cardiovascular (Pulses),,Text,,355,12,0,0,,,,,0.0,0.0,categorical,0.0006,0.9994,29.583
46417,mimiciii.INPUTEVENTS_CV,citrate,,Free Form Intake,,,,355,6,0,0,,,,,0.0,0.0,categorical,0.0003,0.9997,59.167
1121,mimiciii.CHARTEVENTS,HI/Minute/Vol/Alarm,,,,,,354,25,354,0,,12.0,20.0,30.0,0.0,1.0,numeric,0.0013,0.9987,14.16
3397,mimiciii.CHARTEVENTS,EEG,,,,,,352,6,0,0,,,,,0.0,0.0,categorical,0.0003,0.9997,58.667
225799,mimiciii.INPUTEVENTS_MV,Gastric Meds,Gastric Meds,Fluids/Intake,mL,Solution,,350,12,0,0,,,,,0.0,0.0,categorical,0.0006,0.9994,29.167
703,mimiciii.CHARTEVENTS,Transcutan Pacer,,,,,,348,41,0,0,,,,,0.0,0.0,categorical,0.0021,0.9979,8.488
224865,mimiciii.CHARTEVENTS,Flow Sensitivity,Flow Sensitivity,Respiratory,,Text,,347,11,0,0,,,,,0.0,0.0,categorical,0.0006,0.9994,31.545
224564,mimiciii.CHARTEVENTS,Impaired Skin Odor #1,Odor #1,Skin - Impairment,,Checkbox,,345,9,345,0,,0.0,0.0,0.0,0.0,1.0,numeric,0.0005,0.9995,38.333
1586,mimiciii.CHARTEVENTS,Xigris mcg/kg/hr,,,,,,343,4,342,0,,24.0,24.0,24.0,0.0,0.9971,numeric,0.0002,0.9998,85.75
223794,mimiciii.CHARTEVENTS,Pain Level Acceptable,Pain Level Acceptable,Pain/Sedation,,Text,,342,11,0,0,,,,,0.0,0.0,categorical,0.0006,0.9994,31.091
583,mimiciii.CHARTEVENTS,Pulses Paradoxus,,,,,,341,75,312,323,mmHg,0.0,10.0,63.3802,0.9472,0.915,mixed,0.0039,0.9961,4.547
224829,mimiciii.CHARTEVENTS,Trach Tube Type,Trach Tube Type,Respiratory,,Text,,340,6,0,0,,,,,0.0,0.0,categorical,0.0003,0.9997,56.667
224786,mimiciii.CHARTEVENTS,GI #1 Tube Status,GI #1 Tube Status,GI/GU,,Text,,340,11,0,0,,,,,0.0,0.0,categorical,0.0006,0.9994,30.909
50836,mimiciii.LABEVENTS,"Amylase, Ascites",,Chemistry,,1797-0,Ascites,339,249,329,339,IU/L,0.0,35.68,51760.8015,1.0,0.9705,numeric,0.013,0.987,1.361
227667,mimiciii.CHARTEVENTS,Reason for Immobilizer,Reason for Immobilizer,Restraint/Support Systems,,Text,,338,8,0,0,,,,,0.0,0.0,categorical,0.0004,0.9996,42.25
1858,mimiciii.CHARTEVENTS,cisatracurium,,,,,,337,5,337,0,,0.0,5.0,5.0,0.0,1.0,numeric,0.0003,0.9997,67.4
1720,mimiciii.CHARTEVENTS,high exhale MV,,,,,,337,3,337,0,,12.0,20.0,25.0,0.0,1.0,numeric,0.0002,0.9998,112.333
50843,mimiciii.LABEVENTS,"Lactate Dehydrogenase, Ascites",,Chemistry,,2531-2,Ascites,336,254,334,336,IU/L,24.0,88.7,7392.486,1.0,0.994,numeric,0.0133,0.9867,1.323
227240,mimiciii.CHARTEVENTS,NBP Alarm Source,NBP Alarm Source,Alarms,,Text,,335,12,0,0,,,,,0.0,0.0,categorical,0.0006,0.9994,27.917
51284,mimiciii.LABEVENTS,"Reticulocyte Count, Manual",,Hematology,,31112-6,Blood,334,263,334,334,%,0.3,3.06,33.028,1.0,1.0,numeric,0.0138,0.9862,1.27
1001,mimiciii.CHARTEVENTS,rotation,,,,,,332,8,14,0,,15.0,20.0,30.0,0.0,0.0422,categorical,0.0004,0.9996,41.5
453,mimiciii.CHARTEVENTS,Motor Deficits,,,,,,329,49,0,0,,,,,0.0,0.0,categorical,0.0026,0.9974,6.714
51026,mimiciii.LABEVENTS,"Amylase, Body Fluid",,Chemistry,,1795-4,Other Body Fluid,327,252,321,327,IU/L,0.0,46.16,181545.6444,1.0,0.9817,numeric,0.0132,0.9868,1.298
726,mimiciii.CHARTEVENTS,Vision - Mode,,,,,,325,54,0,0,,,,,0.0,0.0,categorical,0.0028,0.9972,6.019
3214,mimiciii.CHARTEVENTS,Ca++ Gluconate,,,,,,324,1,302,0,,10.0,30.0,40.0,0.0,0.9321,mixed,0.0001,0.9999,324.0
724,mimiciii.CHARTEVENTS,Vision - EPAP,,,,,,324,53,302,305,cmH2O,4.0,5.0,15.0,0.9414,0.9321,mixed,0.0028,0.9972,6.113
727,mimiciii.CHARTEVENTS,Vision FiO2,,,,,,324,53,302,305,decFrc,0.376,40.0,100.0,0.9414,0.9321,mixed,0.0028,0.9972,6.113
223872,mimiciii.CHARTEVENTS,Inspired Gas Temp.,Inspired Gas Temp.,Respiratory,?C,Numeric,,323,9,323,323,?C,36.073,37.0,37.6,1.0,1.0,numeric,0.0005,0.9995,35.889
224686,mimiciii.CHARTEVENTS,Tidal Volume (spontaneous),Tidal Volume (spontaneous),Respiratory,mL,Numeric,,322,11,322,322,mL,0.0,461.88,901.6002,1.0,1.0,numeric,0.0006,0.9994,29.273
43747,mimiciii.INPUTEVENTS_CV,CALCIUM,,Free Form Intake,,,,322,2,0,0,,,,,0.0,0.0,categorical,0.0001,0.9999,161.0
50872,mimiciii.LABEVENTS,Anti-Neutrophil Cytoplasmic Antibody,,Chemistry,,35279-9,Blood,321,302,0,0,,,,,0.0,0.0,categorical,0.0158,0.9842,1.063
50891,mimiciii.LABEVENTS,C4,,Chemistry,,4498-2,Blood,319,284,316,319,mg/dL,1.66,22.5,59.04,1.0,0.9906,numeric,0.0149,0.9851,1.123
1022,mimiciii.CHARTEVENTS,Trach care,,,,,,315,36,0,0,,,,,0.0,0.0,categorical,0.0019,0.9981,8.75
225637,mimiciii.CHARTEVENTS,Differential-Atyps,Differential-Atyps,Labs,None,Numeric,,315,201,315,315,%,0.0,0.0,6.0,1.0,1.0,numeric,0.0105,0.9895,1.567
224072,mimiciii.CHARTEVENTS,Education Learner,Education Learner,Restraint/Support Systems,,Text,,311,11,0,0,,,,,0.0,0.0,categorical,0.0006,0.9994,28.273
51352,mimiciii.LABEVENTS,Macrophage,,Hematology,,30426-1,Cerebrospinal Fluid (CSF),310,235,310,310,%,0.0,7.0,84.8,1.0,1.0,numeric,0.0123,0.9877,1.319
50890,mimiciii.LABEVENTS,C3,,Chemistry,,4485-9,Blood,309,273,309,309,mg/dL,14.54,99.4688,197.92,1.0,1.0,numeric,0.0143,0.9857,1.132
50842,mimiciii.LABEVENTS,"Glucose, Ascites",,Chemistry,,2347-3,Ascites,308,234,306,308,mg/dL,1.0,124.25,506.841,1.0,0.9935,numeric,0.0122,0.9878,1.316
50957,mimiciii.LABEVENTS,Lithium,,Chemistry,,3719-2,Blood,308,112,258,308,mmol/L,0.2,0.875,3.7728,1.0,0.8377,mixed,0.0059,0.9941,2.75
1568,mimiciii.CHARTEVENTS,high me,,,,,,308,8,308,0,,12.0,18.75,25.0,0.0,1.0,numeric,0.0004,0.9996,38.5
227671,mimiciii.CHARTEVENTS,Non-Violent Restraints,Non-Violent Restraints,Restraint/Support Systems,,Text,,308,9,0,0,,,,,0.0,0.0,categorical,0.0005,0.9995,34.222
810,mimiciii.CHARTEVENTS,Gentamycin/Trough,,Drug Level,,,,308,173,259,0,,0.3,1.1,6.982,0.0,0.8409,mixed,0.0091,0.9909,1.78
224847,mimiciii.CHARTEVENTS,Impaired Skin Drainage Amount #1,Site Drainage Amount #1,Skin - Impairment,,Text,,307,7,0,0,,,,,0.0,0.0,categorical,0.0004,0.9996,43.857
30174,mimiciii.INPUTEVENTS_CV,Bivalirudin,,,,,,307,7,99,100,mgkghr,0.0245,0.1,0.2404,0.3257,0.3225,mixed,0.0004,0.9996,43.857
51108,mimiciii.LABEVENTS,Urine Volume,,Chemistry,,28009-9,Urine,306,252,306,306,mL,155.8,1788.75,6666.0023,1.0,1.0,numeric,0.0132,0.9868,1.214
30017,mimiciii.INPUTEVENTS_CV,Dextrose 20%,,,,,,306,10,0,0,,,,,0.0,0.0,categorical,0.0005,0.9995,30.6
725,mimiciii.CHARTEVENTS,Vision - IPAP,,,,,,305,51,284,286,cmH2O,0.0,12.0,20.0,0.9377,0.9311,mixed,0.0027,0.9973,5.98
223848,mimiciii.CHARTEVENTS,Ventilator Type,Ventilator Type,Respiratory,,Text,,303,13,303,0,,1.0,1.0,2.0,0.0,1.0,numeric,0.0007,0.9993,23.308
227665,mimiciii.CHARTEVENTS,Immobilizer Evaluated,Immobilizer Evaluated,Restraint/Support Systems,,Text,,302,10,0,0,,,,,0.0,0.0,categorical,0.0005,0.9995,30.2
51094,mimiciii.LABEVENTS,pH,,Chemistry,,2756-5,Urine,301,250,301,0,,1.0,5.9063,9.0,0.0,1.0,numeric,0.0131,0.9869,1.204
6621,mimiciii.CHARTEVENTS,ROTATION,,,,,,301,5,26,0,,30.0,30.0,40.0,0.0,0.0864,mixed,0.0003,0.9997,60.2
1466,mimiciii.CHARTEVENTS,ATC,,,,,,300,38,0,0,,,,,0.0,0.0,categorical,0.002,0.998,7.895
43683,mimiciii.INPUTEVENTS_CV,mucomyst,,Free Form Intake,,,,300,3,0,0,,,,,0.0,0.0,categorical,0.0002,0.9998,100.0
43677,mimiciii.INPUTEVENTS_CV,cyclosporin,,Free Form Intake,,,,300,1,0,0,,,,,0.0,0.0,categorical,0.0001,0.9999,300.0
224077,mimiciii.CHARTEVENTS,Education Method,Education Method,Restraint/Support Systems,,Text,,299,11,0,0,,,,,0.0,0.0,categorical,0.0006,0.9994,27.182
224289,mimiciii.CHARTEVENTS,Arterial line Site Appear,Arterial line Site Appear,Access Lines - Invasive,,Text,,299,6,0,0,,,,,0.0,0.0,categorical,0.0003,0.9997,49.833
227678,mimiciii.CHARTEVENTS,Restraint Device (Non-Violent),Restraint Device (Non-Violent),Restraint/Support Systems,,Text,,299,9,0,0,,,,,0.0,0.0,categorical,0.0005,0.9995,33.222
225943,mimiciii.INPUTEVENTS_MV,Solution,Solution,Fluids/Intake,mL,Solution,,298,10,218,218,mL/hour,4.9087,88.68,107.1429,0.7315,0.7315,mixed,0.0005,0.9995,29.8
1382,mimiciii.CHARTEVENTS,bedbath,,,,,,296,45,0,0,,,,,0.0,0.0,categorical,0.0024,0.9976,6.578
35,mimiciii.CHARTEVENTS,Additional Gas (lpm),,,,,,295,36,277,283,lpm,0.0,4.0,50.0,0.9593,0.939,mixed,0.0019,0.9981,8.194
42299,mimiciii.INPUTEVENTS_CV,CISATRA,,Free Form Intake,,,,295,1,0,0,,,,,0.0,0.0,categorical,0.0001,0.9999,295.0
51428,mimiciii.LABEVENTS,Macrophage,,Hematology,,12230-9,Other Body Fluid,293,268,293,293,%,1.0,11.2188,92.14,1.0,1.0,numeric,0.014,0.986,1.093
224066,mimiciii.CHARTEVENTS,Position Change,Position Change,Restraint/Support Systems,,Text,,292,11,0,0,,,,,0.0,0.0,categorical,0.0006,0.9994,26.545
224281,mimiciii.CHARTEVENTS,Multi Lumen Site Appear,Multi Lumen Site Appear,Access Lines - Invasive,,Text,,292,8,0,0,,,,,0.0,0.0,categorical,0.0004,0.9996,36.5
224701,mimiciii.CHARTEVENTS,PSV Level,PSV Level,Respiratory,cmH2O,Numeric,,291,10,291,291,cmH2O,0.0,8.1875,22.0,1.0,1.0,numeric,0.0005,0.9995,29.1
1662,mimiciii.CHARTEVENTS,High min vol,,,,,,291,14,291,0,,12.0,16.0,27.065,0.0,1.0,numeric,0.0007,0.9993,20.786
2716,mimiciii.CHARTEVENTS,EDV,,,,,,290,9,288,0,,61.0,128.9375,638.3,0.0,0.9931,numeric,0.0005,0.9995,32.222
224079,mimiciii.CHARTEVENTS,Education Response,Education Response,Restraint/Support Systems,,Text,,289,10,0,0,,,,,0.0,0.0,categorical,0.0005,0.9995,28.9
224037,mimiciii.CHARTEVENTS,Impaired Skin Cleanse #1,Site Cleanse #1,Skin - Impairment,,Text,,289,7,0,0,,,,,0.0,0.0,categorical,0.0004,0.9996,41.286
1632,mimiciii.CHARTEVENTS,PMV,,,,,,283,34,8,0,,0.35,0.45,15.0,0.0,0.0283,categorical,0.0018,0.9982,8.324
3265,mimiciii.CHARTEVENTS,ecmo flow,,,,,,283,2,281,0,,1.331,3.1,4.0,0.0,0.9929,numeric,0.0001,0.9999,141.5
42166,mimiciii.INPUTEVENTS_CV,bile replacement/q4h,,Free Form Intake,,,,281,1,0,0,,,,,0.0,0.0,categorical,0.0001,0.9999,281.0
224075,mimiciii.CHARTEVENTS,Education Readiness,Education Readiness,Restraint/Support Systems,,Text,,280,10,0,0,,,,,0.0,0.0,categorical,0.0005,0.9995,28.0
44218,mimiciii.INPUTEVENTS_CV,impact w/fiber 3/4,,Free Form Intake,,,,277,1,0,0,,,,,0.0,0.0,categorical,0.0001,0.9999,277.0
502,mimiciii.CHARTEVENTS,PCV Insp Vt (Obser),,,,,,276,35,248,249,ml/B,35.92,612.5,970.2,0.9022,0.8986,mixed,0.0018,0.9982,7.886
227292,mimiciii.CHARTEVENTS,Arterial Line Dressing Occlusive,Arterial Line Dressing Occlusive,Access Lines - Invasive,,Checkbox,,276,6,276,0,,1.0,1.0,1.0,0.0,1.0,numeric,0.0003,0.9997,46.0
224291,mimiciii.CHARTEVENTS,Arterial line Waveform Appear,Arterial line Waveform Appear,Access Lines - Invasive,,Text,,276,6,0,0,,,,,0.0,0.0,categorical,0.0003,0.9997,46.0
1366,mimiciii.CHARTEVENTS,CCI,,,,,,274,7,273,0,,2.0,2.9,7.2,0.0,0.9964,numeric,0.0004,0.9996,39.143
226107,mimiciii.CHARTEVENTS,Arterial Line placed in outside facility,Arterial Line placed in outside facility,Access Lines - Invasive,,Checkbox,,272,6,272,0,,0.0,0.0,0.0,0.0,1.0,numeric,0.0003,0.9997,45.333
45302,mimiciii.INPUTEVENTS_CV,acetylcysteine,,Free Form Intake,,,,272,5,0,0,,,,,0.0,0.0,categorical,0.0003,0.9997,54.4
51180,mimiciii.LABEVENTS,"CD4 Cells, Percent",,Hematology,,8127-3,Blood,271,203,246,271,%,0.0,17.8333,67.16,1.0,0.9077,mixed,0.0106,0.9894,1.335
51047,mimiciii.LABEVENTS,"Amylase, Pleural",,Chemistry,,1796-2,Pleural,271,226,271,271,IU/L,4.21,26.8438,40005.1018,1.0,1.0,numeric,0.0118,0.9882,1.199
1367,mimiciii.CHARTEVENTS,CCO,,,,,,270,8,263,0,,3.413,6.3844,14.709,0.0,0.9741,numeric,0.0004,0.9996,33.75
51245,mimiciii.LABEVENTS,"Lymphocytes, Percent",,Hematology,,26478-8,Blood,267,182,267,267,%,0.234,10.0,52.15,1.0,1.0,numeric,0.0095,0.9905,1.467
51077,mimiciii.LABEVENTS,"Calcium, Urine",,Chemistry,,2004-0,Urine,267,240,257,267,mg/dL,0.0,3.3563,42.48,1.0,0.9625,numeric,0.0126,0.9874,1.113
51133,mimiciii.LABEVENTS,Absolute Lymphocyte Count,,Hematology,,26474-7,Blood,267,182,267,267,#/uL,33.38,764.875,3792.3701,1.0,1.0,numeric,0.0095,0.9905,1.467
290,mimiciii.CHARTEVENTS,INV#8 WaveformAppear,,,,,,267,16,0,0,,,,,0.0,0.0,categorical,0.0008,0.9992,16.688
51300,mimiciii.LABEVENTS,WBC Count,,Hematology,,26464-8,Blood,266,182,266,266,K/uL,1.316,8.0438,35.64,1.0,1.0,numeric,0.0095,0.9905,1.462
51216,mimiciii.LABEVENTS,Fragmented Cells,,Hematology,,10373-9,Blood,266,231,0,0,,,,,0.0,0.0,categorical,0.0121,0.9879,1.152
2029,mimiciii.CHARTEVENTS,Xigris,,,,,,265,7,256,0,,0.0,24.0,24.0,0.0,0.966,numeric,0.0004,0.9996,37.857
44008,mimiciii.INPUTEVENTS_CV,PROTONIX,,Free Form Intake,,,,265,5,0,0,,,,,0.0,0.0,categorical,0.0003,0.9997,53.0
50906,mimiciii.LABEVENTS,"Cholesterol, LDL, Measured",,Chemistry,,18262-6,Blood,264,250,225,264,mg/dL,21.75,93.3333,233.25,1.0,0.8523,mixed,0.0131,0.9869,1.056
45323,mimiciii.INPUTEVENTS_CV,Pulmonary TF,,Free Form Intake,,,,264,1,0,0,,,,,0.0,0.0,categorical,0.0001,0.9999,264.0
51147,mimiciii.LABEVENTS,Bite Cells,,Hematology,,10371-3,Blood,263,237,0,0,,,,,0.0,0.0,categorical,0.0124,0.9876,1.11
1761,mimiciii.CHARTEVENTS,HI/MINUTE/VOL/ALARM,,,,,,263,13,263,0,,15.0,20.0,29.48,0.0,1.0,numeric,0.0007,0.9993,20.231
1685,mimiciii.CHARTEVENTS,HI MV,,,,,,263,13,263,0,,12.0,15.0,24.0,0.0,1.0,numeric,0.0007,0.9993,20.231
224010,mimiciii.CHARTEVENTS,GI #1 Tube Place Check,GI #1 Tube Place Check,GI/GU,,Text,,263,11,0,0,,,,,0.0,0.0,categorical,0.0006,0.9994,23.909
30080,mimiciii.INPUTEVENTS_CV,Nutrihep,,,,,,263,5,0,0,,,,,0.0,0.0,categorical,0.0003,0.9997,52.6
50900,mimiciii.LABEVENTS,Carcinoembyronic Antigen (CEA),,Chemistry,,2039-6,Blood,262,253,248,262,ng/mL,1.098,4.0111,955.6894,1.0,0.9466,mixed,0.0132,0.9868,1.036
51259,mimiciii.LABEVENTS,Other Cells,,Hematology,,729-4,Blood,262,152,262,262,%,0.0,2.125,94.88,1.0,1.0,numeric,0.008,0.992,1.724
224735,mimiciii.CHARTEVENTS,Flow Rate (variable/fixed),Flow Rate (variable/fixed),Respiratory,,Text,,262,10,0,0,,,,,0.0,0.0,categorical,0.0005,0.9995,26.2
1223,mimiciii.CHARTEVENTS,HIGH EXHALED MIN VOL,,,,,,261,12,261,0,,14.055,18.0,30.0,0.0,1.0,numeric,0.0006,0.9994,21.75
1723,mimiciii.CHARTEVENTS,HIGH EXHALE MV,,,,,,261,1,261,0,,12.5,16.3125,18.0,0.0,1.0,numeric,0.0001,0.9999,261.0
223782,mimiciii.CHARTEVENTS,Pain Type,Pain Type,Pain/Sedation,,Text,,261,11,0,0,,,,,0.0,0.0,categorical,0.0006,0.9994,23.727
45406,mimiciii.INPUTEVENTS_CV,Replete w/ fiber,,Free Form Intake,,,,260,3,0,0,,,,,0.0,0.0,categorical,0.0002,0.9998,86.667
227293,mimiciii.CHARTEVENTS,Multi Lumen Dressing Occlusive,Multi Lumen Dressing Occlusive,Access Lines - Invasive,,Checkbox,,259,8,259,0,,1.0,1.0,1.0,0.0,1.0,numeric,0.0004,0.9996,32.375
225184,mimiciii.CHARTEVENTS,Eye Care,Eye Care,Treatments,,Checkbox,,258,12,258,0,,0.0,1.0,1.0,0.0,1.0,numeric,0.0006,0.9994,21.5
30053,mimiciii.INPUTEVENTS_CV,Cell Saver,,,,,,258,138,0,0,,,,,0.0,0.0,categorical,0.0072,0.9928,1.87
1499,mimiciii.CHARTEVENTS,high min. vol,,,,,,255,16,255,0,,10.0,18.0,28.0,0.0,1.0,numeric,0.0008,0.9992,15.938
226113,mimiciii.CHARTEVENTS,Multi Lumen placed in outside facility,Multi Lumen placed in outside facility,Access Lines - Invasive,,Checkbox,,255,8,255,0,,0.0,0.0,0.0,0.0,1.0,numeric,0.0004,0.9996,31.875
51086,mimiciii.LABEVENTS,"Immunofixation, Urine",,Chemistry,,49276-9,Urine,253,248,0,0,,,,,0.0,0.0,categorical,0.013,0.987,1.02
227680,mimiciii.CHARTEVENTS,Restraint Location_V2,Restraint Location_V2,Restraint/Support Systems,,Text,,253,9,0,0,,,,,0.0,0.0,categorical,0.0005,0.9995,28.111
480,mimiciii.CHARTEVENTS,Orthostat BP sitting [Systolic],,,,,,252,175,215,217,mmHg,72.6,117.6667,164.05,0.8611,0.8532,mixed,0.0092,0.9908,1.44
50997,mimiciii.LABEVENTS,Tobramycin,,Chemistry,,35670-9,Blood,251,44,250,251,ug/mL,0.2,2.2889,25.6,1.0,0.996,numeric,0.0023,0.9977,5.705
224930,mimiciii.CHARTEVENTS,Impaired Skin Site #2,Site #2,Skin - Impairment,,Text,,251,6,0,0,,,,,0.0,0.0,categorical,0.0003,0.9997,41.833
224830,mimiciii.CHARTEVENTS,Trach Tube Manufacturer,Trach Tube Manufacturer,Respiratory,,Text,,251,6,0,0,,,,,0.0,0.0,categorical,0.0003,0.9997,41.833
224831,mimiciii.CHARTEVENTS,Trach Tube Size (I.D.),Trach Tube Size (I.D.),Respiratory,,Text,,251,6,0,0,,,,,0.0,0.0,categorical,0.0003,0.9997,41.833
1556,mimiciii.CHARTEVENTS,High min. vol,,,,,,251,1,251,0,,18.0,20.0,30.0,0.0,1.0,numeric,0.0001,0.9999,251.0
224692,mimiciii.CHARTEVENTS,Flow Pattern,Flow Pattern,Respiratory,,Text,,250,9,0,0,,,,,0.0,0.0,categorical,0.0005,0.9995,27.778
5726,mimiciii.CHARTEVENTS,Hi Ve,,,,,,249,17,248,0,,9.0,16.0,25.0,0.0,0.996,numeric,0.0009,0.9991,14.647
1722,mimiciii.CHARTEVENTS,Waffle boots,,,,,,249,5,0,0,,,,,0.0,0.0,categorical,0.0003,0.9997,49.8
224188,mimiciii.CHARTEVENTS,PICC Line Site Appear,PICC Line Site Appear,Access Lines - Invasive,,Text,,248,10,0,0,,,,,0.0,0.0,categorical,0.0005,0.9995,24.8
51131,mimiciii.LABEVENTS,Absolute CD4 Count,,Hematology,,8128-1,Blood,247,182,247,247,#/uL,0.0,165.1111,1710.4604,1.0,1.0,numeric,0.0095,0.9905,1.357
224848,mimiciii.CHARTEVENTS,Incision Appearance #1,Incision Appearance #1,Skin - Incisions,,Text,,247,7,0,0,,,,,0.0,0.0,categorical,0.0004,0.9996,35.286
557,mimiciii.CHARTEVENTS,PressSore Depth #3,,,,,,247,49,0,0,,,,,0.0,0.0,categorical,0.0026,0.9974,5.041
45755,mimiciii.INPUTEVENTS_CV,Protonix GTT,,Free Form Intake,,,,246,1,0,0,,,,,0.0,0.0,categorical,0.0001,0.9999,246.0
384,mimiciii.CHARTEVENTS,Inc Cleansing #5,,,,,,245,57,0,0,,,,,0.0,0.0,categorical,0.003,0.997,4.298
728,mimiciii.CHARTEVENTS,Vision Mask,,,,,,245,45,0,0,,,,,0.0,0.0,categorical,0.0024,0.9976,5.444
50838,mimiciii.LABEVENTS,"Bilirubin, Total, Ascites",,Chemistry,,14422-0,Ascites,244,172,244,244,mg/dL,0.0,3.3556,116.18,1.0,1.0,numeric,0.009,0.991,1.419
50899,mimiciii.LABEVENTS,Carbamazepine,,Chemistry,,3432-2,Blood,244,91,216,244,ug/mL,1.0,5.8,31.878,1.0,0.8852,mixed,0.0048,0.9952,2.681
224283,mimiciii.CHARTEVENTS,Multi Lumen Waveform Appear,Multi Lumen Waveform Appear,Access Lines - Invasive,,Text,,244,7,0,0,,,,,0.0,0.0,categorical,0.0004,0.9996,34.857
51176,mimiciii.LABEVENTS,"CD3 Cells, Percent",,Hematology,,8122-4,Blood,243,159,203,243,%,0.0,73.7778,577.4802,1.0,0.8354,mixed,0.0083,0.9917,1.528
227676,mimiciii.CHARTEVENTS,Reason for Restraints (Non-Violent),Reason for Restraints (Non-Violent),Restraint/Support Systems,,Text,,243,9,0,0,,,,,0.0,0.0,categorical,0.0005,0.9995,27.0
2164,mimiciii.CHARTEVENTS,NIMBEX MG/KG/HR,,,,,,243,3,243,0,,0.06,0.1589,0.2,0.0,1.0,numeric,0.0002,0.9998,81.0
44675,mimiciii.INPUTEVENTS_CV,1/2 ST IMPACT/FIBER,,Free Form Intake,,,,243,3,0,0,,,,,0.0,0.0,categorical,0.0002,0.9998,81.0
223923,mimiciii.CHARTEVENTS,Seizure Activity,Seizure Activity,Neurological,,Text,,242,7,0,0,,,,,0.0,0.0,categorical,0.0004,0.9996,34.571
226115,mimiciii.CHARTEVENTS,PICC Line placed in outside facility,PICC Line placed in outside facility,Access Lines - Invasive,,Checkbox,,242,10,242,0,,0.0,0.0,0.0,0.0,1.0,numeric,0.0005,0.9995,24.2
227358,mimiciii.CHARTEVENTS,PICC Line Dressing Occlusive,PICC Line Dressing Occlusive,Access Lines - Invasive,,Checkbox,,241,9,241,0,,1.0,1.0,1.0,0.0,1.0,numeric,0.0005,0.9995,26.778
1746,mimiciii.CHARTEVENTS,hi MV,,,,,,238,10,238,0,,9.76,15.4444,25.0,0.0,1.0,numeric,0.0005,0.9995,23.8
50946,mimiciii.LABEVENTS,Human Chorionic Gonadotropin,,Chemistry,,2119-6,Blood,236,215,35,236,mIU/mL,5.0,182.0,38888.0,1.0,0.1483,mixed,0.0112,0.9888,1.098
224758,mimiciii.CHARTEVENTS,RUE Sensation,RUE Sensation,Neurological,,Text,,236,9,0,0,,,,,0.0,0.0,categorical,0.0005,0.9995,26.222
224937,mimiciii.CHARTEVENTS,Impaired Skin Treatment #2,Site Treatment #2,Skin - Impairment,,Text,,236,6,0,0,,,,,0.0,0.0,categorical,0.0003,0.9997,39.333
1015,mimiciii.CHARTEVENTS,PASSY MUIR VALVE,,,,,,235,20,0,0,,,,,0.0,0.0,categorical,0.001,0.999,11.75
808,mimiciii.CHARTEVENTS,Gentamycin/Peak,,Drug Level,,,,235,134,208,0,,0.8,4.1111,10.084,0.0,0.8851,mixed,0.007,0.993,1.754
36,mimiciii.CHARTEVENTS,Additional Gas(Mask),,,,,,234,43,27,0,,0.35,0.5,35.0,0.0,0.1154,mixed,0.0022,0.9978,5.442
481,mimiciii.CHARTEVENTS,Orthostat HR sitting,,,,,,234,166,199,201,BPM,56.0,85.3333,141.53,0.859,0.8504,mixed,0.0087,0.9913,1.41
50974,mimiciii.LABEVENTS,Prostate Specific Antigen,,Chemistry,,2857-1,Blood,233,217,200,233,ng/mL,0.1,1.2667,1109.2515,1.0,0.8584,mixed,0.0114,0.9886,1.074
224944,mimiciii.CHARTEVENTS,Impaired Skin Type #2,Type #2,Skin - Impairment,,Text,,233,6,0,0,,,,,0.0,0.0,categorical,0.0003,0.9997,38.833
227463,mimiciii.CHARTEVENTS,Cortisol,Cortisol,Labs,None,Numeric with tag,,233,104,233,233,ug/dL,1.449,28.7222,105.938,1.0,1.0,numeric,0.0054,0.9946,2.24
223924,mimiciii.CHARTEVENTS,RLE Sensation,RLE Sensation,Neurological,,Text,,233,9,0,0,,,,,0.0,0.0,categorical,0.0005,0.9995,25.889
223921,mimiciii.CHARTEVENTS,Neuro Symptoms,Neuro Symptoms,Neurological,,Text,,232,8,0,0,,,,,0.0,0.0,categorical,0.0004,0.9996,29.0
226169,mimiciii.CHARTEVENTS,Subglottal Suctioning,Subglottal Suctioning,Treatments,,Checkbox,,231,9,231,0,,0.0,1.0,1.0,0.0,1.0,numeric,0.0005,0.9995,25.667
224902,mimiciii.CHARTEVENTS,Impaired Skin Drainage #2,Site Drainage #2,Skin - Impairment,,Text,,231,6,0,0,,,,,0.0,0.0,categorical,0.0003,0.9997,38.5
224972,mimiciii.CHARTEVENTS,Surrounding Tissue #2,Surrounding Tissue #2,Skin - Impairment,,Text,,230,5,0,0,,,,,0.0,0.0,categorical,0.0003,0.9997,46.0
42782,mimiciii.INPUTEVENTS_CV,Epidural,,Free Form Intake,,,,227,6,0,0,,,,,0.0,0.0,categorical,0.0003,0.9997,37.833
41410,mimiciii.INPUTEVENTS_CV,Flolan,,Free Form Intake,,,,227,3,0,0,,,,,0.0,0.0,categorical,0.0002,0.9998,75.667
225693,mimiciii.CHARTEVENTS,Triglyceride,Triglyceride,Labs,None,Numeric,,224,188,224,224,mg/dL,22.0,119.2778,4588.3649,1.0,1.0,numeric,0.0098,0.9902,1.191
224973,mimiciii.CHARTEVENTS,Surrounding Tissue #3,Surrounding Tissue #3,Skin - Impairment,,Text,,224,3,0,0,,,,,0.0,0.0,categorical,0.0002,0.9998,74.667
1857,mimiciii.CHARTEVENTS,nesiritide,,,,,,223,1,223,0,,0.01,0.01,0.01,0.0,1.0,numeric,0.0001,0.9999,223.0
223,mimiciii.CHARTEVENTS,I:E Ratio-TCPCV,,,,,,223,15,24,0,,1.0,2.0,33.0,0.0,0.1076,mixed,0.0008,0.9992,14.867
143,mimiciii.CHARTEVENTS,CvO2,,,,,,222,122,219,219,ml/dl,5.6616,10.5015,15.7259,0.9865,0.9865,numeric,0.0064,0.9936,1.82
2872,mimiciii.CHARTEVENTS,abd binder,,,,,,222,7,0,0,,,,,0.0,0.0,categorical,0.0004,0.9996,31.714
224862,mimiciii.CHARTEVENTS,Edema Amount,Edema Amount,Skin - Incisions,,Text,,222,11,0,0,,,,,0.0,0.0,categorical,0.0006,0.9994,20.182
1094,mimiciii.CHARTEVENTS,PODUS BOOT,,,,,,222,2,0,0,,,,,0.0,0.0,categorical,0.0001,0.9999,111.0
46293,mimiciii.INPUTEVENTS_CV,CRRT Citrate,,Free Form Intake,,,,222,1,0,0,,,,,0.0,0.0,categorical,0.0001,0.9999,222.0
51444,mimiciii.LABEVENTS,Eosinophils,,Hematology,,30379-2,Pleural,221,189,221,221,%,1.0,2.0,43.0,1.0,1.0,numeric,0.0099,0.9901,1.169
1853,mimiciii.CHARTEVENTS,protonix mg/hr,,,,,,221,7,220,0,,0.0,8.0,8.0,0.0,0.9955,numeric,0.0004,0.9996,31.571
224759,mimiciii.CHARTEVENTS,LUE Sensation,LUE Sensation,Neurological,,Text,,221,9,0,0,,,,,0.0,0.0,categorical,0.0005,0.9995,24.556
40850,mimiciii.INPUTEVENTS_CV,ns bolus,,Free Form Intake,,,,221,47,0,0,,,,,0.0,0.0,categorical,0.0025,0.9975,4.702
3168,mimiciii.CHARTEVENTS,HIGH MIN. VOL,,,,,,219,7,219,0,,12.0,22.0,24.0,0.0,1.0,numeric,0.0004,0.9996,31.286
484,mimiciii.CHARTEVENTS,Orthostatic BP lying [Systolic],,,,,,219,161,189,191,mmHg,86.17,120.0,173.61,0.8721,0.863,mixed,0.0084,0.9916,1.36
223791,mimiciii.CHARTEVENTS,Pain Level,Pain Level,Pain/Sedation,,Text,,218,10,218,0,,0.0,0.0,8.32,0.0,1.0,numeric,0.0005,0.9995,21.8
222168,mimiciii.INPUTEVENTS_MV,Propofol,Propofol,Medications,mg,Solution,,218,5,218,218,mcg/kg/min,10.0014,50.1017,60.8202,1.0,1.0,numeric,0.0003,0.9997,43.6
226453,mimiciii.INPUTEVENTS_MV,GT Flush,GT Flush,Fluids/Intake,mL,Solution,,218,12,0,0,,,,,0.0,0.0,categorical,0.0006,0.9994,18.167
50945,mimiciii.LABEVENTS,Homocysteine,,Chemistry,,13965-9,Blood,217,207,217,217,umol/L,3.067,8.4333,45.3751,1.0,1.0,numeric,0.0108,0.9892,1.048
1684,mimiciii.CHARTEVENTS,APNEA,,,,,,217,14,217,0,,20.0,20.0,20.0,0.0,1.0,numeric,0.0007,0.9993,15.5
946,mimiciii.CHARTEVENTS,STV,,,,,,216,9,203,0,,221.2,528.8889,1000.0,0.0,0.9398,mixed,0.0005,0.9995,24.0
224762,mimiciii.CHARTEVENTS,LLE Sensation,LLE Sensation,Neurological,,Text,,216,9,0,0,,,,,0.0,0.0,categorical,0.0005,0.9995,24.0
2579,mimiciii.CHARTEVENTS,mammary support,,,,,,216,27,0,0,,,,,0.0,0.0,categorical,0.0014,0.9986,8.0
8444,mimiciii.CHARTEVENTS,Orthostat BP sitting [Diastolic],,,,,,215,171,215,215,mmHg,29.6,59.0,105.8,1.0,1.0,numeric,0.0089,0.9911,1.257
224923,mimiciii.CHARTEVENTS,Impaired Skin Odor #2,Odor #2,Skin - Impairment,,Checkbox,,214,6,214,0,,0.0,0.0,0.0,0.0,1.0,numeric,0.0003,0.9997,35.667
42693,mimiciii.INPUTEVENTS_CV,20 GM CAGLUC/1L D5W,,Free Form Intake,,,,214,1,0,0,,,,,0.0,0.0,categorical,0.0001,0.9999,214.0
50948,mimiciii.LABEVENTS,Immunofixation,,Chemistry,,49275-1,Blood,213,211,0,0,,,,,0.0,0.0,categorical,0.011,0.989,1.009
1743,mimiciii.CHARTEVENTS,bed alarm,,,,,,213,31,0,0,,,,,0.0,0.0,categorical,0.0016,0.9984,6.871
1101,mimiciii.CHARTEVENTS,PROTONIX,,,,,,212,8,204,0,,0.0,8.0,8.0,0.0,0.9623,numeric,0.0004,0.9996,26.5
30036,mimiciii.INPUTEVENTS_CV,Ensure,,,,,,212,7,0,0,,,,,0.0,0.0,categorical,0.0004,0.9996,30.286
51069,mimiciii.LABEVENTS,"Albumin, Urine",,Chemistry,,1754-1,Urine,211,201,195,211,mg/dL,0.3,7.5,346.4852,1.0,0.9242,mixed,0.0105,0.9895,1.05
6872,mimiciii.CHARTEVENTS,intrathecal catheter,,,,,,211,1,210,0,,5.0,15.0,24.0,0.0,0.9953,numeric,0.0001,0.9999,211.0
225231,mimiciii.CHARTEVENTS,20 Gauge Site Appear,20 Gauge Site Appear,Access Lines - Peripheral,,Text,,209,9,0,0,,,,,0.0,0.0,categorical,0.0005,0.9995,23.222
1876,mimiciii.CHARTEVENTS,PROTONIX MG/HR,,,,,,208,2,208,0,,8.0,8.0,8.0,0.0,1.0,numeric,0.0001,0.9999,104.0
227669,mimiciii.CHARTEVENTS,Side Rails (Restraint),Side Rails (Restraint),Restraint/Support Systems,,Text,,208,9,0,0,,,,,0.0,0.0,categorical,0.0005,0.9995,23.111
1965,mimiciii.CHARTEVENTS,hi min vol,,,,,,208,11,208,0,,10.0,20.0,45.0,0.0,1.0,numeric,0.0006,0.9994,18.909
224632,mimiciii.CHARTEVENTS,Tunneling Present #1,Tunneling Present #1,Skin - Impairment,,Text,,208,7,0,0,,,,,0.0,0.0,categorical,0.0004,0.9996,29.714
224931,mimiciii.CHARTEVENTS,Impaired Skin Site #3,Site #3,Skin - Impairment,,Text,,208,5,0,0,,,,,0.0,0.0,categorical,0.0003,0.9997,41.6
224958,mimiciii.CHARTEVENTS,Impaired Skin Wound Base #2,Site/Wound Base #2,Skin - Impairment,,Text,,207,6,0,0,,,,,0.0,0.0,categorical,0.0003,0.9997,34.5
51091,mimiciii.LABEVENTS,"Myoglobin, Urine",,Chemistry,,2640-1,Urine,206,187,0,0,,,,,0.0,0.0,categorical,0.0098,0.9902,1.102
51194,mimiciii.LABEVENTS,"CD8 Cells, Percent",,Hematology,,8137-2,Blood,206,145,181,206,%,0.0,39.75,84.07,1.0,0.8786,mixed,0.0076,0.9924,1.421
1027,mimiciii.CHARTEVENTS,abdominal binder,,,,,,206,7,0,0,,,,,0.0,0.0,categorical,0.0004,0.9996,29.429
1633,mimiciii.CHARTEVENTS,HIGH/MIN/VENT,,,,,,206,10,206,0,,9.56,15.0,24.0,0.0,1.0,numeric,0.0005,0.9995,20.6
8363,mimiciii.CHARTEVENTS,ABI Brachial BP [Left],,,,,,205,128,205,205,mmHg,65.1,103.7778,162.95,1.0,1.0,numeric,0.0067,0.9933,1.602
485,mimiciii.CHARTEVENTS,Orthostatic HR lying,,,,,,204,151,176,179,BPM,45.56,81.5,137.1,0.8775,0.8627,mixed,0.0079,0.9921,1.351
227368,mimiciii.CHARTEVENTS,20 Gauge Dressing Occlusive,20 Gauge Dressing Occlusive,Access Lines - Peripheral,,Checkbox,,204,9,204,0,,0.0,1.0,1.0,0.0,1.0,numeric,0.0005,0.9995,22.667
993,mimiciii.CHARTEVENTS,bladder pressure,,,,,,204,36,202,0,,4.52,18.0,36.4,0.0,0.9902,numeric,0.0019,0.9981,5.667
42462,mimiciii.INPUTEVENTS_CV,NEPRO W/ PROMOD,,Free Form Intake,,,,204,1,0,0,,,,,0.0,0.0,categorical,0.0001,0.9999,204.0
30146,mimiciii.INPUTEVENTS_CV,Aprotinin,,,,,,204,27,0,0,,,,,0.0,0.0,categorical,0.0014,0.9986,7.556
2733,mimiciii.CHARTEVENTS,RIGHT VENT ICP,,,,,,203,1,202,0,,1.0,8.0,26.92,0.0,0.9951,numeric,0.0001,0.9999,203.0
8362,mimiciii.CHARTEVENTS,ABI Ankle BP [Left],,,,,,202,125,202,202,mmHg,39.04,93.8333,164.8,1.0,1.0,numeric,0.0065,0.9935,1.616
2089,mimiciii.CHARTEVENTS,highmv,,,,,,202,1,202,0,,15.0,25.0,30.0,0.0,1.0,numeric,0.0001,0.9999,202.0
5556,mimiciii.CHARTEVENTS,TPA mg/hr,,,,,,201,5,199,0,,0.25,0.5,1.0,0.0,0.99,numeric,0.0003,0.9997,40.2
225978,mimiciii.CHARTEVENTS,Slope,Slope,Respiratory,,Text,,201,8,0,0,,,,,0.0,0.0,categorical,0.0004,0.9996,25.125
41651,mimiciii.INPUTEVENTS_CV,xygris,,Free Form Intake,,,,201,3,0,0,,,,,0.0,0.0,categorical,0.0002,0.9998,67.0
224040,mimiciii.CHARTEVENTS,Incision Closure #1,Incision Closure #1,Skin - Incisions,,Text,,200,6,0,0,,,,,0.0,0.0,categorical,0.0003,0.9997,33.333
2455,mimiciii.CHARTEVENTS,percussion,,,,,,200,7,0,0,,,,,0.0,0.0,categorical,0.0004,0.9996,28.571
226138,mimiciii.CHARTEVENTS,20 Gauge placed in outside facility,20 Gauge placed in outside facility,Access Lines - Peripheral,,Checkbox,,200,9,200,0,,0.0,0.0,1.0,0.0,1.0,numeric,0.0005,0.9995,22.222
46292,mimiciii.INPUTEVENTS_CV,CRRT Irrigation,,Free Form Intake,,,,200,1,0,0,,,,,0.0,0.0,categorical,0.0001,0.9999,200.0
227349,mimiciii.CHARTEVENTS,High risk (>51) interventions,High risk (>51) interventions,Restraint/Support Systems,,Checkbox,,198,11,198,0,,0.0,1.0,1.0,0.0,1.0,numeric,0.0006,0.9994,18.0
224170,mimiciii.CHARTEVENTS,MDI #1 Drug,MDI #1 Drug,Respiratory,,Text,,197,7,0,0,,,,,0.0,0.0,categorical,0.0004,0.9996,28.143
65,mimiciii.CHARTEVENTS,BIPAP - Est. Vt,,,,,,197,70,146,151,ml/B,177.6,513.0,860.52,0.7665,0.7411,mixed,0.0037,0.9963,2.814
224938,mimiciii.CHARTEVENTS,Impaired Skin Treatment #3,Site Treatment #3,Skin - Impairment,,Text,,196,5,0,0,,,,,0.0,0.0,categorical,0.0003,0.9997,39.2
223762,mimiciii.CHARTEVENTS,Temperature Celsius,Temperature C,Routine Vital Signs,?C,Numeric,,196,2,196,196,?C,33.7,38.9444,41.654,1.0,1.0,numeric,0.0001,0.9999,98.0
224945,mimiciii.CHARTEVENTS,Impaired Skin Type #3,Type #3,Skin - Impairment,,Text,,196,5,0,0,,,,,0.0,0.0,categorical,0.0003,0.9997,39.2
41846,mimiciii.INPUTEVENTS_CV,study drug,,Free Form Intake,,,,196,5,0,0,,,,,0.0,0.0,categorical,0.0003,0.9997,39.2
2730,mimiciii.CHARTEVENTS,CAMINO,,,,,,195,3,125,0,,-4.0,9.0,40.75,0.0,0.641,mixed,0.0002,0.9998,65.0
1311,mimiciii.CHARTEVENTS,XIGRIS,,,,,,195,4,177,0,,0.0,1.9,24.0,0.0,0.9077,mixed,0.0002,0.9998,48.75
729,mimiciii.CHARTEVENTS,Vision Rate,,,,,,195,41,180,0,,0.0,10.0,23.7,0.0,0.9231,mixed,0.0021,0.9979,4.756
639,mimiciii.CHARTEVENTS,Sigh Tidal Volume,,,,,,195,9,149,186,V-mA,0.6748,0.9,18.0,0.9538,0.7641,mixed,0.0005,0.9995,21.667
2635,mimiciii.CHARTEVENTS,VENT ICP,,,,,,195,1,195,0,,7.0,18.5556,38.65,0.0,1.0,numeric,0.0001,0.9999,195.0
700,mimiciii.CHARTEVENTS,Traction/Immobile #4,,,,,,195,2,0,0,,,,,0.0,0.0,categorical,0.0001,0.9999,97.5
51070,mimiciii.LABEVENTS,"Albumin/Creatinine, Urine",,Chemistry,,14958-3,Urine,194,186,194,194,mg/g,3.344,109.4667,4354.6243,1.0,1.0,numeric,0.0097,0.9903,1.043
50829,mimiciii.LABEVENTS,Fluid Type,,Blood Gas,,14725-6,Other Body Fluid,194,149,0,0,,,,,0.0,0.0,categorical,0.0078,0.9922,1.302
696,mimiciii.CHARTEVENTS,Tract/Imm Location#4,,,,,,194,2,0,0,,,,,0.0,0.0,categorical,0.0001,0.9999,97.0
227472,mimiciii.CHARTEVENTS,Incision Site #1,Incision Site #1,Skin - Incisions,,Text,,193,7,0,0,,,,,0.0,0.0,categorical,0.0004,0.9996,27.571
46549,mimiciii.INPUTEVENTS_CV,Rescue Line,,Free Form Intake,,,,193,3,0,0,,,,,0.0,0.0,categorical,0.0002,0.9998,64.333
224690,mimiciii.CHARTEVENTS,Respiratory Rate (Total),Respiratory Rate (Total),Respiratory,insp/min,Numeric,,192,10,192,192,insp/min,11.42,23.0,42.16,1.0,1.0,numeric,0.0005,0.9995,19.2
1375,mimiciii.CHARTEVENTS,bed bath,,,,,,192,44,0,0,,,,,0.0,0.0,categorical,0.0023,0.9977,4.364
1879,mimiciii.CHARTEVENTS,xigris,,,,,,192,5,188,0,,0.0,24.0,25.3,0.0,0.9792,numeric,0.0003,0.9997,38.4
51297,mimiciii.LABEVENTS,Thrombin,,Hematology,,3243-3,Blood,191,159,191,191,sec,13.787,26.0667,150.0,1.0,1.0,numeric,0.0083,0.9917,1.201
224633,mimiciii.CHARTEVENTS,Undermining Present #1,Undermining Present #1,Skin - Impairment,,Text,,191,7,0,0,,,,,0.0,0.0,categorical,0.0004,0.9996,27.286
1837,mimiciii.CHARTEVENTS,Flolan,,,,,,190,2,136,0,,11.0,11.0,22.0,0.0,0.7158,mixed,0.0001,0.9999,95.0
8446,mimiciii.CHARTEVENTS,Orthostatic BP lying [Diastolic],,,,,,189,157,189,189,mmHg,28.95,58.75,95.44,1.0,1.0,numeric,0.0082,0.9918,1.204
30176,mimiciii.INPUTEVENTS_CV,.25% Normal Saline,,,,,,189,8,0,0,,,,,0.0,0.0,categorical,0.0004,0.9996,23.625
224903,mimiciii.CHARTEVENTS,Impaired Skin Drainage #3,Site Drainage #3,Skin - Impairment,,Text,,188,4,0,0,,,,,0.0,0.0,categorical,0.0002,0.9998,47.0
224924,mimiciii.CHARTEVENTS,Impaired Skin Odor #3,Odor #3,Skin - Impairment,,Checkbox,,188,4,188,0,,0.0,0.0,0.0,0.0,1.0,numeric,0.0002,0.9998,47.0
224005,mimiciii.CHARTEVENTS,Flatus,Flatus,GI/GU,,Text,,188,9,0,0,,,,,0.0,0.0,categorical,0.0005,0.9995,20.889
2072,mimiciii.CHARTEVENTS,Pinsp,,,,,,187,15,186,0,,10.72,35.0,53.0,0.0,0.9947,numeric,0.0008,0.9992,12.467
638,mimiciii.CHARTEVENTS,Sigh Rate,,,,,,185,9,168,177,BPM,2.0,18.0,18.0,0.9568,0.9081,mixed,0.0005,0.9995,20.556
220056,mimiciii.CHARTEVENTS,Arterial Blood Pressure Alarm - Low,ABP Alarm - Low,Alarms,mmHg,Numeric,,185,6,185,185,mmHg,60.0,90.0,110.0,1.0,1.0,numeric,0.0003,0.9997,30.833
220058,mimiciii.CHARTEVENTS,Arterial Blood Pressure Alarm - High,ABP Alarm - High,Alarms,mmHg,Numeric,,185,6,185,185,mmHg,100.0,160.0,190.0,1.0,1.0,numeric,0.0003,0.9997,30.833
51034,mimiciii.LABEVENTS,"Glucose, Body Fluid",,Chemistry,,2344-0,Other Body Fluid,184,174,184,184,mg/dL,0.0,91.0,294.32,1.0,1.0,numeric,0.0091,0.9909,1.057
224889,mimiciii.CHARTEVENTS,Impaired Skin Cleanse #3,Site Cleanse #3,Skin - Impairment,,Text,,184,5,0,0,,,,,0.0,0.0,categorical,0.0003,0.9997,36.8
44737,mimiciii.INPUTEVENTS_CV,NS CT IRRIGANT,,Free Form Intake,,,,184,1,0,0,,,,,0.0,0.0,categorical,0.0001,0.9999,184.0
30106,mimiciii.INPUTEVENTS_CV,OR Autologous Blood,,,,,,184,95,0,0,,,,,0.0,0.0,categorical,0.005,0.995,1.937
51453,mimiciii.LABEVENTS,Other,,Hematology,,,Pleural,183,166,183,183,%,0.0,4.0,92.0,1.0,1.0,numeric,0.0087,0.9913,1.102
50980,mimiciii.LABEVENTS,Rheumatoid Factor,,Chemistry,,6928-6,Blood,183,175,140,183,IU/mL,3.0,10.0,346.5001,1.0,0.765,mixed,0.0092,0.9908,1.046
51150,mimiciii.LABEVENTS,Blood Parasite Smear,,Hematology,,24429-3,Blood,183,105,1,0,,5.4,5.4,5.4,0.0,0.0055,categorical,0.0055,0.9945,1.743
224688,mimiciii.CHARTEVENTS,Respiratory Rate (Set),Respiratory Rate (Set),Respiratory,insp/min,Numeric,,183,9,183,183,insp/min,0.0,16.0,24.0,1.0,1.0,numeric,0.0005,0.9995,20.333
224041,mimiciii.CHARTEVENTS,Incision Drainage #1,Incision Drainage #1,Skin - Incisions,,Text,,183,7,0,0,,,,,0.0,0.0,categorical,0.0004,0.9996,26.143
51130,mimiciii.LABEVENTS,Absolute CD3 Count,,Hematology,,8124-0,Blood,182,124,182,182,#/uL,0.0,520.5,2300.12,1.0,1.0,numeric,0.0065,0.9935,1.468
51132,mimiciii.LABEVENTS,Absolute CD8 Count,,Hematology,,8138-0,Blood,182,124,182,182,#/uL,0.0,314.5,1914.0402,1.0,1.0,numeric,0.0065,0.9935,1.468
51043,mimiciii.LABEVENTS,"Total Protein, Body Fluid",,Chemistry,,2881-1,Other Body Fluid,182,178,180,182,g/dL,0.33,4.7,7.7,1.0,0.989,numeric,0.0093,0.9907,1.022
51181,mimiciii.LABEVENTS,CD4/CD8 Ratio,,Hematology,,8129-9,Blood,182,124,182,182,Ratio,0.0,0.4,11.832,1.0,1.0,numeric,0.0065,0.9935,1.468
224684,mimiciii.CHARTEVENTS,Tidal Volume (set),Tidal Volume (set),Respiratory,mL,Numeric,,182,9,182,182,mL,0.0,550.0,600.0,1.0,1.0,numeric,0.0005,0.9995,20.222
41028,mimiciii.INPUTEVENTS_CV,Pigtail Flush,,Free Form Intake,,,,182,3,0,0,,,,,0.0,0.0,categorical,0.0002,0.9998,60.667
2311,mimiciii.CHARTEVENTS,VT,,,,,,181,6,129,0,,265.8,627.5,940.5001,0.0,0.7127,mixed,0.0003,0.9997,30.167
224939,mimiciii.CHARTEVENTS,Impaired Skin Treatment #4,Site Treatment #4,Skin - Impairment,,Text,,181,3,0,0,,,,,0.0,0.0,categorical,0.0002,0.9998,60.333
2529,mimiciii.CHARTEVENTS,arterial pulse flap,,,,,,180,1,0,0,,,,,0.0,0.0,categorical,0.0001,0.9999,180.0
224888,mimiciii.CHARTEVENTS,Impaired Skin Cleanse #2,Site Cleanse #2,Skin - Impairment,,Text,,180,5,0,0,,,,,0.0,0.0,categorical,0.0003,0.9997,36.0
2530,mimiciii.CHARTEVENTS,venous pulse,,,,,,180,1,0,0,,,,,0.0,0.0,categorical,0.0001,0.9999,180.0
406,mimiciii.CHARTEVENTS,Inc/Wound Packing #3,,,,,,180,36,0,0,,,,,0.0,0.0,categorical,0.0019,0.9981,5.0
224042,mimiciii.CHARTEVENTS,Incision Dressing #1,Incision Dressing #1,Skin - Incisions,,Text,,180,6,0,0,,,,,0.0,0.0,categorical,0.0003,0.9997,30.0
44202,mimiciii.INPUTEVENTS_CV,Impact w/fiber 2/3,,Free Form Intake,,,,180,1,0,0,,,,,0.0,0.0,categorical,0.0001,0.9999,180.0
51229,mimiciii.LABEVENTS,"Heparin, LMW",,Hematology,,32684-3,Blood,179,106,137,179,U/mL,0.0348,0.53,1.8304,1.0,0.7654,mixed,0.0055,0.9945,1.689
50874,mimiciii.LABEVENTS,"Anti-Nuclear Antibody, Titer",,Chemistry,,8061-4,Blood,177,160,0,0,,,,,0.0,0.0,categorical,0.0084,0.9916,1.106
227130,mimiciii.CHARTEVENTS,Trach Care,Trach Care,Respiratory,,Checkbox,,177,6,177,0,,0.0,1.0,1.0,0.0,1.0,numeric,0.0003,0.9997,29.5
45179,mimiciii.INPUTEVENTS_CV,ACETYLCYSTEINE GTT,,Free Form Intake,,,,177,2,0,0,,,,,0.0,0.0,categorical,0.0001,0.9999,88.5
7574,mimiciii.CHARTEVENTS,lumbar pressure,,,,,,175,3,175,0,,5.0,17.0,32.75,0.0,1.0,numeric,0.0002,0.9998,58.333
224846,mimiciii.CHARTEVENTS,Impaired Skin Width #1,Site Width #1,Skin - Impairment,cm,Numeric,,175,4,175,175,cm,0.0,1.0,4.0,1.0,1.0,numeric,0.0002,0.9998,43.75
224562,mimiciii.CHARTEVENTS,Impaired Skin Length #1,Site Length #1,Skin - Impairment,cm,Numeric,,175,4,175,175,cm,0.0,2.375,15.0,1.0,1.0,numeric,0.0002,0.9998,43.75
44849,mimiciii.INPUTEVENTS_CV,protonix gtt,,Free Form Intake,,,,175,5,0,0,,,,,0.0,0.0,categorical,0.0003,0.9997,35.0
42742,mimiciii.INPUTEVENTS_CV,1/2 NS WITH 40 KCL,,Free Form Intake,,,,175,1,0,0,,,,,0.0,0.0,categorical,0.0001,0.9999,175.0
1032,mimiciii.CHARTEVENTS,Hi/minute/vol/alarm,,,,,,174,9,163,0,,15.0,20.0,25.0,0.0,0.9368,mixed,0.0005,0.9995,19.333
2307,mimiciii.CHARTEVENTS,WAFFLE BOOTS,,,,,,174,5,0,0,,,,,0.0,0.0,categorical,0.0003,0.9997,34.8
227239,mimiciii.CHARTEVENTS,ABP Alarm Source,ABP Alarm Source,Alarms,,Text,,174,7,0,0,,,,,0.0,0.0,categorical,0.0004,0.9996,24.857
225975,mimiciii.INPUTEVENTS_MV,Heparin Sodium (Prophylaxis),Heparin Sodium (Prophylaxis),Medications,dose,Solution,,174,9,0,0,,,,,0.0,0.0,categorical,0.0005,0.9995,19.333
44547,mimiciii.INPUTEVENTS_CV,intrathecal catheter,,,,,,174,1,0,0,,,,,0.0,0.0,categorical,0.0001,0.9999,174.0
45206,mimiciii.INPUTEVENTS_CV,D5W & 3 AMP BICARD,,Free Form Intake,,,,174,1,0,0,,,,,0.0,0.0,categorical,0.0001,0.9999,174.0
1737,mimiciii.CHARTEVENTS,HI/Minute/vol,,,,,,173,3,173,0,,12.0,15.0,25.0,0.0,1.0,numeric,0.0002,0.9998,57.667
2517,mimiciii.CHARTEVENTS,Cisatracu mg/kg/hr,,,,,,173,1,173,0,,0.0138,0.12,0.97,0.0,1.0,numeric,0.0001,0.9999,173.0
40777,mimiciii.INPUTEVENTS_CV,PROTONIX GTT,,Free Form Intake,,,,173,1,0,0,,,,,0.0,0.0,categorical,0.0001,0.9999,173.0
972,mimiciii.CHARTEVENTS,passy muir valve,,,,,,171,18,0,0,,,,,0.0,0.0,categorical,0.0009,0.9991,9.5
223258,mimiciii.INPUTEVENTS_MV,Insulin - Regular,Insulin - Regular,Medications,units,Solution,,171,12,5,5,units/hour,2.0,4.0,4.0,0.0292,0.0292,categorical,0.0006,0.9994,14.25
51085,mimiciii.LABEVENTS,"HCG, Urine, Qualitative",,Chemistry,,2106-3,Urine,170,166,0,170,+/-,,,,1.0,0.0,categorical,0.0087,0.9913,1.024
224832,mimiciii.CHARTEVENTS,ETT Type,ETT Type,Respiratory,,Text,,170,10,0,0,,,,,0.0,0.0,categorical,0.0005,0.9995,17.0
30107,mimiciii.INPUTEVENTS_CV,PACU Colloids,,,,,,170,91,0,0,,,,,0.0,0.0,categorical,0.0048,0.9952,1.868
3249,mimiciii.CHARTEVENTS,BEDBATH,,,,,,169,17,0,0,,,,,0.0,0.0,categorical,0.0009,0.9991,9.941
2498,mimiciii.CHARTEVENTS,CARIPORIDE CC/HR,,,,,,169,4,169,0,,0.5475,21.0,21.0,0.0,1.0,numeric,0.0002,0.9998,42.25
6114,mimiciii.CHARTEVENTS,LUMBAR DRAIN,,,,,,169,2,33,0,,7.0,13.0,21.0,0.0,0.1953,mixed,0.0001,0.9999,84.5
221744,mimiciii.INPUTEVENTS_MV,Fentanyl,Fentanyl,Medications,mg,Solution,,169,7,132,132,mcg/hour,3.7944,83.7472,2434.3638,0.7811,0.7811,mixed,0.0004,0.9996,24.143
40281,mimiciii.INPUTEVENTS_CV,sodium phosphate,,Free Form Intake,,,,169,19,0,0,,,,,0.0,0.0,categorical,0.001,0.999,8.895
51025,mimiciii.LABEVENTS,"Albumin, Body Fluid",,Chemistry,,1747-5,Other Body Fluid,167,163,151,167,g/dL,0.202,2.8,4.199,1.0,0.9042,mixed,0.0085,0.9915,1.025
2622,mimiciii.CHARTEVENTS,CA GLUC GM/HR,,,,,,167,1,167,0,,0.8,1.2,2.0,0.0,1.0,numeric,0.0001,0.9999,167.0
51035,mimiciii.LABEVENTS,"LD, Body Fluid",,Chemistry,,2529-6,Other Body Fluid,166,163,165,166,IU/L,59.35,745.5,7093.0503,1.0,0.994,numeric,0.0085,0.9915,1.018
43070,mimiciii.INPUTEVENTS_CV,Ca++ Gluconate,,Free Form Intake,,,,166,1,0,0,,,,,0.0,0.0,categorical,0.0001,0.9999,166.0
51379,mimiciii.LABEVENTS,Monocytes,,Hematology,,17835-0,Joint Fluid,165,118,165,165,%,0.0,4.0,79.8,1.0,1.0,numeric,0.0062,0.9938,1.398
51384,mimiciii.LABEVENTS,"WBC, Joint Fluid",,Hematology,,26469-7,Joint Fluid,165,118,165,165,#/uL,0.0,11194.625,219700.0031,1.0,1.0,numeric,0.0062,0.9938,1.398
51375,mimiciii.LABEVENTS,Lymphocytes,,Hematology,,26483-8,Joint Fluid,165,118,165,165,%,0.0,3.0,79.85,1.0,1.0,numeric,0.0062,0.9938,1.398
51382,mimiciii.LABEVENTS,Polys,,Hematology,,26522-3,Joint Fluid,165,118,165,165,%,0.0,89.0,99.85,1.0,1.0,numeric,0.0062,0.9938,1.398
2745,mimiciii.CHARTEVENTS,ICP LEFT,,,,,,165,1,165,0,,0.0,6.0,32.0,0.0,1.0,numeric,0.0001,0.9999,165.0
30085,mimiciii.INPUTEVENTS_CV,Isocal HN,,,,,,165,4,0,0,,,,,0.0,0.0,categorical,0.0002,0.9998,41.25
224043,mimiciii.CHARTEVENTS,Incision Cleansing #1,Incision Cleansing #1,Skin - Incisions,,Text,,164,6,0,0,,,,,0.0,0.0,categorical,0.0003,0.9997,27.333
224738,mimiciii.CHARTEVENTS,Inspiratory Time,IT,Respiratory,sec,Numeric,,163,8,163,163,sec,0.7,0.8563,1.0,1.0,1.0,numeric,0.0004,0.9996,20.375
2778,mimiciii.CHARTEVENTS,Pantoprazole,,,,,,163,4,119,0,,8.0,8.0,8.0,0.0,0.7301,mixed,0.0002,0.9998,40.75
224959,mimiciii.CHARTEVENTS,Impaired Skin Wound Base #3,Site/Wound Base #3,Skin - Impairment,,Text,,163,4,0,0,,,,,0.0,0.0,categorical,0.0002,0.9998,40.75
51434,mimiciii.LABEVENTS,Other Cell,,Hematology,,,Other Body Fluid,162,154,162,162,%,0.0,5.0,95.52,1.0,1.0,numeric,0.0081,0.9919,1.052
6835,mimiciii.CHARTEVENTS,rotation on/off,,,,,,162,1,2,0,,30.0,30.0,30.0,0.0,0.0123,categorical,0.0001,0.9999,162.0
1898,mimiciii.CHARTEVENTS,pantoprazole,,,,,,162,5,134,0,,6.72,8.0,8.0,0.0,0.8272,mixed,0.0003,0.9997,32.4
1514,mimiciii.CHARTEVENTS,Hi Tidal Vol,,,,,,162,6,157,0,,1.0,1.2,1000.0,0.0,0.9691,numeric,0.0003,0.9997,27.0
224730,mimiciii.CHARTEVENTS,Corneal Reflex Right,Corneal Reflex Right,Neurological,,Text,,162,8,0,0,,,,,0.0,0.0,categorical,0.0004,0.9996,20.25
51243,mimiciii.LABEVENTS,Lupus Anticoagulant,,Hematology,,,Blood,161,149,0,0,,,,,0.0,0.0,categorical,0.0078,0.9922,1.081
2460,mimiciii.CHARTEVENTS,CARIPORIDE ML/HR,,,,,,161,4,161,0,,21.0,21.0,21.0,0.0,1.0,numeric,0.0002,0.9998,40.25
3001,mimiciii.CHARTEVENTS,Solumedrol mg/kg/hr,,,,,,161,4,161,0,,0.594,5.4,5.4,0.0,1.0,numeric,0.0002,0.9998,40.25
224917,mimiciii.CHARTEVENTS,Impaired Skin Length #3,Site Length #3,Skin - Impairment,cm,Numeric,,161,3,161,161,cm,1.0,3.0,8.0,1.0,1.0,numeric,0.0002,0.9998,53.667
224952,mimiciii.CHARTEVENTS,Impaired Skin Width #3,Site Width #3,Skin - Impairment,cm,Numeric,,161,3,161,161,cm,0.1,1.0,6.0,1.0,1.0,numeric,0.0002,0.9998,53.667
30161,mimiciii.INPUTEVENTS_CV,.3% normal Saline,,,,,,160,9,0,0,,,,,0.0,0.0,categorical,0.0005,0.9995,17.778
45573,mimiciii.INPUTEVENTS_CV,Ketamine 100mg/50ml,,Free Form Intake,,,,160,1,0,0,,,,,0.0,0.0,categorical,0.0001,0.9999,160.0
1665,mimiciii.CHARTEVENTS,High Min Vol,,,,,,159,5,158,0,,13.0,18.0,23.0,0.0,0.9937,numeric,0.0003,0.9997,31.8
224932,mimiciii.CHARTEVENTS,Impaired Skin Site #4,Site #4,Skin - Impairment,,Text,,159,3,0,0,,,,,0.0,0.0,categorical,0.0002,0.9998,53.0
51383,mimiciii.LABEVENTS,"RBC, Joint Fluid",,Hematology,,26458-0,Joint Fluid,157,112,157,157,#/uL,0.0,9993.75,770695.4664,1.0,1.0,numeric,0.0059,0.9941,1.402
224940,mimiciii.CHARTEVENTS,Impaired Skin Treatment #5,Site Treatment #5,Skin - Impairment,,Text,,157,2,0,0,,,,,0.0,0.0,categorical,0.0001,0.9999,78.5
2935,mimiciii.CHARTEVENTS,P Low,,,,,,157,6,156,0,,0.55,12.0,22.82,0.0,0.9936,numeric,0.0003,0.9997,26.167
227682,mimiciii.CHARTEVENTS,Restraints Evaluated_V2,Restraints Evaluated_V2_,Restraint/Support Systems,,Text,,157,8,0,0,,,,,0.0,0.0,categorical,0.0004,0.9996,19.625
30070,mimiciii.INPUTEVENTS_CV,Amphotericin B,,,,,,157,9,0,0,,,,,0.0,0.0,categorical,0.0005,0.9995,17.444
43778,mimiciii.INPUTEVENTS_CV,CITRATE,,Free Form Intake,,,,157,3,0,0,,,,,0.0,0.0,categorical,0.0002,0.9998,52.333
42372,mimiciii.INPUTEVENTS_CV,CARIPORIDE,,Free Form Intake,,,,157,4,0,0,,,,,0.0,0.0,categorical,0.0002,0.9998,39.25
51419,mimiciii.LABEVENTS,Eosinophils,,Hematology,,26452-3,Other Body Fluid,156,149,156,156,%,0.06,2.0,41.92,1.0,1.0,numeric,0.0078,0.9922,1.047
7161,mimiciii.CHARTEVENTS,P-Hi,,,,,,156,7,156,0,,24.0,34.0,38.0,0.0,1.0,numeric,0.0004,0.9996,22.286
1689,mimiciii.CHARTEVENTS,P High,,,,,,156,6,155,0,,30.0,40.0,50.0,0.0,0.9936,numeric,0.0003,0.9997,26.0
6012,mimiciii.CHARTEVENTS,T-Hi,,,,,,156,8,156,0,,1.5,2.7,4.0,0.0,1.0,numeric,0.0004,0.9996,19.5
224731,mimiciii.CHARTEVENTS,Corneal Reflex Left,Corneal Reflex Left,Neurological,,Text,,156,8,0,0,,,,,0.0,0.0,categorical,0.0004,0.9996,19.5
42385,mimiciii.INPUTEVENTS_CV,Cisatracurium gtt,,Free Form Intake,,,,156,1,0,0,,,,,0.0,0.0,categorical,0.0001,0.9999,156.0
2287,mimiciii.CHARTEVENTS,APROTININ CC/HR,,,,,,155,16,155,0,,0.0,25.0,25.0,0.0,1.0,numeric,0.0008,0.9992,9.688
43063,mimiciii.INPUTEVENTS_CV,NS w/40gms CaGluc,,Free Form Intake,,,,155,1,0,0,,,,,0.0,0.0,categorical,0.0001,0.9999,155.0
51015,mimiciii.LABEVENTS,"Lactate Dehydrogenase, CSF",,Chemistry,,2528-8,Cerebrospinal Fluid (CSF),154,147,154,154,IU/L,7.04,26.5,268.6001,1.0,1.0,numeric,0.0077,0.9923,1.048
224946,mimiciii.CHARTEVENTS,Impaired Skin Type #4,Type #4,Skin - Impairment,,Text,,154,3,0,0,,,,,0.0,0.0,categorical,0.0002,0.9998,51.333
224974,mimiciii.CHARTEVENTS,Surrounding Tissue #4,Surrounding Tissue #4,Skin - Impairment,,Text,,154,3,0,0,,,,,0.0,0.0,categorical,0.0002,0.9998,51.333
6010,mimiciii.CHARTEVENTS,P-Lo,,,,,,154,8,154,0,,5.0,8.0,16.0,0.0,1.0,numeric,0.0004,0.9996,19.25
2593,mimiciii.CHARTEVENTS,PENTOBARB DRIP MG/HR,,,,,,154,1,144,0,,0.0,80.0,250.0,0.0,0.9351,mixed,0.0001,0.9999,154.0
224890,mimiciii.CHARTEVENTS,Impaired Skin Cleanse #4,Site Cleanse #4,Skin - Impairment,,Text,,154,3,0,0,,,,,0.0,0.0,categorical,0.0002,0.9998,51.333
6013,mimiciii.CHARTEVENTS,T-Lo,,,,,,154,8,154,0,,0.3,0.3,0.788,0.0,1.0,numeric,0.0004,0.9996,19.25
224960,mimiciii.CHARTEVENTS,Impaired Skin Wound Base #4,Site/Wound Base #4,Skin - Impairment,,Text,,154,3,0,0,,,,,0.0,0.0,categorical,0.0002,0.9998,51.333
45370,mimiciii.INPUTEVENTS_CV,REPLETE/FIBER,,Free Form Intake,,,,154,4,0,0,,,,,0.0,0.0,categorical,0.0002,0.9998,38.5
6515,mimiciii.CHARTEVENTS,Multi podus boot,,,,,,153,1,0,0,,,,,0.0,0.0,categorical,0.0001,0.9999,153.0
224106,mimiciii.CHARTEVENTS,Cooling Device,Cooling Device,Treatments,,Text,,153,5,0,0,,,,,0.0,0.0,categorical,0.0003,0.9997,30.6
1508,mimiciii.CHARTEVENTS,Hi/Minute/Vol/Alarm,,,,,,153,5,153,0,,12.0,20.0,34.85,0.0,1.0,numeric,0.0003,0.9997,30.6
8037,mimiciii.CHARTEVENTS,Ketamine 100mg/50ml,,,,,,153,1,153,0,,5.0,15.0,15.0,0.0,1.0,numeric,0.0001,0.9999,153.0
1503,mimiciii.CHARTEVENTS,Bed Bath,,,,,,153,15,0,0,,,,,0.0,0.0,categorical,0.0008,0.9992,10.2
44441,mimiciii.INPUTEVENTS_CV,calcium,,Free Form Intake,,,,153,3,0,0,,,,,0.0,0.0,categorical,0.0002,0.9998,51.0
50841,mimiciii.LABEVENTS,"Creatinine, Ascites",,Chemistry,,12191-3,Ascites,152,114,152,152,mg/dL,0.002,1.475,72.056,1.0,1.0,numeric,0.006,0.994,1.333
51347,mimiciii.LABEVENTS,Eosinophils,,Hematology,,26451-5,Cerebrospinal Fluid (CSF),152,110,152,152,%,1.0,1.25,12.0,1.0,1.0,numeric,0.0058,0.9942,1.382
1383,mimiciii.CHARTEVENTS,high minute vol.,,,,,,152,6,152,0,,17.0,20.0,25.0,0.0,1.0,numeric,0.0003,0.9997,25.333
224409,mimiciii.CHARTEVENTS,Pain Level Response,Pain Level Response,Pain/Sedation,,Text,,152,9,152,0,,0.0,0.0,5.0,0.0,1.0,numeric,0.0005,0.9995,16.889
1118,mimiciii.CHARTEVENTS,multipodus boot,,,,,,151,4,0,0,,,,,0.0,0.0,categorical,0.0002,0.9998,37.75
227566,mimiciii.CHARTEVENTS,Ventilator Tank #2,Ventilator Tank #2,Respiratory,None,Numeric,,151,10,151,0,,1000.0,1850.0,3000.0,0.0,1.0,numeric,0.0005,0.9995,15.1
227565,mimiciii.CHARTEVENTS,Ventilator Tank #1,Ventilator Tank #1,Respiratory,None,Numeric,,151,10,151,0,,1000.0,2125.0,2998.0003,0.0,1.0,numeric,0.0005,0.9995,15.1
1102,mimiciii.CHARTEVENTS,high exhaled min vol,,,,,,150,6,150,0,,12.0,20.0,22.0,0.0,1.0,numeric,0.0003,0.9997,25.0
3070,mimiciii.CHARTEVENTS,Nicardipine (mg/h),,,,,,149,1,149,0,,0.0,6.0,15.0,0.0,1.0,numeric,0.0001,0.9999,149.0
3277,mimiciii.CHARTEVENTS,NICARDIPINE--MG/HR,,,,,,149,1,149,0,,0.0,4.625,17.33,0.0,1.0,numeric,0.0001,0.9999,149.0
224024,mimiciii.CHARTEVENTS,Family Communication,Family Communication,Restraint/Support Systems,,Text,,149,11,0,0,,,,,0.0,0.0,categorical,0.0006,0.9994,13.545
51206,mimiciii.LABEVENTS,Factor VIII,,Hematology,,3209-4,Blood,148,81,148,148,%,2.682,127.0,386.8401,1.0,1.0,numeric,0.0042,0.9958,1.827
51088,mimiciii.LABEVENTS,"Magnesium, Urine",,Chemistry,,2598-1,Urine,148,136,147,148,mg/dL,0.597,4.225,49.526,1.0,0.9932,numeric,0.0071,0.9929,1.088
1028,mimiciii.CHARTEVENTS,Cisatracurium,,,,,,148,6,146,0,,0.0576,0.5,2.0,0.0,0.9865,numeric,0.0003,0.9997,24.667
51411,mimiciii.LABEVENTS,CD45,,Hematology,,17823-6,Other Body Fluid,147,119,0,0,,,,,0.0,0.0,categorical,0.0062,0.9938,1.235
5625,mimiciii.CHARTEVENTS,Pinps,,,,,,147,7,147,0,,22.76,30.0,40.0,0.0,1.0,numeric,0.0004,0.9996,21.0
224925,mimiciii.CHARTEVENTS,Impaired Skin Odor #4,Odor #4,Skin - Impairment,,Checkbox,,147,3,147,0,,0.0,0.0,0.0,0.0,1.0,numeric,0.0002,0.9998,49.0
51429,mimiciii.LABEVENTS,Mesothelial cells,,Hematology,,28544-5,Other Body Fluid,146,130,146,146,%,0.0,3.0,68.2,1.0,1.0,numeric,0.0068,0.9932,1.123
51398,mimiciii.LABEVENTS,CD19,,Hematology,,17829-3,Other Body Fluid,146,121,8,0,,13.89,15.15,18.0,0.0,0.0548,mixed,0.0063,0.9937,1.207
2882,mimiciii.CHARTEVENTS,FLAP COLOR/TEMP,,,,,,146,1,0,0,,,,,0.0,0.0,categorical,0.0001,0.9999,146.0
1507,mimiciii.CHARTEVENTS,HIGH MINUTE VOL,,,,,,146,4,146,0,,10.0,12.0,24.0,0.0,1.0,numeric,0.0002,0.9998,36.5
224850,mimiciii.CHARTEVENTS,Incision Drainage Amount #1,Incision Drainage Amount #1,Skin - Incisions,,Text,,146,6,0,0,,,,,0.0,0.0,categorical,0.0003,0.9997,24.333
51373,mimiciii.LABEVENTS,"Joint Crystals, Number",,Hematology,,,Joint Fluid,145,116,0,0,,,,,0.0,0.0,categorical,0.0061,0.9939,1.25
225651,mimiciii.CHARTEVENTS,Direct Bilirubin,Direct Bilirubin,Labs,None,Numeric,,145,79,145,145,mg/dL,0.1,2.025,28.5,1.0,1.0,numeric,0.0041,0.9959,1.835
2644,mimiciii.CHARTEVENTS,pericare,,,,,,145,12,0,0,,,,,0.0,0.0,categorical,0.0006,0.9994,12.083
2028,mimiciii.CHARTEVENTS,Low time,,,,,,145,1,145,0,,0.4,0.55,12.0,0.0,1.0,numeric,0.0001,0.9999,145.0
227673,mimiciii.CHARTEVENTS,Non-Violent Restraints Ordered,Non-Violent Restraints Ordered,Restraint/Support Systems,,Text,,145,7,0,0,,,,,0.0,0.0,categorical,0.0004,0.9996,20.714
1687,mimiciii.CHARTEVENTS,high minute vol,,,,,,144,5,144,0,,12.0,20.0,28.12,0.0,1.0,numeric,0.0003,0.9997,28.8
2026,mimiciii.CHARTEVENTS,High time,,,,,,144,1,144,0,,1.4,1.55,3.0,0.0,1.0,numeric,0.0001,0.9999,144.0
2236,mimiciii.CHARTEVENTS,MULTIPODUS BOOTS,,,,,,144,1,0,0,,,,,0.0,0.0,categorical,0.0001,0.9999,144.0
2699,mimiciii.CHARTEVENTS,EF,,,,,,144,4,144,0,,16.0,26.0,50.48,0.0,1.0,numeric,0.0002,0.9998,36.0
226873,mimiciii.CHARTEVENTS,Inspiratory Ratio,Inspiratory Ratio,Respiratory,None,Numeric,,144,8,144,0,,0.97,1.0,3.2,0.0,1.0,numeric,0.0004,0.9996,18.0
225210,mimiciii.CHARTEVENTS,Arterial Line Zero/Calibrate,Arterial Line Zero/Calibrate,Access Lines - Invasive,,Checkbox,,144,6,144,0,,0.0,1.0,1.0,0.0,1.0,numeric,0.0003,0.9997,24.0
1871,mimiciii.CHARTEVENTS,versed 400mg/100ml,,,,,,144,1,144,0,,10.0,16.875,25.0,0.0,1.0,numeric,0.0001,0.9999,144.0
40864,mimiciii.INPUTEVENTS_CV,KPhos,,Free Form Intake,,,,143,13,0,0,,,,,0.0,0.0,categorical,0.0007,0.9993,11.0
223837,mimiciii.CHARTEVENTS,ETT Size (ID),ETT Size (ID),Respiratory,,Text,,142,9,0,0,,,,,0.0,0.0,categorical,0.0005,0.9995,15.778
51032,mimiciii.LABEVENTS,"Creatinine, Body Fluid",,Chemistry,,12190-5,Other Body Fluid,140,90,140,140,mg/dL,0.0,1.95,56.67,1.0,1.0,numeric,0.0047,0.9953,1.556
51231,mimiciii.LABEVENTS,Howell-Jolly Bodies,,Hematology,,7793-3,Blood,140,95,0,0,,,,,0.0,0.0,categorical,0.005,0.995,1.474
226871,mimiciii.CHARTEVENTS,Expiratory Ratio,Expiratory Ratio,Respiratory,None,Numeric,,140,8,140,0,,2.1,3.4,10.66,0.0,1.0,numeric,0.0004,0.9996,17.5
224851,mimiciii.CHARTEVENTS,Dressing Status #1,Dressing Status #1,Skin - Incisions,,Text,,140,5,0,0,,,,,0.0,0.0,categorical,0.0003,0.9997,28.0
226062,mimiciii.CHARTEVENTS,Venous CO2 Pressure,PCO2 (Venous),Labs,mmHg,Numeric,,140,88,140,140,mmHg,26.3,47.0,106.1,1.0,1.0,numeric,0.0046,0.9954,1.591
224904,mimiciii.CHARTEVENTS,Impaired Skin Drainage #4,Site Drainage #4,Skin - Impairment,,Text,,140,3,0,0,,,,,0.0,0.0,categorical,0.0002,0.9998,46.667
51198,mimiciii.LABEVENTS,Envelope Cells,,Hematology,,681-7,Blood,139,125,0,0,,,,,0.0,0.0,categorical,0.0065,0.9935,1.112
223679,mimiciii.CHARTEVENTS,TCO2 (calc) Venous,TCO2 (calc) Venous,Labs,None,Numeric,,139,87,139,139,mEq/L,10.89,25.875,59.7101,1.0,1.0,numeric,0.0046,0.9954,1.598
226063,mimiciii.CHARTEVENTS,Venous O2 Pressure,PO2 (Venous),Labs,mmHg,Numeric,,139,87,139,139,mmHg,25.56,42.875,241.7103,1.0,1.0,numeric,0.0046,0.9954,1.598
46087,mimiciii.INPUTEVENTS_CV,IV PLASMOLYTE,,Free Form Intake,,,,139,1,0,0,,,,,0.0,0.0,categorical,0.0001,0.9999,139.0
227440,mimiciii.CHARTEVENTS,Digoxin,Digoxin,Labs,None,Numeric with tag,,138,65,138,138,ng/mL,0.288,1.0,4.48,1.0,1.0,numeric,0.0034,0.9966,2.123
6806,mimiciii.CHARTEVENTS,Mucomyst mg/hr,,,,,,138,1,137,0,,1000.0,1000.0,1000.0,0.0,0.9928,numeric,0.0001,0.9999,138.0
42204,mimiciii.INPUTEVENTS_CV,Protonix gtt,,Free Form Intake,,,,138,4,0,0,,,,,0.0,0.0,categorical,0.0002,0.9998,34.5
42440,mimiciii.INPUTEVENTS_CV,1/2 STR. IMPACT/FIBR,,Free Form Intake,,,,138,1,0,0,,,,,0.0,0.0,categorical,0.0001,0.9999,138.0
223838,mimiciii.CHARTEVENTS,ETT Location,ETT Location,Respiratory,,Text,,137,9,0,0,,,,,0.0,0.0,categorical,0.0005,0.9995,15.222
8146,mimiciii.CHARTEVENTS,R VAC/L VAC,,,,,,137,1,3,0,,43.0,44.0,44.0,0.0,0.0219,categorical,0.0001,0.9999,137.0
51264,mimiciii.LABEVENTS,Platelet Clumps,,Hematology,,40741-1,Blood,136,126,0,0,,,,,0.0,0.0,categorical,0.0066,0.9934,1.079
220603,mimiciii.CHARTEVENTS,Cholesterol,Cholesterol,Labs,None,Numeric,,136,130,136,136,mg/dL,63.72,153.25,408.8201,1.0,1.0,numeric,0.0068,0.9932,1.046
41353,mimiciii.INPUTEVENTS_CV,KPHOS,,Free Form Intake,,,,136,10,0,0,,,,,0.0,0.0,categorical,0.0005,0.9995,13.6
41916,mimiciii.INPUTEVENTS_CV,NIMBEX,,Free Form Intake,,,,136,2,0,0,,,,,0.0,0.0,categorical,0.0001,0.9999,68.0
51261,mimiciii.LABEVENTS,Pappenheimer Bodies,,Hematology,,7795-8,Blood,135,106,0,0,,,,,0.0,0.0,categorical,0.0055,0.9945,1.274
1097,mimiciii.CHARTEVENTS,Pantoprazole  mg/hr,,,,,,135,2,135,0,,8.0,8.0,8.0,0.0,1.0,numeric,0.0001,0.9999,67.5
224415,mimiciii.CHARTEVENTS,ETT Mark (cm),ETT Mark (cm),Respiratory,,Text,,135,9,0,0,,,,,0.0,0.0,categorical,0.0005,0.9995,15.0
1803,mimiciii.CHARTEVENTS,Solumedrol,,,,,,135,7,106,0,,0.0,22.0,447.9601,0.0,0.7852,mixed,0.0004,0.9996,19.286
42564,mimiciii.INPUTEVENTS_CV,ALCOHOL 10%DRIP G/HR,,Free Form Intake,,,,135,1,0,0,,,,,0.0,0.0,categorical,0.0001,0.9999,135.0
224980,mimiciii.CHARTEVENTS,Tunneling Present #3,Tunneling Present #3,Skin - Impairment,,Text,,134,4,0,0,,,,,0.0,0.0,categorical,0.0002,0.9998,33.5
50876,mimiciii.LABEVENTS,Anti-Smooth Muscle Antibody,,Chemistry,,14252-1,Blood,133,124,0,0,,,,,0.0,0.0,categorical,0.0065,0.9935,1.073
7743,mimiciii.CHARTEVENTS,ACETYLCYSTEINE MG/HR,,,,,,133,1,133,0,,830.0,1000.0,1000.0,0.0,1.0,numeric,0.0001,0.9999,133.0
681,mimiciii.CHARTEVENTS,Tidal Volume,,,,,,133,17,118,33,ml/B,274.0,500.0,752.4001,0.2481,0.8872,mixed,0.0009,0.9991,7.824
224909,mimiciii.CHARTEVENTS,Impaired Skin Drainage Amount #2,Site Drainage Amount #2,Skin - Impairment,,Text,,133,4,0,0,,,,,0.0,0.0,categorical,0.0002,0.9998,33.25
2194,mimiciii.CHARTEVENTS,SVO2,,,,,,133,10,126,0,,44.04,68.0,88.0,0.0,0.9474,mixed,0.0005,0.9995,13.3
40385,mimiciii.INPUTEVENTS_CV,K PHOS,,Free Form Intake,,,,133,16,0,0,,,,,0.0,0.0,categorical,0.0008,0.9992,8.313
42430,mimiciii.INPUTEVENTS_CV,D5W w/20gm CaGluc,,Free Form Intake,,,,133,1,0,0,,,,,0.0,0.0,categorical,0.0001,0.9999,133.0
6384,mimiciii.CHARTEVENTS,PINSP,,,,,,132,4,132,0,,18.0,18.0,40.0,0.0,1.0,numeric,0.0002,0.9998,33.0
42100,mimiciii.INPUTEVENTS_CV,cistatracurium,,Free Form Intake,,,,132,1,0,0,,,,,0.0,0.0,categorical,0.0001,0.9999,132.0
51499,mimiciii.LABEVENTS,Sperm,,Hematology,,8248-7,Urine,131,129,0,0,,,,,0.0,0.0,categorical,0.0067,0.9933,1.016
51342,mimiciii.LABEVENTS,Wright Giemsa,,Hematology,,10355-6,Bone Marrow,131,108,0,0,,,,,0.0,0.0,categorical,0.0057,0.9943,1.213
224012,mimiciii.CHARTEVENTS,Stool Management,Stool Management,GI/GU,,Text,,131,7,0,0,,,,,0.0,0.0,categorical,0.0004,0.9996,18.714
5769,mimiciii.CHARTEVENTS,multipodus splints,,,,,,131,3,0,0,,,,,0.0,0.0,categorical,0.0002,0.9998,43.667
1663,mimiciii.CHARTEVENTS,Calcium gluconate,,,,,,131,3,121,0,,0.0,25.0,353.9011,0.0,0.9237,mixed,0.0002,0.9998,43.667
272,mimiciii.CHARTEVENTS,INV Line#8 Zero/Cal,,,,,,130,14,0,0,,,,,0.0,0.0,categorical,0.0007,0.9993,9.286
6832,mimiciii.CHARTEVENTS,hob angle,,,,,,130,1,130,0,,20.0,30.0,30.0,0.0,1.0,numeric,0.0001,0.9999,130.0
5651,mimiciii.CHARTEVENTS,High Ve,,,,,,130,6,130,0,,10.0,14.0,20.0,0.0,1.0,numeric,0.0003,0.9997,21.667
482,mimiciii.CHARTEVENTS,OrthostatBP standing [Systolic],,,,,,130,104,112,112,mmHg,64.62,118.0,169.14,0.8615,0.8615,mixed,0.0054,0.9946,1.25
224794,mimiciii.CHARTEVENTS,Stool Color,Stool Color,GI/GU,,Text,,130,7,0,0,,,,,0.0,0.0,categorical,0.0004,0.9996,18.571
51028,mimiciii.LABEVENTS,"Bilirubin, Total, Body Fluid",,Chemistry,,1974-5,Other Body Fluid,129,87,129,129,mg/dL,0.0,5.7125,329.2506,1.0,1.0,numeric,0.0046,0.9954,1.483
50955,mimiciii.LABEVENTS,Light Green Top Hold,,Chemistry,,,Blood,129,129,0,0,,,,,0.0,0.0,categorical,0.0067,0.9933,1.0
224563,mimiciii.CHARTEVENTS,Impaired Skin Depth #1,Site Depth #1,Skin - Impairment,cm,Numeric,,129,3,129,129,cm,0.0,0.5,0.5,1.0,1.0,numeric,0.0002,0.9998,43.0
43982,mimiciii.INPUTEVENTS_CV,Cladribine,,Free Form Intake,,,,129,1,0,0,,,,,0.0,0.0,categorical,0.0001,0.9999,129.0
224987,mimiciii.CHARTEVENTS,Undermining Present #3,Undermining Present #3,Skin - Impairment,,Text,,128,4,0,0,,,,,0.0,0.0,categorical,0.0002,0.9998,32.0
224009,mimiciii.CHARTEVENTS,GI #1 Tube Drainage,GI #1 Tube Drainage,GI/GU,,Text,,128,11,0,0,,,,,0.0,0.0,categorical,0.0006,0.9994,11.636
221794,mimiciii.INPUTEVENTS_MV,Furosemide (Lasix),Furosemide (Lasix),Medications,mg,Solution,,128,8,99,99,mg/hour,0.745,10.0,63.2128,0.7734,0.7734,mixed,0.0004,0.9996,16.0
41183,mimiciii.INPUTEVENTS_CV,Sodium Phosphate,,Free Form Intake,,,,128,16,0,0,,,,,0.0,0.0,categorical,0.0008,0.9992,8.0
46765,mimiciii.INPUTEVENTS_CV,Replete w/Fib w/prot,,Free Form Intake,,,,128,1,0,0,,,,,0.0,0.0,categorical,0.0001,0.9999,128.0
40700,mimiciii.INPUTEVENTS_CV,Pantoprazole,,Free Form Intake,,,,128,5,0,0,,,,,0.0,0.0,categorical,0.0003,0.9997,25.6
1587,mimiciii.CHARTEVENTS,xigris mg/hr,,,,,,127,2,127,0,,1.6,1.9,1.9,0.0,1.0,numeric,0.0001,0.9999,63.5
6537,mimiciii.CHARTEVENTS,Ketamine,,,,,,127,3,76,0,,15.0,30.0,45.0,0.0,0.5984,mixed,0.0002,0.9998,42.333
5952,mimiciii.CHARTEVENTS,nitric oxide,,,,,,127,3,70,0,,1.0,37.0,40.0,0.0,0.5512,mixed,0.0002,0.9998,42.333
42888,mimiciii.INPUTEVENTS_CV,D5W 10%ALCOHOL,,Free Form Intake,,,,127,1,0,0,,,,,0.0,0.0,categorical,0.0001,0.9999,127.0
224895,mimiciii.CHARTEVENTS,Impaired Skin Depth #2,Site Depth #2,Skin - Impairment,cm,Numeric,,126,2,126,126,cm,0.0,0.2,0.5,1.0,1.0,numeric,0.0001,0.9999,63.0
483,mimiciii.CHARTEVENTS,OrthostatHR standing,,,,,,126,98,108,109,BPM,56.48,89.0,158.2,0.8651,0.8571,mixed,0.0051,0.9949,1.286
1331,mimiciii.CHARTEVENTS,Protonix mg/hr,,,,,,126,4,126,0,,0.0,8.0,8.0,0.0,1.0,numeric,0.0002,0.9998,31.5
220624,mimiciii.CHARTEVENTS,HDL,HDL,Labs,None,Numeric,,126,123,126,126,mg/dL,10.28,40.0,77.64,1.0,1.0,numeric,0.0064,0.9936,1.024
225153,mimiciii.INPUTEVENTS_MV,Labetalol,Labetalol,Medications,mg,Solution,,126,2,126,126,mg/min,1.7584,4.067,79.3739,1.0,1.0,numeric,0.0001,0.9999,63.0
51105,mimiciii.LABEVENTS,"Uric Acid, Urine",,Chemistry,,3086-6,Urine,125,112,124,125,MG/DL,2.748,28.9,128.92,1.0,0.992,numeric,0.0059,0.9941,1.116
223834,mimiciii.CHARTEVENTS,O2 Flow,O2 Flow,Respiratory,L/min,Numeric,,125,10,125,125,L/min,0.75,4.0,100.0,1.0,1.0,numeric,0.0005,0.9995,12.5
225936,mimiciii.INPUTEVENTS_MV,Replete with Fiber (Full),Replete with Fiber (Full),Nutrition - Enteral,mL,Solution,,125,6,125,125,mL/hour,10.0,60.0,3985.8963,1.0,1.0,numeric,0.0003,0.9997,20.833
44800,mimiciii.INPUTEVENTS_CV,kvo,,Free Form Intake,,,,125,1,0,0,,,,,0.0,0.0,categorical,0.0001,0.9999,125.0
50990,mimiciii.LABEVENTS,Theophylline,,Chemistry,,4049-3,Blood,124,79,97,124,ug/ml,0.894,4.9,16.29,1.0,0.7823,mixed,0.0041,0.9959,1.57
2123,mimiciii.CHARTEVENTS,High exhale MV,,,,,,124,4,124,0,,12.0,14.0,24.0,0.0,1.0,numeric,0.0002,0.9998,31.0
2166,mimiciii.CHARTEVENTS,PRECEDEX MCG/KG/HR,,,,,,123,2,122,0,,0.2,0.55,0.7,0.0,0.9919,numeric,0.0001,0.9999,61.5
221668,mimiciii.INPUTEVENTS_MV,Midazolam (Versed),Midazolam (Versed),Medications,mg,Solution,,123,8,93,93,mg/hour,0.5,2.0017,10.0576,0.7561,0.7561,mixed,0.0004,0.9996,15.375
2478,mimiciii.CHARTEVENTS,Amiodarone mg/hr,,,,,,122,1,121,0,,30.0,60.0,60.0,0.0,0.9918,numeric,0.0001,0.9999,122.0
220072,mimiciii.CHARTEVENTS,Central Venous Pressure Alarm - High,CVP Alarm - High,Alarms,mmHg,Numeric,,122,6,122,122,mmHg,10.0,20.0,35.0,1.0,1.0,numeric,0.0003,0.9997,20.333
2435,mimiciii.CHARTEVENTS,CALGLUCONATE20GMS/L,,,,,,122,1,90,0,,47.0,100.0,100.0,0.0,0.7377,mixed,0.0001,0.9999,122.0
220073,mimiciii.CHARTEVENTS,Central Venous Pressure  Alarm - Low,CVP Alarm - Low,Alarms,mmHg,Numeric,,122,6,122,122,mmHg,-0.56,0.0,5.84,1.0,1.0,numeric,0.0003,0.9997,20.333
51114,mimiciii.LABEVENTS,Eosinophils,,Hematology,,30380-0,Ascites,121,104,121,121,%,0.71,1.0,23.02,1.0,1.0,numeric,0.0054,0.9946,1.163
7132,mimiciii.CHARTEVENTS,mucomyst mg/kg/hr,,,,,,121,1,121,0,,17.5,17.5,17.5232,0.0,1.0,numeric,0.0001,0.9999,121.0
30062,mimiciii.INPUTEVENTS_CV,CO Fluid,,,,,,121,4,0,0,,,,,0.0,0.0,categorical,0.0002,0.9998,30.25
51271,mimiciii.LABEVENTS,"Protein C, Functional",,Hematology,,27818-4,Blood,120,115,120,120,%,25.3,104.0,234.2001,1.0,1.0,numeric,0.006,0.994,1.043
6419,mimiciii.CHARTEVENTS,mlti podus boots,,,,,,120,1,0,0,,,,,0.0,0.0,categorical,0.0001,0.9999,120.0
8159,mimiciii.CHARTEVENTS,FLOLAN ng/kg/min,,,,,,120,1,120,0,,2.0,6.0,9.0,0.0,1.0,numeric,0.0001,0.9999,120.0
225671,mimiciii.CHARTEVENTS,LDL calculated,LDL calculated,Labs,None,Numeric,,120,117,120,120,mg/dL,14.7,84.0,161.6,1.0,1.0,numeric,0.0061,0.9939,1.026
227674,mimiciii.CHARTEVENTS,Face to Face Eval (Non-Violent),Face to Face Eval (Non-Violent),Restraint/Support Systems,,Text,,120,8,0,0,,,,,0.0,0.0,categorical,0.0004,0.9996,15.0
225797,mimiciii.INPUTEVENTS_MV,Free Water,Free Water,Fluids/Intake,mL,Solution,,120,7,0,0,,,,,0.0,0.0,categorical,0.0004,0.9996,17.143
46007,mimiciii.INPUTEVENTS_CV,Nutrem Pulmonary FS,,Free Form Intake,,,,120,1,0,0,,,,,0.0,0.0,categorical,0.0001,0.9999,120.0
41938,mimiciii.INPUTEVENTS_CV,ATG,,Free Form Intake,,,,120,7,0,0,,,,,0.0,0.0,categorical,0.0004,0.9996,17.143
44963,mimiciii.INPUTEVENTS_CV,CALC GLUC,,Free Form Intake,,,,120,1,0,0,,,,,0.0,0.0,categorical,0.0001,0.9999,120.0
50962,mimiciii.LABEVENTS,N-Acetylprocainamide (NAPA),,Chemistry,,3834-9,Blood,119,40,115,119,ug/mL,0.795,6.8,21.385,1.0,0.9664,numeric,0.0021,0.9979,2.975
50972,mimiciii.LABEVENTS,Procainamide,,Chemistry,,3982-6,Blood,119,40,115,119,ug/mL,1.2,4.7,17.0,1.0,0.9664,numeric,0.0021,0.9979,2.975
996,mimiciii.CHARTEVENTS,BLADDER PRESSURE,,,,,,119,32,117,0,,3.68,18.0,50.66,0.0,0.9832,numeric,0.0017,0.9983,3.719
1119,mimiciii.CHARTEVENTS,seizure pads,,,,,,119,7,0,0,,,,,0.0,0.0,categorical,0.0004,0.9996,17.0
2196,mimiciii.CHARTEVENTS,PRECEDEX,,,,,,119,3,118,0,,0.2,0.5435,0.6,0.0,0.9916,numeric,0.0002,0.9998,39.667
40749,mimiciii.INPUTEVENTS_CV,protonix infusion,,Free Form Intake,,,,119,2,0,0,,,,,0.0,0.0,categorical,0.0001,0.9999,59.5
30169,mimiciii.INPUTEVENTS_CV,Sterile H20_GU,,,,,,119,20,0,0,,,,,0.0,0.0,categorical,0.001,0.999,5.95
42099,mimiciii.INPUTEVENTS_CV,urinary irrigant,,Free Form Intake,,,,119,1,0,0,,,,,0.0,0.0,categorical,0.0001,0.9999,119.0
2100,mimiciii.CHARTEVENTS,cardene mcg/kg/min,,,,,,118,1,118,0,,0.476,3.0,3.0,0.0,1.0,numeric,0.0001,0.9999,118.0
983,mimiciii.CHARTEVENTS,LEECH THERAPY,,,,,,118,2,2,0,,0.0,0.0,0.0,0.0,0.0169,categorical,0.0001,0.9999,59.0
224771,mimiciii.CHARTEVENTS,RLE Temp,RLE Temp,Cardiovascular,,Text,,118,6,0,0,,,,,0.0,0.0,categorical,0.0003,0.9997,19.667
1122,mimiciii.CHARTEVENTS,lepirudin,,,,,,118,3,112,0,,0.0279,0.075,7.4,0.0,0.9492,mixed,0.0002,0.9998,39.333
224767,mimiciii.CHARTEVENTS,RUE Temp,RUE Temp,Cardiovascular,,Text,,118,6,0,0,,,,,0.0,0.0,categorical,0.0003,0.9997,19.667
46708,mimiciii.INPUTEVENTS_CV,NS rescue flush,,Free Form Intake,,,,118,1,0,0,,,,,0.0,0.0,categorical,0.0001,0.9999,118.0
42106,mimiciii.INPUTEVENTS_CV,PROMOTE/FIBER,,Free Form Intake,,,,118,1,0,0,,,,,0.0,0.0,categorical,0.0001,0.9999,118.0
51425,mimiciii.LABEVENTS,Kappa,,Hematology,,,Other Body Fluid,117,104,0,0,,,,,0.0,0.0,categorical,0.0054,0.9946,1.125
51426,mimiciii.LABEVENTS,Lambda,,Hematology,,,Other Body Fluid,117,104,0,0,,,,,0.0,0.0,categorical,0.0054,0.9946,1.125
407,mimiciii.CHARTEVENTS,Inc/Wound Packing #4,,,,,,117,26,0,0,,,,,0.0,0.0,categorical,0.0014,0.9986,4.5
224769,mimiciii.CHARTEVENTS,LUE Temp,LUE Temp,Cardiovascular,,Text,,117,6,0,0,,,,,0.0,0.0,categorical,0.0003,0.9997,19.5
846,mimiciii.CHARTEVENTS,Tobramycin/Random,,Drug Level,,,,117,27,113,0,,0.126,2.3,20.7,0.0,0.9658,numeric,0.0014,0.9986,4.333
43050,mimiciii.INPUTEVENTS_CV,ca glu 40gm/1L,,Free Form Intake,,,,117,1,0,0,,,,,0.0,0.0,categorical,0.0001,0.9999,117.0
42484,mimiciii.INPUTEVENTS_CV,1000N/S 20GM CA GLU,,Free Form Intake,,,,117,1,0,0,,,,,0.0,0.0,categorical,0.0001,0.9999,117.0
42457,mimiciii.INPUTEVENTS_CV,PENTOBARB DRIP,,Free Form Intake,,,,117,1,0,0,,,,,0.0,0.0,categorical,0.0001,0.9999,117.0
2592,mimiciii.CHARTEVENTS,MULTIPODUS SPLINT,,,,,,116,1,0,0,,,,,0.0,0.0,categorical,0.0001,0.9999,116.0
42967,mimiciii.INPUTEVENTS_CV,Nicardipine (mg/h),,Free Form Intake,,,,116,1,0,0,,,,,0.0,0.0,categorical,0.0001,0.9999,116.0
50871,mimiciii.LABEVENTS,Anti-Mitochondrial Antibody,,Chemistry,,14236-4,Blood,115,108,0,0,,,,,0.0,0.0,categorical,0.0057,0.9943,1.065
224011,mimiciii.CHARTEVENTS,Stool Consistency,Stool Consistency,GI/GU,,Text,,115,7,0,0,,,,,0.0,0.0,categorical,0.0004,0.9996,16.429
224951,mimiciii.CHARTEVENTS,Impaired Skin Width #2,Site Width #2,Skin - Impairment,cm,Numeric,,115,2,115,115,cm,0.0,2.5,3.0,1.0,1.0,numeric,0.0001,0.9999,57.5
223936,mimiciii.CHARTEVENTS,Radial Pulse R,Radial Pulse R,Cardiovascular (Pulses),,Text,,115,10,0,0,,,,,0.0,0.0,categorical,0.0005,0.9995,11.5
224916,mimiciii.CHARTEVENTS,Impaired Skin Length #2,Site Length #2,Skin - Impairment,cm,Numeric,,115,2,115,115,cm,2.0,3.0,3.0,1.0,1.0,numeric,0.0001,0.9999,57.5
40863,mimiciii.INPUTEVENTS_CV,k phos,,Free Form Intake,,,,115,12,0,0,,,,,0.0,0.0,categorical,0.0006,0.9994,9.583
46197,mimiciii.INPUTEVENTS_CV,BUMEX,,Free Form Intake,,,,115,1,0,0,,,,,0.0,0.0,categorical,0.0001,0.9999,115.0
45687,mimiciii.INPUTEVENTS_CV,FLOLAN INFUSION,,Free Form Intake,,,,115,1,0,0,,,,,0.0,0.0,categorical,0.0001,0.9999,115.0
225206,mimiciii.CHARTEVENTS,Multi Lumen Zero/Calibrate,Multi Lumen Zero/Calibrate,Access Lines - Invasive,,Checkbox,,114,7,114,0,,0.0,1.0,1.0,0.0,1.0,numeric,0.0004,0.9996,16.286
224910,mimiciii.CHARTEVENTS,Impaired Skin Drainage Amount #3,Site Drainage Amount #3,Skin - Impairment,,Text,,114,3,0,0,,,,,0.0,0.0,categorical,0.0002,0.9998,38.0
1348,mimiciii.CHARTEVENTS,podus boots,,,,,,114,7,0,0,,,,,0.0,0.0,categorical,0.0004,0.9996,16.286
2870,mimiciii.CHARTEVENTS,ICP-ventriculostomuy,,,,,,114,1,114,0,,7.64,17.0,37.88,0.0,1.0,numeric,0.0001,0.9999,114.0
41823,mimiciii.INPUTEVENTS_CV,nicardipine gtt,,Free Form Intake,,,,114,2,0,0,,,,,0.0,0.0,categorical,0.0001,0.9999,57.0
51404,mimiciii.LABEVENTS,CD3,,Hematology,,17826-9,Other Body Fluid,113,93,8,0,,66.0,72.55,82.1,0.0,0.0708,mixed,0.0049,0.9951,1.215
224773,mimiciii.CHARTEVENTS,LLE Temp,LLE Temp,Cardiovascular,,Text,,113,6,0,0,,,,,0.0,0.0,categorical,0.0003,0.9997,18.833
1710,mimiciii.CHARTEVENTS,zzz Stim Thresh mA [Unit],,,,,,113,10,0,0,,,,,0.0,0.0,categorical,0.0005,0.9995,11.3
6451,mimiciii.CHARTEVENTS,Phigh,,,,,,113,12,113,0,,12.0,31.0,55.0,0.0,1.0,numeric,0.0006,0.9994,9.417
43994,mimiciii.INPUTEVENTS_CV,3/4 IMPACT/FIBER,,Free Form Intake,,,,113,2,0,0,,,,,0.0,0.0,categorical,0.0001,0.9999,56.5
8445,mimiciii.CHARTEVENTS,OrthostatBP standing [Diastolic],,,,,,112,97,112,112,mmHg,21.44,62.5,94.52,1.0,1.0,numeric,0.0051,0.9949,1.155
224979,mimiciii.CHARTEVENTS,Tunneling Present #2,Tunneling Present #2,Skin - Impairment,,Text,,112,4,0,0,,,,,0.0,0.0,categorical,0.0002,0.9998,28.0
42414,mimiciii.INPUTEVENTS_CV,Cisat mcg/kg/min,,Free Form Intake,,,,112,2,0,0,,,,,0.0,0.0,categorical,0.0001,0.9999,56.0
30082,mimiciii.INPUTEVENTS_CV,Boost Plus,,,,,,112,4,0,0,,,,,0.0,0.0,categorical,0.0002,0.9998,28.0
45137,mimiciii.INPUTEVENTS_CV,NS cc/cc,,Free Form Intake,,,,112,1,0,0,,,,,0.0,0.0,categorical,0.0001,0.9999,112.0
224631,mimiciii.CHARTEVENTS,Pressure Ulcer Stage #1,Pressure Ulcer Stage #1,Skin - Impairment,,Text,,111,3,111,0,,0.0,1.0,2.0,0.0,1.0,numeric,0.0002,0.9998,37.0
373,mimiciii.CHARTEVENTS,ImpSkin #6 [Width],,,,,,111,25,0,0,,,,,0.0,0.0,categorical,0.0013,0.9987,4.44
2883,mimiciii.CHARTEVENTS,Venous signal,,,,,,111,1,0,0,,,,,0.0,0.0,categorical,0.0001,0.9999,111.0
46172,mimiciii.INPUTEVENTS_CV,CVVHDF CA GLUC,,Free Form Intake,,,,111,1,0,0,,,,,0.0,0.0,categorical,0.0001,0.9999,111.0
45195,mimiciii.INPUTEVENTS_CV,NOVASOURCE,,Free Form Intake,,,,111,1,0,0,,,,,0.0,0.0,categorical,0.0001,0.9999,111.0
42325,mimiciii.INPUTEVENTS_CV,CARIPORIDE CC/HR,,Free Form Intake,,,,111,3,0,0,,,,,0.0,0.0,categorical,0.0002,0.9998,37.0
51123,mimiciii.LABEVENTS,Other,,Hematology,,,Ascites,110,96,110,110,%,0.0,2.0,72.8,1.0,1.0,numeric,0.005,0.995,1.146
51503,mimiciii.LABEVENTS,Triple Phosphate Crystals,,Hematology,,5814-9,Urine,110,101,0,0,,,,,0.0,0.0,categorical,0.0053,0.9947,1.089
8496,mimiciii.CHARTEVENTS,zzz Stim Thresh mA [Value],,,,,,110,9,110,110,V-mA,2.2,7.0,17.6,1.0,1.0,numeric,0.0005,0.9995,12.222
46540,mimiciii.INPUTEVENTS_CV,Acetylcystein,,Free Form Intake,,,,110,1,0,0,,,,,0.0,0.0,categorical,0.0001,0.9999,110.0
45156,mimiciii.INPUTEVENTS_CV,10meq k+/100,,Free Form Intake,,,,110,1,0,0,,,,,0.0,0.0,categorical,0.0001,0.9999,110.0
46651,mimiciii.INPUTEVENTS_CV,citrate dextrose,,Free Form Intake,,,,110,1,0,0,,,,,0.0,0.0,categorical,0.0001,0.9999,110.0
224169,mimiciii.CHARTEVENTS,MDI #1 Puff,MDI #1 Puff,Respiratory,None,Numeric,,109,7,109,0,,1.18,6.0,6.0,0.0,1.0,numeric,0.0004,0.9996,15.571
45151,mimiciii.INPUTEVENTS_CV,Pulmonary,,Free Form Intake,,,,109,3,0,0,,,,,0.0,0.0,categorical,0.0002,0.9998,36.333
51422,mimiciii.LABEVENTS,"Hematocrit, Other Fluid",,Hematology,,11153-4,Other Body Fluid,108,95,102,108,%,0.0,8.75,46.7,1.0,0.9444,mixed,0.005,0.995,1.137
51263,mimiciii.LABEVENTS,Plasma Cells,,Hematology,,13047-6,Blood,108,93,108,108,%,0.0,1.0,28.42,1.0,1.0,numeric,0.0049,0.9951,1.161
226586,mimiciii.CHARTEVENTS,Stool Estimate,Stool Estimate,Output,,Text,,108,9,0,0,,,,,0.0,0.0,categorical,0.0005,0.9995,12.0
2127,mimiciii.CHARTEVENTS,high exhale mv,,,,,,108,3,108,0,,12.0,18.0,24.0,0.0,1.0,numeric,0.0002,0.9998,36.0
1115,mimiciii.CHARTEVENTS,passey muir valve,,,,,,108,11,0,0,,,,,0.0,0.0,categorical,0.0006,0.9994,9.818
7242,mimiciii.CHARTEVENTS,fem/fem bpg,,,,,,108,1,1,0,,2.0,2.0,2.0,0.0,0.0093,categorical,0.0001,0.9999,108.0
44585,mimiciii.INPUTEVENTS_CV,Methylprednisolone,,Free Form Intake,,,,108,3,0,0,,,,,0.0,0.0,categorical,0.0002,0.9998,36.0
1380,mimiciii.CHARTEVENTS,High exhaled min.vol,,,,,,107,2,107,0,,15.0,20.0,20.0,0.0,1.0,numeric,0.0001,0.9999,53.5
2618,mimiciii.CHARTEVENTS,Cistracurium,,,,,,107,1,107,0,,0.06,0.12,0.245,0.0,1.0,numeric,0.0001,0.9999,107.0
226089,mimiciii.INPUTEVENTS_MV,Piggyback,Piggyback,Fluids/Intake,mL,Solution,,107,6,107,107,mL/hour,39.25,50.0,343.0001,1.0,1.0,numeric,0.0003,0.9997,17.833
46636,mimiciii.INPUTEVENTS_CV,CITRATE DEXTROSE 3%,,Free Form Intake,,,,107,1,0,0,,,,,0.0,0.0,categorical,0.0001,0.9999,107.0
45865,mimiciii.INPUTEVENTS_CV,replete w/ fiber,,Free Form Intake,,,,107,1,0,0,,,,,0.0,0.0,categorical,0.0001,0.9999,107.0
50913,mimiciii.LABEVENTS,Cryoglobulin,,Chemistry,,5117-7,Blood,106,92,0,0,,,,,0.0,0.0,categorical,0.0048,0.9952,1.152
2957,mimiciii.CHARTEVENTS,ECMO FLOW,,,,,,106,3,106,0,,2.5,3.8,5.944,0.0,1.0,numeric,0.0002,0.9998,35.333
7243,mimiciii.CHARTEVENTS,R ax fem bpg pulse,,,,,,106,1,1,0,,2.0,2.0,2.0,0.0,0.0094,categorical,0.0001,0.9999,106.0
3176,mimiciii.CHARTEVENTS,Nicardip.mcg/kg/min,,,,,,106,1,106,0,,0.0,1.5,3.0,0.0,1.0,numeric,0.0001,0.9999,106.0
2509,mimiciii.CHARTEVENTS,APROTONIN CC/HR,,,,,,106,9,106,0,,14.0,25.0,25.0,0.0,1.0,numeric,0.0005,0.9995,11.778
3118,mimiciii.CHARTEVENTS,THORACIC EXTENSION,,,,,,106,1,0,0,,,,,0.0,0.0,categorical,0.0001,0.9999,106.0
224986,mimiciii.CHARTEVENTS,Undermining Present #2,Undermining Present #2,Skin - Impairment,,Text,,106,4,0,0,,,,,0.0,0.0,categorical,0.0002,0.9998,26.5
46546,mimiciii.INPUTEVENTS_CV,"D10, 1/2NS",,Free Form Intake,,,,106,1,0,0,,,,,0.0,0.0,categorical,0.0001,0.9999,106.0
42150,mimiciii.INPUTEVENTS_CV,CRITICARE TF,,Free Form Intake,,,,106,1,0,0,,,,,0.0,0.0,categorical,0.0001,0.9999,106.0
51232,mimiciii.LABEVENTS,Hypersegmented Neutrophils,,Hematology,,766-6,Blood,105,86,105,105,%,0.55,2.0,17.45,1.0,1.0,numeric,0.0045,0.9955,1.221
1991,mimiciii.CHARTEVENTS,pronator drift,,,,,,105,2,0,0,,,,,0.0,0.0,categorical,0.0001,0.9999,52.5
3050,mimiciii.CHARTEVENTS,spont tidal volumes,,,,,,105,5,105,0,,150.0,430.0,722.5001,0.0,1.0,numeric,0.0003,0.9997,21.0
1653,mimiciii.CHARTEVENTS,Bed Alarm,,,,,,105,16,0,0,,,,,0.0,0.0,categorical,0.0008,0.9992,6.563
2554,mimiciii.CHARTEVENTS,Cisatr mcg/kg/min,,,,,,105,1,104,0,,0.0,3.5,3.73,0.0,0.9905,numeric,0.0001,0.9999,105.0
45170,mimiciii.INPUTEVENTS_CV,promote/fib/beneprot,,Free Form Intake,,,,105,1,0,0,,,,,0.0,0.0,categorical,0.0001,0.9999,105.0
42777,mimiciii.INPUTEVENTS_CV,10% ALCOHOL IN 5% D5,,Free Form Intake,,,,105,1,0,0,,,,,0.0,0.0,categorical,0.0001,0.9999,105.0
5939,mimiciii.CHARTEVENTS,Lumbar drain,,,,,,104,2,103,0,,9.0,15.0,39.35,0.0,0.9904,numeric,0.0001,0.9999,52.0
6756,mimiciii.CHARTEVENTS,pantoprazole80mg/100,,,,,,104,1,103,0,,8.0,8.0,8.0,0.0,0.9904,numeric,0.0001,0.9999,104.0
1734,mimiciii.CHARTEVENTS,TOF,,,,,,104,8,25,0,,0.0,2.0,4.0,0.0,0.2404,mixed,0.0004,0.9996,13.0
50895,mimiciii.LABEVENTS,Calculated TBG,,Chemistry,,3027-0,Blood,103,86,102,103,Ratio,0.5616,0.94,1.346,1.0,0.9903,numeric,0.0045,0.9955,1.198
51140,mimiciii.LABEVENTS,Antithrombin,,Hematology,,27811-9,Blood,103,100,103,103,%,29.12,84.0,155.81,1.0,1.0,numeric,0.0052,0.9948,1.03
51005,mimiciii.LABEVENTS,Uptake Ratio,,Chemistry,,3050-2,Blood,103,86,102,103,Ratio,0.7472,1.05,1.7744,1.0,0.9903,numeric,0.0045,0.9955,1.198
28,mimiciii.CHARTEVENTS,Abdominal Girth,,,,,,103,26,69,0,,34.0,43.5,201.0,0.0,0.6699,mixed,0.0014,0.9986,3.962
51052,mimiciii.LABEVENTS,"Creatinine, Pleural",,Chemistry,,14399-0,Pleural,102,93,101,102,mg/dL,0.102,0.9,7.488,1.0,0.9902,numeric,0.0049,0.9951,1.097
50896,mimiciii.LABEVENTS,Calculated Thyroxine (T4) Index,,Chemistry,,32215-6,Blood,102,85,102,102,ug/dL,2.504,7.05,21.388,1.0,1.0,numeric,0.0044,0.9956,1.2
50978,mimiciii.LABEVENTS,Rapamycin,,Chemistry,,29247-4,Blood,102,21,99,102,ng/mL,2.347,6.5,28.153,1.0,0.9706,numeric,0.0011,0.9989,4.857
1500,mimiciii.CHARTEVENTS,HI MV ALARM,,,,,,102,1,102,0,,8.08,18.0,24.0,0.0,1.0,numeric,0.0001,0.9999,102.0
7601,mimiciii.CHARTEVENTS,rotation on,,,,,,101,1,0,0,,,,,0.0,0.0,categorical,0.0001,0.9999,101.0
3236,mimiciii.CHARTEVENTS,HI MINUTE VOLUME,,,,,,100,1,100,0,,10.5,18.0,25.0,0.0,1.0,numeric,0.0001,0.9999,100.0
1874,mimiciii.CHARTEVENTS,methadone,,,,,,100,1,98,0,,5.0,8.5,10.0,0.0,0.98,numeric,0.0001,0.9999,100.0
51424,mimiciii.LABEVENTS,Immunophenotyping,,Hematology,,,Other Body Fluid,99,85,0,0,,,,,0.0,0.0,categorical,0.0044,0.9956,1.165
2809,mimiciii.CHARTEVENTS,xigris mcg/kg/hr,,,,,,99,1,99,0,,11.76,24.0,24.0,0.0,1.0,numeric,0.0001,0.9999,99.0
3102,mimiciii.CHARTEVENTS,NICARDIPINE MCQ/KG/',,,,,,99,1,99,0,,0.245,3.0,3.0,0.0,1.0,numeric,0.0001,0.9999,99.0
155,mimiciii.CHARTEVENTS,Doppler BP,,,,,,99,19,89,89,mmHg,64.78,100.0,192.2,0.899,0.899,mixed,0.001,0.999,5.211
3347,mimiciii.CHARTEVENTS,Calcium Gluconate,,,,,,99,2,85,0,,0.0,15.0,25.0,0.0,0.8586,mixed,0.0001,0.9999,49.5
224933,mimiciii.CHARTEVENTS,Impaired Skin Site #5,Site #5,Skin - Impairment,,Text,,99,2,0,0,,,,,0.0,0.0,categorical,0.0001,0.9999,49.5
1419,mimiciii.CHARTEVENTS,FLOLAN,,,,,,99,1,99,0,,0.245,2.0,3.0,0.0,1.0,numeric,0.0001,0.9999,99.0
225166,mimiciii.INPUTEVENTS_MV,Potassium Chloride,Potassium Chloride - KCL,Medications,mEq,Solution,,99,7,0,0,,,,,0.0,0.0,categorical,0.0004,0.9996,14.143
2161,mimiciii.CHARTEVENTS,aprotinin cc/hr,,,,,,98,8,96,0,,0.0,25.0,25.0,0.0,0.9796,numeric,0.0004,0.9996,12.25
2876,mimiciii.CHARTEVENTS,10% ALCOHOL CC/HR,,,,,,98,1,98,0,,1.2,10.0,10.0,0.0,1.0,numeric,0.0001,0.9999,98.0
2655,mimiciii.CHARTEVENTS,ALCOHOL 10%DRIP G/HR,,,,,,98,1,98,0,,0.0,8.0,8.0,0.0,1.0,numeric,0.0001,0.9999,98.0
3036,mimiciii.CHARTEVENTS,P HIGH,,,,,,98,4,98,0,,7.784,30.0,34.52,0.0,1.0,numeric,0.0002,0.9998,24.5
7241,mimiciii.CHARTEVENTS,spinal pse.,,,,,,98,1,96,0,,9.46,15.0,21.54,0.0,0.9796,numeric,0.0001,0.9999,98.0
3160,mimiciii.CHARTEVENTS,HIGH MV LIMIT,,,,,,98,3,98,0,,8.48,15.0,16.0,0.0,1.0,numeric,0.0002,0.9998,32.667
46311,mimiciii.INPUTEVENTS_CV,crrt irrigation,,Free Form Intake,,,,98,1,0,0,,,,,0.0,0.0,categorical,0.0001,0.9999,98.0
43678,mimiciii.INPUTEVENTS_CV,APC,,Free Form Intake,,,,98,1,0,0,,,,,0.0,0.0,categorical,0.0001,0.9999,98.0
1313,mimiciii.CHARTEVENTS,High Exhaled min vol,,,,,,97,5,97,0,,13.0,18.0,24.0,0.0,1.0,numeric,0.0003,0.9997,19.4
2201,mimiciii.CHARTEVENTS,Precedex,,,,,,97,3,95,0,,0.0,0.5,2.5,0.0,0.9794,numeric,0.0002,0.9998,32.333
224918,mimiciii.CHARTEVENTS,Impaired Skin Length #4,Site Length #4,Skin - Impairment,cm,Numeric,,97,2,97,97,cm,3.0,4.0,7.0,1.0,1.0,numeric,0.0001,0.9999,48.5
2922,mimiciii.CHARTEVENTS,P-insp,,,,,,97,1,97,0,,26.94,34.0,45.0,0.0,1.0,numeric,0.0001,0.9999,97.0
225052,mimiciii.CHARTEVENTS,Cooling Device Status,Cooling Device Status,Treatments,,Text,,97,5,0,0,,,,,0.0,0.0,categorical,0.0003,0.9997,19.4
224953,mimiciii.CHARTEVENTS,Impaired Skin Width #4,Site Width #4,Skin - Impairment,cm,Numeric,,97,2,97,97,cm,3.0,4.0,6.0,1.0,1.0,numeric,0.0001,0.9999,48.5
3113,mimiciii.CHARTEVENTS,high min.vol,,,,,,97,3,97,0,,12.0,18.0,32.95,0.0,1.0,numeric,0.0002,0.9998,32.333
30081,mimiciii.INPUTEVENTS_CV,Boost,,,,,,97,5,0,0,,,,,0.0,0.0,categorical,0.0003,0.9997,19.4
41491,mimiciii.INPUTEVENTS_CV,fluid bolus,,Free Form Intake,,,,97,12,0,0,,,,,0.0,0.0,categorical,0.0006,0.9994,8.083
224926,mimiciii.CHARTEVENTS,Impaired Skin Odor #5,Odor #5,Skin - Impairment,,Checkbox,,96,2,96,0,,0.0,0.0,0.0,0.0,1.0,numeric,0.0001,0.9999,48.0
224961,mimiciii.CHARTEVENTS,Impaired Skin Wound Base #5,Site/Wound Base #5,Skin - Impairment,,Text,,96,2,0,0,,,,,0.0,0.0,categorical,0.0001,0.9999,48.0
224898,mimiciii.CHARTEVENTS,Impaired Skin Depth #5,Site Depth #5,Skin - Impairment,cm,Numeric,,96,2,96,96,cm,0.0,0.0,0.5,1.0,1.0,numeric,0.0001,0.9999,48.0
224919,mimiciii.CHARTEVENTS,Impaired Skin Length #5,Site Length #5,Skin - Impairment,cm,Numeric,,96,2,96,96,cm,3.0,6.0,8.4,1.0,1.0,numeric,0.0001,0.9999,48.0
3209,mimiciii.CHARTEVENTS,P LOW,,,,,,96,5,96,0,,0.0,11.0,16.0,0.0,1.0,numeric,0.0003,0.9997,19.2
224891,mimiciii.CHARTEVENTS,Impaired Skin Cleanse #5,Site Cleanse #5,Skin - Impairment,,Text,,96,2,0,0,,,,,0.0,0.0,categorical,0.0001,0.9999,48.0
224947,mimiciii.CHARTEVENTS,Impaired Skin Type #5,Type #5,Skin - Impairment,,Text,,96,2,0,0,,,,,0.0,0.0,categorical,0.0001,0.9999,48.0
224975,mimiciii.CHARTEVENTS,Surrounding Tissue #5,Surrounding Tissue #5,Skin - Impairment,,Text,,96,2,0,0,,,,,0.0,0.0,categorical,0.0001,0.9999,48.0
224954,mimiciii.CHARTEVENTS,Impaired Skin Width #5,Site Width #5,Skin - Impairment,cm,Numeric,,96,2,96,96,cm,1.0,2.0,3.0,1.0,1.0,numeric,0.0001,0.9999,48.0
40976,mimiciii.INPUTEVENTS_CV,FLOLAN,,Free Form Intake,,,,96,1,0,0,,,,,0.0,0.0,categorical,0.0001,0.9999,96.0
42965,mimiciii.INPUTEVENTS_CV,xigris mcg/kg/hr,,Free Form Intake,,,,96,1,0,0,,,,,0.0,0.0,categorical,0.0001,0.9999,96.0
42639,mimiciii.INPUTEVENTS_CV,bolus,,Free Form Intake,,,,96,19,0,0,,,,,0.0,0.0,categorical,0.001,0.999,5.053
8415,mimiciii.CHARTEVENTS,ImpSkin #6 [Length],,,,,,95,19,0,0,,,,,0.0,0.0,categorical,0.001,0.999,5.0
6453,mimiciii.CHARTEVENTS,Plow,,,,,,95,13,95,0,,2.25,10.0,32.0,0.0,1.0,numeric,0.0007,0.9993,7.308
51388,mimiciii.LABEVENTS,CD10,,Hematology,,51217-8,Other Body Fluid,94,84,0,0,,,,,0.0,0.0,categorical,0.0044,0.9956,1.119
51412,mimiciii.LABEVENTS,CD5,,Hematology,,57423-6,Other Body Fluid,94,84,0,0,,,,,0.0,0.0,categorical,0.0044,0.9956,1.119
1062,mimiciii.CHARTEVENTS,PMV on/off,,,,,,94,5,3,0,,0.5,0.5,0.5,0.0,0.0319,categorical,0.0003,0.9997,18.8
2757,mimiciii.CHARTEVENTS,KETAMINE MG/HR,,,,,,94,2,94,0,,0.0,3.0,3.7,0.0,1.0,numeric,0.0001,0.9999,47.0
40402,mimiciii.INPUTEVENTS_CV,protonics,,Free Form Intake,,,,94,1,0,0,,,,,0.0,0.0,categorical,0.0001,0.9999,94.0
51400,mimiciii.LABEVENTS,CD20,,Hematology,,57418-6,Other Body Fluid,93,84,0,0,,,,,0.0,0.0,categorical,0.0044,0.9956,1.107
51138,mimiciii.LABEVENTS,Anticardiolipin Antibody IgG,,Hematology,,8065-5,Blood,93,85,93,93,GPL,2.244,5.5,69.479,1.0,1.0,numeric,0.0044,0.9956,1.094
51139,mimiciii.LABEVENTS,Anticardiolipin Antibody IgM,,Hematology,,3182-3,Blood,93,85,93,93,MPL,5.53,8.8,77.521,1.0,1.0,numeric,0.0044,0.9956,1.094
51067,mimiciii.LABEVENTS,24 hr Creatinine,,Chemistry,,2162-6,Urine,93,78,93,93,mg/24hr,165.36,667.0,2384.3101,1.0,1.0,numeric,0.0041,0.9959,1.192
224696,mimiciii.CHARTEVENTS,Plateau Pressure,Plateau Pressure,Respiratory,cmH2O,Numeric,,93,6,93,93,cmH2O,8.29,19.0,47.0,1.0,1.0,numeric,0.0003,0.9997,15.5
844,mimiciii.CHARTEVENTS,Thrombin (16-21),,Coags,,,,93,81,87,0,,13.311,26.2,150.0,0.0,0.9355,mixed,0.0042,0.9958,1.148
1682,mimiciii.CHARTEVENTS,multi podus boots,,,,,,93,2,0,0,,,,,0.0,0.0,categorical,0.0001,0.9999,46.5
6312,mimiciii.CHARTEVENTS,Abdominal Binder,,,,,,93,5,0,0,,,,,0.0,0.0,categorical,0.0003,0.9997,18.6
46791,mimiciii.INPUTEVENTS_CV,citrate infusion,,Free Form Intake,,,,93,1,0,0,,,,,0.0,0.0,categorical,0.0001,0.9999,93.0
30083,mimiciii.INPUTEVENTS_CV,Boost High Protein,,,,,,93,1,0,0,,,,,0.0,0.0,categorical,0.0001,0.9999,93.0
41460,mimiciii.INPUTEVENTS_CV,capd dialysate,,Free Form Intake,,,,93,1,0,0,,,,,0.0,0.0,categorical,0.0001,0.9999,93.0
223948,mimiciii.CHARTEVENTS,Radial Pulse L,Radial Pulse L,Cardiovascular (Pulses),,Text,,92,10,0,0,,,,,0.0,0.0,categorical,0.0005,0.9995,9.2
7107,mimiciii.CHARTEVENTS,Acetylcysteine mg/hr,,,,,,92,2,92,0,,0.0,1000.0,1000.0,0.0,1.0,numeric,0.0001,0.9999,46.0
6308,mimiciii.CHARTEVENTS,TEDS,,,,,,92,3,0,0,,,,,0.0,0.0,categorical,0.0002,0.9998,30.667
46790,mimiciii.INPUTEVENTS_CV,kcl 10 meq/100 ml  0,,Free Form Intake,,,,92,1,0,0,,,,,0.0,0.0,categorical,0.0001,0.9999,92.0
43693,mimiciii.INPUTEVENTS_CV,cyclosporin iv drip,,Free Form Intake,,,,92,1,0,0,,,,,0.0,0.0,categorical,0.0001,0.9999,92.0
225313,mimiciii.CHARTEVENTS,Bed Bath,Bed Bath,Treatments,,Checkbox,,91,12,91,0,,0.0,1.0,1.0,0.0,1.0,numeric,0.0006,0.9994,7.583
45478,mimiciii.INPUTEVENTS_CV,Ca,,Free Form Intake,,,,91,1,0,0,,,,,0.0,0.0,categorical,0.0001,0.9999,91.0
30004,mimiciii.INPUTEVENTS_CV,Washed PRBC's,,,,,,91,31,0,0,,,,,0.0,0.0,categorical,0.0016,0.9984,2.935
223976,mimiciii.CHARTEVENTS,RUE Color,RUE Color,Cardiovascular,,Text,,90,6,0,0,,,,,0.0,0.0,categorical,0.0003,0.9997,15.0
1048,mimiciii.CHARTEVENTS,zzzn Management,,,,,,90,27,0,0,,,,,0.0,0.0,categorical,0.0014,0.9986,3.333
5706,mimiciii.CHARTEVENTS,T HIGH,,,,,,90,5,90,0,,1.1,1.5,3.2,0.0,1.0,numeric,0.0003,0.9997,18.0
7869,mimiciii.CHARTEVENTS,PERCUSSION,,,,,,90,2,0,0,,,,,0.0,0.0,categorical,0.0001,0.9999,45.0
223979,mimiciii.CHARTEVENTS,RLE Color,RLE Color,Cardiovascular,,Text,,90,6,0,0,,,,,0.0,0.0,categorical,0.0003,0.9997,15.0
43125,mimiciii.INPUTEVENTS_CV,xigris cc/hr,,Free Form Intake,,,,90,1,0,0,,,,,0.0,0.0,categorical,0.0001,0.9999,90.0
42342,mimiciii.INPUTEVENTS_CV,Amiodarone mg/hr,,Free Form Intake,,,,90,1,0,0,,,,,0.0,0.0,categorical,0.0001,0.9999,90.0
45321,mimiciii.INPUTEVENTS_CV,LR w/50meqNAacetate,,Free Form Intake,,,,90,1,0,0,,,,,0.0,0.0,categorical,0.0001,0.9999,90.0
51445,mimiciii.LABEVENTS,"Hematocrit, Pleural",,Hematology,,,Pleural,89,75,79,89,%,0.0,4.5,66.27,1.0,0.8876,mixed,0.0039,0.9961,1.187
51339,mimiciii.LABEVENTS,Iron Stain,,Hematology,,13513-7,Bone Marrow,89,79,0,0,,,,,0.0,0.0,categorical,0.0041,0.9959,1.127
5707,mimiciii.CHARTEVENTS,T LOW,,,,,,89,5,89,0,,0.3,0.4,27.645,0.0,1.0,numeric,0.0003,0.9997,17.8
223982,mimiciii.CHARTEVENTS,LUE Color,LUE Color,Cardiovascular,,Text,,89,6,0,0,,,,,0.0,0.0,categorical,0.0003,0.9997,14.833
1407,mimiciii.CHARTEVENTS,CIWA SCALE,,,,,,89,7,88,0,,2.76,10.0,22.0,0.0,0.9888,numeric,0.0004,0.9996,12.714
2921,mimiciii.CHARTEVENTS,Delta P,,,,,,89,1,88,0,,18.0,24.0,26.0,0.0,0.9888,numeric,0.0001,0.9999,89.0
40726,mimiciii.INPUTEVENTS_CV,epidural,,Free Form Intake,,,,89,4,0,0,,,,,0.0,0.0,categorical,0.0002,0.9998,22.25
1872,mimiciii.CHARTEVENTS,Shave,,,,,,88,33,0,0,,,,,0.0,0.0,categorical,0.0017,0.9983,2.667
224965,mimiciii.CHARTEVENTS,Pressure Ulcer Stage #2,Pressure Ulcer Stage #2,Skin - Impairment,,Text,,88,2,88,0,,0.0,2.0,2.0,0.0,1.0,numeric,0.0001,0.9999,44.0
42731,mimiciii.INPUTEVENTS_CV,Dextran40 10%,,Free Form Intake,,,,88,1,0,0,,,,,0.0,0.0,categorical,0.0001,0.9999,88.0
42990,mimiciii.INPUTEVENTS_CV,BUPIVACAINE .50%,,Free Form Intake,,,,88,1,0,0,,,,,0.0,0.0,categorical,0.0001,0.9999,88.0
2373,mimiciii.CHARTEVENTS,APROTININ ML/HR,,,,,,87,8,86,0,,0.0,25.0,25.0,0.0,0.9885,numeric,0.0004,0.9996,10.875
2796,mimiciii.CHARTEVENTS,Alcohol Gm/hour,,,,,,87,1,87,0,,2.5,2.5,17.5,0.0,1.0,numeric,0.0001,0.9999,87.0
61,mimiciii.CHARTEVENTS,AvDO2,,,,,,86,63,84,84,ml/dl,1.0,5.0,8.66,0.9767,0.9767,numeric,0.0033,0.9967,1.365
223983,mimiciii.CHARTEVENTS,LLE Color,LLE Color,Cardiovascular,,Text,,86,6,0,0,,,,,0.0,0.0,categorical,0.0003,0.9997,14.333
3128,mimiciii.CHARTEVENTS,BRACHIAL S/D,,,,,,86,1,0,0,,,,,0.0,0.0,categorical,0.0001,0.9999,86.0
44711,mimiciii.INPUTEVENTS_CV,potassium,,Free Form Intake,,,,86,4,0,0,,,,,0.0,0.0,categorical,0.0002,0.9998,21.5
42285,mimiciii.INPUTEVENTS_CV,PROTONIX DRIP,,Free Form Intake,,,,86,1,0,0,,,,,0.0,0.0,categorical,0.0001,0.9999,86.0
51423,mimiciii.LABEVENTS,HLA-DR,,Hematology,,51381-2,Other Body Fluid,85,76,0,0,,,,,0.0,0.0,categorical,0.004,0.996,1.118
51199,mimiciii.LABEVENTS,Eosinophil Count,,Hematology,,26449-9,Blood,85,78,85,85,#/uL,0.0,160.0,2428.0009,1.0,1.0,numeric,0.0041,0.9959,1.09
50886,mimiciii.LABEVENTS,Blood Culture Hold,,Chemistry,,,Blood,85,75,0,0,,,,,0.0,0.0,categorical,0.0039,0.9961,1.133
831,mimiciii.CHARTEVENTS,Procan,,Drug level,,,,85,28,81,0,,1.231,5.0,21.543,0.0,0.9529,numeric,0.0015,0.9985,3.036
2285,mimiciii.CHARTEVENTS,nimbex mcg/kg/min,,,,,,85,1,84,0,,0.68,3.5,5.0,0.0,0.9882,numeric,0.0001,0.9999,85.0
2985,mimiciii.CHARTEVENTS,ICP ventricle,,,,,,85,1,85,0,,5.35,9.0,22.2,0.0,1.0,numeric,0.0001,0.9999,85.0
832,mimiciii.CHARTEVENTS,Procan Napa,,Drug Level,,,,85,28,80,0,,0.69,6.6,19.18,0.0,0.9412,mixed,0.0015,0.9985,3.036
42698,mimiciii.INPUTEVENTS_CV,NS W/ 40 KCL,,Free Form Intake,,,,85,2,0,0,,,,,0.0,0.0,categorical,0.0001,0.9999,42.5
41516,mimiciii.INPUTEVENTS_CV,versed drip,,Free Form Intake,,,,85,1,0,0,,,,,0.0,0.0,categorical,0.0001,0.9999,85.0
44635,mimiciii.INPUTEVENTS_CV,D50% (50g/100cc),,Free Form Intake,,,,85,1,0,0,,,,,0.0,0.0,categorical,0.0001,0.9999,85.0
44172,mimiciii.INPUTEVENTS_CV,FFP GTT,,Free Form Intake,,,,85,2,0,0,,,,,0.0,0.0,categorical,0.0001,0.9999,42.5
42697,mimiciii.INPUTEVENTS_CV,Alcohol Gm/hour,,Free Form Intake,,,,85,1,0,0,,,,,0.0,0.0,categorical,0.0001,0.9999,85.0
741,mimiciii.CHARTEVENTS,avDO2,,,,,,84,61,84,84,ml/dl,1.0,5.0,8.66,1.0,1.0,numeric,0.0032,0.9968,1.377
2429,mimiciii.CHARTEVENTS,VENOUS/DOPPLER/BFM,,,,,,84,1,0,0,,,,,0.0,0.0,categorical,0.0001,0.9999,84.0
1041,mimiciii.CHARTEVENTS,flap doppler,,,,,,84,1,0,0,,,,,0.0,0.0,categorical,0.0001,0.9999,84.0
5744,mimiciii.CHARTEVENTS,High Exhaled Min vol,,,,,,84,1,84,0,,12.0,16.0,19.0,0.0,1.0,numeric,0.0001,0.9999,84.0
46691,mimiciii.INPUTEVENTS_CV,Rescue Flush,,Free Form Intake,,,,84,1,0,0,,,,,0.0,0.0,categorical,0.0001,0.9999,84.0
44125,mimiciii.INPUTEVENTS_CV,Protonix Drip,,Free Form Intake,,,,84,1,0,0,,,,,0.0,0.0,categorical,0.0001,0.9999,84.0
44945,mimiciii.INPUTEVENTS_CV,1/2cc/1cc replace,,Free Form Intake,,,,84,1,0,0,,,,,0.0,0.0,categorical,0.0001,0.9999,84.0
2413,mimiciii.CHARTEVENTS,CISATRICURI MCG/K/MI,,,,,,83,1,83,0,,2.0,7.0,7.0,0.0,1.0,numeric,0.0001,0.9999,83.0
2382,mimiciii.CHARTEVENTS,Protonix gtt,,,,,,83,2,56,0,,8.0,8.0,8.0,0.0,0.6747,mixed,0.0001,0.9999,41.5
3206,mimiciii.CHARTEVENTS,40GmCaGluc/1000ccNS,,,,,,83,1,3,0,,0.0,0.0,0.0,0.0,0.0361,categorical,0.0001,0.9999,83.0
44787,mimiciii.INPUTEVENTS_CV,chemo ara-c,,Free Form Intake,,,,83,1,0,0,,,,,0.0,0.0,categorical,0.0001,0.9999,83.0
44318,mimiciii.INPUTEVENTS_CV,Impact/fiber/Pepto,,Free Form Intake,,,,83,1,0,0,,,,,0.0,0.0,categorical,0.0001,0.9999,83.0
42091,mimiciii.INPUTEVENTS_CV,impact w/fiber+promo,,Free Form Intake,,,,83,1,0,0,,,,,0.0,0.0,categorical,0.0001,0.9999,83.0
51358,mimiciii.LABEVENTS,Other,,Hematology,,,Cerebrospinal Fluid (CSF),82,64,82,82,%,0.0,3.0,59.8,1.0,1.0,numeric,0.0033,0.9967,1.281
1735,mimiciii.CHARTEVENTS,Multipodus boots,,,,,,82,6,0,0,,,,,0.0,0.0,categorical,0.0003,0.9997,13.667
6359,mimiciii.CHARTEVENTS,Halo,,,,,,82,1,0,0,,,,,0.0,0.0,categorical,0.0001,0.9999,82.0
2734,mimiciii.CHARTEVENTS,right vent drain,,,,,,82,1,0,0,,,,,0.0,0.0,categorical,0.0001,0.9999,82.0
44162,mimiciii.INPUTEVENTS_CV,KPO4,,Free Form Intake,,,,82,8,0,0,,,,,0.0,0.0,categorical,0.0004,0.9996,10.25
41430,mimiciii.INPUTEVENTS_CV,free water boluses,,Free Form Intake,,,,82,12,0,0,,,,,0.0,0.0,categorical,0.0006,0.9994,6.833
51402,mimiciii.LABEVENTS,CD23,,Hematology,,51269-9,Other Body Fluid,81,73,0,0,,,,,0.0,0.0,categorical,0.0038,0.9962,1.11
6336,mimiciii.CHARTEVENTS,PCV driving pressure,,,,,,81,2,81,0,,7.93,20.0,20.0,0.0,1.0,numeric,0.0001,0.9999,40.5
1960,mimiciii.CHARTEVENTS,High Min. Vol.,,,,,,81,2,81,0,,18.0,20.0,25.0,0.0,1.0,numeric,0.0001,0.9999,40.5
2101,mimiciii.CHARTEVENTS,nicardipine mg/hr,,,,,,81,2,80,0,,0.6,7.0,10.0,0.0,0.9877,numeric,0.0001,0.9999,40.5
226880,mimiciii.INPUTEVENTS_MV,Nutren Pulmonary (Full),Nutren Pulmonary (Full),Nutrition - Enteral,mL,Solution,,81,4,81,81,mL/hour,10.0,35.0195,98.3872,1.0,1.0,numeric,0.0002,0.9998,20.25
45385,mimiciii.INPUTEVENTS_CV,NUTREN PUL 2/3st mvi,,Free Form Intake,,,,81,1,0,0,,,,,0.0,0.0,categorical,0.0001,0.9999,81.0
42813,mimiciii.INPUTEVENTS_CV,CYCLOSPORIN,,Free Form Intake,,,,81,1,0,0,,,,,0.0,0.0,categorical,0.0001,0.9999,81.0
51420,mimiciii.LABEVENTS,FMC-7,,Hematology,,57428-5,Other Body Fluid,80,73,0,0,,,,,0.0,0.0,categorical,0.0038,0.9962,1.096
51489,mimiciii.LABEVENTS,NonSquamous Epithelial Cell,,Hematology,,41284-1,Urine,80,79,33,80,#/hpf,1.0,2.0,16.0,1.0,0.4125,mixed,0.0041,0.9959,1.013
701,mimiciii.CHARTEVENTS,Transcut Pacer Rate,,,,,,80,16,67,68,BPM,0.0,60.0,70.0,0.85,0.8375,mixed,0.0008,0.9992,5.0
1491,mimiciii.CHARTEVENTS,apnea time,,,,,,80,4,80,0,,20.0,20.0,20.0,0.0,1.0,numeric,0.0002,0.9998,20.0
2665,mimiciii.CHARTEVENTS,NO,,,,,,80,2,49,0,,0.0,30.0,45.0,0.0,0.6125,mixed,0.0001,0.9999,40.0
7116,mimiciii.CHARTEVENTS,Rt ICP,,,,,,80,1,79,0,,2.58,9.0,26.0,0.0,0.9875,numeric,0.0001,0.9999,80.0
385,mimiciii.CHARTEVENTS,Inc Cleansing #6,,,,,,80,25,0,0,,,,,0.0,0.0,categorical,0.0013,0.9987,3.2
46609,mimiciii.INPUTEVENTS_CV,bupivacaine,,Free Form Intake,,,,80,1,0,0,,,,,0.0,0.0,categorical,0.0001,0.9999,80.0
6854,mimiciii.CHARTEVENTS,EEG (burst/min),,,,,,79,1,70,0,,0.0,4.0,12.8,0.0,0.8861,mixed,0.0001,0.9999,79.0
1495,mimiciii.CHARTEVENTS,urine ph,,,,,,79,3,77,0,,5.0,8.0,8.0,0.0,0.9747,numeric,0.0002,0.9998,26.333
1654,mimiciii.CHARTEVENTS,HIGH VE,,,,,,79,7,79,0,,10.58,16.0,21.0,0.0,1.0,numeric,0.0004,0.9996,11.286
225695,mimiciii.CHARTEVENTS,Uric Acid,Uric Acid,Labs,None,Numeric,,78,48,78,78,mg/dL,0.568,5.6,14.116,1.0,1.0,numeric,0.0025,0.9975,1.625
227588,mimiciii.CHARTEVENTS,GI #1 Tube Place Method,GI #1 Tube Place Method,GI/GU,,Text,,78,10,0,0,,,,,0.0,0.0,categorical,0.0005,0.9995,7.8
2305,mimiciii.CHARTEVENTS,aprotinin,,,,,,78,11,67,0,,4.25,25.0,25.0,0.0,0.859,mixed,0.0006,0.9994,7.091
2502,mimiciii.CHARTEVENTS,cisatricurium mg/k/h,,,,,,78,1,78,0,,0.0,0.08,0.08,0.0,1.0,numeric,0.0001,0.9999,78.0
224934,mimiciii.CHARTEVENTS,Impaired Skin Site #6,Site #6,Skin - Impairment,,Text,,78,2,0,0,,,,,0.0,0.0,categorical,0.0001,0.9999,39.0
6538,mimiciii.CHARTEVENTS,tpn,,,,,,78,2,77,0,,14.26,75.0,75.0,0.0,0.9872,numeric,0.0001,0.9999,39.0
42045,mimiciii.INPUTEVENTS_CV,nimbex mcg/kg/min,,Free Form Intake,,,,78,1,0,0,,,,,0.0,0.0,categorical,0.0001,0.9999,78.0
44699,mimiciii.INPUTEVENTS_CV,2/3 st impact /fiber,,Free Form Intake,,,,78,1,0,0,,,,,0.0,0.0,categorical,0.0001,0.9999,78.0
46173,mimiciii.INPUTEVENTS_CV,CVVHDF KCL,,Free Form Intake,,,,78,1,0,0,,,,,0.0,0.0,categorical,0.0001,0.9999,78.0
1363,mimiciii.CHARTEVENTS,Bivalirudin,,,,,,77,2,72,0,,0.0,0.2,1.84,0.0,0.9351,mixed,0.0001,0.9999,38.5
3215,mimiciii.CHARTEVENTS,Xgris,,,,,,77,1,77,0,,0.0,1.7,1.7,0.0,1.0,numeric,0.0001,0.9999,77.0
5950,mimiciii.CHARTEVENTS,NO PPM,,,,,,77,3,76,0,,0.26,20.0,40.0,0.0,0.987,numeric,0.0002,0.9998,25.667
225970,mimiciii.INPUTEVENTS_MV,Beneprotein,Beneprotein,Nutrition - Enteral,grams,Solution,,77,3,0,0,,,,,0.0,0.0,categorical,0.0002,0.9998,25.667
44876,mimiciii.INPUTEVENTS_CV,Prom w/Fib 1/2 str,,Free Form Intake,,,,77,1,0,0,,,,,0.0,0.0,categorical,0.0001,0.9999,77.0
42804,mimiciii.INPUTEVENTS_CV,ETOH Grams/hour,,Free Form Intake,,,,77,1,0,0,,,,,0.0,0.0,categorical,0.0001,0.9999,77.0
51343,mimiciii.LABEVENTS,Atypical Lymphocytes,,Hematology,,30416-2,Cerebrospinal Fluid (CSF),76,60,76,76,%,0.0,2.5,24.32,1.0,1.0,numeric,0.0031,0.9969,1.267
51344,mimiciii.LABEVENTS,Bands,,Hematology,,26509-0,Cerebrospinal Fluid (CSF),76,71,76,76,%,0.0,2.0,13.48,1.0,1.0,numeric,0.0037,0.9963,1.07
51517,mimiciii.LABEVENTS,WBC Casts,,Hematology,,5820-6,Urine,76,75,4,76,#/lpf,1.0,3.0,38.0,1.0,0.0526,mixed,0.0039,0.9961,1.013
1816,mimiciii.CHARTEVENTS,QUINIDINE,,,,,,76,1,76,0,,81.5,81.6,81.6,0.0,1.0,numeric,0.0001,0.9999,76.0
2106,mimiciii.CHARTEVENTS,study drug/24mcg/k/h,,,,,,76,1,74,0,,14.88,24.0,24.0,0.0,0.9737,numeric,0.0001,0.9999,76.0
223784,mimiciii.CHARTEVENTS,Pain Cause,Pain Cause,Pain/Sedation,,Text,,76,7,0,0,,,,,0.0,0.0,categorical,0.0004,0.9996,10.857
3169,mimiciii.CHARTEVENTS,multipodous boots,,,,,,76,3,0,0,,,,,0.0,0.0,categorical,0.0002,0.9998,25.333
8317,mimiciii.CHARTEVENTS,percusion,,,,,,76,1,0,0,,,,,0.0,0.0,categorical,0.0001,0.9999,76.0
41579,mimiciii.INPUTEVENTS_CV,golytely,,Free Form Intake,,,,76,3,0,0,,,,,0.0,0.0,categorical,0.0002,0.9998,25.333
1464,mimiciii.CHARTEVENTS,ZZZly Wake Up,,,,,,75,30,0,0,,,,,0.0,0.0,categorical,0.0016,0.9984,2.5
224927,mimiciii.CHARTEVENTS,Impaired Skin Odor #6,Odor #6,Skin - Impairment,,Checkbox,,75,2,75,0,,0.0,0.0,0.0,0.0,1.0,numeric,0.0001,0.9999,37.5
224906,mimiciii.CHARTEVENTS,Impaired Skin Drainage #6,Site Drainage #6,Skin - Impairment,,Text,,75,2,0,0,,,,,0.0,0.0,categorical,0.0001,0.9999,37.5
224941,mimiciii.CHARTEVENTS,Impaired Skin Treatment #6,Site Treatment #6,Skin - Impairment,,Text,,75,2,0,0,,,,,0.0,0.0,categorical,0.0001,0.9999,37.5
224948,mimiciii.CHARTEVENTS,Impaired Skin Type #6,Type #6,Skin - Impairment,,Text,,75,2,0,0,,,,,0.0,0.0,categorical,0.0001,0.9999,37.5
2804,mimiciii.CHARTEVENTS,10% alcohol/ cc/hr,,,,,,75,1,74,0,,1.2,5.0,5.0,0.0,0.9867,numeric,0.0001,0.9999,75.0
3125,mimiciii.CHARTEVENTS,NICARDIPINE 5-15MG/H,,,,,,75,1,75,0,,2.5,7.5,13.75,0.0,1.0,numeric,0.0001,0.9999,75.0
653,mimiciii.CHARTEVENTS,Spont. Resp. Rate,,,,,,75,34,53,53,BPM,0.0,20.0,34.97,0.7067,0.7067,mixed,0.0018,0.9982,2.206
1472,mimiciii.CHARTEVENTS,Bivaliruden,,,,,,75,1,75,0,,0.0,0.15,0.5,0.0,1.0,numeric,0.0001,0.9999,75.0
224892,mimiciii.CHARTEVENTS,Impaired Skin Cleanse #6,Site Cleanse #6,Skin - Impairment,,Text,,75,2,0,0,,,,,0.0,0.0,categorical,0.0001,0.9999,37.5
224962,mimiciii.CHARTEVENTS,Impaired Skin Wound Base #6,Site/Wound Base #6,Skin - Impairment,,Text,,75,2,0,0,,,,,0.0,0.0,categorical,0.0001,0.9999,37.5
44796,mimiciii.INPUTEVENTS_CV,CHEMO:Cytarabine,,Free Form Intake,,,,75,1,0,0,,,,,0.0,0.0,categorical,0.0001,0.9999,75.0
45126,mimiciii.INPUTEVENTS_CV,1/2 impact /fibre,,Free Form Intake,,,,75,1,0,0,,,,,0.0,0.0,categorical,0.0001,0.9999,75.0
44010,mimiciii.INPUTEVENTS_CV,Promote w/ fiber 3/4,,Free Form Intake,,,,75,1,0,0,,,,,0.0,0.0,categorical,0.0001,0.9999,75.0
6627,mimiciii.CHARTEVENTS,linen change,,,,,,74,8,0,0,,,,,0.0,0.0,categorical,0.0004,0.9996,9.25
1468,mimiciii.CHARTEVENTS,HI/Minute/Vol/alarm,,,,,,74,2,74,0,,14.0,17.0,20.0,0.0,1.0,numeric,0.0001,0.9999,37.0
2806,mimiciii.CHARTEVENTS,ALCOHOL GTT ML/HR,,,,,,74,1,73,0,,10.0,15.0,15.0,0.0,0.9865,numeric,0.0001,0.9999,74.0
6408,mimiciii.CHARTEVENTS,Multi podis boots,,,,,,74,2,0,0,,,,,0.0,0.0,categorical,0.0001,0.9999,37.0
5764,mimiciii.CHARTEVENTS,driving press,,,,,,74,5,74,0,,18.0,24.0,40.0,0.0,1.0,numeric,0.0003,0.9997,14.8
5636,mimiciii.CHARTEVENTS,2nd O2 Sat,,,,,,74,1,74,0,,94.24,97.5,100.0,0.0,1.0,numeric,0.0001,0.9999,74.0
43122,mimiciii.INPUTEVENTS_CV,rectal irrigation,,Free Form Intake,,,,74,1,0,0,,,,,0.0,0.0,categorical,0.0001,0.9999,74.0
45802,mimiciii.INPUTEVENTS_CV,cc/cc,,Free Form Intake,,,,74,2,0,0,,,,,0.0,0.0,categorical,0.0001,0.9999,37.0
44451,mimiciii.INPUTEVENTS_CV,Impact w/Fiber 3/4,,Free Form Intake,,,,74,1,0,0,,,,,0.0,0.0,categorical,0.0001,0.9999,74.0
51481,mimiciii.LABEVENTS,Hemosiderin,,Hematology,,4644-1,Urine,73,69,0,0,,,,,0.0,0.0,categorical,0.0036,0.9964,1.058
51460,mimiciii.LABEVENTS,"Blood, Occult",,Hematology,,2335-8,Stool,73,65,0,0,,,,,0.0,0.0,categorical,0.0034,0.9966,1.123
6655,mimiciii.CHARTEVENTS,PCV Level,,,,,,73,1,73,0,,20.0,25.0,1545.7514,0.0,1.0,numeric,0.0001,0.9999,73.0
1910,mimiciii.CHARTEVENTS,BAth,,,,,,73,11,0,0,,,,,0.0,0.0,categorical,0.0006,0.9994,6.636
711,mimiciii.CHARTEVENTS,VO2,,,,,,73,38,72,43,ml/min,65.782,220.0,499.84,0.589,0.9863,numeric,0.002,0.998,1.921
820,mimiciii.CHARTEVENTS,Lipase,,Enzymes,,,,73,56,66,0,,9.16,55.5,1058.8001,0.0,0.9041,mixed,0.0029,0.9971,1.304
2265,mimiciii.CHARTEVENTS,MVO2,,,,,,73,5,72,0,,61.0,68.0,84.78,0.0,0.9863,numeric,0.0003,0.9997,14.6
1104,mimiciii.CHARTEVENTS,HI/Minute/vol/alarm,,,,,,73,3,73,0,,15.23,20.0,25.0,0.0,1.0,numeric,0.0002,0.9998,24.333
43757,mimiciii.INPUTEVENTS_CV,JT flush,,Free Form Intake,,,,73,1,0,0,,,,,0.0,0.0,categorical,0.0001,0.9999,73.0
42244,mimiciii.INPUTEVENTS_CV,.45ns + 1 amp bicarb,,Free Form Intake,,,,73,1,0,0,,,,,0.0,0.0,categorical,0.0001,0.9999,73.0
42567,mimiciii.INPUTEVENTS_CV,130meqNAACETATE/D5W,,Free Form Intake,,,,73,1,0,0,,,,,0.0,0.0,categorical,0.0001,0.9999,73.0
51017,mimiciii.LABEVENTS,"PEP, CSF",,Chemistry,,24352-7,Cerebrospinal Fluid (CSF),72,67,0,0,,,,,0.0,0.0,categorical,0.0035,0.9965,1.075
1981,mimiciii.CHARTEVENTS,HighMV Alarm,,,,,,72,1,72,0,,12.0,22.0,25.0,0.0,1.0,numeric,0.0001,0.9999,72.0
2908,mimiciii.CHARTEVENTS,ETOH Grams/hour,,,,,,72,1,72,0,,0.22,2.0,10.0,0.0,1.0,numeric,0.0001,0.9999,72.0
534,mimiciii.CHARTEVENTS,Peak Flow (actual),,,,,,72,32,13,64,L/m,2.5,70.0,140.0,0.8889,0.1806,mixed,0.0017,0.9983,2.25
221906,mimiciii.INPUTEVENTS_MV,Norepinephrine,Norepinephrine,Medications,mg,Solution,,72,6,72,72,mcg/kg/min,0.0028,0.07,0.6106,1.0,1.0,numeric,0.0003,0.9997,12.0
42707,mimiciii.INPUTEVENTS_CV,d5w w 10% etoh,,Free Form Intake,,,,72,1,0,0,,,,,0.0,0.0,categorical,0.0001,0.9999,72.0
43134,mimiciii.INPUTEVENTS_CV,1/2 STR IMPACT/FIBER,,Free Form Intake,,,,72,1,0,0,,,,,0.0,0.0,categorical,0.0001,0.9999,72.0
46516,mimiciii.INPUTEVENTS_CV,rescue flush,,Free Form Intake,,,,72,2,0,0,,,,,0.0,0.0,categorical,0.0001,0.9999,36.0
227367,mimiciii.CHARTEVENTS,18 Gauge Dressing Occlusive,18 Gauge Dressing Occlusive,Access Lines - Peripheral,,Checkbox,,71,6,71,0,,1.0,1.0,1.0,0.0,1.0,numeric,0.0003,0.9997,11.833
2510,mimiciii.CHARTEVENTS,DEXTRAN LML 10%,,,,,,71,1,71,0,,19.0,20.0,20.0,0.0,1.0,numeric,0.0001,0.9999,71.0
226137,mimiciii.CHARTEVENTS,18 Gauge placed in outside facility,18 Gauge placed in outside facility,Access Lines - Peripheral,,Checkbox,,71,6,71,0,,0.0,0.0,0.0,0.0,1.0,numeric,0.0003,0.9997,11.833
1670,mimiciii.CHARTEVENTS,driveP,,,,,,71,1,71,0,,10.0,18.0,22.0,0.0,1.0,numeric,0.0001,0.9999,71.0
6657,mimiciii.CHARTEVENTS,DP,,,,,,71,2,71,0,,16.42,20.0,28.0,0.0,1.0,numeric,0.0001,0.9999,35.5
2359,mimiciii.CHARTEVENTS,thrill/bruit,,,,,,71,3,0,0,,,,,0.0,0.0,categorical,0.0002,0.9998,23.667
6898,mimiciii.CHARTEVENTS,TRACHEA DSG,,,,,,71,1,0,0,,,,,0.0,0.0,categorical,0.0001,0.9999,71.0
2476,mimiciii.CHARTEVENTS,rectal tube deflate,,,,,,71,1,0,0,,,,,0.0,0.0,categorical,0.0001,0.9999,71.0
225234,mimiciii.CHARTEVENTS,18 Gauge Site Appear,18 Gauge Site Appear,Access Lines - Peripheral,,Text,,71,6,0,0,,,,,0.0,0.0,categorical,0.0003,0.9997,11.833
51262,mimiciii.LABEVENTS,Pencil Cells,,Hematology,,10377-0,Blood,70,67,0,0,,,,,0.0,0.0,categorical,0.0035,0.9965,1.045
51507,mimiciii.LABEVENTS,"Urine Casts, Other",,Hematology,,9842-6,Urine,70,69,42,70,#/lpf,2.0,3.0,30.0,1.0,0.6,mixed,0.0036,0.9964,1.014
1619,mimiciii.CHARTEVENTS,Lepirudin,,,,,,70,1,70,0,,0.0,0.1,0.15,0.0,1.0,numeric,0.0001,0.9999,70.0
2045,mimiciii.CHARTEVENTS,icp left,,,,,,70,1,70,0,,4.0,6.0,14.8,0.0,1.0,numeric,0.0001,0.9999,70.0
1692,mimiciii.CHARTEVENTS,T low,,,,,,70,7,70,0,,0.16,0.5,3.4,0.0,1.0,numeric,0.0004,0.9996,10.0
2694,mimiciii.CHARTEVENTS,LEPIRUDIN MG/HR,,,,,,70,1,70,0,,0.3,3.0,3.0,0.0,1.0,numeric,0.0001,0.9999,70.0
44045,mimiciii.INPUTEVENTS_CV,3/4st promote wfiber,,Free Form Intake,,,,70,1,0,0,,,,,0.0,0.0,categorical,0.0001,0.9999,70.0
42246,mimiciii.INPUTEVENTS_CV,CISATRICARIUM CC/HR,,Free Form Intake,,,,70,1,0,0,,,,,0.0,0.0,categorical,0.0001,0.9999,70.0
3082,mimiciii.CHARTEVENTS,HIGH TIDAL VOL,,,,,,69,4,69,0,,0.8361,1.35,1000.0,0.0,1.0,numeric,0.0002,0.9998,17.25
6164,mimiciii.CHARTEVENTS,Lumbar open/clamped,,,,,,69,1,0,0,,,,,0.0,0.0,categorical,0.0001,0.9999,69.0
1537,mimiciii.CHARTEVENTS,Thrombin,,Coags,,,,69,61,66,0,,13.248,24.7,150.0,0.0,0.9565,numeric,0.0032,0.9968,1.131
7032,mimiciii.CHARTEVENTS,OR pillow,,,,,,69,1,0,0,,,,,0.0,0.0,categorical,0.0001,0.9999,69.0
2674,mimiciii.CHARTEVENTS,WAFFLE BOOT,,,,,,69,2,0,0,,,,,0.0,0.0,categorical,0.0001,0.9999,34.5
2566,mimiciii.CHARTEVENTS,Spontaneous VT,,,,,,69,2,67,0,,193.4,400.0,608.3,0.0,0.971,numeric,0.0001,0.9999,34.5
1892,mimiciii.CHARTEVENTS,BED BATH,,,,,,69,15,0,0,,,,,0.0,0.0,categorical,0.0008,0.9992,4.6
2418,mimiciii.CHARTEVENTS,CARIPORIDE 20MG/HR,,,,,,69,1,69,0,,20.0,20.0,20.0,0.0,1.0,numeric,0.0001,0.9999,69.0
223951,mimiciii.CHARTEVENTS,Capillary Refill R,Capillary Refill R,Cardiovascular (Pulses),,Text,,69,7,0,0,,,,,0.0,0.0,categorical,0.0004,0.9996,9.857
6454,mimiciii.CHARTEVENTS,Thigh,,,,,,69,8,69,0,,1.4,3.0,30.0,0.0,1.0,numeric,0.0004,0.9996,8.625
30097,mimiciii.INPUTEVENTS_CV,Aminosyn 3.5%,,,,,,69,4,0,0,,,,,0.0,0.0,categorical,0.0002,0.9998,17.25
42833,mimiciii.INPUTEVENTS_CV,1/2 STR.CRITICARE HN,,Free Form Intake,,,,69,1,0,0,,,,,0.0,0.0,categorical,0.0001,0.9999,69.0
2777,mimiciii.CHARTEVENTS,TLSO,,,,,,68,2,0,0,,,,,0.0,0.0,categorical,0.0001,0.9999,34.0
2831,mimiciii.CHARTEVENTS,FEM ABP,,,,,,68,3,0,0,,,,,0.0,0.0,categorical,0.0002,0.9998,22.667
3219,mimiciii.CHARTEVENTS,calcium gluconate,,,,,,68,2,51,0,,0.7,25.0,200.0,0.0,0.75,mixed,0.0001,0.9999,34.0
2003,mimiciii.CHARTEVENTS,HIGH MIN VOL,,,,,,68,6,68,0,,12.0,15.0,18.0,0.0,1.0,numeric,0.0003,0.9997,11.333
7044,mimiciii.CHARTEVENTS,tof,,,,,,68,1,0,0,,,,,0.0,0.0,categorical,0.0001,0.9999,68.0
6841,mimiciii.CHARTEVENTS,DOPPLER FLAP CHECK,,,,,,68,1,0,0,,,,,0.0,0.0,categorical,0.0001,0.9999,68.0
3114,mimiciii.CHARTEVENTS,PCV Driving Pressure,,,,,,68,3,68,0,,18.0,31.0,38.74,0.0,1.0,numeric,0.0002,0.9998,22.667
6842,mimiciii.CHARTEVENTS,FLAP BRISK CAP REFIL,,,,,,68,1,0,0,,,,,0.0,0.0,categorical,0.0001,0.9999,68.0
6843,mimiciii.CHARTEVENTS,FLAP WARM GOOD COLOR,,,,,,68,1,0,0,,,,,0.0,0.0,categorical,0.0001,0.9999,68.0
42146,mimiciii.INPUTEVENTS_CV,APROTONIN,,Free Form Intake,,,,68,6,0,0,,,,,0.0,0.0,categorical,0.0003,0.9997,11.333
40872,mimiciii.INPUTEVENTS_CV,free water,,Free Form Intake,,,,68,11,0,0,,,,,0.0,0.0,categorical,0.0006,0.9994,6.182
51115,mimiciii.LABEVENTS,"Hematocrit, Ascites",,Hematology,,,Ascites,67,51,56,67,%,0.06,8.25,58.86,1.0,0.8358,mixed,0.0027,0.9973,1.314
1066,mimiciii.CHARTEVENTS,shave,,,,,,67,26,0,0,,,,,0.0,0.0,categorical,0.0014,0.9986,2.577
842,mimiciii.CHARTEVENTS,Theophylline,,Drug Level,,,,67,44,55,67,mcg/ml,0.815,5.3,14.525,1.0,0.8209,mixed,0.0023,0.9977,1.523
7268,mimiciii.CHARTEVENTS,Bed Rotation Left,,,,,,67,3,67,0,,15.0,30.0,40.0,0.0,1.0,numeric,0.0002,0.9998,22.333
6160,mimiciii.CHARTEVENTS,R/L FLAP PULSE,,,,,,67,1,0,0,,,,,0.0,0.0,categorical,0.0001,0.9999,67.0
5577,mimiciii.CHARTEVENTS,acytylcisteine,,,,,,67,1,67,0,,17.5,17.5,22.0,0.0,1.0,numeric,0.0001,0.9999,67.0
3052,mimiciii.CHARTEVENTS,waffle boot,,,,,,67,2,0,0,,,,,0.0,0.0,categorical,0.0001,0.9999,33.5
41351,mimiciii.INPUTEVENTS_CV,QUINIDINE,,Free Form Intake,,,,67,1,0,0,,,,,0.0,0.0,categorical,0.0001,0.9999,67.0
42908,mimiciii.INPUTEVENTS_CV,NS W/ 20 GM CAGLUC,,Free Form Intake,,,,67,1,0,0,,,,,0.0,0.0,categorical,0.0001,0.9999,67.0
40283,mimiciii.INPUTEVENTS_CV,THAM,,Free Form Intake,,,,67,6,0,0,,,,,0.0,0.0,categorical,0.0003,0.9997,11.167
51416,mimiciii.LABEVENTS,CD7,,Hematology,,57425-1,Other Body Fluid,66,64,0,0,,,,,0.0,0.0,categorical,0.0033,0.9967,1.031
51399,mimiciii.LABEVENTS,CD2,,Hematology,,17827-7,Other Body Fluid,66,64,0,0,,,,,0.0,0.0,categorical,0.0033,0.9967,1.031
51164,mimiciii.LABEVENTS,CD19,,Hematology,,8117-4,Blood,66,45,21,0,,0.6,17.0,233.0,0.0,0.3182,mixed,0.0024,0.9976,1.467
2516,mimiciii.CHARTEVENTS,CARIPORIDE,,,,,,66,3,66,0,,21.0,21.0,21.0,0.0,1.0,numeric,0.0002,0.9998,22.0
2641,mimiciii.CHARTEVENTS,SJO2,,,,,,66,2,66,0,,41.0,81.0,91.0,0.0,1.0,numeric,0.0001,0.9999,33.0
1968,mimiciii.CHARTEVENTS,Verapamil,,,,,,66,1,65,0,,0.075,2.5,2.5,0.0,0.9848,numeric,0.0001,0.9999,66.0
226814,mimiciii.CHARTEVENTS,Known difficult intubation,Known difficult intubation,Respiratory,,Text,,66,5,0,0,,,,,0.0,0.0,categorical,0.0003,0.9997,13.2
46065,mimiciii.INPUTEVENTS_CV,MUCOMYST,,Free Form Intake,,,,66,2,0,0,,,,,0.0,0.0,categorical,0.0001,0.9999,33.0
51089,mimiciii.LABEVENTS,Marijuana,,Chemistry,,3427-2,Urine,65,35,0,0,,,,,0.0,0.0,categorical,0.0018,0.9982,1.857
227446,mimiciii.CHARTEVENTS,Brain Natiuretic Peptide (BNP),Brain Natiuretic Peptide (BNP),Labs,None,Numeric with tag,,65,54,65,65,pg/mL,66.25,5719.0,61199.8621,1.0,1.0,numeric,0.0028,0.9972,1.204
1199,mimiciii.CHARTEVENTS,HFO MAP,,,,,,65,2,65,0,,14.15,30.0,35.0,0.0,1.0,numeric,0.0001,0.9999,32.5
7082,mimiciii.CHARTEVENTS,Acetylcysreine,,,,,,65,1,65,0,,94.3,1000.0,1000.0,0.0,1.0,numeric,0.0001,0.9999,65.0
2968,mimiciii.CHARTEVENTS,FEM ART BP,,,,,,65,3,0,0,,,,,0.0,0.0,categorical,0.0002,0.9998,21.667
224308,mimiciii.CHARTEVENTS,Capillary Refill L,Capillary Refill L,Cardiovascular (Pulses),,Text,,65,7,0,0,,,,,0.0,0.0,categorical,0.0004,0.9996,9.286
7692,mimiciii.CHARTEVENTS,Bivona mark,,,,,,65,1,65,0,,11.0,11.0,11.0,0.0,1.0,numeric,0.0001,0.9999,65.0
3086,mimiciii.CHARTEVENTS,spont Vt's,,,,,,65,1,64,0,,434.2,600.0,885.8,0.0,0.9846,numeric,0.0001,0.9999,65.0
225907,mimiciii.INPUTEVENTS_MV,Famotidine (Pepcid),Famotidine (Pepcid),Medications,dose,Solution,,65,5,0,0,,,,,0.0,0.0,categorical,0.0003,0.9997,13.0
42049,mimiciii.INPUTEVENTS_CV,criticare hn tf,,Free Form Intake,,,,65,1,0,0,,,,,0.0,0.0,categorical,0.0001,0.9999,65.0
51168,mimiciii.LABEVENTS,CD20,,Hematology,,8119-0,Blood,64,42,9,0,,0.06,1.0,4.0,0.0,0.1406,mixed,0.0022,0.9978,1.524
2700,mimiciii.CHARTEVENTS,tslo brace,,,,,,64,1,0,0,,,,,0.0,0.0,categorical,0.0001,0.9999,64.0
3106,mimiciii.CHARTEVENTS,alcohol gtt,,,,,,64,1,64,0,,2.5,11.25,25.0,0.0,1.0,numeric,0.0001,0.9999,64.0
226531,mimiciii.CHARTEVENTS,Admission Weight (lbs.),Admission Weight (lbs.),General,None,Numeric,,64,12,64,0,,70.2,171.4,759.0,0.0,1.0,numeric,0.0006,0.9994,5.333
2956,mimiciii.CHARTEVENTS,ventriculostomy icp,,,,,,64,1,64,0,,6.14,9.0,49.2,0.0,1.0,numeric,0.0001,0.9999,64.0
5808,mimiciii.CHARTEVENTS,Zygris,,,,,,64,1,64,0,,1.6,1.6,24.0,0.0,1.0,numeric,0.0001,0.9999,64.0
2451,mimiciii.CHARTEVENTS,Passy-Muir Valve,,,,,,64,6,0,0,,,,,0.0,0.0,categorical,0.0003,0.9997,10.667
3124,mimiciii.CHARTEVENTS,LEFT AXILLA PULSE,,,,,,64,1,0,0,,,,,0.0,0.0,categorical,0.0001,0.9999,64.0
46554,mimiciii.INPUTEVENTS_CV,Bumex,,Free Form Intake,,,,64,1,0,0,,,,,0.0,0.0,categorical,0.0001,0.9999,64.0
43903,mimiciii.INPUTEVENTS_CV,Vanco Enema,,Free Form Intake,,,,64,2,0,0,,,,,0.0,0.0,categorical,0.0001,0.9999,32.0
41086,mimiciii.INPUTEVENTS_CV,GoLytely,,Free Form Intake,,,,64,4,0,0,,,,,0.0,0.0,categorical,0.0002,0.9998,16.0
3056,mimiciii.CHARTEVENTS,APNEA INTERVAL TIME,,,,,,63,1,63,0,,20.0,20.0,30.0,0.0,1.0,numeric,0.0001,0.9999,63.0
1667,mimiciii.CHARTEVENTS,plow,,,,,,63,8,63,0,,0.0,5.0,15.0,0.0,1.0,numeric,0.0004,0.9996,7.875
1611,mimiciii.CHARTEVENTS,I time,,,,,,63,2,63,0,,0.8,0.8,1.0,0.0,1.0,numeric,0.0001,0.9999,31.5
1822,mimiciii.CHARTEVENTS,PASSE-MUIR VALVE,,,,,,63,3,0,0,,,,,0.0,0.0,categorical,0.0002,0.9998,21.0
2053,mimiciii.CHARTEVENTS,high VE,,,,,,63,2,63,0,,12.0,16.0,21.74,0.0,1.0,numeric,0.0001,0.9999,31.5
2755,mimiciii.CHARTEVENTS,XIGRIS CC/HR,,,,,,63,1,63,0,,10.2,10.2,10.2,0.0,1.0,numeric,0.0001,0.9999,63.0
8385,mimiciii.CHARTEVENTS,Emesis [pH],,,,,,63,51,54,0,,1.0,5.0,7.0,0.0,0.8571,mixed,0.0027,0.9973,1.235
224640,mimiciii.CHARTEVENTS,Service,Service,General,,Text,,63,13,0,0,,,,,0.0,0.0,categorical,0.0007,0.9993,4.846
1093,mimiciii.CHARTEVENTS,coccyx drsg change,,,,,,63,2,0,0,,,,,0.0,0.0,categorical,0.0001,0.9999,31.5
221828,mimiciii.INPUTEVENTS_MV,Hydralazine,Hydralazine,Medications,mg,Solution,,63,5,0,0,,,,,0.0,0.0,categorical,0.0003,0.9997,12.6
43728,mimiciii.INPUTEVENTS_CV,bupivacaine.1% r axi,,Free Form Intake,,,,63,1,0,0,,,,,0.0,0.0,categorical,0.0001,0.9999,63.0
41408,mimiciii.INPUTEVENTS_CV,mannitol,,Free Form Intake,,,,63,5,0,0,,,,,0.0,0.0,categorical,0.0003,0.9997,12.6
50892,mimiciii.LABEVENTS,CA-125,,Chemistry,,10334-1,Blood,62,60,62,62,U/mL,4.324,88.5,3830.3208,1.0,1.0,numeric,0.0031,0.9969,1.033
2185,mimiciii.CHARTEVENTS,CALCIUM GLUCONATE,,,,,,62,2,51,0,,0.0,40.0,60.0,0.0,0.8226,mixed,0.0001,0.9999,31.0
2638,mimiciii.CHARTEVENTS,CEREBRAL LACTATE,,,,,,62,1,62,0,,0.1272,1.0,1.676,0.0,1.0,numeric,0.0001,0.9999,62.0
2639,mimiciii.CHARTEVENTS,JPO2,,,,,,62,1,62,0,,34.0,45.5,68.52,0.0,1.0,numeric,0.0001,0.9999,62.0
2033,mimiciii.CHARTEVENTS,High VE,,,,,,62,3,62,0,,13.0,24.0,25.0,0.0,1.0,numeric,0.0002,0.9998,20.667
5832,mimiciii.CHARTEVENTS,DRIVING PRSSR,,,,,,62,1,61,0,,10.0,13.0,24.0,0.0,0.9839,numeric,0.0001,0.9999,62.0
2640,mimiciii.CHARTEVENTS,SJ PH,,,,,,62,1,62,0,,7.2272,7.38,7.4488,0.0,1.0,numeric,0.0001,0.9999,62.0
7611,mimiciii.CHARTEVENTS,Lumbar Drain,,,,,,62,1,62,0,,6.12,18.0,24.88,0.0,1.0,numeric,0.0001,0.9999,62.0
220995,mimiciii.INPUTEVENTS_MV,Sodium Bicarbonate 8.4%,Sodium Bicarbonate 8.4%,Medications,mEq,Solution,,62,2,0,0,,,,,0.0,0.0,categorical,0.0001,0.9999,31.0
44820,mimiciii.INPUTEVENTS_CV,pantoprazole gtt,,Free Form Intake,,,,62,1,0,0,,,,,0.0,0.0,categorical,0.0001,0.9999,62.0
30040,mimiciii.INPUTEVENTS_CV,Amrinone,,,,,,62,5,27,33,mcgkgmin,0.5,4.0,10.0,0.5323,0.4355,mixed,0.0003,0.9997,12.4
45870,mimiciii.INPUTEVENTS_CV,ns 1/2cc:1cc replace,,Free Form Intake,,,,62,1,0,0,,,,,0.0,0.0,categorical,0.0001,0.9999,62.0
41627,mimiciii.INPUTEVENTS_CV,pepcid gtt,,Free Form Intake,,,,62,1,0,0,,,,,0.0,0.0,categorical,0.0001,0.9999,62.0
45176,mimiciii.INPUTEVENTS_CV,NOVASOURCE/PULMONARY,,Free Form Intake,,,,62,1,0,0,,,,,0.0,0.0,categorical,0.0001,0.9999,62.0
51184,mimiciii.LABEVENTS,CD5,,Hematology,,8132-3,Blood,61,42,22,0,,3.0,166.0,821.0,0.0,0.3607,mixed,0.0022,0.9978,1.452
716,mimiciii.CHARTEVENTS,Venous Pressure,,,,,,61,12,51,53,mmHg,-55.0,-50.0,169.47,0.8689,0.8361,mixed,0.0006,0.9994,5.083
1771,mimiciii.CHARTEVENTS,Cisatricurium,,,,,,61,1,36,0,,0.0,5.0,5.0,0.0,0.5902,mixed,0.0001,0.9999,61.0
3138,mimiciii.CHARTEVENTS,Visual field checkR),,,,,,61,1,0,0,,,,,0.0,0.0,categorical,0.0001,0.9999,61.0
2789,mimiciii.CHARTEVENTS,MAMMARY SUPPORT,,,,,,61,5,0,0,,,,,0.0,0.0,categorical,0.0003,0.9997,12.2
1976,mimiciii.CHARTEVENTS,hi min vent.,,,,,,61,2,61,0,,10.0,16.0,20.0,0.0,1.0,numeric,0.0001,0.9999,30.5
3136,mimiciii.CHARTEVENTS,Tongue midline,,,,,,61,1,0,0,,,,,0.0,0.0,categorical,0.0001,0.9999,61.0
3137,mimiciii.CHARTEVENTS,Visual Field CheckL),,,,,,61,1,0,0,,,,,0.0,0.0,categorical,0.0001,0.9999,61.0
2913,mimiciii.CHARTEVENTS,R FEM ART LINE,,,,,,61,3,0,0,,,,,0.0,0.0,categorical,0.0002,0.9998,20.333
5921,mimiciii.CHARTEVENTS,ABDOMINAL BINDER,,,,,,61,3,0,0,,,,,0.0,0.0,categorical,0.0002,0.9998,20.333
1371,mimiciii.CHARTEVENTS,cco,,,,,,61,4,56,0,,3.606,4.6,11.11,0.0,0.918,mixed,0.0002,0.9998,15.25
1718,mimiciii.CHARTEVENTS,High Minute Vent.,,,,,,61,3,61,0,,12.0,17.0,29.45,0.0,1.0,numeric,0.0002,0.9998,20.333
224897,mimiciii.CHARTEVENTS,Impaired Skin Depth #4,Site Depth #4,Skin - Impairment,cm,Numeric,,61,1,61,61,cm,0.0,0.0,0.0,1.0,1.0,numeric,0.0001,0.9999,61.0
7921,mimiciii.CHARTEVENTS,Brush Teeth,,,,,,61,6,0,0,,,,,0.0,0.0,categorical,0.0003,0.9997,10.167
45691,mimiciii.INPUTEVENTS_CV,REPLETE W/ FIBER,,Free Form Intake,,,,61,2,0,0,,,,,0.0,0.0,categorical,0.0001,0.9999,30.5
46501,mimiciii.INPUTEVENTS_CV,H2O Bolus,,Free Form Intake,,,,61,1,0,0,,,,,0.0,0.0,categorical,0.0001,0.9999,61.0
40550,mimiciii.INPUTEVENTS_CV,PANTOPRAZOLE,,Free Form Intake,,,,61,4,0,0,,,,,0.0,0.0,categorical,0.0002,0.9998,15.25
41710,mimiciii.INPUTEVENTS_CV,glucagon,,Free Form Intake,,,,61,4,0,0,,,,,0.0,0.0,categorical,0.0002,0.9998,15.25
44653,mimiciii.INPUTEVENTS_CV,OCTREOTIDE MCG/HR,,Free Form Intake,,,,61,1,0,0,,,,,0.0,0.0,categorical,0.0001,0.9999,61.0
50918,mimiciii.LABEVENTS,Double Stranded DNA,,Chemistry,,5130-0,Blood,60,56,0,60,U/mL,,,,1.0,0.0,categorical,0.0029,0.9971,1.071
51440,mimiciii.LABEVENTS,Atypical Lymphocytes,,Hematology,,33370-8,Pleural,60,57,60,60,%,0.1,2.0,22.4,1.0,1.0,numeric,0.003,0.997,1.053
2746,mimiciii.CHARTEVENTS,corlopam mcgs/kg/min,,,,,,60,1,60,0,,0.032,0.1,0.2,0.0,1.0,numeric,0.0001,0.9999,60.0
5648,mimiciii.CHARTEVENTS,multi-podis boots,,,,,,60,3,0,0,,,,,0.0,0.0,categorical,0.0002,0.9998,20.0
2000,mimiciii.CHARTEVENTS,Inspiratory Time,,,,,,60,2,59,0,,0.709,0.9,1.5,0.0,0.9833,numeric,0.0001,0.9999,30.0
1226,mimiciii.CHARTEVENTS,Pantoprazole mg/hr,,,,,,60,4,59,0,,8.0,8.0,8.0,0.0,0.9833,numeric,0.0002,0.9998,15.0
1691,mimiciii.CHARTEVENTS,T high,,,,,,60,4,60,0,,2.62,4.5,5.0,0.0,1.0,numeric,0.0002,0.9998,15.0
6078,mimiciii.CHARTEVENTS,MV,,,,,,60,1,60,0,,12.2,16.0,20.0,0.0,1.0,numeric,0.0001,0.9999,60.0
3281,mimiciii.CHARTEVENTS,Xigres mg/hr,,,,,,60,1,59,0,,1.7,1.7,1.7,0.0,0.9833,numeric,0.0001,0.9999,60.0
654,mimiciii.CHARTEVENTS,Spont. Tidal Volume,,,,,,60,25,41,41,ml/B,0.0,350.0,900.0,0.6833,0.6833,mixed,0.0013,0.9987,2.4
223758,mimiciii.CHARTEVENTS,Code Status,Code Status,General,,Text,,60,13,0,0,,,,,0.0,0.0,categorical,0.0007,0.9993,4.615
37,mimiciii.CHARTEVENTS,Additional Gas(Vent),,,,,,60,5,1,0,,5.0,5.0,5.0,0.0,0.0167,categorical,0.0003,0.9997,12.0
223796,mimiciii.CHARTEVENTS,Untoward Effect,Untoward Effect,Pain/Sedation,,Text,,60,8,0,0,,,,,0.0,0.0,categorical,0.0004,0.9996,7.5
222056,mimiciii.INPUTEVENTS_MV,Nitroglycerin,Nitroglycerin,Medications,mg,Solution,,60,3,60,60,mcg/kg/min,0.1902,1.5062,3.5241,1.0,1.0,numeric,0.0002,0.9998,20.0
45353,mimiciii.INPUTEVENTS_CV,KCL for CVVH,,Free Form Intake,,,,60,1,0,0,,,,,0.0,0.0,categorical,0.0001,0.9999,60.0
44795,mimiciii.INPUTEVENTS_CV,CHEMO:Alb w/ Sargram,,Free Form Intake,,,,60,1,0,0,,,,,0.0,0.0,categorical,0.0001,0.9999,60.0
43810,mimiciii.INPUTEVENTS_CV,0.5:1 U/O REPLETION,,Free Form Intake,,,,60,1,0,0,,,,,0.0,0.0,categorical,0.0001,0.9999,60.0
45352,mimiciii.INPUTEVENTS_CV,CA GLUC for CVVH,,Free Form Intake,,,,60,1,0,0,,,,,0.0,0.0,categorical,0.0001,0.9999,60.0
40583,mimiciii.INPUTEVENTS_CV,readi-ct,,Free Form Intake,,,,60,2,0,0,,,,,0.0,0.0,categorical,0.0001,0.9999,30.0
43088,mimiciii.INPUTEVENTS_CV,1/2str impact/fiber,,Free Form Intake,,,,60,1,0,0,,,,,0.0,0.0,categorical,0.0001,0.9999,60.0
1714,mimiciii.CHARTEVENTS,Nicardipine HCl,,,,,,59,1,57,0,,0.5,0.8,0.8,0.0,0.9661,numeric,0.0001,0.9999,59.0
2470,mimiciii.CHARTEVENTS,BLADDER PRES.mm/Hg,,,,,,59,1,59,0,,15.0,22.0,31.64,0.0,1.0,numeric,0.0001,0.9999,59.0
2443,mimiciii.CHARTEVENTS,PROTONIX DRIP,,,,,,59,1,7,0,,8.0,16.0,16.0,0.0,0.1186,mixed,0.0001,0.9999,59.0
2863,mimiciii.CHARTEVENTS,DEEP BREATH&COUGH,,,,,,59,1,0,0,,,,,0.0,0.0,categorical,0.0001,0.9999,59.0
6353,mimiciii.CHARTEVENTS,rt groin sheath,,,,,,59,1,0,0,,,,,0.0,0.0,categorical,0.0001,0.9999,59.0
2428,mimiciii.CHARTEVENTS,QUAD COUGHING,,,,,,59,1,0,0,,,,,0.0,0.0,categorical,0.0001,0.9999,59.0
474,mimiciii.CHARTEVENTS,O2ER,,,,,,59,49,57,57,decFrc,0.0785,0.3333,0.6883,0.9661,0.9661,numeric,0.0026,0.9974,1.204
5828,mimiciii.CHARTEVENTS,Multipodus Boots,,,,,,59,5,0,0,,,,,0.0,0.0,categorical,0.0003,0.9997,11.8
42641,mimiciii.INPUTEVENTS_CV,3/4st impact w/fiber,,Free Form Intake,,,,59,1,0,0,,,,,0.0,0.0,categorical,0.0001,0.9999,59.0
30002,mimiciii.INPUTEVENTS_CV,Whole Blood,,,,,,59,19,0,0,,,,,0.0,0.0,categorical,0.001,0.999,3.105
42663,mimiciii.INPUTEVENTS_CV,1/2ST IMPACT/FIBER,,Free Form Intake,,,,59,2,0,0,,,,,0.0,0.0,categorical,0.0001,0.9999,29.5
51060,mimiciii.LABEVENTS,"Triglycerides, Pleural",,Chemistry,,9619-8,Pleural,58,45,58,58,mg/dL,0.32,40.5,1825.2005,1.0,1.0,numeric,0.0024,0.9976,1.289
51370,mimiciii.LABEVENTS,"Joint Crystals, Birefringence",,Hematology,,,Joint Fluid,58,50,0,0,,,,,0.0,0.0,categorical,0.0026,0.9974,1.16
51372,mimiciii.LABEVENTS,"Joint Crystals, Location",,Hematology,,,Joint Fluid,58,50,0,0,,,,,0.0,0.0,categorical,0.0026,0.9974,1.16
51374,mimiciii.LABEVENTS,"Joint Crystals, Shape",,Hematology,,,Joint Fluid,58,50,0,0,,,,,0.0,0.0,categorical,0.0026,0.9974,1.16
53,mimiciii.CHARTEVENTS,Arterial Pressure,,,,,,58,10,50,50,mmHg,-200.0,139.0,250.0,0.8621,0.8621,mixed,0.0005,0.9995,5.8
5588,mimiciii.CHARTEVENTS,cyclosporin 3mg/hr,,,,,,58,1,58,0,,3.0,3.0,5.0,0.0,1.0,numeric,0.0001,0.9999,58.0
4437,mimiciii.CHARTEVENTS,Bathed,,,,,,58,11,0,0,,,,,0.0,0.0,categorical,0.0006,0.9994,5.273
3142,mimiciii.CHARTEVENTS,high rr,,,,,,58,2,58,0,,10.0,35.0,35.0,0.0,1.0,numeric,0.0001,0.9999,29.0
46422,mimiciii.INPUTEVENTS_CV,rescue line flush,,Free Form Intake,,,,58,1,0,0,,,,,0.0,0.0,categorical,0.0001,0.9999,58.0
30046,mimiciii.INPUTEVENTS_CV,Isuprel,,,,,,58,3,0,0,,,,,0.0,0.0,categorical,0.0002,0.9998,19.333
42490,mimiciii.INPUTEVENTS_CV,Na Phos,,Free Form Intake,,,,58,2,0,0,,,,,0.0,0.0,categorical,0.0001,0.9999,29.0
6110,mimiciii.CHARTEVENTS,xygris,,,,,,57,1,56,0,,0.0,24.0,24.0,0.0,0.9825,numeric,0.0001,0.9999,57.0
2492,mimiciii.CHARTEVENTS,ABD BINDER,,,,,,57,2,0,0,,,,,0.0,0.0,categorical,0.0001,0.9999,28.5
2952,mimiciii.CHARTEVENTS,RT RAD A LINE,,,,,,57,1,2,0,,93.0,93.5,94.0,0.0,0.0351,categorical,0.0001,0.9999,57.0
2920,mimiciii.CHARTEVENTS,cyclosporin mg/h,,,,,,57,1,57,0,,2.0,3.0,5.0,0.0,1.0,numeric,0.0001,0.9999,57.0
45563,mimiciii.INPUTEVENTS_CV,KETAMINE 200mgm 50ML,,Free Form Intake,,,,57,1,0,0,,,,,0.0,0.0,categorical,0.0001,0.9999,57.0
45358,mimiciii.INPUTEVENTS_CV,d5ns with 40 meqkcl,,Free Form Intake,,,,57,1,0,0,,,,,0.0,0.0,categorical,0.0001,0.9999,57.0
51226,mimiciii.LABEVENTS,Hemogloblin A,,Hematology,,10346-5,Blood,56,52,56,56,%,3.24,99.15,100.0,1.0,1.0,numeric,0.0027,0.9973,1.077
51224,mimiciii.LABEVENTS,Hemoglobin C,,Hematology,,4561-7,Blood,56,52,56,56,%,0.0,0.0,12.314,1.0,1.0,numeric,0.0027,0.9973,1.077
51227,mimiciii.LABEVENTS,Hemogloblin S,,Hematology,,4622-7,Blood,56,52,56,56,%,0.0,0.0,91.54,1.0,1.0,numeric,0.0027,0.9973,1.077
3286,mimiciii.CHARTEVENTS,solumedrol,,,,,,56,4,55,0,,5.4,5.4,378.0,0.0,0.9821,numeric,0.0002,0.9998,14.0
2583,mimiciii.CHARTEVENTS,Multipodus boots.,,,,,,56,1,0,0,,,,,0.0,0.0,categorical,0.0001,0.9999,56.0
224639,mimiciii.CHARTEVENTS,Daily Weight,Daily Weight,General,kg,Numeric,,56,10,56,56,kg,63.342,90.65,333.7321,1.0,1.0,numeric,0.0005,0.9995,5.6
1668,mimiciii.CHARTEVENTS,thigh,,,,,,56,9,56,0,,1.1,1.8,28.44,0.0,1.0,numeric,0.0005,0.9995,6.222
2646,mimiciii.CHARTEVENTS,Vent CPP,,,,,,56,1,56,0,,66.0,71.0,87.82,0.0,1.0,numeric,0.0001,0.9999,56.0
8289,mimiciii.CHARTEVENTS,Mucomyst       mg/hr,,,,,,56,2,55,0,,1054.0,1054.0,1054.0,0.0,0.9821,numeric,0.0001,0.9999,28.0
2419,mimiciii.CHARTEVENTS,THIGH HI TEDS.,,,,,,56,1,0,0,,,,,0.0,0.0,categorical,0.0001,0.9999,56.0
1019,mimiciii.CHARTEVENTS,THIGH HI TEDS,,,,,,56,2,0,0,,,,,0.0,0.0,categorical,0.0001,0.9999,28.0
45448,mimiciii.INPUTEVENTS_CV,Nutren,,Free Form Intake,,,,56,2,0,0,,,,,0.0,0.0,categorical,0.0001,0.9999,28.0
40954,mimiciii.INPUTEVENTS_CV,Xigris 20mg/100mL,,Free Form Intake,,,,56,1,0,0,,,,,0.0,0.0,categorical,0.0001,0.9999,56.0
41568,mimiciii.INPUTEVENTS_CV,Multivitamin,,Free Form Intake,,,,56,3,0,0,,,,,0.0,0.0,categorical,0.0002,0.9998,18.667
44749,mimiciii.INPUTEVENTS_CV,calcium drip,,Free Form Intake,,,,56,1,0,0,,,,,0.0,0.0,categorical,0.0001,0.9999,56.0
1648,mimiciii.CHARTEVENTS,HIGH ME,,,,,,55,3,55,0,,12.0,16.0,18.0,0.0,1.0,numeric,0.0002,0.9998,18.333
8031,mimiciii.CHARTEVENTS,KETAMINE 200mgm/50ML,,,,,,55,1,54,0,,0.2,10.0,10.0,0.0,0.9818,numeric,0.0001,0.9999,55.0
42657,mimiciii.INPUTEVENTS_CV,corlopam mcgs/kg/min,,Free Form Intake,,,,55,1,0,0,,,,,0.0,0.0,categorical,0.0001,0.9999,55.0
42999,mimiciii.INPUTEVENTS_CV,Sodium Bicarb,,Free Form Intake,,,,55,5,0,0,,,,,0.0,0.0,categorical,0.0003,0.9997,11.0
51510,mimiciii.LABEVENTS,"Urine Crystals, Other",,Hematology,,5783-6,Urine,54,54,1,0,,0.0,0.0,0.0,0.0,0.0185,categorical,0.0028,0.9972,1.0
3191,mimiciii.CHARTEVENTS,DEFLATE RECTAL TUBE,,,,,,54,1,0,0,,,,,0.0,0.0,categorical,0.0001,0.9999,54.0
7258,mimiciii.CHARTEVENTS,RLE ELEVATED,,,,,,54,1,0,0,,,,,0.0,0.0,categorical,0.0001,0.9999,54.0
3067,mimiciii.CHARTEVENTS,FEM MAP,,,,,,54,3,45,0,,53.0,83.0,95.0,0.0,0.8333,mixed,0.0002,0.9998,18.0
1679,mimiciii.CHARTEVENTS,high min. vent.,,,,,,54,3,54,0,,8.08,25.0,40.0,0.0,1.0,numeric,0.0002,0.9998,18.0
2203,mimiciii.CHARTEVENTS,SOLUMEDROL,,,,,,54,3,53,0,,21.7,22.0,22.0,0.0,0.9815,numeric,0.0002,0.9998,18.0
227462,mimiciii.CHARTEVENTS,FK506,FK506,Labs,None,Numeric with tag,,54,20,54,54,ng/mL,1.508,6.0,22.244,1.0,1.0,numeric,0.001,0.999,2.7
2553,mimiciii.CHARTEVENTS,svt,,,,,,54,1,54,0,,233.6,410.0,500.0,0.0,1.0,numeric,0.0001,0.9999,54.0
3043,mimiciii.CHARTEVENTS,RIGHT FEM ABP,,,,,,54,1,0,0,,,,,0.0,0.0,categorical,0.0001,0.9999,54.0
713,mimiciii.CHARTEVENTS,VO2I,,,,,,54,37,53,43,...,32.3573,111.0,260.58,0.7963,0.9815,numeric,0.0019,0.9981,1.459
225188,mimiciii.CHARTEVENTS,Cough/Deep Breath,Cough/Deep Breath,Treatments,,Checkbox,,54,7,54,0,,0.0,1.0,1.0,0.0,1.0,numeric,0.0004,0.9996,7.714
220862,mimiciii.INPUTEVENTS_MV,Albumin 25%,Albumin 25%,Blood Products/Colloids,mL,Solution,,54,3,54,54,mL/hour,100.0,100.0,100.0,1.0,1.0,numeric,0.0002,0.9998,18.0
41963,mimiciii.INPUTEVENTS_CV,HCL GTT,,Free Form Intake,,,,54,1,0,0,,,,,0.0,0.0,categorical,0.0001,0.9999,54.0
45515,mimiciii.INPUTEVENTS_CV,Replete with fiber,,Free Form Intake,,,,54,2,0,0,,,,,0.0,0.0,categorical,0.0001,0.9999,27.0
41774,mimiciii.INPUTEVENTS_CV,HD putback,,Free Form Intake,,,,54,1,0,0,,,,,0.0,0.0,categorical,0.0001,0.9999,54.0
42998,mimiciii.INPUTEVENTS_CV,alcohol gtt,,Free Form Intake,,,,54,1,0,0,,,,,0.0,0.0,categorical,0.0001,0.9999,54.0
46389,mimiciii.INPUTEVENTS_CV,CRRT FLUSH,,Free Form Intake,,,,54,1,0,0,,,,,0.0,0.0,categorical,0.0001,0.9999,54.0
42027,mimiciii.INPUTEVENTS_CV,PROMOTE WIH FIBER,,Free Form Intake,,,,54,1,0,0,,,,,0.0,0.0,categorical,0.0001,0.9999,54.0
1870,mimiciii.CHARTEVENTS,multipodis boots,,,,,,53,4,0,0,,,,,0.0,0.0,categorical,0.0002,0.9998,13.25
7626,mimiciii.CHARTEVENTS,mitts,,,,,,53,1,0,0,,,,,0.0,0.0,categorical,0.0001,0.9999,53.0
8272,mimiciii.CHARTEVENTS,Seizure pads,,,,,,53,1,0,0,,,,,0.0,0.0,categorical,0.0001,0.9999,53.0
3186,mimiciii.CHARTEVENTS,nicardipine,,,,,,53,2,53,0,,0.0,0.8,1.2729,0.0,1.0,numeric,0.0001,0.9999,26.5
6719,mimiciii.CHARTEVENTS,SpO2-L,,,,,,53,2,51,52,%,91.01,96.0,100.0,0.9811,0.9623,numeric,0.0001,0.9999,26.5
2280,mimiciii.CHARTEVENTS,1:1 sitter,,,,,,53,4,0,0,,,,,0.0,0.0,categorical,0.0002,0.9998,13.25
1669,mimiciii.CHARTEVENTS,tlow,,,,,,53,8,53,0,,0.4,0.5,1.0,0.0,1.0,numeric,0.0004,0.9996,6.625
2393,mimiciii.CHARTEVENTS,VISUAL FIELDS,,,,,,53,1,0,0,,,,,0.0,0.0,categorical,0.0001,0.9999,53.0
2605,mimiciii.CHARTEVENTS,CARAIPORIDE CC/HR,,,,,,53,1,53,0,,21.0,21.0,21.0,0.0,1.0,numeric,0.0001,0.9999,53.0
2355,mimiciii.CHARTEVENTS,solumedrol mg/kg/hr,,,,,,53,3,52,0,,2.656,5.4,5.4,0.0,0.9811,numeric,0.0002,0.9998,17.667
7339,mimiciii.CHARTEVENTS,leech therapy,,,,,,53,1,0,0,,,,,0.0,0.0,categorical,0.0001,0.9999,53.0
43727,mimiciii.INPUTEVENTS_CV,bupivacaine.1% popli,,Free Form Intake,,,,53,1,0,0,,,,,0.0,0.0,categorical,0.0001,0.9999,53.0
30084,mimiciii.INPUTEVENTS_CV,Isocal,,,,,,53,1,0,0,,,,,0.0,0.0,categorical,0.0001,0.9999,53.0
42915,mimiciii.INPUTEVENTS_CV,D5W/10GM CAGLUC,,Free Form Intake,,,,53,1,0,0,,,,,0.0,0.0,categorical,0.0001,0.9999,53.0
45777,mimiciii.INPUTEVENTS_CV,2/3Str Replete/Fiber,,Free Form Intake,,,,53,1,0,0,,,,,0.0,0.0,categorical,0.0001,0.9999,53.0
2493,mimiciii.CHARTEVENTS,cariporide,,,,,,52,2,52,0,,21.0,21.0,21.0,0.0,1.0,numeric,0.0001,0.9999,26.0
223760,mimiciii.CHARTEVENTS,Health Care Proxy,Health Care Proxy,General,,Text,,52,11,0,0,,,,,0.0,0.0,categorical,0.0006,0.9994,4.727
2036,mimiciii.CHARTEVENTS,high min.,,,,,,52,1,52,0,,15.06,22.0,27.88,0.0,1.0,numeric,0.0001,0.9999,52.0
4595,mimiciii.CHARTEVENTS,Criticaid,,,,,,52,2,0,0,,,,,0.0,0.0,categorical,0.0001,0.9999,26.0
224913,mimiciii.CHARTEVENTS,Impaired Skin Drainage Amount #6,Site Drainage Amount #6,Skin - Impairment,,Text,,52,1,0,0,,,,,0.0,0.0,categorical,0.0001,0.9999,52.0
5935,mimiciii.CHARTEVENTS,L Hand Grasp,,,,,,52,1,0,0,,,,,0.0,0.0,categorical,0.0001,0.9999,52.0
1602,mimiciii.CHARTEVENTS,hepa filter,,,,,,52,4,0,0,,,,,0.0,0.0,categorical,0.0002,0.9998,13.0
1603,mimiciii.CHARTEVENTS,multi podis boots,,,,,,52,1,0,0,,,,,0.0,0.0,categorical,0.0001,0.9999,52.0
42361,mimiciii.INPUTEVENTS_CV,cariporide,,Free Form Intake,,,,52,2,0,0,,,,,0.0,0.0,categorical,0.0001,0.9999,26.0
41632,mimiciii.INPUTEVENTS_CV,Mannitol,,Free Form Intake,,,,52,6,0,0,,,,,0.0,0.0,categorical,0.0003,0.9997,8.667
1404,mimiciii.CHARTEVENTS,Bladder pressure,,,,,,51,11,49,0,,3.0,16.0,22.0,0.0,0.9608,numeric,0.0006,0.9994,4.636
3048,mimiciii.CHARTEVENTS,PEJ CARE TID,,,,,,51,1,0,0,,,,,0.0,0.0,categorical,0.0001,0.9999,51.0
3285,mimiciii.CHARTEVENTS,ROTATION ON/OFF,,,,,,51,1,0,0,,,,,0.0,0.0,categorical,0.0001,0.9999,51.0
5936,mimiciii.CHARTEVENTS,R Hand Grasp,,,,,,51,1,0,0,,,,,0.0,0.0,categorical,0.0001,0.9999,51.0
2515,mimiciii.CHARTEVENTS,IABP-BP,,,,,,51,1,2,0,,106.0,106.5,107.0,0.0,0.0392,categorical,0.0001,0.9999,51.0
7352,mimiciii.CHARTEVENTS,DRIVING  PRESSURE,,,,,,51,1,51,0,,15.05,20.0,20.0,0.0,1.0,numeric,0.0001,0.9999,51.0
224896,mimiciii.CHARTEVENTS,Impaired Skin Depth #3,Site Depth #3,Skin - Impairment,cm,Numeric,,51,1,51,51,cm,0.0,0.1,0.5,1.0,1.0,numeric,0.0001,0.9999,51.0
1955,mimiciii.CHARTEVENTS,Xygris,,,,,,51,2,51,0,,12.12,24.0,24.0,0.0,1.0,numeric,0.0001,0.9999,25.5
30093,mimiciii.INPUTEVENTS_CV,Factor VIII,,,,,,51,5,0,0,,,,,0.0,0.0,categorical,0.0003,0.9997,10.2
42975,mimiciii.INPUTEVENTS_CV,DEXTRAN DRIP,,Free Form Intake,,,,51,1,0,0,,,,,0.0,0.0,categorical,0.0001,0.9999,51.0
42061,mimiciii.INPUTEVENTS_CV,CBI-NS,,Free Form Intake,,,,51,1,0,0,,,,,0.0,0.0,categorical,0.0001,0.9999,51.0
44044,mimiciii.INPUTEVENTS_CV,FFP Drip,,Free Form Intake,,,,51,1,0,0,,,,,0.0,0.0,categorical,0.0001,0.9999,51.0
42725,mimiciii.INPUTEVENTS_CV,NS W/ 40MEQ KCL,,Free Form Intake,,,,51,2,0,0,,,,,0.0,0.0,categorical,0.0001,0.9999,25.5
41525,mimiciii.INPUTEVENTS_CV,PROTONIX MG/HR,,Free Form Intake,,,,51,1,0,0,,,,,0.0,0.0,categorical,0.0001,0.9999,51.0
7928,mimiciii.CHARTEVENTS,glucagon mg/hr,,,,,,50,1,50,0,,2.0,10.0,10.0,0.0,1.0,numeric,0.0001,0.9999,50.0
2013,mimiciii.CHARTEVENTS,Bupivacaine,,,,,,50,1,50,0,,0.0,12.0,12.0,0.0,1.0,numeric,0.0001,0.9999,50.0
3042,mimiciii.CHARTEVENTS,LEFT FEM ABP,,,,,,50,1,0,0,,,,,0.0,0.0,categorical,0.0001,0.9999,50.0
1987,mimiciii.CHARTEVENTS,glucagon,,,,,,50,3,49,0,,0.0,5.0,5.0,0.0,0.98,numeric,0.0002,0.9998,16.667
224968,mimiciii.CHARTEVENTS,Pressure Ulcer Stage #5,Pressure Ulcer Stage #5,Skin - Impairment,,Text,,50,1,50,0,,1.0,1.0,1.0,0.0,1.0,numeric,0.0001,0.9999,50.0
2090,mimiciii.CHARTEVENTS,HI/minute/Vol,,,,,,50,1,50,0,,12.0,15.0,22.0,0.0,1.0,numeric,0.0001,0.9999,50.0
1582,mimiciii.CHARTEVENTS,P high,,,,,,50,3,50,0,,28.0,28.0,36.0,0.0,1.0,numeric,0.0002,0.9998,16.667
6974,mimiciii.CHARTEVENTS,L arm elevated,,,,,,50,1,0,0,,,,,0.0,0.0,categorical,0.0001,0.9999,50.0
225811,mimiciii.CHARTEVENTS,CV - past medical history,CV - PMH,Adm History/FHPA,,Text,,50,9,0,0,,,,,0.0,0.0,categorical,0.0005,0.9995,5.556
225798,mimiciii.INPUTEVENTS_MV,Vancomycin,Vancomycin,Antibiotics,dose,Solution,,50,9,0,0,,,,,0.0,0.0,categorical,0.0005,0.9995,5.556
226452,mimiciii.INPUTEVENTS_MV,PO Intake,PO Intake,Fluids/Intake,mL,Solution,,50,5,0,0,,,,,0.0,0.0,categorical,0.0003,0.9997,10.0
44425,mimiciii.INPUTEVENTS_CV,3/4ST IMPACT/FIBER,,Free Form Intake,,,,50,1,0,0,,,,,0.0,0.0,categorical,0.0001,0.9999,50.0
43819,mimiciii.INPUTEVENTS_CV,1:1 NS Repletion.,,Free Form Intake,,,,50,1,0,0,,,,,0.0,0.0,categorical,0.0001,0.9999,50.0
42865,mimiciii.INPUTEVENTS_CV,Lepriudin,,Free Form Intake,,,,50,1,0,0,,,,,0.0,0.0,categorical,0.0001,0.9999,50.0
45871,mimiciii.INPUTEVENTS_CV,N-acetylcysteine,,Free Form Intake,,,,50,1,0,0,,,,,0.0,0.0,categorical,0.0001,0.9999,50.0
51338,mimiciii.LABEVENTS,Immunophenotyping,,Hematology,,,Bone Marrow,49,42,0,0,,,,,0.0,0.0,categorical,0.0022,0.9978,1.167
6939,mimiciii.CHARTEVENTS,LUE AV fistula,,,,,,49,2,0,0,,,,,0.0,0.0,categorical,0.0001,0.9999,24.5
1878,mimiciii.CHARTEVENTS,methylprednisolone,,,,,,49,1,48,0,,21.5,21.5,21.5,0.0,0.9796,numeric,0.0001,0.9999,49.0
224966,mimiciii.CHARTEVENTS,Pressure Ulcer Stage #3,Pressure Ulcer Stage #3,Skin - Impairment,,Text,,49,2,49,0,,0.0,0.0,2.0,0.0,1.0,numeric,0.0001,0.9999,24.5
6891,mimiciii.CHARTEVENTS,ISUPREL,,,,,,49,1,49,0,,1.3,1.3,2.0,0.0,1.0,numeric,0.0001,0.9999,49.0
5749,mimiciii.CHARTEVENTS,Percussion per bed,,,,,,49,1,0,0,,,,,0.0,0.0,categorical,0.0001,0.9999,49.0
2449,mimiciii.CHARTEVENTS,LT. AVF BRUIT/THRILL,,,,,,49,1,0,0,,,,,0.0,0.0,categorical,0.0001,0.9999,49.0
8305,mimiciii.CHARTEVENTS,ICP  Right,,,,,,49,1,49,0,,2.0,10.0,19.0,0.0,1.0,numeric,0.0001,0.9999,49.0
6351,mimiciii.CHARTEVENTS,Train of Four,,,,,,49,2,34,0,,1.0,4.0,4.0,0.0,0.6939,mixed,0.0001,0.9999,24.5
5937,mimiciii.CHARTEVENTS,ecmo l/min,,,,,,49,1,47,0,,0.0,2.5,4.0,0.0,0.9592,numeric,0.0001,0.9999,49.0
227522,mimiciii.INPUTEVENTS_MV,KCL (Bolus),KCL (Bolus),Medications,mL,Solution,,49,6,49,49,mL/hour,50.0,50.0,52.6316,1.0,1.0,numeric,0.0003,0.9997,8.167
45544,mimiciii.INPUTEVENTS_CV,replete full strengh,,Free Form Intake,,,,49,1,0,0,,,,,0.0,0.0,categorical,0.0001,0.9999,49.0
46611,mimiciii.INPUTEVENTS_CV,POTASSIUM CHLOR 10MQ,,Free Form Intake,,,,49,1,0,0,,,,,0.0,0.0,categorical,0.0001,0.9999,49.0
41915,mimiciii.INPUTEVENTS_CV,FREE WATER,,Free Form Intake,,,,49,6,0,0,,,,,0.0,0.0,categorical,0.0003,0.9997,8.167
44399,mimiciii.INPUTEVENTS_CV,D5RL 20KCL,,Free Form Intake,,,,49,1,0,0,,,,,0.0,0.0,categorical,0.0001,0.9999,49.0
51442,mimiciii.LABEVENTS,Basophils,,Hematology,,35070-2,Pleural,48,46,48,48,%,1.0,1.0,6.0,1.0,1.0,numeric,0.0024,0.9976,1.043
51406,mimiciii.LABEVENTS,CD34,,Hematology,,,Other Body Fluid,48,29,14,23,#/uL,24.0,756.5,3226.0,0.4792,0.2917,mixed,0.0015,0.9985,1.655
51345,mimiciii.LABEVENTS,Basophils,,Hematology,,30374-3,Cerebrospinal Fluid (CSF),48,36,48,48,%,0.0,1.0,10.0,1.0,1.0,numeric,0.0019,0.9981,1.333
1327,mimiciii.CHARTEVENTS,vasopressin unit/min,,,,,,48,1,48,0,,0.03,0.1,0.25,0.0,1.0,numeric,0.0001,0.9999,48.0
6471,mimiciii.CHARTEVENTS,Edema,,,,,,48,1,21,0,,3.0,3.0,4.0,0.0,0.4375,mixed,0.0001,0.9999,48.0
2344,mimiciii.CHARTEVENTS,TPA MG/HR,,,,,,48,2,48,0,,0.0,0.5,1.0,0.0,1.0,numeric,0.0001,0.9999,24.0
2409,mimiciii.CHARTEVENTS,nitro mcg/kg/min,,,,,,48,1,48,0,,0.5,3.0,5.0,0.0,1.0,numeric,0.0001,0.9999,48.0
2103,mimiciii.CHARTEVENTS,High minute volume,,,,,,48,7,48,0,,10.0,14.5,30.0,0.0,1.0,numeric,0.0004,0.9996,6.857
2534,mimiciii.CHARTEVENTS,tidal volume,,,,,,48,1,48,0,,270.0,370.0,480.0,0.0,1.0,numeric,0.0001,0.9999,48.0
224173,mimiciii.CHARTEVENTS,MDI #2 Drug,MDI #2 Drug,Respiratory,,Text,,48,6,0,0,,,,,0.0,0.0,categorical,0.0003,0.9997,8.0
2405,mimiciii.CHARTEVENTS,mouth flap color,,,,,,48,1,0,0,,,,,0.0,0.0,categorical,0.0001,0.9999,48.0
2802,mimiciii.CHARTEVENTS,VENOUS FLOW/GRAFT,,,,,,48,1,0,0,,,,,0.0,0.0,categorical,0.0001,0.9999,48.0
223259,mimiciii.INPUTEVENTS_MV,Insulin - NPH,Insulin - NPH,Medications,units,Solution,,48,3,0,0,,,,,0.0,0.0,categorical,0.0002,0.9998,16.0
44500,mimiciii.INPUTEVENTS_CV,Rituximab 50mg/hr,,Free Form Intake,,,,48,1,0,0,,,,,0.0,0.0,categorical,0.0001,0.9999,48.0
42291,mimiciii.INPUTEVENTS_CV,NIMBEX CC/HR,,Free Form Intake,,,,48,1,0,0,,,,,0.0,0.0,categorical,0.0001,0.9999,48.0
42940,mimiciii.INPUTEVENTS_CV,co injectate,,Free Form Intake,,,,48,3,0,0,,,,,0.0,0.0,categorical,0.0002,0.9998,16.0
46105,mimiciii.INPUTEVENTS_CV,2/3 str Impact with.,,Free Form Intake,,,,48,1,0,0,,,,,0.0,0.0,categorical,0.0001,0.9999,48.0
225636,mimiciii.CHARTEVENTS,D-Dimer,D-Dimer,Labs,None,Numeric,,47,29,47,47,ng/mL,686.0,4444.0,9622.0,1.0,1.0,numeric,0.0015,0.9985,1.621
2976,mimiciii.CHARTEVENTS,SHAVE,,,,,,47,17,0,0,,,,,0.0,0.0,categorical,0.0009,0.9991,2.765
8087,mimiciii.CHARTEVENTS,sigh rate,,,,,,47,1,16,0,,2.0,2.0,2.0,0.0,0.3404,mixed,0.0001,0.9999,47.0
224422,mimiciii.CHARTEVENTS,Spont RR,Spont RR,Respiratory,bpm,Numeric,,47,10,47,47,bpm,0.0,27.0,47.0,1.0,1.0,numeric,0.0005,0.9995,4.7
220580,mimiciii.CHARTEVENTS,Ammonia,Ammonia,Labs,None,Numeric,,47,44,47,47,umol/L,6.0,39.0,175.0,1.0,1.0,numeric,0.0023,0.9977,1.068
6115,mimiciii.CHARTEVENTS,high/min /vent,,,,,,47,1,47,0,,12.0,15.0,16.0,0.0,1.0,numeric,0.0001,0.9999,47.0
8298,mimiciii.CHARTEVENTS,L ICP,,,,,,47,1,46,0,,4.0,9.0,19.0,0.0,0.9787,numeric,0.0001,0.9999,47.0
224421,mimiciii.CHARTEVENTS,Spont Vt,Spont Vt,Respiratory,mL,Numeric,,47,10,47,47,mL,0.0,345.0,838.0,1.0,1.0,numeric,0.0005,0.9995,4.7
7907,mimiciii.CHARTEVENTS,bed roation,,,,,,47,1,0,0,,,,,0.0,0.0,categorical,0.0001,0.9999,47.0
2959,mimiciii.CHARTEVENTS,Solumedrolmg/kg/hr,,,,,,47,1,47,0,,5.4,5.4,5.5,0.0,1.0,numeric,0.0001,0.9999,47.0
225159,mimiciii.INPUTEVENTS_MV,NaCl 0.45%,NaCl 0.45%,Fluids/Intake,mL,Solution,,47,3,46,46,mL/hour,10.0,250.0,285.7143,0.9787,0.9787,numeric,0.0002,0.9998,15.667
30184,mimiciii.INPUTEVENTS_CV,IVIG,,,,,,47,4,0,0,,,,,0.0,0.0,categorical,0.0002,0.9998,11.75
43886,mimiciii.INPUTEVENTS_CV,T-7 intrathecal dngn,,,,,,47,1,0,0,,,,,0.0,0.0,categorical,0.0001,0.9999,47.0
42566,mimiciii.INPUTEVENTS_CV,1000D5/130NA ACETATE,,Free Form Intake,,,,47,1,0,0,,,,,0.0,0.0,categorical,0.0001,0.9999,47.0
7454,mimiciii.CHARTEVENTS,Driving P,,,,,,46,4,46,0,,14.0,17.0,21.0,0.0,1.0,numeric,0.0002,0.9998,11.5
224982,mimiciii.CHARTEVENTS,Tunneling Present #5,Tunneling Present #5,Skin - Impairment,,Text,,46,1,0,0,,,,,0.0,0.0,categorical,0.0001,0.9999,46.0
221385,mimiciii.INPUTEVENTS_MV,Lorazepam (Ativan),Lorazepam (Ativan),Medications,mg,Solution,,46,5,0,0,,,,,0.0,0.0,categorical,0.0003,0.9997,9.2
41371,mimiciii.INPUTEVENTS_CV,ns fluid bolus,,Free Form Intake,,,,46,4,0,0,,,,,0.0,0.0,categorical,0.0002,0.9998,11.5
46203,mimiciii.INPUTEVENTS_CV,pantoprazole 8mg/hr,,Free Form Intake,,,,46,1,0,0,,,,,0.0,0.0,categorical,0.0001,0.9999,46.0
30171,mimiciii.INPUTEVENTS_CV,Other_GU,,,,,,46,6,0,0,,,,,0.0,0.0,categorical,0.0003,0.9997,7.667
46492,mimiciii.INPUTEVENTS_CV,Dexmedetomide,,Free Form Intake,,,,46,1,0,0,,,,,0.0,0.0,categorical,0.0001,0.9999,46.0
41759,mimiciii.INPUTEVENTS_CV,BICARB,,Free Form Intake,,,,46,2,0,0,,,,,0.0,0.0,categorical,0.0001,0.9999,23.0
45657,mimiciii.INPUTEVENTS_CV,Replete with Fiber.,,Free Form Intake,,,,46,2,0,0,,,,,0.0,0.0,categorical,0.0001,0.9999,23.0
42732,mimiciii.INPUTEVENTS_CV,Fenoldopam,,Free Form Intake,,,,46,1,0,0,,,,,0.0,0.0,categorical,0.0001,0.9999,46.0
51441,mimiciii.LABEVENTS,Bands,,Hematology,,,Pleural,45,43,45,45,%,0.0,2.0,25.0,1.0,1.0,numeric,0.0022,0.9978,1.047
50973,mimiciii.LABEVENTS,Prolactin,,Chemistry,,2842-3,Blood,45,41,43,45,ng/mL,1.4,20.0,7918.0,1.0,0.9556,numeric,0.0021,0.9979,1.098
2406,mimiciii.CHARTEVENTS,mouth flap pulse,,,,,,45,1,0,0,,,,,0.0,0.0,categorical,0.0001,0.9999,45.0
6437,mimiciii.CHARTEVENTS,EPIDURAL RATE,,,,,,45,1,24,0,,8.0,10.0,10.0,0.0,0.5333,mixed,0.0001,0.9999,45.0
2424,mimiciii.CHARTEVENTS,2ND RA ALINE,,,,,,45,1,0,0,,,,,0.0,0.0,categorical,0.0001,0.9999,45.0
3044,mimiciii.CHARTEVENTS,10% ETOH CC/HR,,,,,,45,1,44,0,,0.0,10.0,10.0,0.0,0.9778,numeric,0.0001,0.9999,45.0
6272,mimiciii.CHARTEVENTS,right fem. a-line,,,,,,45,1,0,0,,,,,0.0,0.0,categorical,0.0001,0.9999,45.0
40952,mimiciii.INPUTEVENTS_CV,c.0. fluid,,Free Form Intake,,,,45,1,0,0,,,,,0.0,0.0,categorical,0.0001,0.9999,45.0
42343,mimiciii.INPUTEVENTS_CV,CARIPORIDE ML/HR,,Free Form Intake,,,,45,1,0,0,,,,,0.0,0.0,categorical,0.0001,0.9999,45.0
42932,mimiciii.INPUTEVENTS_CV,10% alcohol,,Free Form Intake,,,,45,1,0,0,,,,,0.0,0.0,categorical,0.0001,0.9999,45.0
51276,mimiciii.LABEVENTS,Quantitative G6PD,,Hematology,,32546-4,Blood,44,42,44,44,U/g/Hb,2.4,9.6,17.5,1.0,1.0,numeric,0.0022,0.9978,1.048
51235,mimiciii.LABEVENTS,Inhibitor Screen,,Hematology,,,Blood,44,41,0,0,,,,,0.0,0.0,categorical,0.0021,0.9979,1.073
1690,mimiciii.CHARTEVENTS,P low,,,,,,44,3,44,0,,0.0,12.0,16.0,0.0,1.0,numeric,0.0002,0.9998,14.667
6645,mimiciii.CHARTEVENTS,pmv,,,,,,44,5,2,0,,10.0,10.0,10.0,0.0,0.0455,categorical,0.0003,0.9997,8.8
2829,mimiciii.CHARTEVENTS,fenoldopam mcg/kg/mn,,,,,,44,1,44,0,,0.0,0.15,0.3,0.0,1.0,numeric,0.0001,0.9999,44.0
227470,mimiciii.CHARTEVENTS,Sed Rate,Sed Rate,Labs,None,Numeric with tag,,44,39,44,44,mm/hr,2.0,48.0,146.0,1.0,1.0,numeric,0.002,0.998,1.128
7363,mimiciii.CHARTEVENTS,Bed Rotation Right,,,,,,44,2,44,0,,15.0,40.0,40.0,0.0,1.0,numeric,0.0001,0.9999,22.0
2110,mimiciii.CHARTEVENTS,Mucomyst,,,,,,44,1,44,0,,17.0,17.0,33.2,0.0,1.0,numeric,0.0001,0.9999,44.0
6213,mimiciii.CHARTEVENTS,TANK A,,,,,,44,1,44,0,,1100.0,2000.0,2000.0,0.0,1.0,numeric,0.0001,0.9999,44.0
7458,mimiciii.CHARTEVENTS,ICE PACKS PERINEAL,,,,,,44,1,0,0,,,,,0.0,0.0,categorical,0.0001,0.9999,44.0
2518,mimiciii.CHARTEVENTS,HFO- FIO2,,,,,,44,1,43,0,,0.4,0.8,100.0,0.0,0.9773,numeric,0.0001,0.9999,44.0
6215,mimiciii.CHARTEVENTS,TANK B,,,,,,44,1,44,0,,1600.0,2000.0,20000.0,0.0,1.0,numeric,0.0001,0.9999,44.0
225823,mimiciii.INPUTEVENTS_MV,D5 1/2NS,D5 1/2NS,Fluids/Intake,mL,Solution,,44,2,41,41,mL/hour,0.5,150.0,500.0,0.9318,0.9318,mixed,0.0001,0.9999,22.0
42063,mimiciii.INPUTEVENTS_CV,pamidronate,,Free Form Intake,,,,44,3,0,0,,,,,0.0,0.0,categorical,0.0002,0.9998,14.667
42451,mimiciii.INPUTEVENTS_CV,ANTI-THYMOCYTE GLOB,,Free Form Intake,,,,44,1,0,0,,,,,0.0,0.0,categorical,0.0001,0.9999,44.0
42898,mimiciii.INPUTEVENTS_CV,D5W 20GMS CA GLUC,,Free Form Intake,,,,44,1,0,0,,,,,0.0,0.0,categorical,0.0001,0.9999,44.0
51325,mimiciii.LABEVENTS,CD45,,Hematology,,51340-8,Bone Marrow,43,38,0,0,,,,,0.0,0.0,categorical,0.002,0.998,1.132
224988,mimiciii.CHARTEVENTS,Undermining Present #4,Undermining Present #4,Skin - Impairment,,Text,,43,1,0,0,,,,,0.0,0.0,categorical,0.0001,0.9999,43.0
977,mimiciii.CHARTEVENTS,TRACHE CARE,,,,,,43,6,0,0,,,,,0.0,0.0,categorical,0.0003,0.9997,7.167
2504,mimiciii.CHARTEVENTS,no,,,,,,43,1,41,0,,0.0,3.0,10.0,0.0,0.9535,numeric,0.0001,0.9999,43.0
224981,mimiciii.CHARTEVENTS,Tunneling Present #4,Tunneling Present #4,Skin - Impairment,,Text,,43,1,0,0,,,,,0.0,0.0,categorical,0.0001,0.9999,43.0
1214,mimiciii.CHARTEVENTS,smile,,,,,,43,2,0,0,,,,,0.0,0.0,categorical,0.0001,0.9999,21.5
6963,mimiciii.CHARTEVENTS,breast binder,,,,,,43,5,0,0,,,,,0.0,0.0,categorical,0.0003,0.9997,8.6
1216,mimiciii.CHARTEVENTS,tongue,,,,,,43,2,0,0,,,,,0.0,0.0,categorical,0.0001,0.9999,21.5
3207,mimiciii.CHARTEVENTS,High MMV,,,,,,43,1,43,0,,13.0,18.0,20.0,0.0,1.0,numeric,0.0001,0.9999,43.0
222042,mimiciii.INPUTEVENTS_MV,Nicardipine,Nicardipine,Medications,mg,Solution,,43,1,43,43,mcg/kg/min,0.999,2.0025,2.5,1.0,1.0,numeric,0.0001,0.9999,43.0
225828,mimiciii.INPUTEVENTS_MV,LR,LR,Fluids/Intake,mL,Solution,,43,5,42,42,mL/hour,0.5634,100.0,1000.0,0.9767,0.9767,numeric,0.0003,0.9997,8.6
45775,mimiciii.INPUTEVENTS_CV,1/2 ST REPLETE/FIBER,,Free Form Intake,,,,43,1,0,0,,,,,0.0,0.0,categorical,0.0001,0.9999,43.0
42336,mimiciii.INPUTEVENTS_CV,DEXTROSE125GMS/250CC,,Free Form Intake,,,,43,1,0,0,,,,,0.0,0.0,categorical,0.0001,0.9999,43.0
40778,mimiciii.INPUTEVENTS_CV,Free H2O,,Free Form Intake,,,,43,7,0,0,,,,,0.0,0.0,categorical,0.0004,0.9996,6.143
46690,mimiciii.INPUTEVENTS_CV,bumetanide,,Free Form Intake,,,,43,1,0,0,,,,,0.0,0.0,categorical,0.0001,0.9999,43.0
41439,mimiciii.INPUTEVENTS_CV,sodium phos,,Free Form Intake,,,,43,5,0,0,,,,,0.0,0.0,categorical,0.0003,0.9997,8.6
42245,mimiciii.INPUTEVENTS_CV,CARIPORIDE STUDY,,Free Form Intake,,,,43,1,0,0,,,,,0.0,0.0,categorical,0.0001,0.9999,43.0
44504,mimiciii.INPUTEVENTS_CV,1/2 ns 1/2cc:cc,,Free Form Intake,,,,43,1,0,0,,,,,0.0,0.0,categorical,0.0001,0.9999,43.0
51183,mimiciii.LABEVENTS,CD45,,Hematology,,8130-7,Blood,42,39,0,0,,,,,0.0,0.0,categorical,0.002,0.998,1.077
51051,mimiciii.LABEVENTS,"Cholesterol, Pleural",,Chemistry,,9618-0,Pleural,42,40,42,42,mg/dL,4.0,30.0,86.0,1.0,1.0,numeric,0.0021,0.9979,1.05
51302,mimiciii.LABEVENTS,Young Cells,,Hematology,,51633-6,Blood,42,33,42,42,%,0.0,1.0,15.0,1.0,1.0,numeric,0.0017,0.9983,1.273
51376,mimiciii.LABEVENTS,Macrophage,,Hematology,,33376-5,Joint Fluid,42,34,42,42,%,1.0,7.0,95.0,1.0,1.0,numeric,0.0018,0.9982,1.235
3083,mimiciii.CHARTEVENTS,spont Tidal volumes,,,,,,42,1,41,0,,348.0,438.0,530.0,0.0,0.9762,numeric,0.0001,0.9999,42.0
650,mimiciii.CHARTEVENTS,Spon Minute VE L/min,,,,,,42,11,36,36,cmH2O,0.0,9.0,18.0,0.8571,0.8571,mixed,0.0006,0.9994,3.818
1051,mimiciii.CHARTEVENTS,passy-muir valve,,,,,,42,4,0,0,,,,,0.0,0.0,categorical,0.0002,0.9998,10.5
223997,mimiciii.CHARTEVENTS,CT #1 Dressing,CT #1 Dressing,Pulmonary,,Text,,42,2,0,0,,,,,0.0,0.0,categorical,0.0001,0.9999,21.0
224062,mimiciii.CHARTEVENTS,Less Restrictive Measures (Acute Med/Surgical),Less Restrictive Measures (Acute M/S),Restraint/Support Systems,,Text,,42,1,0,0,,,,,0.0,0.0,categorical,0.0001,0.9999,42.0
1671,mimiciii.CHARTEVENTS,act,,,,,,42,10,42,0,,103.0,157.0,210.0,0.0,1.0,numeric,0.0005,0.9995,4.2
2314,mimiciii.CHARTEVENTS,cpp,,,,,,42,1,42,0,,34.0,49.5,68.0,0.0,1.0,numeric,0.0001,0.9999,42.0
5705,mimiciii.CHARTEVENTS,j-tube flush,,,,,,42,1,0,0,,,,,0.0,0.0,categorical,0.0001,0.9999,42.0
1610,mimiciii.CHARTEVENTS,THERA VEST 15 MIN.,,,,,,42,1,0,0,,,,,0.0,0.0,categorical,0.0001,0.9999,42.0
43037,mimiciii.INPUTEVENTS_CV,nicardipine HCL,,Free Form Intake,,,,42,1,0,0,,,,,0.0,0.0,categorical,0.0001,0.9999,42.0
42240,mimiciii.INPUTEVENTS_CV,SOLUMEDROL DRIP,,Free Form Intake,,,,42,3,0,0,,,,,0.0,0.0,categorical,0.0002,0.9998,14.0
42886,mimiciii.INPUTEVENTS_CV,NS CT IRRIGATION,,Free Form Intake,,,,42,1,0,0,,,,,0.0,0.0,categorical,0.0001,0.9999,42.0
42407,mimiciii.INPUTEVENTS_CV,Precedex mcg/kg/hr,,Free Form Intake,,,,42,1,0,0,,,,,0.0,0.0,categorical,0.0001,0.9999,42.0
40635,mimiciii.INPUTEVENTS_CV,baricat,,Free Form Intake,,,,42,7,0,0,,,,,0.0,0.0,categorical,0.0004,0.9996,6.0
41162,mimiciii.INPUTEVENTS_CV,NaPhos,,Free Form Intake,,,,42,3,0,0,,,,,0.0,0.0,categorical,0.0002,0.9998,14.0
42655,mimiciii.INPUTEVENTS_CV,METHYLPREDNISOLONE,,Free Form Intake,,,,42,2,0,0,,,,,0.0,0.0,categorical,0.0001,0.9999,21.0
51228,mimiciii.LABEVENTS,Heparin,,Hematology,,13055-9,Blood,41,22,35,41,U/mL,0.0,0.42,1.84,1.0,0.8537,mixed,0.0012,0.9988,1.864
50877,mimiciii.LABEVENTS,Anti-Thyroglobulin Antibodies,,Chemistry,,5380-1,Blood,41,40,4,31,IU/mL,22.0,100.5,2396.0,0.7561,0.0976,mixed,0.0021,0.9979,1.025
51386,mimiciii.LABEVENTS,Bands,,Hematology,,26510-8,Other Body Fluid,41,41,41,41,%,0.0,2.0,31.0,1.0,1.0,numeric,0.0021,0.9979,1.0
5675,mimiciii.CHARTEVENTS,High Mv.,,,,,,41,3,41,0,,12.0,15.0,19.0,0.0,1.0,numeric,0.0002,0.9998,13.667
2074,mimiciii.CHARTEVENTS,AV Fistula,,,,,,41,4,0,0,,,,,0.0,0.0,categorical,0.0002,0.9998,10.25
2685,mimiciii.CHARTEVENTS,Cisat mcg/kg/min,,,,,,41,1,40,0,,0.0,3.0,4.0,0.0,0.9756,numeric,0.0001,0.9999,41.0
1675,mimiciii.CHARTEVENTS,TH,,,,,,41,2,41,0,,2.2,2.8,4.0,0.0,1.0,numeric,0.0001,0.9999,20.5
8200,mimiciii.CHARTEVENTS,L arm Fistula,,,,,,41,1,0,0,,,,,0.0,0.0,categorical,0.0001,0.9999,41.0
223952,mimiciii.CHARTEVENTS,Pericardial Drain Status,Pericardial Drain Status,Cardiovascular,,Text,,41,1,0,0,,,,,0.0,0.0,categorical,0.0001,0.9999,41.0
8001,mimiciii.CHARTEVENTS,Flolan ng/kg/min,,,,,,41,1,41,0,,2.0,4.0,6.0,0.0,1.0,numeric,0.0001,0.9999,41.0
6166,mimiciii.CHARTEVENTS,left flap check,,,,,,41,1,0,0,,,,,0.0,0.0,categorical,0.0001,0.9999,41.0
1715,mimiciii.CHARTEVENTS,Nicardipine mg/hr,,,,,,41,1,41,0,,0.0,10.0,15.0,0.0,1.0,numeric,0.0001,0.9999,41.0
2769,mimiciii.CHARTEVENTS,left radial ABP,,,,,,41,1,0,0,,,,,0.0,0.0,categorical,0.0001,0.9999,41.0
2514,mimiciii.CHARTEVENTS,pigtail flush,,,,,,41,1,0,0,,,,,0.0,0.0,categorical,0.0001,0.9999,41.0
2964,mimiciii.CHARTEVENTS,left AV thrill/bruit,,,,,,41,1,0,0,,,,,0.0,0.0,categorical,0.0001,0.9999,41.0
2948,mimiciii.CHARTEVENTS,femoral ART Line,,,,,,41,1,0,0,,,,,0.0,0.0,categorical,0.0001,0.9999,41.0
2656,mimiciii.CHARTEVENTS,SOLUMEDROL MG/KG/HR,,,,,,41,2,41,0,,0.0,5.4,5.4,0.0,1.0,numeric,0.0001,0.9999,20.5
2696,mimiciii.CHARTEVENTS,EDV1,,,,,,41,1,39,0,,107.0,123.0,163.0,0.0,0.9512,numeric,0.0001,0.9999,41.0
6167,mimiciii.CHARTEVENTS,right flap check,,,,,,41,1,0,0,,,,,0.0,0.0,categorical,0.0001,0.9999,41.0
2671,mimiciii.CHARTEVENTS,NO2 TANK PRESSURSE,,,,,,41,1,40,0,,10.0,795.0,2000.0,0.0,0.9756,numeric,0.0001,0.9999,41.0
6978,mimiciii.CHARTEVENTS,iced gauze to eyes,,,,,,41,1,0,0,,,,,0.0,0.0,categorical,0.0001,0.9999,41.0
2020,mimiciii.CHARTEVENTS,r leg elevated,,,,,,41,2,0,0,,,,,0.0,0.0,categorical,0.0001,0.9999,20.5
2770,mimiciii.CHARTEVENTS,left radial MAP,,,,,,41,1,41,0,,70.0,77.0,130.0,0.0,1.0,numeric,0.0001,0.9999,41.0
45369,mimiciii.INPUTEVENTS_CV,Mucamyst iv.,,Free Form Intake,,,,41,1,0,0,,,,,0.0,0.0,categorical,0.0001,0.9999,41.0
42575,mimiciii.INPUTEVENTS_CV,alteplase,,Free Form Intake,,,,41,3,0,0,,,,,0.0,0.0,categorical,0.0002,0.9998,13.667
42526,mimiciii.INPUTEVENTS_CV,SOLUMEDROL GTT,,Free Form Intake,,,,41,2,0,0,,,,,0.0,0.0,categorical,0.0001,0.9999,20.5
46591,mimiciii.INPUTEVENTS_CV,calcuim gluconate,,Free Form Intake,,,,41,1,0,0,,,,,0.0,0.0,categorical,0.0001,0.9999,41.0
40699,mimiciii.INPUTEVENTS_CV,K+ PHOS,,Free Form Intake,,,,41,1,0,0,,,,,0.0,0.0,categorical,0.0001,0.9999,41.0
51111,mimiciii.LABEVENTS,Bands,,Hematology,,,Ascites,40,34,40,40,%,0.0,1.0,7.0,1.0,1.0,numeric,0.0018,0.9982,1.176
51042,mimiciii.LABEVENTS,"Sodium, Body Fluid",,Chemistry,,2950-4,Other Body Fluid,40,29,39,40,mEq/L,56.0,139.0,635.0,1.0,0.975,numeric,0.0015,0.9985,1.379
1580,mimiciii.CHARTEVENTS,HI/Minute/Volume,,,,,,40,3,40,0,,14.0,16.5,25.0,0.0,1.0,numeric,0.0002,0.9998,13.333
2522,mimiciii.CHARTEVENTS,HFO-MAP,,,,,,40,1,39,0,,29.0,33.0,50.0,0.0,0.975,numeric,0.0001,0.9999,40.0
223998,mimiciii.CHARTEVENTS,CT #1 Crepitus,CT #1 Crepitus,Pulmonary,,Text,,40,2,0,0,,,,,0.0,0.0,categorical,0.0001,0.9999,20.0
5642,mimiciii.CHARTEVENTS,bupivacaine.1%-axila,,,,,,40,1,38,0,,14.0,14.0,16.0,0.0,0.95,numeric,0.0001,0.9999,40.0
224989,mimiciii.CHARTEVENTS,Undermining Present #5,Undermining Present #5,Skin - Impairment,,Text,,40,1,0,0,,,,,0.0,0.0,categorical,0.0001,0.9999,40.0
6930,mimiciii.CHARTEVENTS,STUDY DRUG CC/HR,,,,,,40,1,40,0,,0.0,25.0,25.0,0.0,1.0,numeric,0.0001,0.9999,40.0
2660,mimiciii.CHARTEVENTS,ICP Camino,,,,,,40,1,40,0,,16.0,89.5,148.0,0.0,1.0,numeric,0.0001,0.9999,40.0
6458,mimiciii.CHARTEVENTS,Multipodus,,,,,,40,1,0,0,,,,,0.0,0.0,categorical,0.0001,0.9999,40.0
225059,mimiciii.CHARTEVENTS,Past medical history,PMH,Adm History/FHPA,,Text,,40,8,0,0,,,,,0.0,0.0,categorical,0.0004,0.9996,5.0
223954,mimiciii.CHARTEVENTS,Pericardial Drain Site,Pericardial Drain Site,Cardiovascular,,Text,,40,1,0,0,,,,,0.0,0.0,categorical,0.0001,0.9999,40.0
3084,mimiciii.CHARTEVENTS,photosensitive prec,,,,,,40,1,0,0,,,,,0.0,0.0,categorical,0.0001,0.9999,40.0
223993,mimiciii.CHARTEVENTS,Chest Tube Site # 1,Chest Tube Site # 1,Pulmonary,,Text,,40,2,0,0,,,,,0.0,0.0,categorical,0.0001,0.9999,20.0
223995,mimiciii.CHARTEVENTS,CT #1 Fluctuate,CT #1 Fluctuate,Pulmonary,,Text,,40,2,0,0,,,,,0.0,0.0,categorical,0.0001,0.9999,20.0
223996,mimiciii.CHARTEVENTS,CT #1 Drainage,CT #1 Drainage,Pulmonary,,Text,,40,2,0,0,,,,,0.0,0.0,categorical,0.0001,0.9999,20.0
224905,mimiciii.CHARTEVENTS,Impaired Skin Drainage #5,Site Drainage #5,Skin - Impairment,,Text,,40,1,0,0,,,,,0.0,0.0,categorical,0.0001,0.9999,40.0
2604,mimiciii.CHARTEVENTS,CHEST WT ON/OFF,,,,,,40,1,0,0,,,,,0.0,0.0,categorical,0.0001,0.9999,40.0
43139,mimiciii.INPUTEVENTS_CV,HCL GTTS 75MEQ/500ML,,Free Form Intake,,,,40,1,0,0,,,,,0.0,0.0,categorical,0.0001,0.9999,40.0
41188,mimiciii.INPUTEVENTS_CV,Probalance TF,,Free Form Intake,,,,40,1,0,0,,,,,0.0,0.0,categorical,0.0001,0.9999,40.0
46126,mimiciii.INPUTEVENTS_CV,1/2cc:cc repletion,,Free Form Intake,,,,40,1,0,0,,,,,0.0,0.0,categorical,0.0001,0.9999,40.0
46720,mimiciii.INPUTEVENTS_CV,PD Dialysate,,Free Form Intake,,,,40,1,0,0,,,,,0.0,0.0,categorical,0.0001,0.9999,40.0
51152,mimiciii.LABEVENTS,CD10,,Hematology,,8107-5,Blood,39,36,0,0,,,,,0.0,0.0,categorical,0.0019,0.9981,1.083
51110,mimiciii.LABEVENTS,Atypical Lymphocytes,,Hematology,,33369-0,Ascites,39,36,39,39,%,0.0,1.0,5.0,1.0,1.0,numeric,0.0019,0.9981,1.083
1136,mimiciii.CHARTEVENTS,vasopressin,,,,,,39,5,31,0,,0.0,0.04,0.04,0.0,0.7949,mixed,0.0003,0.9997,7.8
1863,mimiciii.CHARTEVENTS,HFO-FiO2,,,,,,39,1,39,0,,0.5,0.65,1.0,0.0,1.0,numeric,0.0001,0.9999,39.0
220650,mimiciii.CHARTEVENTS,Total Protein,Total Protein,Labs,None,Numeric,,39,39,39,39,g/dL,3.6,5.5,7.6,1.0,1.0,numeric,0.002,0.998,1.0
536,mimiciii.CHARTEVENTS,Peri Care,,,,,,39,2,0,0,,,,,0.0,0.0,categorical,0.0001,0.9999,19.5
1057,mimiciii.CHARTEVENTS,edema,,,,,,39,2,9,0,,3.0,3.0,4.0,0.0,0.2308,mixed,0.0001,0.9999,19.5
3046,mimiciii.CHARTEVENTS,HIGH MINUTE VENT.  N,,,,,,39,1,39,0,,15.0,20.0,20.0,0.0,1.0,numeric,0.0001,0.9999,39.0
2093,mimiciii.CHARTEVENTS,Nicardipine mcg/k/mn,,,,,,39,1,39,0,,0.5,0.8,0.8,0.0,1.0,numeric,0.0001,0.9999,39.0
7108,mimiciii.CHARTEVENTS,surgical bra,,,,,,39,8,0,0,,,,,0.0,0.0,categorical,0.0004,0.9996,4.875
2520,mimiciii.CHARTEVENTS,HFO-Delta P (amplit),,,,,,39,1,38,0,,62.0,66.0,75.0,0.0,0.9744,numeric,0.0001,0.9999,39.0
42855,mimiciii.INPUTEVENTS_CV,ETOH GTT,,Free Form Intake,,,,39,1,0,0,,,,,0.0,0.0,categorical,0.0001,0.9999,39.0
43086,mimiciii.INPUTEVENTS_CV,Nicardipine gtt,,Free Form Intake,,,,39,1,0,0,,,,,0.0,0.0,categorical,0.0001,0.9999,39.0
42691,mimiciii.INPUTEVENTS_CV,kphos,,Free Form Intake,,,,39,4,0,0,,,,,0.0,0.0,categorical,0.0002,0.9998,9.75
42402,mimiciii.INPUTEVENTS_CV,epidural drip,,Free Form Intake,,,,39,1,0,0,,,,,0.0,0.0,categorical,0.0001,0.9999,39.0
46336,mimiciii.INPUTEVENTS_CV,10% Dextran 40/D5W,,Free Form Intake,,,,39,1,0,0,,,,,0.0,0.0,categorical,0.0001,0.9999,39.0
42335,mimiciii.INPUTEVENTS_CV,1/2 STR. VIVONEX,,Free Form Intake,,,,39,1,0,0,,,,,0.0,0.0,categorical,0.0001,0.9999,39.0
51064,mimiciii.LABEVENTS,"Potassium, Stool",,Chemistry,,15202-5,Stool,38,33,33,38,mEq/L,4.7,18.6,75.0,1.0,0.8684,mixed,0.0017,0.9983,1.152
51065,mimiciii.LABEVENTS,"Sodium, Stool",,Chemistry,,15207-4,Stool,38,33,36,38,mEq/L,10.0,118.0,146.0,1.0,0.9474,mixed,0.0017,0.9983,1.152
51238,mimiciii.LABEVENTS,Kappa,,Hematology,,,Blood,38,36,0,0,,,,,0.0,0.0,categorical,0.0019,0.9981,1.056
50932,mimiciii.LABEVENTS,Gray Top Hold (plasma),,Chemistry,,,Blood,38,37,0,0,,,,,0.0,0.0,categorical,0.0019,0.9981,1.027
51230,mimiciii.LABEVENTS,HLA-DR,,Hematology,,32621-5,Blood,38,35,0,0,,,,,0.0,0.0,categorical,0.0018,0.9982,1.086
51234,mimiciii.LABEVENTS,Immunophenotyping,,Hematology,,,Blood,38,36,0,0,,,,,0.0,0.0,categorical,0.0019,0.9981,1.056
2058,mimiciii.CHARTEVENTS,Hi VE,,,,,,38,2,38,0,,14.0,20.0,20.0,0.0,1.0,numeric,0.0001,0.9999,19.0
223953,mimiciii.CHARTEVENTS,Pericardial Drain Drainage,Pericardial Drain Drainage,Cardiovascular,,Text,,38,1,0,0,,,,,0.0,0.0,categorical,0.0001,0.9999,38.0
1233,mimiciii.CHARTEVENTS,heliox,,,,,,38,9,5,0,,7.0,7.0,12.0,0.0,0.1316,mixed,0.0005,0.9995,4.222
5865,mimiciii.CHARTEVENTS,APRV Pressure High,,,,,,38,1,37,0,,25.0,35.0,35.0,0.0,0.9737,numeric,0.0001,0.9999,38.0
5587,mimiciii.CHARTEVENTS,CYCLOSPORIN --MG/HR,,,,,,38,1,38,0,,0.0,1.0,3.0,0.0,1.0,numeric,0.0001,0.9999,38.0
2589,mimiciii.CHARTEVENTS,cariporide @ 21/ml,,,,,,38,1,38,0,,21.0,21.0,21.0,0.0,1.0,numeric,0.0001,0.9999,38.0
3030,mimiciii.CHARTEVENTS,slop,,,,,,38,2,38,0,,0.15,0.15,0.2,0.0,1.0,numeric,0.0001,0.9999,19.0
1673,mimiciii.CHARTEVENTS,PH,,,,,,38,2,38,0,,30.0,30.0,38.0,0.0,1.0,numeric,0.0001,0.9999,19.0
1674,mimiciii.CHARTEVENTS,PL,,,,,,38,2,38,0,,0.0,0.0,5.0,0.0,1.0,numeric,0.0001,0.9999,19.0
1676,mimiciii.CHARTEVENTS,TL,,,,,,38,2,38,0,,0.4,0.4,0.4,0.0,1.0,numeric,0.0001,0.9999,19.0
3197,mimiciii.CHARTEVENTS,INO LEVEL,,,,,,38,1,17,0,,0.0,10.0,20.0,0.0,0.4474,mixed,0.0001,0.9999,38.0
2670,mimiciii.CHARTEVENTS,nimbex,,,,,,38,1,38,0,,3.0,3.0,6.0,0.0,1.0,numeric,0.0001,0.9999,38.0
5776,mimiciii.CHARTEVENTS,"FEM, ABP",,,,,,38,1,1,0,,96.0,96.0,96.0,0.0,0.0263,categorical,0.0001,0.9999,38.0
1721,mimiciii.CHARTEVENTS,Ribaviron,,,,,,38,2,0,0,,,,,0.0,0.0,categorical,0.0001,0.9999,19.0
40450,mimiciii.INPUTEVENTS_CV,EBL,,,,,,38,16,0,0,,,,,0.0,0.0,categorical,0.0008,0.9992,2.375
42177,mimiciii.INPUTEVENTS_CV,RT. PIGTAIL,,,,,,38,1,0,0,,,,,0.0,0.0,categorical,0.0001,0.9999,38.0
40712,mimiciii.INPUTEVENTS_CV,free H20,,Free Form Intake,,,,38,1,0,0,,,,,0.0,0.0,categorical,0.0001,0.9999,38.0
42590,mimiciii.INPUTEVENTS_CV,nimbex,,Free Form Intake,,,,38,1,0,0,,,,,0.0,0.0,categorical,0.0001,0.9999,38.0
45967,mimiciii.INPUTEVENTS_CV,foley,,,,,,38,1,0,0,,,,,0.0,0.0,categorical,0.0001,0.9999,38.0
42832,mimiciii.INPUTEVENTS_CV,albumin 12.5%,,Free Form Intake,,,,38,1,0,0,,,,,0.0,0.0,categorical,0.0001,0.9999,38.0
44848,mimiciii.INPUTEVENTS_CV,2/3 ST IMPACT,,Free Form Intake,,,,38,1,0,0,,,,,0.0,0.0,categorical,0.0001,0.9999,38.0
42709,mimiciii.INPUTEVENTS_CV,ALCOHOL GTT ML/HR,,Free Form Intake,,,,38,1,0,0,,,,,0.0,0.0,categorical,0.0001,0.9999,38.0
42573,mimiciii.INPUTEVENTS_CV,ACETYLCYSTEINE,,Free Form Intake,,,,38,1,0,0,,,,,0.0,0.0,categorical,0.0001,0.9999,38.0
42933,mimiciii.INPUTEVENTS_CV,XYGRIS,,Free Form Intake,,,,38,1,0,0,,,,,0.0,0.0,categorical,0.0001,0.9999,38.0
44009,mimiciii.INPUTEVENTS_CV,K phos,,Free Form Intake,,,,38,1,0,0,,,,,0.0,0.0,categorical,0.0001,0.9999,38.0
51239,mimiciii.LABEVENTS,Lambda,,Hematology,,,Blood,37,35,0,0,,,,,0.0,0.0,categorical,0.0018,0.9982,1.057
51273,mimiciii.LABEVENTS,"Protein S, Functional",,Hematology,,31102-7,Blood,37,34,37,37,%,21.0,70.0,170.0,1.0,1.0,numeric,0.0018,0.9982,1.088
51041,mimiciii.LABEVENTS,"Potassium, Body Fluid",,Chemistry,,2821-7,Other Body Fluid,37,26,32,37,mEq/L,2.7,4.65,96.0,1.0,0.8649,mixed,0.0014,0.9986,1.423
408,mimiciii.CHARTEVENTS,Inc/Wound Packing #5,,,,,,37,9,0,0,,,,,0.0,0.0,categorical,0.0005,0.9995,4.111
227444,mimiciii.CHARTEVENTS,C Reactive Protein (CRP),C Reactive Protein (CRP),Labs,None,Numeric with tag,,37,33,37,37,mg/L,0.9,37.9,263.9,1.0,1.0,numeric,0.0017,0.9983,1.121
3240,mimiciii.CHARTEVENTS,Nicardipine gtt,,,,,,37,1,37,0,,0.0,0.5,0.5,0.0,1.0,numeric,0.0001,0.9999,37.0
2963,mimiciii.CHARTEVENTS,CHECK BRUIT L ARM,,,,,,37,1,0,0,,,,,0.0,0.0,categorical,0.0001,0.9999,37.0
2983,mimiciii.CHARTEVENTS,solumedrol mg/hr,,,,,,37,1,37,0,,280.0,280.0,280.0,0.0,1.0,numeric,0.0001,0.9999,37.0
224006,mimiciii.CHARTEVENTS,Emesis Appearance,Emesis Appearance,GI/GU,,Text,,37,7,0,0,,,,,0.0,0.0,categorical,0.0004,0.9996,5.286
1963,mimiciii.CHARTEVENTS,SITTER,,,,,,37,3,0,0,,,,,0.0,0.0,categorical,0.0002,0.9998,12.333
225929,mimiciii.INPUTEVENTS_MV,ProBalance (Full),ProBalance (Full),Nutrition - Enteral,mL,Solution,,37,2,37,37,mL/hour,25.0,70.0,355.7386,1.0,1.0,numeric,0.0001,0.9999,18.5
45180,mimiciii.INPUTEVENTS_CV,ct gent gtt,,Free Form Intake,,,,37,1,0,0,,,,,0.0,0.0,categorical,0.0001,0.9999,37.0
42408,mimiciii.INPUTEVENTS_CV,hcl 50meq/500cc@   0,,Free Form Intake,,,,37,1,0,0,,,,,0.0,0.0,categorical,0.0001,0.9999,37.0
42269,mimiciii.INPUTEVENTS_CV,bile replacement,,Free Form Intake,,,,37,1,0,0,,,,,0.0,0.0,categorical,0.0001,0.9999,37.0
41459,mimiciii.INPUTEVENTS_CV,1/4 NS,,Free Form Intake,,,,37,1,0,0,,,,,0.0,0.0,categorical,0.0001,0.9999,37.0
5866,mimiciii.CHARTEVENTS,APRV Pressure Low,,,,,,36,1,36,0,,10.0,10.0,10.0,0.0,1.0,numeric,0.0001,0.9999,36.0
1652,mimiciii.CHARTEVENTS,MP boots,,,,,,36,1,0,0,,,,,0.0,0.0,categorical,0.0001,0.9999,36.0
224119,mimiciii.CHARTEVENTS,22 Gauge Site Appear,22 Gauge Site Appear,Access Lines - Peripheral,,Text,,36,5,0,0,,,,,0.0,0.0,categorical,0.0003,0.9997,7.2
224911,mimiciii.CHARTEVENTS,Impaired Skin Drainage Amount #4,Site Drainage Amount #4,Skin - Impairment,,Text,,36,1,0,0,,,,,0.0,0.0,categorical,0.0001,0.9999,36.0
2663,mimiciii.CHARTEVENTS,ACETYCYSTEINE,,,,,,36,1,36,0,,125.0,125.0,125.0,0.0,1.0,numeric,0.0001,0.9999,36.0
2739,mimiciii.CHARTEVENTS,FENOLDOPAM,,,,,,36,2,36,0,,0.0,0.065,0.5,0.0,1.0,numeric,0.0001,0.9999,18.0
1862,mimiciii.CHARTEVENTS,HFO-Bias Flow,,,,,,36,1,36,0,,25.0,37.5,45.0,0.0,1.0,numeric,0.0001,0.9999,36.0
2487,mimiciii.CHARTEVENTS,carioride cc/hr,,,,,,36,1,36,0,,21.0,21.0,21.0,0.0,1.0,numeric,0.0001,0.9999,36.0
2672,mimiciii.CHARTEVENTS,fentanyl mg/hr,,,,,,36,1,35,0,,25.0,50.0,100.0,0.0,0.9722,numeric,0.0001,0.9999,36.0
224806,mimiciii.CHARTEVENTS,CT #1 Suction Type,CT #1 Suction Type,Pulmonary,,Text,,36,2,0,0,,,,,0.0,0.0,categorical,0.0001,0.9999,18.0
224788,mimiciii.CHARTEVENTS,GI #2 Tube Type,GI #2 Tube Type,GI/GU,,Text,,36,3,0,0,,,,,0.0,0.0,categorical,0.0002,0.9998,12.0
5643,mimiciii.CHARTEVENTS,bupivacaine.1%-pop,,,,,,36,1,34,0,,0.0,6.0,6.0,0.0,0.9444,mixed,0.0001,0.9999,36.0
7655,mimiciii.CHARTEVENTS,security,,,,,,36,1,0,0,,,,,0.0,0.0,categorical,0.0001,0.9999,36.0
224912,mimiciii.CHARTEVENTS,Impaired Skin Drainage Amount #5,Site Drainage Amount #5,Skin - Impairment,,Text,,36,1,0,0,,,,,0.0,0.0,categorical,0.0001,0.9999,36.0
7925,mimiciii.CHARTEVENTS,thumb pulse checks,,,,,,36,1,0,0,,,,,0.0,0.0,categorical,0.0001,0.9999,36.0
5867,mimiciii.CHARTEVENTS,APRV Time High,,,,,,36,1,36,0,,1.8,1.85,3.0,0.0,1.0,numeric,0.0001,0.9999,36.0
5868,mimiciii.CHARTEVENTS,APRV Time low,,,,,,36,1,36,0,,0.5,0.5,1.3,0.0,1.0,numeric,0.0001,0.9999,36.0
2119,mimiciii.CHARTEVENTS,Slope,,,,,,36,2,36,0,,0.05,0.2,10.0,0.0,1.0,numeric,0.0001,0.9999,18.0
1098,mimiciii.CHARTEVENTS,cisatracurium mg/kg,,,,,,36,1,36,0,,0.18,0.18,0.18,0.0,1.0,numeric,0.0001,0.9999,36.0
2521,mimiciii.CHARTEVENTS,HFO-Hz,,,,,,36,1,35,0,,4.5,5.0,6.0,0.0,0.9722,numeric,0.0001,0.9999,36.0
1739,mimiciii.CHARTEVENTS,Passey Muir Valve,,,,,,36,1,0,0,,,,,0.0,0.0,categorical,0.0001,0.9999,36.0
7517,mimiciii.CHARTEVENTS,MARCAINE .25/4CC SC,,,,,,36,1,0,0,,,,,0.0,0.0,categorical,0.0001,0.9999,36.0
3126,mimiciii.CHARTEVENTS,SLOPE,,,,,,36,4,36,0,,0.0,0.2,10.0,0.0,1.0,numeric,0.0002,0.9998,9.0
2145,mimiciii.CHARTEVENTS,tpa,,,,,,36,1,11,0,,0.0,0.24,0.5,0.0,0.3056,mixed,0.0001,0.9999,36.0
2056,mimiciii.CHARTEVENTS,Nitric Oxide,,,,,,36,2,35,0,,1.0,40.0,40.0,0.0,0.9722,numeric,0.0001,0.9999,18.0
226139,mimiciii.CHARTEVENTS,22 Gauge placed in outside facility,22 Gauge placed in outside facility,Access Lines - Peripheral,,Checkbox,,36,5,36,0,,0.0,0.0,0.0,0.0,1.0,numeric,0.0003,0.9997,7.2
227369,mimiciii.CHARTEVENTS,22 Gauge Dressing Occlusive,22 Gauge Dressing Occlusive,Access Lines - Peripheral,,Checkbox,,36,5,36,0,,1.0,1.0,1.0,0.0,1.0,numeric,0.0003,0.9997,7.2
2697,mimiciii.CHARTEVENTS,EF %,,,,,,36,1,33,0,,31.0,40.0,47.0,0.0,0.9167,mixed,0.0001,0.9999,36.0
2519,mimiciii.CHARTEVENTS,HFO-% I Time,,,,,,36,1,8,0,,33.0,33.0,33.0,0.0,0.2222,mixed,0.0001,0.9999,36.0
42365,mimiciii.INPUTEVENTS_CV,Bupivacaine,,Free Form Intake,,,,36,1,0,0,,,,,0.0,0.0,categorical,0.0001,0.9999,36.0
45220,mimiciii.INPUTEVENTS_CV,ns w/40 KCL,,Free Form Intake,,,,36,1,0,0,,,,,0.0,0.0,categorical,0.0001,0.9999,36.0
44797,mimiciii.INPUTEVENTS_CV,Protonix IV,,Free Form Intake,,,,36,1,0,0,,,,,0.0,0.0,categorical,0.0001,0.9999,36.0
51313,mimiciii.LABEVENTS,CD19,,Hematology,,32525-8,Bone Marrow,35,33,0,0,,,,,0.0,0.0,categorical,0.0017,0.9983,1.061
51515,mimiciii.LABEVENTS,Waxy Casts,,Hematology,,5819-8,Urine,35,33,2,35,#/lpf,2.0,2.5,3.0,1.0,0.0571,mixed,0.0017,0.9983,1.061
2798,mimiciii.CHARTEVENTS,arm 90 degrees,,,,,,35,1,0,0,,,,,0.0,0.0,categorical,0.0001,0.9999,35.0
3087,mimiciii.CHARTEVENTS,DEXTRAN 40  10%,,,,,,35,1,35,0,,30.0,30.0,30.0,0.0,1.0,numeric,0.0001,0.9999,35.0
5824,mimiciii.CHARTEVENTS,HiMV,,,,,,35,2,35,0,,12.0,16.0,18.0,0.0,1.0,numeric,0.0001,0.9999,17.5
224441,mimiciii.CHARTEVENTS,GI #2 Intub Site,GI #2 Intub Site,GI/GU,,Text,,35,2,0,0,,,,,0.0,0.0,categorical,0.0001,0.9999,17.5
7582,mimiciii.CHARTEVENTS,Bed rotation.,,,,,,35,1,0,0,,,,,0.0,0.0,categorical,0.0001,0.9999,35.0
2308,mimiciii.CHARTEVENTS,FEM ALINE,,,,,,35,2,2,0,,112.0,125.5,139.0,0.0,0.0571,mixed,0.0001,0.9999,17.5
2874,mimiciii.CHARTEVENTS,lepirudin mg/kg/hr,,,,,,35,1,35,0,,0.15,0.15,0.15,0.0,1.0,numeric,0.0001,0.9999,35.0
6596,mimiciii.CHARTEVENTS,Acety42gm/1L-mg/kg/h,,,,,,35,1,35,0,,17.5,17.5,17.5,0.0,1.0,numeric,0.0001,0.9999,35.0
1681,mimiciii.CHARTEVENTS,high MV.,,,,,,35,2,35,0,,12.0,15.0,18.0,0.0,1.0,numeric,0.0001,0.9999,17.5
2063,mimiciii.CHARTEVENTS,NO tank psi,,,,,,35,1,35,0,,200.0,1100.0,1800.0,0.0,1.0,numeric,0.0001,0.9999,35.0
6246,mimiciii.CHARTEVENTS,SAFETY OFFICER,,,,,,35,1,0,0,,,,,0.0,0.0,categorical,0.0001,0.9999,35.0
225910,mimiciii.INPUTEVENTS_MV,Pantoprazole (Protonix),Pantoprazole (Protonix),Medications,dose,Solution,,35,5,0,0,,,,,0.0,0.0,categorical,0.0003,0.9997,7.0
42994,mimiciii.INPUTEVENTS_CV,K PHOS 15 MMOL,,Free Form Intake,,,,35,2,0,0,,,,,0.0,0.0,categorical,0.0001,0.9999,17.5
46014,mimiciii.INPUTEVENTS_CV,PANTOPRAZOLE GTT,,Free Form Intake,,,,35,1,0,0,,,,,0.0,0.0,categorical,0.0001,0.9999,35.0
44631,mimiciii.INPUTEVENTS_CV,3/4str impact/fiber,,Free Form Intake,,,,35,2,0,0,,,,,0.0,0.0,categorical,0.0001,0.9999,17.5
46427,mimiciii.INPUTEVENTS_CV,N/S + VINCRISTINE,,Free Form Intake,,,,35,1,0,0,,,,,0.0,0.0,categorical,0.0001,0.9999,35.0
41620,mimiciii.INPUTEVENTS_CV,dialysate in,,Free Form Intake,,,,35,2,0,0,,,,,0.0,0.0,categorical,0.0001,0.9999,17.5
46428,mimiciii.INPUTEVENTS_CV,N/S +ETOPOSIDE,,Free Form Intake,,,,35,1,0,0,,,,,0.0,0.0,categorical,0.0001,0.9999,35.0
40030,mimiciii.INPUTEVENTS_CV,MANNITOL,,Free Form Intake,,,,35,3,0,0,,,,,0.0,0.0,categorical,0.0002,0.9998,11.667
42384,mimiciii.INPUTEVENTS_CV,90%CC/CC U/O REPLACE,,Free Form Intake,,,,35,1,0,0,,,,,0.0,0.0,categorical,0.0001,0.9999,35.0
42790,mimiciii.INPUTEVENTS_CV,ns w/ 40meq kcl,,Free Form Intake,,,,35,1,0,0,,,,,0.0,0.0,categorical,0.0001,0.9999,35.0
42273,mimiciii.INPUTEVENTS_CV,vasopressin unit/min,,Free Form Intake,,,,35,1,0,0,,,,,0.0,0.0,categorical,0.0001,0.9999,35.0
42026,mimiciii.INPUTEVENTS_CV,Flush LT ct #1&2 q8',,Free Form Intake,,,,35,1,0,0,,,,,0.0,0.0,categorical,0.0001,0.9999,35.0
43061,mimiciii.INPUTEVENTS_CV,40Gm CaGluc/1000ccNS,,Free Form Intake,,,,35,1,0,0,,,,,0.0,0.0,categorical,0.0001,0.9999,35.0
51030,mimiciii.LABEVENTS,"Chloride, Body Fluid",,Chemistry,,2072-7,Other Body Fluid,34,23,33,34,mEq/L,48.0,111.0,142.0,1.0,0.9706,numeric,0.0012,0.9988,1.478
50928,mimiciii.LABEVENTS,Gastrin,,Chemistry,,2333-3,Blood,34,34,34,34,pg/mL,30.0,110.0,734.0,1.0,1.0,numeric,0.0018,0.9982,1.0
51045,mimiciii.LABEVENTS,"Urea Nitrogen, Body Fluid",,Chemistry,,3093-2,Other Body Fluid,34,27,34,34,mg/dL,4.0,37.0,76.0,1.0,1.0,numeric,0.0014,0.9986,1.259
1339,mimiciii.CHARTEVENTS,bed rotation q2hrs.,,,,,,34,1,1,0,,2.0,2.0,2.0,0.0,0.0294,categorical,0.0001,0.9999,34.0
2560,mimiciii.CHARTEVENTS,CISATRA. MCG/KG/MIN,,,,,,34,1,34,0,,0.0,4.0,6.0,0.0,1.0,numeric,0.0001,0.9999,34.0
2551,mimiciii.CHARTEVENTS,study drug,,,,,,34,1,34,0,,21.0,21.0,21.0,0.0,1.0,numeric,0.0001,0.9999,34.0
2467,mimiciii.CHARTEVENTS,DEXTROSE GM/HR,,,,,,34,1,34,0,,7.0,7.0,17.5,0.0,1.0,numeric,0.0001,0.9999,34.0
7757,mimiciii.CHARTEVENTS,NARCAN MG/HR,,,,,,34,1,34,0,,0.0,0.6,0.6,0.0,1.0,numeric,0.0001,0.9999,34.0
2288,mimiciii.CHARTEVENTS,L ARM ELEVATION,,,,,,34,1,0,0,,,,,0.0,0.0,categorical,0.0001,0.9999,34.0
1575,mimiciii.CHARTEVENTS,HIGH MINUTE VOL.,,,,,,34,4,34,0,,15.0,18.0,20.0,0.0,1.0,numeric,0.0002,0.9998,8.5
6739,mimiciii.CHARTEVENTS,right breast doppler,,,,,,34,1,0,0,,,,,0.0,0.0,categorical,0.0001,0.9999,34.0
7389,mimiciii.CHARTEVENTS,protonix 80mg/250cc,,,,,,34,1,33,0,,8.0,8.0,8.0,0.0,0.9706,numeric,0.0001,0.9999,34.0
6738,mimiciii.CHARTEVENTS,left breast doppler,,,,,,34,1,0,0,,,,,0.0,0.0,categorical,0.0001,0.9999,34.0
44038,mimiciii.INPUTEVENTS_CV,d5w&25meqk+acetate,,Free Form Intake,,,,34,1,0,0,,,,,0.0,0.0,categorical,0.0001,0.9999,34.0
42282,mimiciii.INPUTEVENTS_CV,na phos,,Free Form Intake,,,,34,5,0,0,,,,,0.0,0.0,categorical,0.0003,0.9997,6.8
44175,mimiciii.INPUTEVENTS_CV,R groin,,,,,,34,1,0,0,,,,,0.0,0.0,categorical,0.0001,0.9999,34.0
42827,mimiciii.INPUTEVENTS_CV,D5W/20GM CA GLU,,Free Form Intake,,,,34,1,0,0,,,,,0.0,0.0,categorical,0.0001,0.9999,34.0
46301,mimiciii.INPUTEVENTS_CV,dexmedetomidine,,Free Form Intake,,,,34,1,0,0,,,,,0.0,0.0,categorical,0.0001,0.9999,34.0
42456,mimiciii.INPUTEVENTS_CV,PD Fluid 1.5%,,Free Form Intake,,,,34,1,0,0,,,,,0.0,0.0,categorical,0.0001,0.9999,34.0
3184,mimiciii.CHARTEVENTS,Neo mcg/kg/min,,,,,,33,1,32,0,,0.2,2.0,2.75,0.0,0.9697,numeric,0.0001,0.9999,33.0
1990,mimiciii.CHARTEVENTS,High minute vent.,,,,,,33,2,33,0,,14.0,24.0,24.0,0.0,1.0,numeric,0.0001,0.9999,16.5
1996,mimiciii.CHARTEVENTS,HIGH MIN. VOL.,,,,,,33,5,33,0,,12.0,18.0,19.0,0.0,1.0,numeric,0.0003,0.9997,6.6
2544,mimiciii.CHARTEVENTS,FEM ART MAP,,,,,,33,2,33,0,,62.0,79.0,118.0,0.0,1.0,numeric,0.0001,0.9999,16.5
2547,mimiciii.CHARTEVENTS,Precedex mcg/kg/hr,,,,,,33,1,33,0,,0.0,0.5,0.5,0.0,1.0,numeric,0.0001,0.9999,33.0
7281,mimiciii.CHARTEVENTS,Cooling Blanket,,,,,,33,2,0,0,,,,,0.0,0.0,categorical,0.0001,0.9999,16.5
1197,mimiciii.CHARTEVENTS,HFO Amplitude,,,,,,33,1,33,0,,70.0,86.0,94.0,0.0,1.0,numeric,0.0001,0.9999,33.0
2966,mimiciii.CHARTEVENTS,OFFICERS/HANDCUFFED,,,,,,33,1,0,0,,,,,0.0,0.0,categorical,0.0001,0.9999,33.0
2105,mimiciii.CHARTEVENTS,hi minute volume,,,,,,33,2,33,0,,12.0,18.0,125.0,0.0,1.0,numeric,0.0001,0.9999,16.5
445,mimiciii.CHARTEVENTS,Mech. Minute Volume,,,,,,33,10,30,30,L/min,3.6,6.4,18.944,0.9091,0.9091,mixed,0.0005,0.9995,3.3
2898,mimiciii.CHARTEVENTS,AMBUED Q4 AND PRN,,,,,,33,1,0,0,,,,,0.0,0.0,categorical,0.0001,0.9999,33.0
1198,mimiciii.CHARTEVENTS,HFO Frq. (Hz),,,,,,33,1,33,0,,3.0,6.0,6.0,0.0,1.0,numeric,0.0001,0.9999,33.0
2938,mimiciii.CHARTEVENTS,ART,,,,,,33,1,0,0,,,,,0.0,0.0,categorical,0.0001,0.9999,33.0
42771,mimiciii.INPUTEVENTS_CV,lepirudim,,Free Form Intake,,,,33,1,0,0,,,,,0.0,0.0,categorical,0.0001,0.9999,33.0
44552,mimiciii.INPUTEVENTS_CV,VAC dsg,,,,,,33,1,0,0,,,,,0.0,0.0,categorical,0.0001,0.9999,33.0
41122,mimiciii.INPUTEVENTS_CV,HD,,,,,,33,12,0,0,,,,,0.0,0.0,categorical,0.0006,0.9994,2.75
46635,mimiciii.INPUTEVENTS_CV,RESCUE FLUSH,,Free Form Intake,,,,33,1,0,0,,,,,0.0,0.0,categorical,0.0001,0.9999,33.0
42470,mimiciii.INPUTEVENTS_CV,4.25travasol/5%dex.,,Free Form Intake,,,,33,1,0,0,,,,,0.0,0.0,categorical,0.0001,0.9999,33.0
45856,mimiciii.INPUTEVENTS_CV,PLASMA-LYTE,,Free Form Intake,,,,33,1,0,0,,,,,0.0,0.0,categorical,0.0001,0.9999,33.0
42669,mimiciii.INPUTEVENTS_CV,KETAMINE MG/HR,,Free Form Intake,,,,33,1,0,0,,,,,0.0,0.0,categorical,0.0001,0.9999,33.0
51298,mimiciii.LABEVENTS,Von Willebrand Factor Activity,,Hematology,,6014-5,Blood,32,30,32,32,%,18.0,180.0,632.0,1.0,1.0,numeric,0.0016,0.9984,1.067
50926,mimiciii.LABEVENTS,Follicle Stimulating Hormone,,Chemistry,,15067-2,Blood,32,29,27,32,mIU/mL,1.0,5.2,53.0,1.0,0.8438,mixed,0.0015,0.9985,1.103
51192,mimiciii.LABEVENTS,CD7,,Hematology,,8135-6,Blood,32,31,0,0,,,,,0.0,0.0,categorical,0.0016,0.9984,1.032
51319,mimiciii.LABEVENTS,CD3,,Hematology,,32529-0,Bone Marrow,32,31,0,0,,,,,0.0,0.0,categorical,0.0016,0.9984,1.032
51340,mimiciii.LABEVENTS,Kappa,,Hematology,,,Bone Marrow,32,31,0,0,,,,,0.0,0.0,categorical,0.0016,0.9984,1.032
51341,mimiciii.LABEVENTS,Lambda,,Hematology,,,Bone Marrow,32,31,0,0,,,,,0.0,0.0,categorical,0.0016,0.9984,1.032
6582,mimiciii.CHARTEVENTS,left femerol artery,,,,,,32,1,0,0,,,,,0.0,0.0,categorical,0.0001,0.9999,32.0
2369,mimiciii.CHARTEVENTS,fem map,,,,,,32,2,32,0,,70.0,97.0,122.0,0.0,1.0,numeric,0.0001,0.9999,16.0
6322,mimiciii.CHARTEVENTS,Face Droop,,,,,,32,1,0,0,,,,,0.0,0.0,categorical,0.0001,0.9999,32.0
6005,mimiciii.CHARTEVENTS,Security Guard,,,,,,32,1,0,0,,,,,0.0,0.0,categorical,0.0001,0.9999,32.0
2949,mimiciii.CHARTEVENTS,HIGH MIN.VOLUME,,,,,,32,1,32,0,,10.0,10.0,18.0,0.0,1.0,numeric,0.0001,0.9999,32.0
7499,mimiciii.CHARTEVENTS,MINERVA BRACE,,,,,,32,1,0,0,,,,,0.0,0.0,categorical,0.0001,0.9999,32.0
2836,mimiciii.CHARTEVENTS,DEEP BREATH & COUGH,,,,,,32,1,0,0,,,,,0.0,0.0,categorical,0.0001,0.9999,32.0
2849,mimiciii.CHARTEVENTS,JP#2 L SITE/DRAINAGE,,,,,,32,1,0,0,,,,,0.0,0.0,categorical,0.0001,0.9999,32.0
2850,mimiciii.CHARTEVENTS,T TUBE SITE/DRAINAGE,,,,,,32,1,0,0,,,,,0.0,0.0,categorical,0.0001,0.9999,32.0
5558,mimiciii.CHARTEVENTS,HI/Minute/VOl,,,,,,32,1,32,0,,14.0,18.0,35.0,0.0,1.0,numeric,0.0001,0.9999,32.0
2290,mimiciii.CHARTEVENTS,nimbex mcg/kg/m,,,,,,32,1,32,0,,0.0,2.5,3.0,0.0,1.0,numeric,0.0001,0.9999,32.0
715,mimiciii.CHARTEVENTS,Vd/Vt Ratio (40-60%),,,,,,32,29,30,30,decFrc,0.43,42.5,77.0,0.9375,0.9375,mixed,0.0015,0.9985,1.103
6922,mimiciii.CHARTEVENTS,mucous fistula stoma,,,,,,32,1,0,0,,,,,0.0,0.0,categorical,0.0001,0.9999,32.0
1860,mimiciii.CHARTEVENTS,HFO Delta P (amplt),,,,,,32,1,32,0,,70.0,80.0,85.0,0.0,1.0,numeric,0.0001,0.9999,32.0
1229,mimiciii.CHARTEVENTS,sling,,,,,,32,7,0,0,,,,,0.0,0.0,categorical,0.0004,0.9996,4.571
2848,mimiciii.CHARTEVENTS,JP #1 R SITE/DRAINAG,,,,,,32,1,0,0,,,,,0.0,0.0,categorical,0.0001,0.9999,32.0
1195,mimiciii.CHARTEVENTS,HFI Bias Flow:,,,,,,32,1,32,0,,20.0,25.0,30.0,0.0,1.0,numeric,0.0001,0.9999,32.0
221347,mimiciii.INPUTEVENTS_MV,Amiodarone,Amiodarone,Medications,mg,Solution,,32,2,32,32,mg/min,0.4997,0.5,1.0,1.0,1.0,numeric,0.0001,0.9999,16.0
46194,mimiciii.INPUTEVENTS_CV,mesan,,Free Form Intake,,,,32,1,0,0,,,,,0.0,0.0,categorical,0.0001,0.9999,32.0
45387,mimiciii.INPUTEVENTS_CV,Glucagon 25mg/250,,Free Form Intake,,,,32,1,0,0,,,,,0.0,0.0,categorical,0.0001,0.9999,32.0
44478,mimiciii.INPUTEVENTS_CV,cc:cc REPLACEMENT,,Free Form Intake,,,,32,1,0,0,,,,,0.0,0.0,categorical,0.0001,0.9999,32.0
45360,mimiciii.INPUTEVENTS_CV,DEXTROSE 25%,,Free Form Intake,,,,32,1,0,0,,,,,0.0,0.0,categorical,0.0001,0.9999,32.0
41788,mimiciii.INPUTEVENTS_CV,K+ Phos,,Free Form Intake,,,,32,4,0,0,,,,,0.0,0.0,categorical,0.0002,0.9998,8.0
44098,mimiciii.INPUTEVENTS_CV,BILE REFEED,,Free Form Intake,,,,32,1,0,0,,,,,0.0,0.0,categorical,0.0001,0.9999,32.0
42917,mimiciii.INPUTEVENTS_CV,D5W/CAGLU 40GMS,,Free Form Intake,,,,32,1,0,0,,,,,0.0,0.0,categorical,0.0001,0.9999,32.0
43073,mimiciii.INPUTEVENTS_CV,NaPO4,,Free Form Intake,,,,32,1,0,0,,,,,0.0,0.0,categorical,0.0001,0.9999,32.0
45114,mimiciii.INPUTEVENTS_CV,D5W&Mucomyst,,Free Form Intake,,,,32,1,0,0,,,,,0.0,0.0,categorical,0.0001,0.9999,32.0
42383,mimiciii.INPUTEVENTS_CV,cc for cc replace,,Free Form Intake,,,,32,1,0,0,,,,,0.0,0.0,categorical,0.0001,0.9999,32.0
41906,mimiciii.INPUTEVENTS_CV,NA PHOS,,Free Form Intake,,,,32,3,0,0,,,,,0.0,0.0,categorical,0.0002,0.9998,10.667
44446,mimiciii.INPUTEVENTS_CV,replacement fluid,,Free Form Intake,,,,32,1,0,0,,,,,0.0,0.0,categorical,0.0001,0.9999,32.0
40796,mimiciii.INPUTEVENTS_CV,Protonix mg/hr,,,,,,32,1,0,0,,,,,0.0,0.0,categorical,0.0001,0.9999,32.0
41851,mimiciii.INPUTEVENTS_CV,3/4str impact w/fibr,,Free Form Intake,,,,32,1,0,0,,,,,0.0,0.0,categorical,0.0001,0.9999,32.0
51167,mimiciii.LABEVENTS,CD2,,Hematology,,8118-2,Blood,31,30,0,0,,,,,0.0,0.0,categorical,0.0016,0.9984,1.033
51326,mimiciii.LABEVENTS,CD5,,Hematology,,35640-2,Bone Marrow,31,30,0,0,,,,,0.0,0.0,categorical,0.0016,0.9984,1.033
51337,mimiciii.LABEVENTS,HLA-DR,,Hematology,,51380-4,Bone Marrow,31,30,0,0,,,,,0.0,0.0,categorical,0.0016,0.9984,1.033
51068,mimiciii.LABEVENTS,24 hr Protein,,Chemistry,,2889-4,Urine,31,26,31,31,mg/24hr,128.0,1020.0,79365.0,1.0,1.0,numeric,0.0014,0.9986,1.192
1188,mimiciii.CHARTEVENTS,dressing change,,,,,,31,8,0,0,,,,,0.0,0.0,categorical,0.0004,0.9996,3.875
1891,mimiciii.CHARTEVENTS,Heliox,,,,,,31,9,7,0,,5.0,8.0,10.0,0.0,0.2258,mixed,0.0005,0.9995,3.444
2629,mimiciii.CHARTEVENTS,SOLUMEDROL DRIP,,,,,,31,2,31,0,,0.0,5.4,350.0,0.0,1.0,numeric,0.0001,0.9999,15.5
6967,mimiciii.CHARTEVENTS,right arm elevated,,,,,,31,1,0,0,,,,,0.0,0.0,categorical,0.0001,0.9999,31.0
5895,mimiciii.CHARTEVENTS,Abduction Wedge,,,,,,31,1,0,0,,,,,0.0,0.0,categorical,0.0001,0.9999,31.0
5854,mimiciii.CHARTEVENTS,fem aline,,,,,,31,1,0,0,,,,,0.0,0.0,categorical,0.0001,0.9999,31.0
6,mimiciii.CHARTEVENTS,ABP [Systolic],,,,,,31,5,2,2,mmHg,96.0,122.5,149.0,0.0645,0.0645,mixed,0.0003,0.9997,6.2
6031,mimiciii.CHARTEVENTS,PADS/NECK INCISION.,,,,,,31,1,0,0,,,,,0.0,0.0,categorical,0.0001,0.9999,31.0
3122,mimiciii.CHARTEVENTS,Apnea,,,,,,31,3,25,0,,20.0,20.0,20.0,0.0,0.8065,mixed,0.0002,0.9998,10.333
1056,mimiciii.CHARTEVENTS,chest pt,,,,,,31,8,0,0,,,,,0.0,0.0,categorical,0.0004,0.9996,3.875
7687,mimiciii.CHARTEVENTS,ileal conduit,,,,,,31,1,0,0,,,,,0.0,0.0,categorical,0.0001,0.9999,31.0
46625,mimiciii.INPUTEVENTS_CV,octreotride,,Free Form Intake,,,,31,1,0,0,,,,,0.0,0.0,categorical,0.0001,0.9999,31.0
43077,mimiciii.INPUTEVENTS_CV,L. GROIN,,,,,,31,1,0,0,,,,,0.0,0.0,categorical,0.0001,0.9999,31.0
42112,mimiciii.INPUTEVENTS_CV,Old trauma line site,,,,,,31,1,0,0,,,,,0.0,0.0,categorical,0.0001,0.9999,31.0
40880,mimiciii.INPUTEVENTS_CV,Kphos,,Free Form Intake,,,,31,1,0,0,,,,,0.0,0.0,categorical,0.0001,0.9999,31.0
40327,mimiciii.INPUTEVENTS_CV,Mannitol 20%,,Free Form Intake,,,,31,2,0,0,,,,,0.0,0.0,categorical,0.0001,0.9999,15.5
44223,mimiciii.INPUTEVENTS_CV,Octreotide,,Free Form Intake,,,,31,2,0,0,,,,,0.0,0.0,categorical,0.0001,0.9999,15.5
41093,mimiciii.INPUTEVENTS_CV,Cyclosporin,,Free Form Intake,,,,31,1,0,0,,,,,0.0,0.0,categorical,0.0001,0.9999,31.0
41490,mimiciii.INPUTEVENTS_CV,NS bolus,,Free Form Intake,,,,31,5,0,0,,,,,0.0,0.0,categorical,0.0003,0.9997,6.2
51315,mimiciii.LABEVENTS,CD20,,Hematology,,,Bone Marrow,30,29,0,0,,,,,0.0,0.0,categorical,0.0015,0.9985,1.034
51303,mimiciii.LABEVENTS,CD10,,Hematology,,51216-0,Bone Marrow,30,29,0,0,,,,,0.0,0.0,categorical,0.0015,0.9985,1.034
3112,mimiciii.CHARTEVENTS,epinephrine mcg/min,,,,,,30,1,30,0,,2.0,8.0,8.0,0.0,1.0,numeric,0.0001,0.9999,30.0
6324,mimiciii.CHARTEVENTS,Tongue Deviation,,,,,,30,1,0,0,,,,,0.0,0.0,categorical,0.0001,0.9999,30.0
448,mimiciii.CHARTEVENTS,Minute Volume,,,,,,30,7,30,30,L/min,3.6,6.4,18.944,1.0,1.0,numeric,0.0004,0.9996,4.286
224044,mimiciii.CHARTEVENTS,Incision Packing #1,Incision Packing #1,Skin - Incisions,,Text,,30,2,0,0,,,,,0.0,0.0,categorical,0.0001,0.9999,15.0
223847,mimiciii.CHARTEVENTS,Passey Muir Valve in use,Passey Muir Valve in use,Respiratory,,Text,,30,3,0,0,,,,,0.0,0.0,categorical,0.0002,0.9998,10.0
224967,mimiciii.CHARTEVENTS,Pressure Ulcer Stage #4,Pressure Ulcer Stage #4,Skin - Impairment,,Text,,30,1,30,0,,0.0,1.5,2.0,0.0,1.0,numeric,0.0001,0.9999,30.0
224092,mimiciii.CHARTEVENTS,Range of Motion Location,ROM Location,Treatments,,Text,,30,5,0,0,,,,,0.0,0.0,categorical,0.0003,0.9997,6.0
3143,mimiciii.CHARTEVENTS,low insp pressure,,,,,,30,2,30,0,,10.0,10.0,20.0,0.0,1.0,numeric,0.0001,0.9999,15.0
1196,mimiciii.CHARTEVENTS,HFO % I time,,,,,,30,1,29,0,,33.0,33.0,33.0,0.0,0.9667,numeric,0.0001,0.9999,30.0
6003,mimiciii.CHARTEVENTS,ph level,,,,,,30,1,30,0,,4.0,7.0,9.0,0.0,1.0,numeric,0.0001,0.9999,30.0
1844,mimiciii.CHARTEVENTS,position,,,,,,30,2,3,0,,0.5,0.5,0.5,0.0,0.1,mixed,0.0001,0.9999,15.0
1666,mimiciii.CHARTEVENTS,phigh,,,,,,30,6,30,0,,16.0,28.0,40.0,0.0,1.0,numeric,0.0003,0.9997,5.0
1906,mimiciii.CHARTEVENTS,Elastic gloves,,,,,,30,1,0,0,,,,,0.0,0.0,categorical,0.0001,0.9999,30.0
1865,mimiciii.CHARTEVENTS,HFO-Min mean airway,,,,,,30,1,30,0,,20.0,30.0,30.0,0.0,1.0,numeric,0.0001,0.9999,30.0
224775,mimiciii.CHARTEVENTS,CT #1 Leak,CT #1 Leak,Pulmonary,,Text,,30,2,0,0,,,,,0.0,0.0,categorical,0.0001,0.9999,15.0
7654,mimiciii.CHARTEVENTS,mucomyst mg/hr,,,,,,30,1,28,0,,1000.0,1000.0,1000.0,0.0,0.9333,mixed,0.0001,0.9999,30.0
227449,mimiciii.CHARTEVENTS,Gentamicin (Trough),Gentamicin (Trough),Labs,None,Numeric with tag,,30,15,30,30,ug/mL,0.3,1.2,8.8,1.0,1.0,numeric,0.0008,0.9992,2.0
6000,mimiciii.CHARTEVENTS,HIGH MIN VOL.,,,,,,30,1,30,0,,14.0,16.0,16.0,0.0,1.0,numeric,0.0001,0.9999,30.0
1864,mimiciii.CHARTEVENTS,HFO-Max mean airway,,,,,,30,1,30,0,,35.0,40.0,40.0,0.0,1.0,numeric,0.0001,0.9999,30.0
225974,mimiciii.INPUTEVENTS_MV,Metoprolol,Metoprolol,Medications,mg,Solution,,30,2,0,0,,,,,0.0,0.0,categorical,0.0001,0.9999,15.0
40908,mimiciii.INPUTEVENTS_CV,c.o.,,Free Form Intake,,,,30,2,0,0,,,,,0.0,0.0,categorical,0.0001,0.9999,15.0
42308,mimiciii.INPUTEVENTS_CV,STUDY DRUG,,Free Form Intake,,,,30,2,0,0,,,,,0.0,0.0,categorical,0.0001,0.9999,15.0
46212,mimiciii.INPUTEVENTS_CV,protonix 80mg/250cc,,Free Form Intake,,,,30,2,0,0,,,,,0.0,0.0,categorical,0.0001,0.9999,15.0
46547,mimiciii.INPUTEVENTS_CV,rescue,,Free Form Intake,,,,30,2,0,0,,,,,0.0,0.0,categorical,0.0001,0.9999,15.0
43904,mimiciii.INPUTEVENTS_CV,D51/4NS+100MeqNaHCO3,,Free Form Intake,,,,30,1,0,0,,,,,0.0,0.0,categorical,0.0001,0.9999,30.0
42288,mimiciii.INPUTEVENTS_CV,LR w/40 kcl,,Free Form Intake,,,,30,1,0,0,,,,,0.0,0.0,categorical,0.0001,0.9999,30.0
45045,mimiciii.INPUTEVENTS_CV,WaterBolus,,Free Form Intake,,,,30,1,0,0,,,,,0.0,0.0,categorical,0.0001,0.9999,30.0
45109,mimiciii.INPUTEVENTS_CV,effluent,,,,,,30,1,0,0,,,,,0.0,0.0,categorical,0.0001,0.9999,30.0
44089,mimiciii.INPUTEVENTS_CV,Methylprednisone,,Free Form Intake,,,,30,2,0,0,,,,,0.0,0.0,categorical,0.0001,0.9999,15.0
46223,mimiciii.INPUTEVENTS_CV,potasium,,Free Form Intake,,,,30,2,0,0,,,,,0.0,0.0,categorical,0.0001,0.9999,15.0
30405,mimiciii.INPUTEVENTS_CV,Ensure Plus,,,,,,30,1,0,0,,,,,0.0,0.0,categorical,0.0001,0.9999,30.0
51291,mimiciii.LABEVENTS,Sickle Cells,,Hematology,,801-1,Blood,29,11,0,0,,,,,0.0,0.0,categorical,0.0006,0.9994,2.636
51172,mimiciii.LABEVENTS,CD23,,Hematology,,14018-6,Blood,29,27,0,0,,,,,0.0,0.0,categorical,0.0014,0.9986,1.074
51465,mimiciii.LABEVENTS,Bilirubin Crystals,,Hematology,,5771-1,Urine,29,29,0,0,,,,,0.0,0.0,categorical,0.0015,0.9985,1.0
51299,mimiciii.LABEVENTS,Von Willebrand Factor Antigen,,Hematology,,6012-9,Blood,29,27,14,29,%,60.0,136.5,358.0,1.0,0.4828,mixed,0.0014,0.9986,1.074
50830,mimiciii.LABEVENTS,"pCO2, Body Fluid",,Blood Gas,,2023-0,Other Body Fluid,29,14,29,26,mm Hg,0.0,13.0,53.0,0.8966,1.0,numeric,0.0007,0.9993,2.071
51084,mimiciii.LABEVENTS,"Glucose, Urine",,Chemistry,,2350-7,Urine,29,25,28,29,mg/dL,1.0,8.0,771.0,1.0,0.9655,numeric,0.0013,0.9987,1.16
6163,mimiciii.CHARTEVENTS,Lumbar drain output,,,,,,29,1,0,0,,,,,0.0,0.0,categorical,0.0001,0.9999,29.0
2503,mimiciii.CHARTEVENTS,bupivacaine,,,,,,29,1,29,0,,10.0,10.0,10.0,0.0,1.0,numeric,0.0001,0.9999,29.0
1742,mimiciii.CHARTEVENTS,QTC,,,,,,29,8,29,0,,0.25,0.4,0.49,0.0,1.0,numeric,0.0004,0.9996,3.625
2489,mimiciii.CHARTEVENTS,BILAT HEARING AIDS,,,,,,29,1,0,0,,,,,0.0,0.0,categorical,0.0001,0.9999,29.0
2125,mimiciii.CHARTEVENTS,slope,,,,,,29,3,29,0,,0.0,0.2,10.0,0.0,1.0,numeric,0.0002,0.9998,9.667
7767,mimiciii.CHARTEVENTS,LUE elevated,,,,,,29,1,0,0,,,,,0.0,0.0,categorical,0.0001,0.9999,29.0
224789,mimiciii.CHARTEVENTS,GI #2 Tube Status,GI #2 Tube Status,GI/GU,,Text,,29,2,0,0,,,,,0.0,0.0,categorical,0.0001,0.9999,14.5
7675,mimiciii.CHARTEVENTS,Traction amt (lbs),,,,,,29,1,3,0,,30.0,30.0,30.0,0.0,0.1034,mixed,0.0001,0.9999,29.0
6620,mimiciii.CHARTEVENTS,PAUSE TIME L/R,,,,,,29,1,0,0,,,,,0.0,0.0,categorical,0.0001,0.9999,29.0
224172,mimiciii.CHARTEVENTS,MDI #2 Puff,MDI #2 Puff,Respiratory,None,Numeric,,29,5,29,0,,4.0,6.0,6.0,0.0,1.0,numeric,0.0003,0.9997,5.8
196,mimiciii.CHARTEVENTS,Foley Care,,,,,,29,1,0,0,,,,,0.0,0.0,categorical,0.0001,0.9999,29.0
5839,mimiciii.CHARTEVENTS,eye movements,,,,,,29,1,0,0,,,,,0.0,0.0,categorical,0.0001,0.9999,29.0
8025,mimiciii.CHARTEVENTS,Panpropazole mg/hr,,,,,,29,1,29,0,,8.0,8.0,8.0,0.0,1.0,numeric,0.0001,0.9999,29.0
1496,mimiciii.CHARTEVENTS,HIGH MIN. VENT.,,,,,,29,2,29,0,,10.0,12.0,15.0,0.0,1.0,numeric,0.0001,0.9999,14.5
1861,mimiciii.CHARTEVENTS,HFO Hz,,,,,,29,1,29,0,,3.0,3.0,5.0,0.0,1.0,numeric,0.0001,0.9999,29.0
221824,mimiciii.INPUTEVENTS_MV,Haloperidol (Haldol),Haloperidol (Haldol),Medications,mg,Solution,,29,3,0,0,,,,,0.0,0.0,categorical,0.0002,0.9998,9.667
46265,mimiciii.INPUTEVENTS_CV,T4,,Free Form Intake,,,,29,2,0,0,,,,,0.0,0.0,categorical,0.0001,0.9999,14.5
42173,mimiciii.INPUTEVENTS_CV,aprotonin,,Free Form Intake,,,,29,3,0,0,,,,,0.0,0.0,categorical,0.0002,0.9998,9.667
42480,mimiciii.INPUTEVENTS_CV,Cariporide,,Free Form Intake,,,,29,1,0,0,,,,,0.0,0.0,categorical,0.0001,0.9999,29.0
44106,mimiciii.INPUTEVENTS_CV,Imp/fiberHALF,,Free Form Intake,,,,29,1,0,0,,,,,0.0,0.0,categorical,0.0001,0.9999,29.0
41983,mimiciii.INPUTEVENTS_CV,NAHCO3,,Free Form Intake,,,,29,1,0,0,,,,,0.0,0.0,categorical,0.0001,0.9999,29.0
46725,mimiciii.INPUTEVENTS_CV,Methadone,,Free Form Intake,,,,29,1,0,0,,,,,0.0,0.0,categorical,0.0001,0.9999,29.0
44703,mimiciii.INPUTEVENTS_CV,plueravac #2,,,,,,29,1,0,0,,,,,0.0,0.0,categorical,0.0001,0.9999,29.0
42488,mimiciii.INPUTEVENTS_CV,SODIUM PHOSPHATE,,Free Form Intake,,,,29,3,0,0,,,,,0.0,0.0,categorical,0.0002,0.9998,9.667
45682,mimiciii.INPUTEVENTS_CV,bladder pressure in,,Free Form Intake,,,,29,1,0,0,,,,,0.0,0.0,categorical,0.0001,0.9999,29.0
42230,mimiciii.INPUTEVENTS_CV,NS W/40KCL,,Free Form Intake,,,,29,2,0,0,,,,,0.0,0.0,categorical,0.0001,0.9999,14.5
41745,mimiciii.INPUTEVENTS_CV,H20 BOLUS VIA NG,,Free Form Intake,,,,29,1,0,0,,,,,0.0,0.0,categorical,0.0001,0.9999,29.0
51109,mimiciii.LABEVENTS,"Urine Volume, Total",,Chemistry,,28009-9,Urine,28,25,28,28,mL,125.0,2155.0,6200.0,1.0,1.0,numeric,0.0013,0.9987,1.12
51049,mimiciii.LABEVENTS,"Bilirubin, Total, Pleural",,Chemistry,,14421-2,Pleural,28,22,28,28,mg/dL,0.2,2.3,15.8,1.0,1.0,numeric,0.0012,0.9988,1.273
51080,mimiciii.LABEVENTS,Creatinine Clearance,,Chemistry,,33558-8,Urine,28,25,28,28,mL/min,4.0,43.0,128.0,1.0,1.0,numeric,0.0013,0.9987,1.12
51106,mimiciii.LABEVENTS,Urine Creatinine,,Chemistry,,,Urine,28,25,28,28,mg/dL,4.0,36.5,128.0,1.0,1.0,numeric,0.0013,0.9987,1.12
51081,mimiciii.LABEVENTS,"Creatinine, Serum",,Chemistry,,,Urine,28,25,28,28,mg/dL,0.3,1.05,4.2,1.0,1.0,numeric,0.0013,0.9987,1.12
51215,mimiciii.LABEVENTS,FMC-7,,Hematology,,17220-5,Blood,28,26,0,0,,,,,0.0,0.0,categorical,0.0014,0.9986,1.077
51101,mimiciii.LABEVENTS,Total Collection Time,,Chemistry,,13362-9,Urine,28,25,28,28,hrs,2.0,24.0,48.0,1.0,1.0,numeric,0.0013,0.9987,1.12
2376,mimiciii.CHARTEVENTS,APROTININ,,,,,,28,4,14,0,,25.0,25.0,25.0,0.0,0.5,mixed,0.0002,0.9998,7.0
1672,mimiciii.CHARTEVENTS,MEAN AIRWAY PRESS,,,,,,28,1,28,0,,19.0,27.0,28.0,0.0,1.0,numeric,0.0001,0.9999,28.0
6162,mimiciii.CHARTEVENTS,Lumbar drain level,,,,,,28,1,0,0,,,,,0.0,0.0,categorical,0.0001,0.9999,28.0
2642,mimiciii.CHARTEVENTS,FEMORAL ABP,,,,,,28,1,0,0,,,,,0.0,0.0,categorical,0.0001,0.9999,28.0
2790,mimiciii.CHARTEVENTS,FEM. ART BP,,,,,,28,1,0,0,,,,,0.0,0.0,categorical,0.0001,0.9999,28.0
5846,mimiciii.CHARTEVENTS,rigors,,,,,,28,1,0,0,,,,,0.0,0.0,categorical,0.0001,0.9999,28.0
2634,mimiciii.CHARTEVENTS,VENT CPP,,,,,,28,1,27,0,,59.0,71.0,89.0,0.0,0.9643,numeric,0.0001,0.9999,28.0
6763,mimiciii.CHARTEVENTS,passy-muir/cuff,,,,,,28,1,0,0,,,,,0.0,0.0,categorical,0.0001,0.9999,28.0
2037,mimiciii.CHARTEVENTS,PC driving press,,,,,,28,1,28,0,,16.0,21.0,21.0,0.0,1.0,numeric,0.0001,0.9999,28.0
2022,mimiciii.CHARTEVENTS,NIF,,,,,,28,10,25,0,,-80.0,-4.0,44.0,0.0,0.8929,mixed,0.0005,0.9995,2.8
6616,mimiciii.CHARTEVENTS,Pantoprazole   mg/hr,,,,,,28,1,28,0,,8.0,8.0,8.0,0.0,1.0,numeric,0.0001,0.9999,28.0
223262,mimiciii.INPUTEVENTS_MV,Insulin - Humalog,Insulin - Humalog,Medications,units,Solution,,28,3,0,0,,,,,0.0,0.0,categorical,0.0002,0.9998,9.333
225843,mimiciii.INPUTEVENTS_MV,Ampicillin/Sulbactam (Unasyn),Ampicillin/Sulbactam (Unasyn),Antibiotics,dose,Solution,,28,1,0,0,,,,,0.0,0.0,categorical,0.0001,0.9999,28.0
46023,mimiciii.INPUTEVENTS_CV,VAC,,,,,,28,2,0,0,,,,,0.0,0.0,categorical,0.0001,0.9999,14.0
44407,mimiciii.INPUTEVENTS_CV,K PHOS 30MMOL,,Free Form Intake,,,,28,2,0,0,,,,,0.0,0.0,categorical,0.0001,0.9999,14.0
43936,mimiciii.INPUTEVENTS_CV,FREE WATER BOLUSES,,Free Form Intake,,,,28,1,0,0,,,,,0.0,0.0,categorical,0.0001,0.9999,28.0
43018,mimiciii.INPUTEVENTS_CV,magnesium 1gm/hr,,Free Form Intake,,,,28,1,0,0,,,,,0.0,0.0,categorical,0.0001,0.9999,28.0
45160,mimiciii.INPUTEVENTS_CV,novasource,,Free Form Intake,,,,28,1,0,0,,,,,0.0,0.0,categorical,0.0001,0.9999,28.0
42161,mimiciii.INPUTEVENTS_CV,ns w/40 kcl,,Free Form Intake,,,,28,1,0,0,,,,,0.0,0.0,categorical,0.0001,0.9999,28.0
45032,mimiciii.INPUTEVENTS_CV,1/2str Impact,,Free Form Intake,,,,28,1,0,0,,,,,0.0,0.0,categorical,0.0001,0.9999,28.0
44776,mimiciii.INPUTEVENTS_CV,bile,,,,,,28,1,0,0,,,,,0.0,0.0,categorical,0.0001,0.9999,28.0
42359,mimiciii.INPUTEVENTS_CV,cariporide/ns,,Free Form Intake,,,,28,1,0,0,,,,,0.0,0.0,categorical,0.0001,0.9999,28.0
50996,mimiciii.LABEVENTS,"Tissue Transglutaminase Ab, IgA",,Chemistry,,31017-7,Blood,27,26,22,24,units,0.0,5.0,21.0,0.8889,0.8148,mixed,0.0014,0.9986,1.038
7470,mimiciii.CHARTEVENTS,Startle Reflex,,,,,,27,1,0,0,,,,,0.0,0.0,categorical,0.0001,0.9999,27.0
2915,mimiciii.CHARTEVENTS,HI/Minute/Vol/Alarm^,,,,,,27,1,27,0,,15.0,15.0,25.0,0.0,1.0,numeric,0.0001,0.9999,27.0
34,mimiciii.CHARTEVENTS,Add Gas Flow (Vent),,,,,,27,3,25,25,lpm,0.0,20.0,20.0,0.9259,0.9259,mixed,0.0002,0.9998,9.0
3177,mimiciii.CHARTEVENTS,left fem. aline,,,,,,27,1,0,0,,,,,0.0,0.0,categorical,0.0001,0.9999,27.0
3178,mimiciii.CHARTEVENTS,right femoral aline,,,,,,27,1,0,0,,,,,0.0,0.0,categorical,0.0001,0.9999,27.0
2468,mimiciii.CHARTEVENTS,NAHCO3- MEQ/HR,,,,,,27,1,27,0,,50.0,50.0,50.0,0.0,1.0,numeric,0.0001,0.9999,27.0
2284,mimiciii.CHARTEVENTS,Cisatra  mcg/kg/min,,,,,,27,1,27,0,,0.0,2.0,3.0,0.0,1.0,numeric,0.0001,0.9999,27.0
2188,mimiciii.CHARTEVENTS,precedex mcg/kg/hr,,,,,,27,1,27,0,,0.0,0.5,0.7,0.0,1.0,numeric,0.0001,0.9999,27.0
8021,mimiciii.CHARTEVENTS,AutoRotation,,,,,,27,1,0,0,,,,,0.0,0.0,categorical,0.0001,0.9999,27.0
7090,mimiciii.CHARTEVENTS,Right pedal pulse,,,,,,27,2,0,0,,,,,0.0,0.0,categorical,0.0001,0.9999,13.5
224063,mimiciii.CHARTEVENTS,Restraint Type,Restraint Type,Restraint/Support Systems,,Text,,27,1,0,0,,,,,0.0,0.0,categorical,0.0001,0.9999,27.0
224064,mimiciii.CHARTEVENTS,Restraint Location_V1,Restraint Location_V1,Restraint/Support Systems,,Text,,27,1,0,0,,,,,0.0,0.0,categorical,0.0001,0.9999,27.0
7565,mimiciii.CHARTEVENTS,Cont EEG,,,,,,27,1,0,0,,,,,0.0,0.0,categorical,0.0001,0.9999,27.0
2813,mimiciii.CHARTEVENTS,Hard Cast L FA,,,,,,27,1,0,0,,,,,0.0,0.0,categorical,0.0001,0.9999,27.0
3000,mimiciii.CHARTEVENTS,CPP WITH CAMINO ICP,,,,,,27,1,27,0,,41.0,57.0,86.0,0.0,1.0,numeric,0.0001,0.9999,27.0
223759,mimiciii.CHARTEVENTS,Precautions: Standard +,Precautions: Standard +,General,,Text,,27,7,0,0,,,,,0.0,0.0,categorical,0.0004,0.9996,3.857
2107,mimiciii.CHARTEVENTS,pinsp,,,,,,27,3,27,0,,20.0,30.0,35.0,0.0,1.0,numeric,0.0002,0.9998,9.0
1215,mimiciii.CHARTEVENTS,swallow,,,,,,27,1,0,0,,,,,0.0,0.0,categorical,0.0001,0.9999,27.0
7469,mimiciii.CHARTEVENTS,Methylprednisolone,,,,,,27,2,27,0,,5.4,5.4,5.4,0.0,1.0,numeric,0.0001,0.9999,13.5
6604,mimiciii.CHARTEVENTS,Fem sheath,,,,,,27,1,0,0,,,,,0.0,0.0,categorical,0.0001,0.9999,27.0
6605,mimiciii.CHARTEVENTS,Fem sheath MAP,,,,,,27,1,27,0,,68.0,86.0,98.0,0.0,1.0,numeric,0.0001,0.9999,27.0
224068,mimiciii.CHARTEVENTS,Restraints Evaluated_V1,Restraints Evaluated_V1,Restraint/Support Systems,,Text,,27,1,0,0,,,,,0.0,0.0,categorical,0.0001,0.9999,27.0
224854,mimiciii.CHARTEVENTS,Reason for Restraint (Acute Medical/Surgical)_V1,Reason for Restraint (Acute M/S)_V1,Restraint/Support Systems,,Text,,27,1,0,0,,,,,0.0,0.0,categorical,0.0001,0.9999,27.0
46196,mimiciii.INPUTEVENTS_CV,doxorubicin,,Free Form Intake,,,,27,1,0,0,,,,,0.0,0.0,categorical,0.0001,0.9999,27.0
43979,mimiciii.INPUTEVENTS_CV,na+ phosphate,,Free Form Intake,,,,27,3,0,0,,,,,0.0,0.0,categorical,0.0002,0.9998,9.0
41531,mimiciii.INPUTEVENTS_CV,octreotide,,Free Form Intake,,,,27,3,0,0,,,,,0.0,0.0,categorical,0.0002,0.9998,9.0
43700,mimiciii.INPUTEVENTS_CV,Solumedrol mg/kg/min,,Free Form Intake,,,,27,1,0,0,,,,,0.0,0.0,categorical,0.0001,0.9999,27.0
46729,mimiciii.INPUTEVENTS_CV,Dextran,,Free Form Intake,,,,27,1,0,0,,,,,0.0,0.0,categorical,0.0001,0.9999,27.0
42087,mimiciii.INPUTEVENTS_CV,NS 40 KCL,,Free Form Intake,,,,27,1,0,0,,,,,0.0,0.0,categorical,0.0001,0.9999,27.0
44404,mimiciii.INPUTEVENTS_CV,k phos gtt,,Free Form Intake,,,,27,1,0,0,,,,,0.0,0.0,categorical,0.0001,0.9999,27.0
45169,mimiciii.INPUTEVENTS_CV,protonix drip,,Free Form Intake,,,,27,2,0,0,,,,,0.0,0.0,categorical,0.0001,0.9999,13.5
44610,mimiciii.INPUTEVENTS_CV,BUPIVICAINE .1%,,Free Form Intake,,,,27,1,0,0,,,,,0.0,0.0,categorical,0.0001,0.9999,27.0
51332,mimiciii.LABEVENTS,CD7,,Hematology,,35641-0,Bone Marrow,26,23,0,0,,,,,0.0,0.0,categorical,0.0012,0.9988,1.13
51241,mimiciii.LABEVENTS,Leukocyte Alkaline Phosphatase,,Hematology,,4659-9,Blood,26,26,26,26,Score,0.0,148.5,318.0,1.0,1.0,numeric,0.0014,0.9986,1.0
51027,mimiciii.LABEVENTS,"Bicarbonate, Other Fluid",,Chemistry,,11211-0,Other Body Fluid,26,18,23,26,mEq/L,7.0,21.0,47.0,1.0,0.8846,mixed,0.0009,0.9991,1.444
51471,mimiciii.LABEVENTS,Cellular Cast,,Hematology,,,Urine,26,25,16,26,#/lpf,1.0,1.0,10.0,1.0,0.6154,mixed,0.0013,0.9987,1.04
7896,mimiciii.CHARTEVENTS,teeth brushed,,,,,,26,4,0,0,,,,,0.0,0.0,categorical,0.0002,0.9998,6.5
2807,mimiciii.CHARTEVENTS,facial droop,,,,,,26,1,0,0,,,,,0.0,0.0,categorical,0.0001,0.9999,26.0
1333,mimiciii.CHARTEVENTS,perineum care,,,,,,26,1,0,0,,,,,0.0,0.0,categorical,0.0001,0.9999,26.0
2600,mimiciii.CHARTEVENTS,Ca Gluc 20Gm/D5W,,,,,,26,1,26,0,,60.0,70.0,70.0,0.0,1.0,numeric,0.0001,0.9999,26.0
2962,mimiciii.CHARTEVENTS,fenoldopam mcg/k/min,,,,,,26,1,26,0,,0.05,0.05,1.0,0.0,1.0,numeric,0.0001,0.9999,26.0
2015,mimiciii.CHARTEVENTS,ATC ON,,,,,,26,2,0,0,,,,,0.0,0.0,categorical,0.0001,0.9999,13.0
1394,mimiciii.CHARTEVENTS,Height Inches,,,,,,26,8,20,20,In,61.0,68.5,71.0,0.7692,0.7692,mixed,0.0004,0.9996,3.25
2808,mimiciii.CHARTEVENTS,tongue midline,,,,,,26,1,0,0,,,,,0.0,0.0,categorical,0.0001,0.9999,26.0
5772,mimiciii.CHARTEVENTS,FLAP TEMP/COLOR,,,,,,26,1,0,0,,,,,0.0,0.0,categorical,0.0001,0.9999,26.0
1217,mimiciii.CHARTEVENTS,vision,,,,,,26,1,0,0,,,,,0.0,0.0,categorical,0.0001,0.9999,26.0
224109,mimiciii.CHARTEVENTS,Cervical Collar Type,Cervical Collar Type,Treatments,,Text,,26,1,0,0,,,,,0.0,0.0,categorical,0.0001,0.9999,26.0
1577,mimiciii.CHARTEVENTS,high minute vent,,,,,,26,1,26,0,,17.0,22.0,22.0,0.0,1.0,numeric,0.0001,0.9999,26.0
6457,mimiciii.CHARTEVENTS,L FEM ART LINE,,,,,,26,1,0,0,,,,,0.0,0.0,categorical,0.0001,0.9999,26.0
7185,mimiciii.CHARTEVENTS,lt av fistula bruit,,,,,,26,1,0,0,,,,,0.0,0.0,categorical,0.0001,0.9999,26.0
1557,mimiciii.CHARTEVENTS,automatic tube comp.,,,,,,26,1,0,0,,,,,0.0,0.0,categorical,0.0001,0.9999,26.0
3204,mimiciii.CHARTEVENTS,Pinsp.,,,,,,26,5,26,0,,31.0,35.0,60.0,0.0,1.0,numeric,0.0003,0.9997,5.2
1688,mimiciii.CHARTEVENTS,passy muir,,,,,,26,4,0,0,,,,,0.0,0.0,categorical,0.0002,0.9998,6.5
2768,mimiciii.CHARTEVENTS,fem a-line,,,,,,26,1,1,0,,113.61,113.61,113.61,0.0,0.0385,categorical,0.0001,0.9999,26.0
1213,mimiciii.CHARTEVENTS,shoulder shrug r/l,,,,,,26,1,0,0,,,,,0.0,0.0,categorical,0.0001,0.9999,26.0
6937,mimiciii.CHARTEVENTS,Dextran,,,,,,26,1,26,0,,20.0,20.0,20.0,0.0,1.0,numeric,0.0001,0.9999,26.0
1576,mimiciii.CHARTEVENTS,automatic tube com,,,,,,26,1,0,0,,,,,0.0,0.0,categorical,0.0001,0.9999,26.0
221833,mimiciii.INPUTEVENTS_MV,Hydromorphone (Dilaudid),Hydromorphone (Dilaudid),Medications,mg,Solution,,26,1,0,0,,,,,0.0,0.0,categorical,0.0001,0.9999,26.0
40596,mimiciii.INPUTEVENTS_CV,K-PHOS,,Free Form Intake,,,,26,3,0,0,,,,,0.0,0.0,categorical,0.0002,0.9998,8.667
42345,mimiciii.INPUTEVENTS_CV,LR w/ 40 mEq,,Free Form Intake,,,,26,1,0,0,,,,,0.0,0.0,categorical,0.0001,0.9999,26.0
46593,mimiciii.INPUTEVENTS_CV,"MULTIVIT ""BANANA""BAG",,Free Form Intake,,,,26,1,0,0,,,,,0.0,0.0,categorical,0.0001,0.9999,26.0
41458,mimiciii.INPUTEVENTS_CV,pantopralole,,Free Form Intake,,,,26,1,0,0,,,,,0.0,0.0,categorical,0.0001,0.9999,26.0
42763,mimiciii.INPUTEVENTS_CV,PORK INSULIN GTT,,Free Form Intake,,,,26,1,0,0,,,,,0.0,0.0,categorical,0.0001,0.9999,26.0
41962,mimiciii.INPUTEVENTS_CV,PRECEDEX CC/HR,,Free Form Intake,,,,26,1,0,0,,,,,0.0,0.0,categorical,0.0001,0.9999,26.0
42116,mimiciii.INPUTEVENTS_CV,PROMOTE/w/FIBER,,Free Form Intake,,,,26,1,0,0,,,,,0.0,0.0,categorical,0.0001,0.9999,26.0
41189,mimiciii.INPUTEVENTS_CV,Nicardipine mg/hr,,Free Form Intake,,,,26,1,0,0,,,,,0.0,0.0,categorical,0.0001,0.9999,26.0
45481,mimiciii.INPUTEVENTS_CV,Mucamyst.,,Free Form Intake,,,,26,1,0,0,,,,,0.0,0.0,categorical,0.0001,0.9999,26.0
44690,mimiciii.INPUTEVENTS_CV,1/2 NS + 20 KCL,,Free Form Intake,,,,26,1,0,0,,,,,0.0,0.0,categorical,0.0001,0.9999,26.0
45162,mimiciii.INPUTEVENTS_CV,incision drg,,,,,,26,1,0,0,,,,,0.0,0.0,categorical,0.0001,0.9999,26.0
41984,mimiciii.INPUTEVENTS_CV,FREE H20,,Free Form Intake,,,,26,4,0,0,,,,,0.0,0.0,categorical,0.0002,0.9998,6.5
41532,mimiciii.INPUTEVENTS_CV,Pamidronate        l,,Free Form Intake,,,,26,1,0,0,,,,,0.0,0.0,categorical,0.0001,0.9999,26.0
41174,mimiciii.INPUTEVENTS_CV,Altepase,,Free Form Intake,,,,26,1,0,0,,,,,0.0,0.0,categorical,0.0001,0.9999,26.0
46592,mimiciii.INPUTEVENTS_CV,soduim bicarbonate,,Free Form Intake,,,,26,1,0,0,,,,,0.0,0.0,categorical,0.0001,0.9999,26.0
40907,mimiciii.INPUTEVENTS_CV,dialysate,,Free Form Intake,,,,26,3,0,0,,,,,0.0,0.0,categorical,0.0002,0.9998,8.667
41853,mimiciii.INPUTEVENTS_CV,GO LYTELY,,Free Form Intake,,,,26,2,0,0,,,,,0.0,0.0,categorical,0.0001,0.9999,13.0
41175,mimiciii.INPUTEVENTS_CV,PROBALANCE TF,,Free Form Intake,,,,26,1,0,0,,,,,0.0,0.0,categorical,0.0001,0.9999,26.0
51387,mimiciii.LABEVENTS,Basophils,,Hematology,,28543-7,Other Body Fluid,25,25,25,25,%,0.0,1.0,9.0,1.0,1.0,numeric,0.0013,0.9987,1.0
50958,mimiciii.LABEVENTS,Luteinizing Hormone,,Chemistry,,1599-0,Blood,25,24,15,25,mIU/mL,1.1,3.5,19.0,1.0,0.6,mixed,0.0013,0.9987,1.042
51062,mimiciii.LABEVENTS,"Chloride, Stool",,Chemistry,,15158-9,Stool,25,21,23,25,mEq/L,20.0,89.0,132.0,1.0,0.92,mixed,0.0011,0.9989,1.19
51205,mimiciii.LABEVENTS,Factor VII,,Hematology,,3198-9,Blood,25,21,25,25,%,6.0,35.0,103.0,1.0,1.0,numeric,0.0011,0.9989,1.19
51289,mimiciii.LABEVENTS,Serum Viscosity,,Hematology,,3128-6,Blood,25,18,25,25, ,1.2,1.4,3.3,1.0,1.0,numeric,0.0009,0.9991,1.389
51219,mimiciii.LABEVENTS,H/O Smear,,Hematology,,38924-7,Blood,25,24,0,0,,,,,0.0,0.0,categorical,0.0013,0.9987,1.042
51314,mimiciii.LABEVENTS,CD2,,Hematology,,32527-4,Bone Marrow,25,23,0,0,,,,,0.0,0.0,categorical,0.0012,0.9988,1.087
1758,mimiciii.CHARTEVENTS,HI MIN VOL,,,,,,25,4,25,0,,14.0,15.0,20.0,0.0,1.0,numeric,0.0002,0.9998,6.25
2797,mimiciii.CHARTEVENTS,"3,4,5 finger doppler",,,,,,25,1,0,0,,,,,0.0,0.0,categorical,0.0001,0.9999,25.0
3213,mimiciii.CHARTEVENTS,RT FEM ART LINE,,,,,,25,1,0,0,,,,,0.0,0.0,categorical,0.0001,0.9999,25.0
6260,mimiciii.CHARTEVENTS,R fem Art line,,,,,,25,1,0,0,,,,,0.0,0.0,categorical,0.0001,0.9999,25.0
6268,mimiciii.CHARTEVENTS,drive pr,,,,,,25,2,25,0,,15.0,30.0,45.0,0.0,1.0,numeric,0.0001,0.9999,12.5
2568,mimiciii.CHARTEVENTS,SOLUMEDROL DRIP.,,,,,,25,1,25,0,,450.0,450.0,450.0,0.0,1.0,numeric,0.0001,0.9999,25.0
7732,mimiciii.CHARTEVENTS,Right leg straight,,,,,,25,1,0,0,,,,,0.0,0.0,categorical,0.0001,0.9999,25.0
8330,mimiciii.CHARTEVENTS,L AV fistula Bruit,,,,,,25,1,0,0,,,,,0.0,0.0,categorical,0.0001,0.9999,25.0
1848,mimiciii.CHARTEVENTS,D5W,,,,,,25,1,25,0,,75.0,75.0,75.0,0.0,1.0,numeric,0.0001,0.9999,25.0
1978,mimiciii.CHARTEVENTS,high me alarm,,,,,,25,1,25,0,,15.0,15.0,30.0,0.0,1.0,numeric,0.0001,0.9999,25.0
2588,mimiciii.CHARTEVENTS,AV FISTULA BRUIT,,,,,,25,1,0,0,,,,,0.0,0.0,categorical,0.0001,0.9999,25.0
7579,mimiciii.CHARTEVENTS,rotation mode on   d,,,,,,25,1,0,0,,,,,0.0,0.0,categorical,0.0001,0.9999,25.0
2784,mimiciii.CHARTEVENTS,irrigate pigtail,,,,,,25,1,1,0,,5.0,5.0,5.0,0.0,0.04,categorical,0.0001,0.9999,25.0
6603,mimiciii.CHARTEVENTS,INAMRINONE MCG/KG/MN,,,,,,25,1,25,0,,0.0,5.0,8.0,0.0,1.0,numeric,0.0001,0.9999,25.0
7762,mimiciii.CHARTEVENTS,autorotation,,,,,,25,1,0,0,,,,,0.0,0.0,categorical,0.0001,0.9999,25.0
7731,mimiciii.CHARTEVENTS,Femoral site,,,,,,25,1,0,0,,,,,0.0,0.0,categorical,0.0001,0.9999,25.0
2400,mimiciii.CHARTEVENTS,tidal volumes,,,,,,25,1,25,0,,250.0,320.0,400.0,0.0,1.0,numeric,0.0001,0.9999,25.0
224069,mimiciii.CHARTEVENTS,Side Rails_V1,Side Rails_V1,Restraint/Support Systems,,Text,,25,1,0,0,,,,,0.0,0.0,categorical,0.0001,0.9999,25.0
5644,mimiciii.CHARTEVENTS,PASSY MUIR/CUFF DOWN,,,,,,25,1,0,0,,,,,0.0,0.0,categorical,0.0001,0.9999,25.0
7771,mimiciii.CHARTEVENTS,AUTO-ROTATION,,,,,,25,1,0,0,,,,,0.0,0.0,categorical,0.0001,0.9999,25.0
2482,mimiciii.CHARTEVENTS,SOLUMEDROL  MG/KG/HR,,,,,,25,1,25,0,,5.4,5.4,5.4,0.0,1.0,numeric,0.0001,0.9999,25.0
225888,mimiciii.INPUTEVENTS_MV,Nafcillin,Nafcillin,Antibiotics,dose,Solution,,25,1,0,0,,,,,0.0,0.0,categorical,0.0001,0.9999,25.0
44413,mimiciii.INPUTEVENTS_CV,rectal vanco,,Free Form Intake,,,,25,1,0,0,,,,,0.0,0.0,categorical,0.0001,0.9999,25.0
45108,mimiciii.INPUTEVENTS_CV,D5W/amino acid 4.25%,,Free Form Intake,,,,25,1,0,0,,,,,0.0,0.0,categorical,0.0001,0.9999,25.0
41694,mimiciii.INPUTEVENTS_CV,Verapamil drip,,Free Form Intake,,,,25,1,0,0,,,,,0.0,0.0,categorical,0.0001,0.9999,25.0
40795,mimiciii.INPUTEVENTS_CV,ns bladder,,Free Form Intake,,,,25,1,0,0,,,,,0.0,0.0,categorical,0.0001,0.9999,25.0
42447,mimiciii.INPUTEVENTS_CV,250n/s 15mM NA PHOS,,Free Form Intake,,,,25,1,0,0,,,,,0.0,0.0,categorical,0.0001,0.9999,25.0
44908,mimiciii.INPUTEVENTS_CV,free water po intake,,Free Form Intake,,,,25,1,0,0,,,,,0.0,0.0,categorical,0.0001,0.9999,25.0
45023,mimiciii.INPUTEVENTS_CV,methylprednisolone,,Free Form Intake,,,,25,1,0,0,,,,,0.0,0.0,categorical,0.0001,0.9999,25.0
45249,mimiciii.INPUTEVENTS_CV,QUINIDINE GLUCONATE,,Free Form Intake,,,,25,1,0,0,,,,,0.0,0.0,categorical,0.0001,0.9999,25.0
44100,mimiciii.INPUTEVENTS_CV,D5W with 3amps NaHC3,,Free Form Intake,,,,25,1,0,0,,,,,0.0,0.0,categorical,0.0001,0.9999,25.0
46577,mimiciii.INPUTEVENTS_CV,MULTIVITAMIN BAG,,Free Form Intake,,,,25,1,0,0,,,,,0.0,0.0,categorical,0.0001,0.9999,25.0
44061,mimiciii.INPUTEVENTS_CV,3/4 IMPACT W/ FIBER,,Free Form Intake,,,,25,1,0,0,,,,,0.0,0.0,categorical,0.0001,0.9999,25.0
41372,mimiciii.INPUTEVENTS_CV,redicat,,Free Form Intake,,,,25,7,0,0,,,,,0.0,0.0,categorical,0.0004,0.9996,3.571
46165,mimiciii.INPUTEVENTS_CV,PD fluid in,,Free Form Intake,,,,25,1,0,0,,,,,0.0,0.0,categorical,0.0001,0.9999,25.0
51321,mimiciii.LABEVENTS,CD34,,Hematology,,57400-4,Bone Marrow,24,18,0,0,,,,,0.0,0.0,categorical,0.0009,0.9991,1.333
51272,mimiciii.LABEVENTS,"Protein S, Antigen",,Hematology,,27823-4,Blood,24,23,24,24,%,26.0,91.5,155.0,1.0,1.0,numeric,0.0012,0.9988,1.043
5565,mimiciii.CHARTEVENTS,Isuprel,,,,,,24,2,23,0,,0.0,1.0,2.0,0.0,0.9583,numeric,0.0001,0.9999,12.0
2779,mimiciii.CHARTEVENTS,bladder pressures,,,,,,24,4,24,0,,9.0,15.5,30.0,0.0,1.0,numeric,0.0002,0.9998,6.0
3179,mimiciii.CHARTEVENTS,1:1 Sitter,,,,,,24,1,0,0,,,,,0.0,0.0,categorical,0.0001,0.9999,24.0
1651,mimiciii.CHARTEVENTS,High Tidal Volume,,,,,,24,4,24,0,,1.0,1.2,2000.0,0.0,1.0,numeric,0.0002,0.9998,6.0
7833,mimiciii.CHARTEVENTS,Heels Elevated,,,,,,24,1,0,0,,,,,0.0,0.0,categorical,0.0001,0.9999,24.0
6417,mimiciii.CHARTEVENTS,low pressure,,,,,,24,2,24,0,,8.0,8.0,10.0,0.0,1.0,numeric,0.0001,0.9999,12.0
3211,mimiciii.CHARTEVENTS,time high,,,,,,24,3,24,0,,1.0,3.1,3.3,0.0,1.0,numeric,0.0002,0.9998,8.0
1605,mimiciii.CHARTEVENTS,METHYLPRED 450MG/HR,,,,,,24,1,24,0,,450.0,450.0,450.0,0.0,1.0,numeric,0.0001,0.9999,24.0
224417,mimiciii.CHARTEVENTS,Cuff Pressure,Cuff Pressure,Respiratory,cmH2O,Numeric,,24,9,24,24,cmH2O,16.0,26.0,34.0,1.0,1.0,numeric,0.0005,0.9995,2.667
2477,mimiciii.CHARTEVENTS,cisatric mcg/kg/min,,,,,,24,1,23,0,,2.0,2.0,3.0,0.0,0.9583,numeric,0.0001,0.9999,24.0
1725,mimiciii.CHARTEVENTS,Pulse,,,,,,24,4,24,0,,62.0,103.5,116.0,0.0,1.0,numeric,0.0002,0.9998,6.0
6449,mimiciii.CHARTEVENTS,PROTONIX MG/HOUR,,,,,,24,1,24,0,,0.0,8.0,8.0,0.0,1.0,numeric,0.0001,0.9999,24.0
1212,mimiciii.CHARTEVENTS,EOMs,,,,,,24,1,0,0,,,,,0.0,0.0,categorical,0.0001,0.9999,24.0
224855,mimiciii.CHARTEVENTS,Patient/Family Informed_V1,Patient/Family Informed_V1,Restraint/Support Systems,,Checkbox,,24,1,24,0,,1.0,1.0,1.0,0.0,1.0,numeric,0.0001,0.9999,24.0
224070,mimiciii.CHARTEVENTS,Sitter,Sitter,Restraint/Support Systems,,Text,,24,3,0,0,,,,,0.0,0.0,categorical,0.0002,0.9998,8.0
225176,mimiciii.CHARTEVENTS,Range of Motion Status,ROM Status,Treatments,,Text,,24,5,0,0,,,,,0.0,0.0,categorical,0.0003,0.9997,4.8
2456,mimiciii.CHARTEVENTS,CARIPROSIDE,,,,,,24,1,24,0,,21.0,21.0,21.0,0.0,1.0,numeric,0.0001,0.9999,24.0
5798,mimiciii.CHARTEVENTS,Ecmo Flows,,,,,,24,1,23,0,,3.5,3.8,4.1,0.0,0.9583,numeric,0.0001,0.9999,24.0
2609,mimiciii.CHARTEVENTS,TED STOCKINGS,,,,,,24,2,0,0,,,,,0.0,0.0,categorical,0.0001,0.9999,12.0
2313,mimiciii.CHARTEVENTS,ICE PACKS OU,,,,,,24,1,0,0,,,,,0.0,0.0,categorical,0.0001,0.9999,24.0
420,mimiciii.CHARTEVENTS,LAP,,,,,,24,1,20,23,mmHg,1.0,15.0,27.0,0.9583,0.8333,mixed,0.0001,0.9999,24.0
225175,mimiciii.CHARTEVENTS,See chart for initial patient assessment,See chart for initial patient assessment,Adm History/FHPA,,Checkbox,,24,9,24,0,,1.0,1.0,1.0,0.0,1.0,numeric,0.0005,0.9995,2.667
225883,mimiciii.INPUTEVENTS_MV,Meropenem,Meropenem,Antibiotics,dose,Solution,,24,2,0,0,,,,,0.0,0.0,categorical,0.0001,0.9999,12.0
42090,mimiciii.INPUTEVENTS_CV,Promote with fiber,,Free Form Intake,,,,24,1,0,0,,,,,0.0,0.0,categorical,0.0001,0.9999,24.0
41621,mimiciii.INPUTEVENTS_CV,Bannana Bag,,Free Form Intake,,,,24,1,0,0,,,,,0.0,0.0,categorical,0.0001,0.9999,24.0
42705,mimiciii.INPUTEVENTS_CV,FENOLDOPAM,,Free Form Intake,,,,24,1,0,0,,,,,0.0,0.0,categorical,0.0001,0.9999,24.0
44386,mimiciii.INPUTEVENTS_CV,D5 LR with 40mEq K+,,Free Form Intake,,,,24,1,0,0,,,,,0.0,0.0,categorical,0.0001,0.9999,24.0
46565,mimiciii.INPUTEVENTS_CV,pantoprazole mg/hr,,Free Form Intake,,,,24,1,0,0,,,,,0.0,0.0,categorical,0.0001,0.9999,24.0
42040,mimiciii.INPUTEVENTS_CV,CISTACURIUM,,Free Form Intake,,,,24,1,0,0,,,,,0.0,0.0,categorical,0.0001,0.9999,24.0
41092,mimiciii.INPUTEVENTS_CV,ED INTAKE,,Free Form Intake,,,,24,5,0,0,,,,,0.0,0.0,categorical,0.0003,0.9997,4.8
44887,mimiciii.INPUTEVENTS_CV,2/3PROMOTE/FIBER,,Free Form Intake,,,,24,1,0,0,,,,,0.0,0.0,categorical,0.0001,0.9999,24.0
46340,mimiciii.INPUTEVENTS_CV,Bupivicaine,,Free Form Intake,,,,24,1,0,0,,,,,0.0,0.0,categorical,0.0001,0.9999,24.0
44155,mimiciii.INPUTEVENTS_CV,Amino Acid 4.25%D5%,,Free Form Intake,,,,24,1,0,0,,,,,0.0,0.0,categorical,0.0001,0.9999,24.0
45157,mimiciii.INPUTEVENTS_CV,ca+ gtt for cvvh,,Free Form Intake,,,,24,1,0,0,,,,,0.0,0.0,categorical,0.0001,0.9999,24.0
46624,mimiciii.INPUTEVENTS_CV,Anti-thymocyte Glob,,Free Form Intake,,,,24,1,0,0,,,,,0.0,0.0,categorical,0.0001,0.9999,24.0
30034,mimiciii.INPUTEVENTS_CV,Water,,,,,,24,1,0,0,,,,,0.0,0.0,categorical,0.0001,0.9999,24.0
45380,mimiciii.INPUTEVENTS_CV,GOLYTLE,,Free Form Intake,,,,24,1,0,0,,,,,0.0,0.0,categorical,0.0001,0.9999,24.0
51454,mimiciii.LABEVENTS,Plasma Cells,,Hematology,,40522-5,Pleural,23,23,23,23,%,0.0,2.0,14.0,1.0,1.0,numeric,0.0012,0.9988,1.0
51408,mimiciii.LABEVENTS,CD4,,Hematology,,17822-8,Other Body Fluid,23,22,0,0,,,,,0.0,0.0,categorical,0.0012,0.9988,1.045
51044,mimiciii.LABEVENTS,Triglycer,,Chemistry,,12228-3,Other Body Fluid,23,18,23,23,mg/dL,16.0,33.0,754.0,1.0,1.0,numeric,0.0009,0.9991,1.278
224976,mimiciii.CHARTEVENTS,Surrounding Tissue #6,Surrounding Tissue #6,Skin - Impairment,,Text,,23,1,0,0,,,,,0.0,0.0,categorical,0.0001,0.9999,23.0
987,mimiciii.CHARTEVENTS,Clot to Blood Bank,,,,,,23,5,0,0,,,,,0.0,0.0,categorical,0.0003,0.9997,4.6
5566,mimiciii.CHARTEVENTS,posey,,,,,,23,2,0,0,,,,,0.0,0.0,categorical,0.0001,0.9999,11.5
812,mimiciii.CHARTEVENTS,HCO3,,ABG,,,,23,22,21,21,mEq/l,15.0,26.0,39.0,0.913,0.913,mixed,0.0012,0.9988,1.045
1630,mimiciii.CHARTEVENTS,podis boots,,,,,,23,4,0,0,,,,,0.0,0.0,categorical,0.0002,0.9998,5.75
5943,mimiciii.CHARTEVENTS,sigh breath,,,,,,23,1,19,0,,0.0,25.0,25.0,0.0,0.8261,mixed,0.0001,0.9999,23.0
2339,mimiciii.CHARTEVENTS,APROTONIN,,,,,,23,4,22,0,,25.0,25.0,25.0,0.0,0.9565,numeric,0.0002,0.9998,5.75
5951,mimiciii.CHARTEVENTS,NO tank pr,,,,,,23,1,23,0,,300.0,1200.0,1900.0,0.0,1.0,numeric,0.0001,0.9999,23.0
2950,mimiciii.CHARTEVENTS,PPM,,,,,,23,1,23,0,,0.0,20.0,40.0,0.0,1.0,numeric,0.0001,0.9999,23.0
2474,mimiciii.CHARTEVENTS,L HEEL W-D,,,,,,23,1,0,0,,,,,0.0,0.0,categorical,0.0001,0.9999,23.0
225237,mimiciii.CHARTEVENTS,16 Gauge Site Appear,16 Gauge Site Appear,Access Lines - Peripheral,,Text,,23,2,0,0,,,,,0.0,0.0,categorical,0.0001,0.9999,11.5
5869,mimiciii.CHARTEVENTS,ATC on,,,,,,23,1,0,0,,,,,0.0,0.0,categorical,0.0001,0.9999,23.0
3243,mimiciii.CHARTEVENTS,RUPPER ARM FISTULA,,,,,,23,1,0,0,,,,,0.0,0.0,categorical,0.0001,0.9999,23.0
7856,mimiciii.CHARTEVENTS,bruit,,,,,,23,3,0,0,,,,,0.0,0.0,categorical,0.0002,0.9998,7.667
5944,mimiciii.CHARTEVENTS,I-Time,,,,,,23,1,23,0,,0.85,0.85,2.5,0.0,1.0,numeric,0.0001,0.9999,23.0
6868,mimiciii.CHARTEVENTS,Fistula,,,,,,23,2,0,0,,,,,0.0,0.0,categorical,0.0001,0.9999,11.5
7269,mimiciii.CHARTEVENTS,Bed Rotation Right _,,,,,,23,1,23,0,,30.0,30.0,35.0,0.0,1.0,numeric,0.0001,0.9999,23.0
8058,mimiciii.CHARTEVENTS,bed percussion,,,,,,23,1,0,0,,,,,0.0,0.0,categorical,0.0001,0.9999,23.0
224990,mimiciii.CHARTEVENTS,Undermining Present #6,Undermining Present #6,Skin - Impairment,,Text,,23,1,0,0,,,,,0.0,0.0,categorical,0.0001,0.9999,23.0
226846,mimiciii.CHARTEVENTS,Feeding Weight,Feeding Weight,General,kg,Numeric,,23,8,23,23,kg,50.0,81.8,119.0,1.0,1.0,numeric,0.0004,0.9996,2.875
1395,mimiciii.CHARTEVENTS,M-Ideal Body Wgt Kg,,,,,,23,8,20,20,kg,52.3,69.55,75.3,0.8696,0.8696,mixed,0.0004,0.9996,2.875
2907,mimiciii.CHARTEVENTS,R groin sheath,,,,,,23,2,0,0,,,,,0.0,0.0,categorical,0.0001,0.9999,11.5
2309,mimiciii.CHARTEVENTS,FEM ALINE MAP,,,,,,23,1,23,0,,112.0,135.0,144.0,0.0,1.0,numeric,0.0001,0.9999,23.0
2095,mimiciii.CHARTEVENTS,Octreotide,,,,,,23,1,23,0,,0.0,50.0,50.0,0.0,1.0,numeric,0.0001,0.9999,23.0
1384,mimiciii.CHARTEVENTS,MultiPodus Splints,,,,,,23,1,0,0,,,,,0.0,0.0,categorical,0.0001,0.9999,23.0
224983,mimiciii.CHARTEVENTS,Tunneling Present #6,Tunneling Present #6,Skin - Impairment,,Text,,23,1,0,0,,,,,0.0,0.0,categorical,0.0001,0.9999,23.0
2473,mimiciii.CHARTEVENTS,COCCYX GEL/ALLEVYN,,,,,,23,1,0,0,,,,,0.0,0.0,categorical,0.0001,0.9999,23.0
224899,mimiciii.CHARTEVENTS,Impaired Skin Depth #6,Site Depth #6,Skin - Impairment,cm,Numeric,,23,1,23,23,cm,0.0,0.0,0.0,1.0,1.0,numeric,0.0001,0.9999,23.0
224920,mimiciii.CHARTEVENTS,Impaired Skin Length #6,Site Length #6,Skin - Impairment,cm,Numeric,,23,1,23,23,cm,3.0,3.0,3.0,1.0,1.0,numeric,0.0001,0.9999,23.0
224955,mimiciii.CHARTEVENTS,Impaired Skin Width #6,Site Width #6,Skin - Impairment,cm,Numeric,,23,1,23,23,cm,3.0,3.0,3.0,1.0,1.0,numeric,0.0001,0.9999,23.0
44518,mimiciii.INPUTEVENTS_CV,Insulin Carrier,,Free Form Intake,,,,23,2,0,0,,,,,0.0,0.0,categorical,0.0001,0.9999,11.5
46653,mimiciii.INPUTEVENTS_CV,Flush Pack,,Free Form Intake,,,,23,3,0,0,,,,,0.0,0.0,categorical,0.0002,0.9998,7.667
44354,mimiciii.INPUTEVENTS_CV,insulin carrier,,Free Form Intake,,,,23,1,0,0,,,,,0.0,0.0,categorical,0.0001,0.9999,23.0
44544,mimiciii.INPUTEVENTS_CV,Peritoneal Dial In,,Free Form Intake,,,,23,1,0,0,,,,,0.0,0.0,categorical,0.0001,0.9999,23.0
40611,mimiciii.INPUTEVENTS_CV,NA BICARB,,Free Form Intake,,,,23,2,0,0,,,,,0.0,0.0,categorical,0.0001,0.9999,11.5
42281,mimiciii.INPUTEVENTS_CV,Ice chips,,Free Form Intake,,,,23,1,0,0,,,,,0.0,0.0,categorical,0.0001,0.9999,23.0
45943,mimiciii.INPUTEVENTS_CV,acettlcysteine d5w,,Free Form Intake,,,,23,1,0,0,,,,,0.0,0.0,categorical,0.0001,0.9999,23.0
43719,mimiciii.INPUTEVENTS_CV,golytle prep,,Free Form Intake,,,,23,2,0,0,,,,,0.0,0.0,categorical,0.0001,0.9999,11.5
43038,mimiciii.INPUTEVENTS_CV,Noe gtt 60mg/250cc,,Free Form Intake,,,,23,1,0,0,,,,,0.0,0.0,categorical,0.0001,0.9999,23.0
42428,mimiciii.INPUTEVENTS_CV,CARIPORIDE STUDY/CC,,Free Form Intake,,,,23,1,0,0,,,,,0.0,0.0,categorical,0.0001,0.9999,23.0
41856,mimiciii.INPUTEVENTS_CV,Barocet,,Free Form Intake,,,,23,1,0,0,,,,,0.0,0.0,categorical,0.0001,0.9999,23.0
44343,mimiciii.INPUTEVENTS_CV,MgSO4     20gm/500cc,,Free Form Intake,,,,23,1,0,0,,,,,0.0,0.0,categorical,0.0001,0.9999,23.0
44632,mimiciii.INPUTEVENTS_CV,D50%,,Free Form Intake,,,,23,1,0,0,,,,,0.0,0.0,categorical,0.0001,0.9999,23.0
40033,mimiciii.INPUTEVENTS_CV,DEXTRAN,,Free Form Intake,,,,23,1,0,0,,,,,0.0,0.0,categorical,0.0001,0.9999,23.0
42149,mimiciii.INPUTEVENTS_CV,ETOH DRIP,,Free Form Intake,,,,23,1,0,0,,,,,0.0,0.0,categorical,0.0001,0.9999,23.0
42743,mimiciii.INPUTEVENTS_CV,MANNITOL 20%,,Free Form Intake,,,,23,2,0,0,,,,,0.0,0.0,categorical,0.0001,0.9999,11.5
42409,mimiciii.INPUTEVENTS_CV,D5LR W/40K,,Free Form Intake,,,,23,1,0,0,,,,,0.0,0.0,categorical,0.0001,0.9999,23.0
51307,mimiciii.LABEVENTS,CD13,,Hematology,,51237-6,Bone Marrow,22,18,0,0,,,,,0.0,0.0,categorical,0.0009,0.9991,1.222
50992,mimiciii.LABEVENTS,Thyroid Peroxidase Antibodies,,Chemistry,,8099-4,Blood,22,21,12,22,IU/mL,11.3,29.0,992.0,1.0,0.5455,mixed,0.0011,0.9989,1.048
51494,mimiciii.LABEVENTS,RBC Casts,,Hematology,,5807-3,Urine,22,22,4,22,#/lpf,1.0,3.0,127.0,1.0,0.1818,mixed,0.0012,0.9988,1.0
51418,mimiciii.LABEVENTS,CD8,,Hematology,,17824-4,Other Body Fluid,22,22,0,0,,,,,0.0,0.0,categorical,0.0012,0.9988,1.0
3182,mimiciii.CHARTEVENTS,APRV T-HI,,,,,,22,1,22,0,,2.0,2.0,20.0,0.0,1.0,numeric,0.0001,0.9999,22.0
847,mimiciii.CHARTEVENTS,Tobramycin/Trough,,Drug Level,,,,22,10,20,0,,0.2,1.25,4.1,0.0,0.9091,mixed,0.0005,0.9995,2.2
3210,mimiciii.CHARTEVENTS,pressure high,,,,,,22,3,22,0,,28.0,30.0,58.0,0.0,1.0,numeric,0.0002,0.9998,7.333
2401,mimiciii.CHARTEVENTS,inner cannula,,,,,,22,1,0,0,,,,,0.0,0.0,categorical,0.0001,0.9999,22.0
5871,mimiciii.CHARTEVENTS,SIZURE PADS,,,,,,22,1,0,0,,,,,0.0,0.0,categorical,0.0001,0.9999,22.0
3212,mimiciii.CHARTEVENTS,time low,,,,,,22,3,22,0,,0.3,0.4,0.5,0.0,1.0,numeric,0.0002,0.9998,7.333
2658,mimiciii.CHARTEVENTS,ALCOHOL,,,,,,22,1,22,0,,0.0,12.5,12.5,0.0,1.0,numeric,0.0001,0.9999,22.0
5754,mimiciii.CHARTEVENTS,APNEA TIME,,,,,,22,4,22,0,,20.0,20.0,20.0,0.0,1.0,numeric,0.0002,0.9998,5.5
5757,mimiciii.CHARTEVENTS,mucous fistula,,,,,,22,1,0,0,,,,,0.0,0.0,categorical,0.0001,0.9999,22.0
1498,mimiciii.CHARTEVENTS,High Minute Vo;ume,,,,,,22,1,22,0,,11.0,14.0,14.0,0.0,1.0,numeric,0.0001,0.9999,22.0
3263,mimiciii.CHARTEVENTS,BATHED,,,,,,22,5,0,0,,,,,0.0,0.0,categorical,0.0003,0.9997,4.4
2695,mimiciii.CHARTEVENTS,D02-1,,,,,,22,1,21,0,,550.0,638.0,987.0,0.0,0.9545,numeric,0.0001,0.9999,22.0
2524,mimiciii.CHARTEVENTS,multipodis splints,,,,,,22,1,0,0,,,,,0.0,0.0,categorical,0.0001,0.9999,22.0
223994,mimiciii.CHARTEVENTS,CT #1 Suction Amount,CT #1 Suction Amount,Pulmonary,,Text,,22,2,0,0,,,,,0.0,0.0,categorical,0.0001,0.9999,11.0
225135,mimiciii.CHARTEVENTS,Consults,Consults,Adm History/FHPA,,Text,,22,3,0,0,,,,,0.0,0.0,categorical,0.0002,0.9998,7.333
7615,mimiciii.CHARTEVENTS,seizure pads on bed,,,,,,22,1,0,0,,,,,0.0,0.0,categorical,0.0001,0.9999,22.0
222,mimiciii.CHARTEVENTS,I:E Ratio-Calculated,,,,,,22,12,0,0,,,,,0.0,0.0,categorical,0.0006,0.9994,1.833
2833,mimiciii.CHARTEVENTS,Femoral A-Line,,,,,,22,1,1,0,,128.0,128.0,128.0,0.0,0.0455,categorical,0.0001,0.9999,22.0
226479,mimiciii.CHARTEVENTS,Ectopy Type 2,Ectopy Type 2,Routine Vital Signs,,Text,,22,4,0,0,,,,,0.0,0.0,categorical,0.0002,0.9998,5.5
224013,mimiciii.CHARTEVENTS,Stool Guaiac,Stool Guaiac,GI/GU,,Text,,22,6,0,0,,,,,0.0,0.0,categorical,0.0003,0.9997,3.667
45983,mimiciii.INPUTEVENTS_CV,Pitocin/LR,,Free Form Intake,,,,22,1,0,0,,,,,0.0,0.0,categorical,0.0001,0.9999,22.0
41065,mimiciii.INPUTEVENTS_CV,d5w 10gm ca+ glucon,,Free Form Intake,,,,22,1,0,0,,,,,0.0,0.0,categorical,0.0001,0.9999,22.0
46572,mimiciii.INPUTEVENTS_CV,1/2 str Impact,,Free Form Intake,,,,22,1,0,0,,,,,0.0,0.0,categorical,0.0001,0.9999,22.0
45155,mimiciii.INPUTEVENTS_CV,ns cc/cc replacement,,Free Form Intake,,,,22,1,0,0,,,,,0.0,0.0,categorical,0.0001,0.9999,22.0
45047,mimiciii.INPUTEVENTS_CV,NA Phos,,Free Form Intake,,,,22,3,0,0,,,,,0.0,0.0,categorical,0.0002,0.9998,7.333
42481,mimiciii.INPUTEVENTS_CV,d5w/20g cagluc/L,,Free Form Intake,,,,22,1,0,0,,,,,0.0,0.0,categorical,0.0001,0.9999,22.0
42925,mimiciii.INPUTEVENTS_CV,L CT SITE,,,,,,22,1,0,0,,,,,0.0,0.0,categorical,0.0001,0.9999,22.0
42298,mimiciii.INPUTEVENTS_CV,CARIPROSIDE,,Free Form Intake,,,,22,1,0,0,,,,,0.0,0.0,categorical,0.0001,0.9999,22.0
46699,mimiciii.INPUTEVENTS_CV,rt groin site,,,,,,22,1,0,0,,,,,0.0,0.0,categorical,0.0001,0.9999,22.0
42297,mimiciii.INPUTEVENTS_CV,Fluid bolus,,Free Form Intake,,,,22,4,0,0,,,,,0.0,0.0,categorical,0.0002,0.9998,5.5
41111,mimiciii.INPUTEVENTS_CV,METHYLPRED 450MG/HR,,Free Form Intake,,,,22,1,0,0,,,,,0.0,0.0,categorical,0.0001,0.9999,22.0
44871,mimiciii.INPUTEVENTS_CV,FIB left leg,,,,,,22,1,0,0,,,,,0.0,0.0,categorical,0.0001,0.9999,22.0
44096,mimiciii.INPUTEVENTS_CV,solumedrol 10575/500,,Free Form Intake,,,,22,1,0,0,,,,,0.0,0.0,categorical,0.0001,0.9999,22.0
43081,mimiciii.INPUTEVENTS_CV,QUICKMIX,,Free Form Intake,,,,22,1,0,0,,,,,0.0,0.0,categorical,0.0001,0.9999,22.0
51061,mimiciii.LABEVENTS,"Bicarbonate, Stool",,Chemistry,,14040-0,Stool,21,19,14,21,mEq/L,5.0,9.5,44.0,1.0,0.6667,mixed,0.001,0.999,1.105
6487,mimiciii.CHARTEVENTS,ART. SHEATH,,,,,,21,1,0,0,,,,,0.0,0.0,categorical,0.0001,0.9999,21.0
2077,mimiciii.CHARTEVENTS,nicardipine 25mg/250,,,,,,21,1,0,0,,,,,0.0,0.0,categorical,0.0001,0.9999,21.0
6522,mimiciii.CHARTEVENTS,T-high,,,,,,21,3,21,0,,0.0,4.0,5.4,0.0,1.0,numeric,0.0002,0.9998,7.0
7272,mimiciii.CHARTEVENTS,Solu-Medrol Mg/Kg/Hr,,,,,,21,1,21,0,,5.4,5.4,5.4,0.0,1.0,numeric,0.0001,0.9999,21.0
1029,mimiciii.CHARTEVENTS,INCENTIVE SPIROMETER,,,,,,21,2,0,0,,,,,0.0,0.0,categorical,0.0001,0.9999,10.5
2283,mimiciii.CHARTEVENTS,PRECEDEX MG/K/HR,,,,,,21,1,21,0,,0.0,0.7,0.7,0.0,1.0,numeric,0.0001,0.9999,21.0
3183,mimiciii.CHARTEVENTS,APRV T-LOW,,,,,,21,1,21,0,,0.4,0.4,0.4,0.0,1.0,numeric,0.0001,0.9999,21.0
8265,mimiciii.CHARTEVENTS,Turtle Shell Brace,,,,,,21,1,0,0,,,,,0.0,0.0,categorical,0.0001,0.9999,21.0
1967,mimiciii.CHARTEVENTS,insentive spir,,,,,,21,1,0,0,,,,,0.0,0.0,categorical,0.0001,0.9999,21.0
2616,mimiciii.CHARTEVENTS,PASSY-MUIR VALVE,,,,,,21,1,0,0,,,,,0.0,0.0,categorical,0.0001,0.9999,21.0
2209,mimiciii.CHARTEVENTS,MULTIPODUS BOOT,,,,,,21,1,0,0,,,,,0.0,0.0,categorical,0.0001,0.9999,21.0
3034,mimiciii.CHARTEVENTS,left arm sling,,,,,,21,3,0,0,,,,,0.0,0.0,categorical,0.0002,0.9998,7.0
224740,mimiciii.CHARTEVENTS,RSBI Deferred,RSBI Deferred,Respiratory,,Text,,21,6,0,0,,,,,0.0,0.0,categorical,0.0003,0.9997,3.5
3180,mimiciii.CHARTEVENTS,APRV P-HI,,,,,,21,1,21,0,,24.0,30.0,30.0,0.0,1.0,numeric,0.0001,0.9999,21.0
6346,mimiciii.CHARTEVENTS,Cuff Pressure,,,,,,21,5,21,0,,12.0,25.0,50.0,0.0,1.0,numeric,0.0003,0.9997,4.2
8128,mimiciii.CHARTEVENTS,permanent pacer,,,,,,21,1,0,0,,,,,0.0,0.0,categorical,0.0001,0.9999,21.0
3091,mimiciii.CHARTEVENTS,PILLOW AROUND R ARM,,,,,,21,1,0,0,,,,,0.0,0.0,categorical,0.0001,0.9999,21.0
5874,mimiciii.CHARTEVENTS,High min. vent,,,,,,21,1,21,0,,18.0,18.0,25.0,0.0,1.0,numeric,0.0001,0.9999,21.0
6273,mimiciii.CHARTEVENTS,Driving P.,,,,,,21,3,21,0,,17.0,23.0,31.0,0.0,1.0,numeric,0.0002,0.9998,7.0
1187,mimiciii.CHARTEVENTS,demerol,,,,,,21,3,21,0,,0.0,25.0,35.0,0.0,1.0,numeric,0.0002,0.9998,7.0
7688,mimiciii.CHARTEVENTS,Nasal irrigant,,,,,,21,1,0,0,,,,,0.0,0.0,categorical,0.0001,0.9999,21.0
3181,mimiciii.CHARTEVENTS,APRV P-LOW,,,,,,21,1,21,0,,0.0,0.0,0.0,0.0,1.0,numeric,0.0001,0.9999,21.0
2969,mimiciii.CHARTEVENTS,R GROIN A LINE,,,,,,21,1,0,0,,,,,0.0,0.0,categorical,0.0001,0.9999,21.0
6422,mimiciii.CHARTEVENTS,Xigris  mg/hour,,,,,,21,1,21,0,,2.0,2.0,2.0,0.0,1.0,numeric,0.0001,0.9999,21.0
2951,mimiciii.CHARTEVENTS,TANK PRESSURE,,,,,,21,2,21,0,,500.0,900.0,1900.0,0.0,1.0,numeric,0.0001,0.9999,10.5
2091,mimiciii.CHARTEVENTS,dexmedetomidine,,,,,,21,1,21,0,,0.7,0.8,0.8,0.0,1.0,numeric,0.0001,0.9999,21.0
5763,mimiciii.CHARTEVENTS,NGT NS FLUSH Q/4HR,,,,,,21,1,0,0,,,,,0.0,0.0,categorical,0.0001,0.9999,21.0
8290,mimiciii.CHARTEVENTS,Acetylcysteine,,,,,,21,1,21,0,,1054.0,1054.0,1054.0,0.0,1.0,numeric,0.0001,0.9999,21.0
1880,mimiciii.CHARTEVENTS,Urine pH,,,,,,21,1,21,0,,6.0,8.0,9.0,0.0,1.0,numeric,0.0001,0.9999,21.0
2971,mimiciii.CHARTEVENTS,LR,,,,,,21,2,21,0,,100.0,150.0,150.0,0.0,1.0,numeric,0.0001,0.9999,10.5
2667,mimiciii.CHARTEVENTS,alteplase mg/hr,,,,,,21,1,21,0,,0.12,0.5,0.5,0.0,1.0,numeric,0.0001,0.9999,21.0
5760,mimiciii.CHARTEVENTS,Bed bath,,,,,,21,5,0,0,,,,,0.0,0.0,categorical,0.0003,0.9997,4.2
46679,mimiciii.INPUTEVENTS_CV,KCL 10 MEQ,,Free Form Intake,,,,21,1,0,0,,,,,0.0,0.0,categorical,0.0001,0.9999,21.0
43619,mimiciii.INPUTEVENTS_CV,Bicarb,,Free Form Intake,,,,21,2,0,0,,,,,0.0,0.0,categorical,0.0001,0.9999,10.5
41828,mimiciii.INPUTEVENTS_CV,nicardipine drip,,Free Form Intake,,,,21,1,0,0,,,,,0.0,0.0,categorical,0.0001,0.9999,21.0
42084,mimiciii.INPUTEVENTS_CV,1/4STR BETAD. FLUSH,,Free Form Intake,,,,21,1,0,0,,,,,0.0,0.0,categorical,0.0001,0.9999,21.0
44355,mimiciii.INPUTEVENTS_CV,bicarb 150meq,,Free Form Intake,,,,21,1,0,0,,,,,0.0,0.0,categorical,0.0001,0.9999,21.0
41110,mimiciii.INPUTEVENTS_CV,IV Isuprel 1mcg/min,,Free Form Intake,,,,21,1,0,0,,,,,0.0,0.0,categorical,0.0001,0.9999,21.0
42561,mimiciii.INPUTEVENTS_CV,ALCOHOL,,Free Form Intake,,,,21,1,0,0,,,,,0.0,0.0,categorical,0.0001,0.9999,21.0
41827,mimiciii.INPUTEVENTS_CV,Dilaudid Epidural,,Free Form Intake,,,,21,1,0,0,,,,,0.0,0.0,categorical,0.0001,0.9999,21.0
44759,mimiciii.INPUTEVENTS_CV,protonix gtt 8mg/hr,,Free Form Intake,,,,21,1,0,0,,,,,0.0,0.0,categorical,0.0001,0.9999,21.0
51073,mimiciii.LABEVENTS,"Amylase/Creatinine Ratio, Urine",,Chemistry,,34235-2,Urine,20,20,20,20,Ratio,0.0,2.0,713.0,1.0,1.0,numeric,0.001,0.999,1.0
51072,mimiciii.LABEVENTS,"Amylase, Urine",,Chemistry,,1799-6,Urine,20,20,20,20,U/L,15.0,100.5,27800.0,1.0,1.0,numeric,0.001,0.999,1.0
51495,mimiciii.LABEVENTS,RBC Clumps,,Hematology,,,Urine,20,20,0,0,,,,,0.0,0.0,categorical,0.001,0.999,1.0
51038,mimiciii.LABEVENTS,"Miscellaneous, Body Fluid",,Chemistry,,,Other Body Fluid,20,11,1,0,,107.0,107.0,107.0,0.0,0.05,categorical,0.0006,0.9994,1.818
6520,mimiciii.CHARTEVENTS,P-high,,,,,,20,2,20,0,,0.0,25.0,35.0,0.0,1.0,numeric,0.0001,0.9999,10.0
6521,mimiciii.CHARTEVENTS,P-low,,,,,,20,2,20,0,,0.0,0.0,5.0,0.0,1.0,numeric,0.0001,0.9999,10.0
1060,mimiciii.CHARTEVENTS,ammonia,,,,,,20,15,20,0,,8.0,53.5,221.0,0.0,1.0,numeric,0.0008,0.9992,1.333
6398,mimiciii.CHARTEVENTS,FEM LINE,,,,,,20,1,0,0,,,,,0.0,0.0,categorical,0.0001,0.9999,20.0
1515,mimiciii.CHARTEVENTS,decub drsg change,,,,,,20,2,0,0,,,,,0.0,0.0,categorical,0.0001,0.9999,10.0
5631,mimiciii.CHARTEVENTS,High MV alarm.,,,,,,20,1,20,0,,12.0,14.0,18.0,0.0,1.0,numeric,0.0001,0.9999,20.0
2374,mimiciii.CHARTEVENTS,RAD ART BP,,,,,,20,1,0,0,,,,,0.0,0.0,categorical,0.0001,0.9999,20.0
7226,mimiciii.CHARTEVENTS,THigh,,,,,,20,3,20,0,,1.3,1.75,3.0,0.0,1.0,numeric,0.0002,0.9998,6.667
7379,mimiciii.CHARTEVENTS,TLSO brace,,,,,,20,2,0,0,,,,,0.0,0.0,categorical,0.0001,0.9999,10.0
6573,mimiciii.CHARTEVENTS,MgSO4          mg/hr,,,,,,20,1,19,0,,1.5,2.0,3.0,0.0,0.95,numeric,0.0001,0.9999,20.0
2731,mimiciii.CHARTEVENTS,Femoral ABP,,,,,,20,1,0,0,,,,,0.0,0.0,categorical,0.0001,0.9999,20.0
7060,mimiciii.CHARTEVENTS,Cont. EEG,,,,,,20,1,0,0,,,,,0.0,0.0,categorical,0.0001,0.9999,20.0
5582,mimiciii.CHARTEVENTS,p-high,,,,,,20,2,20,0,,28.0,33.0,42.0,0.0,1.0,numeric,0.0001,0.9999,10.0
5729,mimiciii.CHARTEVENTS,bair hugger,,,,,,20,6,0,0,,,,,0.0,0.0,categorical,0.0003,0.9997,3.333
2866,mimiciii.CHARTEVENTS,CPAP MASK,,,,,,20,1,0,0,,,,,0.0,0.0,categorical,0.0001,0.9999,20.0
227448,mimiciii.CHARTEVENTS,Gentamicin (Peak),Gentamicin (Peak),Labs,None,Numeric with tag,,20,10,20,20,ug/mL,0.6,3.8,13.5,1.0,1.0,numeric,0.0005,0.9995,2.0
2109,mimiciii.CHARTEVENTS,High MV alarm,,,,,,20,2,20,0,,8.0,15.25,20.0,0.0,1.0,numeric,0.0001,0.9999,10.0
1393,mimiciii.CHARTEVENTS,F-Ideal Body Wgt Kg,,,,,,20,7,20,20,kg,47.3,64.55,70.3,1.0,1.0,numeric,0.0004,0.9996,2.857
2066,mimiciii.CHARTEVENTS,atc,,,,,,20,4,0,0,,,,,0.0,0.0,categorical,0.0002,0.9998,5.0
5954,mimiciii.CHARTEVENTS,ileostomy appearance,,,,,,20,1,0,0,,,,,0.0,0.0,categorical,0.0001,0.9999,20.0
6221,mimiciii.CHARTEVENTS,tank A,,,,,,20,1,20,0,,900.0,1000.0,2000.0,0.0,1.0,numeric,0.0001,0.9999,20.0
6222,mimiciii.CHARTEVENTS,tank B,,,,,,20,1,20,0,,2000.0,2000.0,2100.0,0.0,1.0,numeric,0.0001,0.9999,20.0
1003,mimiciii.CHARTEVENTS,cuff pressure,,,,,,20,10,18,0,,15.0,25.5,30.0,0.0,0.9,mixed,0.0005,0.9995,2.0
2993,mimiciii.CHARTEVENTS,trache care,,,,,,20,6,0,0,,,,,0.0,0.0,categorical,0.0003,0.9997,3.333
225067,mimiciii.CHARTEVENTS,Is the spokesperson the Health Care Proxy,Is the spokesperson the Health Care Proxy,Adm History/FHPA,,Checkbox,,20,9,20,0,,0.0,0.0,1.0,0.0,1.0,numeric,0.0005,0.9995,2.222
1488,mimiciii.CHARTEVENTS,HIGH MIN. VENTIL.,,,,,,20,1,20,0,,15.0,15.0,18.0,0.0,1.0,numeric,0.0001,0.9999,20.0
225103,mimiciii.CHARTEVENTS,Intravenous  / IV access prior to admission,Intravenous  / IV access prior to admission,Adm History/FHPA,,Checkbox,,20,8,20,0,,0.0,1.0,1.0,0.0,1.0,numeric,0.0004,0.9996,2.5
2071,mimiciii.CHARTEVENTS,P (drive),,,,,,20,1,20,0,,17.0,20.0,25.0,0.0,1.0,numeric,0.0001,0.9999,20.0
225154,mimiciii.INPUTEVENTS_MV,Morphine Sulfate,Morphine Sulfate,Medications,mg,Solution,,20,4,0,0,,,,,0.0,0.0,categorical,0.0002,0.9998,5.0
225853,mimiciii.INPUTEVENTS_MV,Ceftazidime,Ceftazidime,Antibiotics,dose,Solution,,20,1,0,0,,,,,0.0,0.0,categorical,0.0001,0.9999,20.0
40865,mimiciii.INPUTEVENTS_CV,NS BOLUS,,Free Form Intake,,,,20,5,0,0,,,,,0.0,0.0,categorical,0.0003,0.9997,4.0
41845,mimiciii.INPUTEVENTS_CV,pamidrinate in ns,,Free Form Intake,,,,20,1,0,0,,,,,0.0,0.0,categorical,0.0001,0.9999,20.0
40581,mimiciii.INPUTEVENTS_CV,CO flush,,Free Form Intake,,,,20,1,0,0,,,,,0.0,0.0,categorical,0.0001,0.9999,20.0
43021,mimiciii.INPUTEVENTS_CV,TPA 50mg/250cc #2,,Free Form Intake,,,,20,1,0,0,,,,,0.0,0.0,categorical,0.0001,0.9999,20.0
30109,mimiciii.INPUTEVENTS_CV,PACU PO Intake,,,,,,20,11,0,0,,,,,0.0,0.0,categorical,0.0006,0.9994,1.818
42514,mimiciii.INPUTEVENTS_CV,SOLUMEDROL DRIP.,,Free Form Intake,,,,20,1,0,0,,,,,0.0,0.0,categorical,0.0001,0.9999,20.0
45290,mimiciii.INPUTEVENTS_CV,na+phos 15mmol,,Free Form Intake,,,,20,2,0,0,,,,,0.0,0.0,categorical,0.0001,0.9999,10.0
40667,mimiciii.INPUTEVENTS_CV,demerol,,Free Form Intake,,,,20,1,0,0,,,,,0.0,0.0,categorical,0.0001,0.9999,20.0
41968,mimiciii.INPUTEVENTS_CV,bicarb drip,,Free Form Intake,,,,20,2,0,0,,,,,0.0,0.0,categorical,0.0001,0.9999,10.0
44376,mimiciii.INPUTEVENTS_CV,primo II,,Free Form Intake,,,,20,1,0,0,,,,,0.0,0.0,categorical,0.0001,0.9999,20.0
41355,mimiciii.INPUTEVENTS_CV,C.O,,Free Form Intake,,,,20,1,0,0,,,,,0.0,0.0,categorical,0.0001,0.9999,20.0
41064,mimiciii.INPUTEVENTS_CV,Ca Gluc,,Free Form Intake,,,,20,1,0,0,,,,,0.0,0.0,categorical,0.0001,0.9999,20.0
42203,mimiciii.INPUTEVENTS_CV,Aprotonin,,Free Form Intake,,,,20,1,0,0,,,,,0.0,0.0,categorical,0.0001,0.9999,20.0
43020,mimiciii.INPUTEVENTS_CV,TPA 50mg/250cc,,Free Form Intake,,,,20,1,0,0,,,,,0.0,0.0,categorical,0.0001,0.9999,20.0
41067,mimiciii.INPUTEVENTS_CV,K Phos,,Free Form Intake,,,,20,3,0,0,,,,,0.0,0.0,categorical,0.0002,0.9998,6.667
51122,mimiciii.LABEVENTS,Nucleated RBC,,Hematology,,,Ascites,19,19,19,19,%,0.0,1.0,13.0,1.0,1.0,numeric,0.001,0.999,1.0
50848,mimiciii.LABEVENTS,"Sodium, Ascites",,Chemistry,,49790-9,Ascites,19,17,19,19,mEq/L,109.0,137.0,148.0,1.0,1.0,numeric,0.0009,0.9991,1.118
51317,mimiciii.LABEVENTS,CD23,,Hematology,,51268-1,Bone Marrow,19,19,0,0,,,,,0.0,0.0,categorical,0.001,0.999,1.0
51385,mimiciii.LABEVENTS,Atypical Lymphocytes,,Hematology,,30417-0,Other Body Fluid,19,19,19,19,%,1.0,2.0,7.0,1.0,1.0,numeric,0.001,0.999,1.0
51022,mimiciii.LABEVENTS,"Glucose, Joint Fluid",,Chemistry,,2348-1,Joint Fluid,19,14,18,19,mg/dL,44.0,129.0,243.0,1.0,0.9474,mixed,0.0007,0.9993,1.357
51335,mimiciii.LABEVENTS,FMC-7,,Hematology,,,Bone Marrow,19,19,0,0,,,,,0.0,0.0,categorical,0.001,0.999,1.0
50991,mimiciii.LABEVENTS,Thyroglobulin,,Chemistry,,3013-0,Blood,19,19,17,19,ng/mL,3.0,27.0,1170.0,1.0,0.8947,mixed,0.001,0.999,1.0
51452,mimiciii.LABEVENTS,NRBC,,Hematology,,,Pleural,19,19,19,19,%,0.0,1.0,7.0,1.0,1.0,numeric,0.001,0.999,1.0
6463,mimiciii.CHARTEVENTS,intermit pacer beats,,,,,,19,1,0,0,,,,,0.0,0.0,categorical,0.0001,0.9999,19.0
1637,mimiciii.CHARTEVENTS,pneumo boots,,,,,,19,6,0,0,,,,,0.0,0.0,categorical,0.0003,0.9997,3.167
2525,mimiciii.CHARTEVENTS,Peg DSG,,,,,,19,1,0,0,,,,,0.0,0.0,categorical,0.0001,0.9999,19.0
8126,mimiciii.CHARTEVENTS,Thrill,,,,,,19,1,0,0,,,,,0.0,0.0,categorical,0.0001,0.9999,19.0
845,mimiciii.CHARTEVENTS,Tobramycin/Peak,,Drug Level,,,,19,11,17,0,,1.0,6.1,25.6,0.0,0.8947,mixed,0.0006,0.9994,1.727
2619,mimiciii.CHARTEVENTS,3% NS,,,,,,19,2,19,0,,10.0,10.0,20.0,0.0,1.0,numeric,0.0001,0.9999,9.5
2576,mimiciii.CHARTEVENTS,rt groin,,,,,,19,1,0,0,,,,,0.0,0.0,categorical,0.0001,0.9999,19.0
1922,mimiciii.CHARTEVENTS,1.Nausea &vomitting,,,,,,19,1,19,0,,0.0,0.0,0.0,0.0,1.0,numeric,0.0001,0.9999,19.0
1925,mimiciii.CHARTEVENTS,4.Auditory disturban,,,,,,19,1,19,0,,0.0,0.0,2.0,0.0,1.0,numeric,0.0001,0.9999,19.0
5767,mimiciii.CHARTEVENTS,trach button,,,,,,19,1,0,0,,,,,0.0,0.0,categorical,0.0001,0.9999,19.0
1781,mimiciii.CHARTEVENTS,BED ALARM,,,,,,19,5,0,0,,,,,0.0,0.0,categorical,0.0003,0.9997,3.8
3241,mimiciii.CHARTEVENTS,LFEMABP,,,,,,19,1,0,0,,,,,0.0,0.0,categorical,0.0001,0.9999,19.0
6960,mimiciii.CHARTEVENTS,teds,,,,,,19,2,0,0,,,,,0.0,0.0,categorical,0.0001,0.9999,9.5
5861,mimiciii.CHARTEVENTS,TED STOCKINGS BILAT,,,,,,19,1,0,0,,,,,0.0,0.0,categorical,0.0001,0.9999,19.0
227366,mimiciii.CHARTEVENTS,16 Gauge Dressing Occlusive,16 Gauge Dressing Occlusive,Access Lines - Peripheral,,Checkbox,,19,2,19,0,,1.0,1.0,1.0,0.0,1.0,numeric,0.0001,0.9999,9.5
225072,mimiciii.CHARTEVENTS,Living situation,Living situation,Adm History/FHPA,,Text,,19,7,0,0,,,,,0.0,0.0,categorical,0.0004,0.9996,2.714
1926,mimiciii.CHARTEVENTS,5.Paroxysmal sweats,,,,,,19,1,19,0,,1.0,2.0,4.0,0.0,1.0,numeric,0.0001,0.9999,19.0
1931,mimiciii.CHARTEVENTS,Total CIWA scale,,,,,,19,1,19,0,,9.0,11.0,26.0,0.0,1.0,numeric,0.0001,0.9999,19.0
226512,mimiciii.CHARTEVENTS,Admission Weight (Kg),Admission Weight (Kg),General,kg,Numeric,,19,19,19,19,kg,31.9,74.0,345.0,1.0,1.0,numeric,0.001,0.999,1.0
2433,mimiciii.CHARTEVENTS,pej site,,,,,,19,1,0,0,,,,,0.0,0.0,categorical,0.0001,0.9999,19.0
2469,mimiciii.CHARTEVENTS,deflate rectal foley,,,,,,19,1,0,0,,,,,0.0,0.0,categorical,0.0001,0.9999,19.0
7402,mimiciii.CHARTEVENTS,fi02 set,,,,,,19,1,19,0,,0.4,0.4,0.6,0.0,1.0,numeric,0.0001,0.9999,19.0
3242,mimiciii.CHARTEVENTS,NICARDIPINE MCQ/KG/M,,,,,,19,1,19,0,,0.0,0.6,1.2,0.0,1.0,numeric,0.0001,0.9999,19.0
2334,mimiciii.CHARTEVENTS,vasopressin u/hr,,,,,,19,1,0,0,,,,,0.0,0.0,categorical,0.0001,0.9999,19.0
1923,mimiciii.CHARTEVENTS,2.tactile Disturban,,,,,,19,1,19,0,,0.0,0.0,3.0,0.0,1.0,numeric,0.0001,0.9999,19.0
1930,mimiciii.CHARTEVENTS,9.agitation,,,,,,19,1,19,0,,0.0,3.0,5.0,0.0,1.0,numeric,0.0001,0.9999,19.0
2078,mimiciii.CHARTEVENTS,Nitric Oxide ppm,,,,,,19,1,19,0,,0.0,15.0,35.0,0.0,1.0,numeric,0.0001,0.9999,19.0
224700,mimiciii.CHARTEVENTS,Total PEEP Level,Total PEEP Level,Respiratory,cmH2O,Numeric,,19,4,19,19,cmH2O,5.0,8.0,10.5,1.0,1.0,numeric,0.0002,0.9998,4.75
2275,mimiciii.CHARTEVENTS,FEM LINE BP,,,,,,19,1,0,0,,,,,0.0,0.0,categorical,0.0001,0.9999,19.0
956,mimiciii.CHARTEVENTS,CPT,,,,,,19,6,0,0,,,,,0.0,0.0,categorical,0.0003,0.9997,3.167
6007,mimiciii.CHARTEVENTS,badbath,,,,,,19,1,0,0,,,,,0.0,0.0,categorical,0.0001,0.9999,19.0
5975,mimiciii.CHARTEVENTS,O2% on INOvent,,,,,,19,1,19,0,,0.6,0.6,0.63,0.0,1.0,numeric,0.0001,0.9999,19.0
3145,mimiciii.CHARTEVENTS,L breast doppler,,,,,,19,1,0,0,,,,,0.0,0.0,categorical,0.0001,0.9999,19.0
1924,mimiciii.CHARTEVENTS,3.Tremor,,,,,,19,1,19,0,,0.0,2.0,7.0,0.0,1.0,numeric,0.0001,0.9999,19.0
1927,mimiciii.CHARTEVENTS,6.visual Disturbanc,,,,,,19,1,19,0,,0.0,0.0,1.0,0.0,1.0,numeric,0.0001,0.9999,19.0
1928,mimiciii.CHARTEVENTS,7.anxiety,,,,,,19,1,19,0,,0.0,1.0,4.0,0.0,1.0,numeric,0.0001,0.9999,19.0
1929,mimiciii.CHARTEVENTS,"8.headach,fullness",,,,,,19,1,19,0,,0.0,0.0,4.0,0.0,1.0,numeric,0.0001,0.9999,19.0
227531,mimiciii.INPUTEVENTS_MV,Mannitol,Mannitol,Medications,grams,Solution,,19,1,19,19,grams/hour,0.4237,10.0,25.0,1.0,1.0,numeric,0.0001,0.9999,19.0
221036,mimiciii.INPUTEVENTS_MV,Nutren Renal (Full),Nutren Renal (Full),Nutrition - Enteral,mL,Solution,,19,2,19,19,mL/hour,15.0,45.0,45.1253,1.0,1.0,numeric,0.0001,0.9999,9.5
46750,mimiciii.INPUTEVENTS_CV,KCL 40 MEQ IN 500MLS,,Free Form Intake,,,,19,1,0,0,,,,,0.0,0.0,categorical,0.0001,0.9999,19.0
44528,mimiciii.INPUTEVENTS_CV,plasmapheresis,,Free Form Intake,,,,19,2,0,0,,,,,0.0,0.0,categorical,0.0001,0.9999,9.5
45027,mimiciii.INPUTEVENTS_CV,leeking skin bags,,,,,,19,1,0,0,,,,,0.0,0.0,categorical,0.0001,0.9999,19.0
45001,mimiciii.INPUTEVENTS_CV,R fem. bag,,,,,,19,1,0,0,,,,,0.0,0.0,categorical,0.0001,0.9999,19.0
42901,mimiciii.INPUTEVENTS_CV,Right brachial site,,,,,,19,1,0,0,,,,,0.0,0.0,categorical,0.0001,0.9999,19.0
44516,mimiciii.INPUTEVENTS_CV,PRIMO 2 CABG STUDY,,Free Form Intake,,,,19,1,0,0,,,,,0.0,0.0,categorical,0.0001,0.9999,19.0
45024,mimiciii.INPUTEVENTS_CV,Protonix 80mg/250cc,,Free Form Intake,,,,19,1,0,0,,,,,0.0,0.0,categorical,0.0001,0.9999,19.0
41582,mimiciii.INPUTEVENTS_CV,free h20 bolus,,Free Form Intake,,,,19,1,0,0,,,,,0.0,0.0,categorical,0.0001,0.9999,19.0
42187,mimiciii.INPUTEVENTS_CV,free h20,,Free Form Intake,,,,19,1,0,0,,,,,0.0,0.0,categorical,0.0001,0.9999,19.0
44772,mimiciii.INPUTEVENTS_CV,1/2str Impt with Fib,,Free Form Intake,,,,19,1,0,0,,,,,0.0,0.0,categorical,0.0001,0.9999,19.0
46582,mimiciii.INPUTEVENTS_CV,Nutren pulm w/Bene,,Free Form Intake,,,,19,1,0,0,,,,,0.0,0.0,categorical,0.0001,0.9999,19.0
44602,mimiciii.INPUTEVENTS_CV,NaHCO3,,Free Form Intake,,,,19,3,0,0,,,,,0.0,0.0,categorical,0.0002,0.9998,6.333
46357,mimiciii.INPUTEVENTS_CV,NSS WITH MULTIVIT,,Free Form Intake,,,,19,1,0,0,,,,,0.0,0.0,categorical,0.0001,0.9999,19.0
41382,mimiciii.INPUTEVENTS_CV,angio in,,Free Form Intake,,,,19,9,0,0,,,,,0.0,0.0,categorical,0.0005,0.9995,2.111
41322,mimiciii.INPUTEVENTS_CV,rl bolus,,Free Form Intake,,,,19,5,0,0,,,,,0.0,0.0,categorical,0.0003,0.9997,3.8
43977,mimiciii.INPUTEVENTS_CV,bag from incision,,,,,,19,1,0,0,,,,,0.0,0.0,categorical,0.0001,0.9999,19.0
42176,mimiciii.INPUTEVENTS_CV,approtinin,,Free Form Intake,,,,19,3,0,0,,,,,0.0,0.0,categorical,0.0002,0.9998,6.333
42483,mimiciii.INPUTEVENTS_CV,1000 D5W 20GM CAGLU,,Free Form Intake,,,,19,1,0,0,,,,,0.0,0.0,categorical,0.0001,0.9999,19.0
42831,mimiciii.INPUTEVENTS_CV,1/2st impact fiber,,Free Form Intake,,,,19,1,0,0,,,,,0.0,0.0,categorical,0.0001,0.9999,19.0
51225,mimiciii.LABEVENTS,Hemoglobin F,,Hematology,,9749-3,Blood,18,16,9,18,%,0.6,5.2,16.0,1.0,0.5,mixed,0.0008,0.9992,1.125
51188,mimiciii.LABEVENTS,CD56,,Hematology,,8133-1,Blood,18,17,0,0,,,,,0.0,0.0,categorical,0.0009,0.9991,1.059
3058,mimiciii.CHARTEVENTS,shaved,,,,,,18,4,0,0,,,,,0.0,0.0,categorical,0.0002,0.9998,4.5
3148,mimiciii.CHARTEVENTS,TPA#1 mg/hr,,,,,,18,1,18,0,,0.25,0.25,0.5,0.0,1.0,numeric,0.0001,0.9999,18.0
6461,mimiciii.CHARTEVENTS,fem sheat,,,,,,18,1,0,0,,,,,0.0,0.0,categorical,0.0001,0.9999,18.0
3202,mimiciii.CHARTEVENTS,pin care,,,,,,18,3,0,0,,,,,0.0,0.0,categorical,0.0002,0.9998,6.0
2150,mimiciii.CHARTEVENTS,CHEST PT,,,,,,18,3,0,0,,,,,0.0,0.0,categorical,0.0002,0.9998,6.0
2862,mimiciii.CHARTEVENTS,PEG DSG/CARE QD,,,,,,18,2,0,0,,,,,0.0,0.0,categorical,0.0001,0.9999,9.0
3147,mimiciii.CHARTEVENTS,TPA #2 mg/hr,,,,,,18,1,18,0,,0.25,0.25,0.5,0.0,1.0,numeric,0.0001,0.9999,18.0
5728,mimiciii.CHARTEVENTS,Solumedrol  mg/kg/hr,,,,,,18,1,18,0,,5.4,5.4,5.4,0.0,1.0,numeric,0.0001,0.9999,18.0
6323,mimiciii.CHARTEVENTS,solumedol,,,,,,18,1,6,0,,691.0,691.0,691.0,0.0,0.3333,mixed,0.0001,0.9999,18.0
1388,mimiciii.CHARTEVENTS,decub drsg.,,,,,,18,1,0,0,,,,,0.0,0.0,categorical,0.0001,0.9999,18.0
7033,mimiciii.CHARTEVENTS,octreotide,,,,,,18,2,17,0,,50.0,50.0,50.0,0.0,0.9444,mixed,0.0001,0.9999,9.0
225230,mimiciii.CHARTEVENTS,20 Gauge Reason Discontinued,20 Gauge Reason Discontinued,Access Lines - Peripheral,,Text,,18,8,0,0,,,,,0.0,0.0,categorical,0.0004,0.9996,2.25
5974,mimiciii.CHARTEVENTS,Nitric Dioxide,,,,,,18,1,18,0,,0.4,0.6,0.8,0.0,1.0,numeric,0.0001,0.9999,18.0
6799,mimiciii.CHARTEVENTS,COO,,,,,,18,1,18,0,,4.9,6.2,7.4,0.0,1.0,numeric,0.0001,0.9999,18.0
6981,mimiciii.CHARTEVENTS,Bed exit alarm,,,,,,18,1,0,0,,,,,0.0,0.0,categorical,0.0001,0.9999,18.0
7112,mimiciii.CHARTEVENTS,PAPAVERINE MG/HR,,,,,,18,1,18,0,,15.0,30.0,60.0,0.0,1.0,numeric,0.0001,0.9999,18.0
409,mimiciii.CHARTEVENTS,Inc/Wound Packing #6,,,,,,18,6,0,0,,,,,0.0,0.0,categorical,0.0003,0.9997,3.0
1900,mimiciii.CHARTEVENTS,MULTIPODIS BOOTS,,,,,,18,2,0,0,,,,,0.0,0.0,categorical,0.0001,0.9999,9.0
7375,mimiciii.CHARTEVENTS,other,,,,,,18,1,0,0,,,,,0.0,0.0,categorical,0.0001,0.9999,18.0
1999,mimiciii.CHARTEVENTS,Pronator Drift,,,,,,18,1,0,0,,,,,0.0,0.0,categorical,0.0001,0.9999,18.0
5584,mimiciii.CHARTEVENTS,t-high,,,,,,18,2,18,0,,1.5,1.5,3.0,0.0,1.0,numeric,0.0001,0.9999,9.0
1594,mimiciii.CHARTEVENTS,HI/MINUTE/VOL,,,,,,18,3,18,0,,12.0,15.5,18.0,0.0,1.0,numeric,0.0002,0.9998,6.0
6928,mimiciii.CHARTEVENTS,Diplopia,,,,,,18,1,0,0,,,,,0.0,0.0,categorical,0.0001,0.9999,18.0
2984,mimiciii.CHARTEVENTS,Camino Bolt,,,,,,18,1,0,0,,,,,0.0,0.0,categorical,0.0001,0.9999,18.0
1544,mimiciii.CHARTEVENTS,high min,,,,,,18,1,18,0,,20.0,20.0,20.0,0.0,1.0,numeric,0.0001,0.9999,18.0
2062,mimiciii.CHARTEVENTS,NO ppm,,,,,,18,1,17,0,,0.0,40.0,41.0,0.0,0.9444,mixed,0.0001,0.9999,18.0
46358,mimiciii.INPUTEVENTS_CV,Sodium phosphate,,Free Form Intake,,,,18,2,0,0,,,,,0.0,0.0,categorical,0.0001,0.9999,9.0
42233,mimiciii.INPUTEVENTS_CV,"APROTININ 10,000/100",,Free Form Intake,,,,18,1,0,0,,,,,0.0,0.0,categorical,0.0001,0.9999,18.0
44167,mimiciii.INPUTEVENTS_CV,foley flush,,Free Form Intake,,,,18,1,0,0,,,,,0.0,0.0,categorical,0.0001,0.9999,18.0
42044,mimiciii.INPUTEVENTS_CV,aprotinin cc/hr,,Free Form Intake,,,,18,3,0,0,,,,,0.0,0.0,categorical,0.0002,0.9998,6.0
42154,mimiciii.INPUTEVENTS_CV,Bile instillation,,Free Form Intake,,,,18,1,0,0,,,,,0.0,0.0,categorical,0.0001,0.9999,18.0
42025,mimiciii.INPUTEVENTS_CV,D5.45 60K,,Free Form Intake,,,,18,1,0,0,,,,,0.0,0.0,categorical,0.0001,0.9999,18.0
45080,mimiciii.INPUTEVENTS_CV,epidural gtt,,Free Form Intake,,,,18,1,0,0,,,,,0.0,0.0,categorical,0.0001,0.9999,18.0
45872,mimiciii.INPUTEVENTS_CV,tpa cc/hr,,Free Form Intake,,,,18,1,0,0,,,,,0.0,0.0,categorical,0.0001,0.9999,18.0
46603,mimiciii.INPUTEVENTS_CV,Sodium Citrate ml/hr,,Free Form Intake,,,,18,1,0,0,,,,,0.0,0.0,categorical,0.0001,0.9999,18.0
42576,mimiciii.INPUTEVENTS_CV,10% ALCOHOL DRIP,,Free Form Intake,,,,18,1,0,0,,,,,0.0,0.0,categorical,0.0001,0.9999,18.0
46687,mimiciii.INPUTEVENTS_CV,acetylcystein,,Free Form Intake,,,,18,1,0,0,,,,,0.0,0.0,categorical,0.0001,0.9999,18.0
44346,mimiciii.INPUTEVENTS_CV,calicum gluconate,,Free Form Intake,,,,18,1,0,0,,,,,0.0,0.0,categorical,0.0001,0.9999,18.0
46543,mimiciii.INPUTEVENTS_CV,Acetylcysteine mg/hr,,Free Form Intake,,,,18,1,0,0,,,,,0.0,0.0,categorical,0.0001,0.9999,18.0
44915,mimiciii.INPUTEVENTS_CV,D5LR 40K,,Free Form Intake,,,,18,1,0,0,,,,,0.0,0.0,categorical,0.0001,0.9999,18.0
42478,mimiciii.INPUTEVENTS_CV,D5W/Ca Gluc 20Gm,,Free Form Intake,,,,18,1,0,0,,,,,0.0,0.0,categorical,0.0001,0.9999,18.0
42985,mimiciii.INPUTEVENTS_CV,Pamidronate,,Free Form Intake,,,,18,2,0,0,,,,,0.0,0.0,categorical,0.0001,0.9999,9.0
45373,mimiciii.INPUTEVENTS_CV,Jevity (TF),,Free Form Intake,,,,18,1,0,0,,,,,0.0,0.0,categorical,0.0001,0.9999,18.0
42821,mimiciii.INPUTEVENTS_CV,aprotinine,,Free Form Intake,,,,18,2,0,0,,,,,0.0,0.0,categorical,0.0001,0.9999,9.0
51348,mimiciii.LABEVENTS,"Hematocrit, CSF",,Hematology,,30398-2,Cerebrospinal Fluid (CSF),17,13,17,17,%,1.0,3.0,10.0,1.0,1.0,numeric,0.0007,0.9993,1.308
1832,mimiciii.CHARTEVENTS,Trach care.,,,,,,17,2,0,0,,,,,0.0,0.0,categorical,0.0001,0.9999,8.5
2668,mimiciii.CHARTEVENTS,TEMP GRAFT,,,,,,17,1,0,0,,,,,0.0,0.0,categorical,0.0001,0.9999,17.0
225108,mimiciii.CHARTEVENTS,Tobacco use,Tobacco use,Adm History/FHPA,,Checkbox,,17,6,17,0,,0.0,0.0,1.0,0.0,1.0,numeric,0.0003,0.9997,2.833
225070,mimiciii.CHARTEVENTS,Unable to assess psychological,Unable to assess psychological,Adm History/FHPA,,Checkbox,,17,6,17,0,,1.0,1.0,1.0,0.0,1.0,numeric,0.0003,0.9997,2.833
2565,mimiciii.CHARTEVENTS,Bruit/Thrill,,,,,,17,3,0,0,,,,,0.0,0.0,categorical,0.0002,0.9998,5.667
1827,mimiciii.CHARTEVENTS,sacra decub dressing,,,,,,17,1,0,0,,,,,0.0,0.0,categorical,0.0001,0.9999,17.0
2990,mimiciii.CHARTEVENTS,High Tidal Vol,,,,,,17,1,17,0,,1.2,1.2,1.4,0.0,1.0,numeric,0.0001,0.9999,17.0
3002,mimiciii.CHARTEVENTS,pad changed torso,,,,,,17,1,0,0,,,,,0.0,0.0,categorical,0.0001,0.9999,17.0
225092,mimiciii.CHARTEVENTS,Self ADL,Self ADL,Adm History/FHPA,,Checkbox,,17,6,17,0,,0.0,1.0,1.0,0.0,1.0,numeric,0.0003,0.9997,2.833
8074,mimiciii.CHARTEVENTS,pantoprazole80/250,,,,,,17,1,17,0,,8.0,8.0,8.0,0.0,1.0,numeric,0.0001,0.9999,17.0
6737,mimiciii.CHARTEVENTS,Mammary Binder On,,,,,,17,1,0,0,,,,,0.0,0.0,categorical,0.0001,0.9999,17.0
7976,mimiciii.CHARTEVENTS,mucous fistula L,,,,,,17,1,0,0,,,,,0.0,0.0,categorical,0.0001,0.9999,17.0
4549,mimiciii.CHARTEVENTS,criticaid,,,,,,17,7,0,0,,,,,0.0,0.0,categorical,0.0004,0.9996,2.429
225078,mimiciii.CHARTEVENTS,Social work consult,Social work consult,Adm History/FHPA,,Checkbox,,17,5,17,0,,0.0,1.0,1.0,0.0,1.0,numeric,0.0003,0.9997,3.4
2336,mimiciii.CHARTEVENTS,cist mcg/kg/min.,,,,,,17,1,17,0,,1.5,1.5,1.5,0.0,1.0,numeric,0.0001,0.9999,17.0
6785,mimiciii.CHARTEVENTS,Rotation L/R,,,,,,17,1,0,0,,,,,0.0,0.0,categorical,0.0001,0.9999,17.0
225152,mimiciii.INPUTEVENTS_MV,Heparin Sodium,Heparin Sodium,Medications,units,Solution,,17,4,15,15,units/hour,849.7382,900.3601,6827.7312,0.8824,0.8824,mixed,0.0002,0.9998,4.25
45197,mimiciii.INPUTEVENTS_CV,dye,,Free Form Intake,,,,17,4,0,0,,,,,0.0,0.0,categorical,0.0002,0.9998,4.25
43921,mimiciii.INPUTEVENTS_CV,readycat,,Free Form Intake,,,,17,2,0,0,,,,,0.0,0.0,categorical,0.0001,0.9999,8.5
43013,mimiciii.INPUTEVENTS_CV,ANTI-THYMOCYTEN,,Free Form Intake,,,,17,1,0,0,,,,,0.0,0.0,categorical,0.0001,0.9999,17.0
44861,mimiciii.INPUTEVENTS_CV,Pheresis,,Free Form Intake,,,,17,3,0,0,,,,,0.0,0.0,categorical,0.0002,0.9998,5.667
41642,mimiciii.INPUTEVENTS_CV,contrast,,Free Form Intake,,,,17,5,0,0,,,,,0.0,0.0,categorical,0.0003,0.9997,3.4
41609,mimiciii.INPUTEVENTS_CV,Rifampin,,Free Form Intake,,,,17,2,0,0,,,,,0.0,0.0,categorical,0.0001,0.9999,8.5
42568,mimiciii.INPUTEVENTS_CV,R Groin Site,,,,,,17,1,0,0,,,,,0.0,0.0,categorical,0.0001,0.9999,17.0
41905,mimiciii.INPUTEVENTS_CV,ANGIO INTAKE,,Free Form Intake,,,,17,7,0,0,,,,,0.0,0.0,categorical,0.0004,0.9996,2.429
46608,mimiciii.INPUTEVENTS_CV,K PHOS 15MMOL,,Free Form Intake,,,,17,1,0,0,,,,,0.0,0.0,categorical,0.0001,0.9999,17.0
41076,mimiciii.INPUTEVENTS_CV,MgSO4,,Free Form Intake,,,,17,2,0,0,,,,,0.0,0.0,categorical,0.0001,0.9999,8.5
41668,mimiciii.INPUTEVENTS_CV,mycomust,,Free Form Intake,,,,17,1,0,0,,,,,0.0,0.0,categorical,0.0001,0.9999,17.0
42515,mimiciii.INPUTEVENTS_CV,antithymocyte globin,,Free Form Intake,,,,17,1,0,0,,,,,0.0,0.0,categorical,0.0001,0.9999,17.0
44128,mimiciii.INPUTEVENTS_CV,NS with Folic Acid,,Free Form Intake,,,,17,1,0,0,,,,,0.0,0.0,categorical,0.0001,0.9999,17.0
44648,mimiciii.INPUTEVENTS_CV,D5W + 150MEQ BICARB,,Free Form Intake,,,,17,2,0,0,,,,,0.0,0.0,categorical,0.0001,0.9999,8.5
44129,mimiciii.INPUTEVENTS_CV,ANTITHYMO-GLOBULIN,,Free Form Intake,,,,17,1,0,0,,,,,0.0,0.0,categorical,0.0001,0.9999,17.0
44492,mimiciii.INPUTEVENTS_CV,Free Water,,Free Form Intake,,,,17,1,0,0,,,,,0.0,0.0,categorical,0.0001,0.9999,17.0
45287,mimiciii.INPUTEVENTS_CV,lt groin site,,,,,,17,2,0,0,,,,,0.0,0.0,categorical,0.0001,0.9999,8.5
44361,mimiciii.INPUTEVENTS_CV,ACETYLCYSTER.42GM/1L,,Free Form Intake,,,,17,1,0,0,,,,,0.0,0.0,categorical,0.0001,0.9999,17.0
2195,mimiciii.CHARTEVENTS,precedex,,,,,,17,1,17,0,,0.0,0.4,0.7,0.0,1.0,numeric,0.0001,0.9999,17.0
1120,mimiciii.CHARTEVENTS,trach,,,,,,17,3,0,0,,,,,0.0,0.0,categorical,0.0002,0.9998,5.667
1693,mimiciii.CHARTEVENTS,check for pulsus q4h,,,,,,17,1,0,0,,,,,0.0,0.0,categorical,0.0001,0.9999,17.0
6861,mimiciii.CHARTEVENTS,RAP,,,,,,17,1,17,0,,7.0,8.0,10.0,0.0,1.0,numeric,0.0001,0.9999,17.0
7031,mimiciii.CHARTEVENTS,multi podis boot,,,,,,17,1,0,0,,,,,0.0,0.0,categorical,0.0001,0.9999,17.0
7568,mimiciii.CHARTEVENTS,L arm: thrill/bruit,,,,,,17,1,0,0,,,,,0.0,0.0,categorical,0.0001,0.9999,17.0
6924,mimiciii.CHARTEVENTS,MEASURED PEEP,,,,,,17,1,17,0,,14.0,15.0,17.0,0.0,1.0,numeric,0.0001,0.9999,17.0
3051,mimiciii.CHARTEVENTS,high min.vol.,,,,,,17,3,17,0,,15.0,18.0,20.0,0.0,1.0,numeric,0.0002,0.9998,5.667
3216,mimiciii.CHARTEVENTS,NS FLUSH FOLEY,,,,,,17,1,0,0,,,,,0.0,0.0,categorical,0.0001,0.9999,17.0
6196,mimiciii.CHARTEVENTS,IRRIG FOLEY 50ML NS,,,,,,17,1,0,0,,,,,0.0,0.0,categorical,0.0001,0.9999,17.0
1998,mimiciii.CHARTEVENTS,Facial Droop,,,,,,17,1,0,0,,,,,0.0,0.0,categorical,0.0001,0.9999,17.0
6740,mimiciii.CHARTEVENTS,solumedrol drip,,,,,,17,1,16,0,,5.4,5.4,5.4,0.0,0.9412,mixed,0.0001,0.9999,17.0
42494,mimiciii.INPUTEVENTS_CV,anti-thymocyte globn,,Free Form Intake,,,,17,1,0,0,,,,,0.0,0.0,categorical,0.0001,0.9999,17.0
51156,mimiciii.LABEVENTS,CD13,,Hematology,,8110-9,Blood,16,15,0,0,,,,,0.0,0.0,categorical,0.0008,0.9992,1.067
51208,mimiciii.LABEVENTS,Factor X,,Hematology,,3218-5,Blood,16,15,16,16,%,27.0,64.0,157.0,1.0,1.0,numeric,0.0008,0.9992,1.067
51112,mimiciii.LABEVENTS,Basophils,,Hematology,,35069-4,Ascites,16,15,16,16,%,0.0,1.0,2.0,1.0,1.0,numeric,0.0008,0.9992,1.067
51223,mimiciii.LABEVENTS,Hemoglobin A2,,Hematology,,4552-6,Blood,16,16,16,16,%,1.7,2.9,5.4,1.0,1.0,numeric,0.0008,0.9992,1.0
51178,mimiciii.LABEVENTS,CD34,,Hematology,,8125-7,Blood,16,15,0,16,%,,,,1.0,0.0,categorical,0.0008,0.9992,1.067
51305,mimiciii.LABEVENTS,CD117,,Hematology,,42866-4,Bone Marrow,16,13,0,0,,,,,0.0,0.0,categorical,0.0007,0.9993,1.231
51204,mimiciii.LABEVENTS,Factor V,,Hematology,,3193-0,Blood,16,15,16,16,%,10.0,64.5,144.0,1.0,1.0,numeric,0.0008,0.9992,1.067
6391,mimiciii.CHARTEVENTS,rad a line,,,,,,16,1,0,0,,,,,0.0,0.0,categorical,0.0001,0.9999,16.0
8299,mimiciii.CHARTEVENTS,R ICP,,,,,,16,1,15,0,,3.0,8.0,17.0,0.0,0.9375,mixed,0.0001,0.9999,16.0
1386,mimiciii.CHARTEVENTS,nitric,,,,,,16,1,16,0,,9.0,20.0,20.0,0.0,1.0,numeric,0.0001,0.9999,16.0
2637,mimiciii.CHARTEVENTS,RT FEMORAL ART BP,,,,,,16,1,0,0,,,,,0.0,0.0,categorical,0.0001,0.9999,16.0
6985,mimiciii.CHARTEVENTS,Sigh PEEP level,,,,,,16,1,16,0,,0.0,5.0,10.0,0.0,1.0,numeric,0.0001,0.9999,16.0
1731,mimiciii.CHARTEVENTS,drive P.,,,,,,16,1,16,0,,20.0,30.0,30.0,0.0,1.0,numeric,0.0001,0.9999,16.0
3262,mimiciii.CHARTEVENTS,extremities elevated,,,,,,16,1,0,0,,,,,0.0,0.0,categorical,0.0001,0.9999,16.0
224391,mimiciii.CHARTEVENTS,ETT Mark (location),ETT Mark (location),Respiratory,,Text,,16,5,0,0,,,,,0.0,0.0,categorical,0.0003,0.9997,3.2
2527,mimiciii.CHARTEVENTS,HFO-Bias Flow (lpm),,,,,,16,1,16,0,,25.0,30.0,30.0,0.0,1.0,numeric,0.0001,0.9999,16.0
227287,mimiciii.CHARTEVENTS,O2 Flow (additional cannula),O2 Flow (additional cannula),Respiratory,L/min,Numeric,,16,2,16,16,L/min,2.0,4.5,70.0,1.0,1.0,numeric,0.0001,0.9999,8.0
6063,mimiciii.CHARTEVENTS,P insp.,,,,,,16,1,16,0,,40.0,40.0,48.0,0.0,1.0,numeric,0.0001,0.9999,16.0
3172,mimiciii.CHARTEVENTS,right groin sheath,,,,,,16,1,0,0,,,,,0.0,0.0,categorical,0.0001,0.9999,16.0
8206,mimiciii.CHARTEVENTS,Artic Sun,,,,,,16,1,0,0,,,,,0.0,0.0,categorical,0.0001,0.9999,16.0
1548,mimiciii.CHARTEVENTS,Lt hand splint &ace,,,,,,16,1,0,0,,,,,0.0,0.0,categorical,0.0001,0.9999,16.0
225729,mimiciii.CHARTEVENTS,Multi Lumen Line Tip Cultured,Multi Lumen Line Tip Cultured,Access Lines - Invasive,,Checkbox,,16,8,16,0,,0.0,0.0,1.0,0.0,1.0,numeric,0.0004,0.9996,2.0
225110,mimiciii.CHARTEVENTS,Recreational drug use,Recreational drug use,Adm History/FHPA,,Checkbox,,16,5,16,0,,0.0,0.0,0.0,0.0,1.0,numeric,0.0003,0.9997,3.2
225074,mimiciii.CHARTEVENTS,Any fear in relationships,Any fear in relationships,Adm History/FHPA,,Checkbox,,16,5,16,0,,0.0,0.0,0.0,0.0,1.0,numeric,0.0003,0.9997,3.2
227585,mimiciii.CHARTEVENTS,GI Guaiac,GI Guaiac,GI/GU,,Text,,16,6,0,0,,,,,0.0,0.0,categorical,0.0003,0.9997,2.667
224443,mimiciii.CHARTEVENTS,GI #2 Tube Place Check,GI #2 Tube Place Check,GI/GU,,Text,,16,2,0,0,,,,,0.0,0.0,categorical,0.0001,0.9999,8.0
5979,mimiciii.CHARTEVENTS,NITRIOUS OXIDE,,,,,,16,1,14,0,,20.0,40.0,40.0,0.0,0.875,mixed,0.0001,0.9999,16.0
5791,mimiciii.CHARTEVENTS,RIGHT FEMORAL A-LINE,,,,,,16,1,0,0,,,,,0.0,0.0,categorical,0.0001,0.9999,16.0
3089,mimiciii.CHARTEVENTS,ELEVATE R ARM,,,,,,16,1,0,0,,,,,0.0,0.0,categorical,0.0001,0.9999,16.0
191,mimiciii.CHARTEVENTS,FiO2/O2 Delivered,,,,,,16,2,16,16,decFrc,3.0,3.0,80.0,1.0,1.0,numeric,0.0001,0.9999,8.0
1358,mimiciii.CHARTEVENTS,ciwa,,,,,,16,1,16,0,,0.0,25.0,32.0,0.0,1.0,numeric,0.0001,0.9999,16.0
2747,mimiciii.CHARTEVENTS,CHECK L ARM BRUIT,,,,,,16,1,0,0,,,,,0.0,0.0,categorical,0.0001,0.9999,16.0
2834,mimiciii.CHARTEVENTS,ICS,,,,,,16,3,0,0,,,,,0.0,0.0,categorical,0.0002,0.9998,5.333
6095,mimiciii.CHARTEVENTS,INO,,,,,,16,3,1,0,,1500.0,1500.0,1500.0,0.0,0.0625,mixed,0.0002,0.9998,5.333
2293,mimiciii.CHARTEVENTS,ART BP,,,,,,16,1,0,0,,,,,0.0,0.0,categorical,0.0001,0.9999,16.0
8235,mimiciii.CHARTEVENTS,naHCO3,,,,,,16,1,16,0,,100.0,100.0,150.0,0.0,1.0,numeric,0.0001,0.9999,16.0
5679,mimiciii.CHARTEVENTS,RADIAL ABP,,,,,,16,1,0,0,,,,,0.0,0.0,categorical,0.0001,0.9999,16.0
1612,mimiciii.CHARTEVENTS,Pres. High,,,,,,16,2,16,0,,25.0,40.0,50.0,0.0,1.0,numeric,0.0001,0.9999,8.0
3090,mimiciii.CHARTEVENTS,ELEVATE R LEG 2 PIL,,,,,,16,1,0,0,,,,,0.0,0.0,categorical,0.0001,0.9999,16.0
2556,mimiciii.CHARTEVENTS,Cisatra.  MG/KG/HR,,,,,,16,1,16,0,,0.0,0.1,0.2,0.0,1.0,numeric,0.0001,0.9999,16.0
5845,mimiciii.CHARTEVENTS,fem art,,,,,,16,1,0,0,,,,,0.0,0.0,categorical,0.0001,0.9999,16.0
8233,mimiciii.CHARTEVENTS,multi drsg changes,,,,,,16,1,0,0,,,,,0.0,0.0,categorical,0.0001,0.9999,16.0
1509,mimiciii.CHARTEVENTS,bld pres,,,,,,16,1,16,0,,18.0,25.5,32.0,0.0,1.0,numeric,0.0001,0.9999,16.0
1829,mimiciii.CHARTEVENTS,autosigh,,,,,,16,1,0,0,,,,,0.0,0.0,categorical,0.0001,0.9999,16.0
1353,mimiciii.CHARTEVENTS,multi podus,,,,,,16,1,0,0,,,,,0.0,0.0,categorical,0.0001,0.9999,16.0
5680,mimiciii.CHARTEVENTS,RADIAL MAP,,,,,,16,1,16,0,,50.0,69.0,83.0,0.0,1.0,numeric,0.0001,0.9999,16.0
2702,mimiciii.CHARTEVENTS,ulnar pulse right,,,,,,16,1,0,0,,,,,0.0,0.0,categorical,0.0001,0.9999,16.0
225893,mimiciii.INPUTEVENTS_MV,Piperacillin/Tazobactam (Zosyn),Piperacillin/Tazobactam (Zosyn),Antibiotics,dose,Solution,,16,2,0,0,,,,,0.0,0.0,categorical,0.0001,0.9999,8.0
225935,mimiciii.INPUTEVENTS_MV,Replete (Full),Replete (Full),Nutrition - Enteral,mL,Solution,,16,1,16,16,mL/hour,59.761,60.0,60.3622,1.0,1.0,numeric,0.0001,0.9999,16.0
44156,mimiciii.INPUTEVENTS_CV,oxytocin 10 units/LR,,Free Form Intake,,,,16,1,0,0,,,,,0.0,0.0,categorical,0.0001,0.9999,16.0
43332,mimiciii.INPUTEVENTS_CV,void,,,,,,16,2,0,0,,,,,0.0,0.0,categorical,0.0001,0.9999,8.0
43132,mimiciii.INPUTEVENTS_CV,RL + 20K/100,,Free Form Intake,,,,16,1,0,0,,,,,0.0,0.0,categorical,0.0001,0.9999,16.0
42353,mimiciii.INPUTEVENTS_CV,CISTRACURIUM,,Free Form Intake,,,,16,1,0,0,,,,,0.0,0.0,categorical,0.0001,0.9999,16.0
42396,mimiciii.INPUTEVENTS_CV,ns with 50meq HCL,,Free Form Intake,,,,16,1,0,0,,,,,0.0,0.0,categorical,0.0001,0.9999,16.0
43709,mimiciii.INPUTEVENTS_CV,L.ARM BAG,,,,,,16,1,0,0,,,,,0.0,0.0,categorical,0.0001,0.9999,16.0
46453,mimiciii.INPUTEVENTS_CV,potassium 10/100,,Free Form Intake,,,,16,1,0,0,,,,,0.0,0.0,categorical,0.0001,0.9999,16.0
41653,mimiciii.INPUTEVENTS_CV,Vanco Enema In:,,Free Form Intake,,,,16,1,0,0,,,,,0.0,0.0,categorical,0.0001,0.9999,16.0
43090,mimiciii.INPUTEVENTS_CV,NICADRDIPINE,,Free Form Intake,,,,16,1,0,0,,,,,0.0,0.0,categorical,0.0001,0.9999,16.0
41550,mimiciii.INPUTEVENTS_CV,dextrose gtt,,Free Form Intake,,,,16,1,0,0,,,,,0.0,0.0,categorical,0.0001,0.9999,16.0
41760,mimiciii.INPUTEVENTS_CV,lacutlose enema,,Free Form Intake,,,,16,1,0,0,,,,,0.0,0.0,categorical,0.0001,0.9999,16.0
44160,mimiciii.INPUTEVENTS_CV,BOLUS,,Free Form Intake,,,,16,4,0,0,,,,,0.0,0.0,categorical,0.0002,0.9998,4.0
46562,mimiciii.INPUTEVENTS_CV,NAPO4,,Free Form Intake,,,,16,1,0,0,,,,,0.0,0.0,categorical,0.0001,0.9999,16.0
41669,mimiciii.INPUTEVENTS_CV,Xygris,,Free Form Intake,,,,16,1,0,0,,,,,0.0,0.0,categorical,0.0001,0.9999,16.0
46267,mimiciii.INPUTEVENTS_CV,t tibe #2 right,,,,,,16,1,0,0,,,,,0.0,0.0,categorical,0.0001,0.9999,16.0
44366,mimiciii.INPUTEVENTS_CV,SOLU-MEDROL,,Free Form Intake,,,,16,1,0,0,,,,,0.0,0.0,categorical,0.0001,0.9999,16.0
45016,mimiciii.INPUTEVENTS_CV,Hydrochloric Acidgtt,,Free Form Intake,,,,16,1,0,0,,,,,0.0,0.0,categorical,0.0001,0.9999,16.0
43999,mimiciii.INPUTEVENTS_CV,1/2ns1000+20k,,Free Form Intake,,,,16,1,0,0,,,,,0.0,0.0,categorical,0.0001,0.9999,16.0
44723,mimiciii.INPUTEVENTS_CV,PAPAVERINE,,Free Form Intake,,,,16,1,0,0,,,,,0.0,0.0,categorical,0.0001,0.9999,16.0
41956,mimiciii.INPUTEVENTS_CV,Potassium,,Free Form Intake,,,,16,2,0,0,,,,,0.0,0.0,categorical,0.0001,0.9999,8.0
41163,mimiciii.INPUTEVENTS_CV,Calcium gluc gtt,,Free Form Intake,,,,16,1,0,0,,,,,0.0,0.0,categorical,0.0001,0.9999,16.0
44844,mimiciii.INPUTEVENTS_CV,ampho,,Free Form Intake,,,,16,1,0,0,,,,,0.0,0.0,categorical,0.0001,0.9999,16.0
45010,mimiciii.INPUTEVENTS_CV,Cyclospoprin,,Free Form Intake,,,,16,1,0,0,,,,,0.0,0.0,categorical,0.0001,0.9999,16.0
41896,mimiciii.INPUTEVENTS_CV,ivf boluses,,Free Form Intake,,,,16,1,0,0,,,,,0.0,0.0,categorical,0.0001,0.9999,16.0
41798,mimiciii.INPUTEVENTS_CV,TF PROBALANCE,,Free Form Intake,,,,16,1,0,0,,,,,0.0,0.0,categorical,0.0001,0.9999,16.0
42563,mimiciii.INPUTEVENTS_CV,SOLUMEDROL MG/KG/HR,,Free Form Intake,,,,16,1,0,0,,,,,0.0,0.0,categorical,0.0001,0.9999,16.0
50988,mimiciii.LABEVENTS,Testosterone,,Chemistry,,2986-8,Blood,15,12,15,15,ng/dL,19.0,34.0,917.0,1.0,1.0,numeric,0.0006,0.9994,1.25
51310,mimiciii.LABEVENTS,CD15,,Hematology,,51251-7,Bone Marrow,15,13,0,0,,,,,0.0,0.0,categorical,0.0007,0.9993,1.154
51158,mimiciii.LABEVENTS,CD14,,Hematology,,8111-7,Blood,15,14,0,0,,,,,0.0,0.0,categorical,0.0007,0.9993,1.071
51366,mimiciii.LABEVENTS,Bands,,Hematology,,33361-7,Joint Fluid,15,15,15,15,%,0.0,1.0,21.0,1.0,1.0,numeric,0.0008,0.9992,1.0
51177,mimiciii.LABEVENTS,CD33,,Hematology,,8102-6,Blood,15,14,0,0,,,,,0.0,0.0,categorical,0.0007,0.9993,1.071
51320,mimiciii.LABEVENTS,CD33,,Hematology,,51293-9,Bone Marrow,15,13,0,0,,,,,0.0,0.0,categorical,0.0007,0.9993,1.154
50847,mimiciii.LABEVENTS,"Potassium, Ascites",,Chemistry,,49789-1,Ascites,15,13,15,15,mEq/L,3.7,4.3,11.6,1.0,1.0,numeric,0.0007,0.9993,1.154
51203,mimiciii.LABEVENTS,Factor IX,,Hematology,,3188-0,Blood,15,14,15,15,%,30.0,95.0,173.0,1.0,1.0,numeric,0.0007,0.9993,1.071
3189,mimiciii.CHARTEVENTS,High Min. Vol,,,,,,15,1,15,0,,15.0,15.0,20.0,0.0,1.0,numeric,0.0001,0.9999,15.0
1641,mimiciii.CHARTEVENTS,high min. volume,,,,,,15,2,15,0,,10.0,16.0,18.0,0.0,1.0,numeric,0.0001,0.9999,7.5
2986,mimiciii.CHARTEVENTS,neuro drain type 2,,,,,,15,1,0,0,,,,,0.0,0.0,categorical,0.0001,0.9999,15.0
7015,mimiciii.CHARTEVENTS,ECMO FLOW RATE,,,,,,15,1,15,0,,4.2,4.3,4.4,0.0,1.0,numeric,0.0001,0.9999,15.0
2005,mimiciii.CHARTEVENTS,right groin pressure,,,,,,15,1,0,0,,,,,0.0,0.0,categorical,0.0001,0.9999,15.0
8262,mimiciii.CHARTEVENTS,ketamine mg/hr,,,,,,15,1,15,0,,1.0,2.0,3.0,0.0,1.0,numeric,0.0001,0.9999,15.0
944,mimiciii.CHARTEVENTS,Chest PT,,,,,,15,5,0,0,,,,,0.0,0.0,categorical,0.0003,0.9997,3.0
5801,mimiciii.CHARTEVENTS,high ve            n,,,,,,15,1,15,0,,15.0,15.0,15.0,0.0,1.0,numeric,0.0001,0.9999,15.0
2390,mimiciii.CHARTEVENTS,cisatracurium mg/hr,,,,,,15,1,15,0,,12.0,12.0,18.0,0.0,1.0,numeric,0.0001,0.9999,15.0
6636,mimiciii.CHARTEVENTS,R FEM,,,,,,15,1,0,0,,,,,0.0,0.0,categorical,0.0001,0.9999,15.0
224447,mimiciii.CHARTEVENTS,Family Meeting,Family Meeting,Restraint/Support Systems,,Checkbox,,15,7,15,0,,0.0,1.0,1.0,0.0,1.0,numeric,0.0004,0.9996,2.143
3264,mimiciii.CHARTEVENTS,MULTI PODUS SPLINTS,,,,,,15,1,0,0,,,,,0.0,0.0,categorical,0.0001,0.9999,15.0
3158,mimiciii.CHARTEVENTS,CK/VAGINAL BLEEDING,,,,,,15,1,0,0,,,,,0.0,0.0,categorical,0.0001,0.9999,15.0
1108,mimiciii.CHARTEVENTS,mucomyst,,,,,,15,5,6,0,,0.35,2.0,2.0,0.0,0.4,mixed,0.0003,0.9997,3.0
469,mimiciii.CHARTEVENTS,O2 Delivery Mode,,,,,,15,6,0,0,,,,,0.0,0.0,categorical,0.0003,0.9997,2.5
7589,mimiciii.CHARTEVENTS,podus boot,,,,,,15,1,0,0,,,,,0.0,0.0,categorical,0.0001,0.9999,15.0
6424,mimiciii.CHARTEVENTS,IABP BP,,,,,,15,1,0,0,,,,,0.0,0.0,categorical,0.0001,0.9999,15.0
3109,mimiciii.CHARTEVENTS,Sodium Bicarb,,,,,,15,1,15,0,,0.0,75.0,150.0,0.0,1.0,numeric,0.0001,0.9999,15.0
3110,mimiciii.CHARTEVENTS,bicarb drip 200/200,,,,,,15,1,15,0,,0.0,150.0,150.0,0.0,1.0,numeric,0.0001,0.9999,15.0
2256,mimiciii.CHARTEVENTS,FEM A LINE,,,,,,15,2,0,0,,,,,0.0,0.0,categorical,0.0001,0.9999,7.5
2422,mimiciii.CHARTEVENTS,PEG SITE CARE,,,,,,15,1,0,0,,,,,0.0,0.0,categorical,0.0001,0.9999,15.0
3134,mimiciii.CHARTEVENTS,solumed mg/kg/hr,,,,,,15,1,14,0,,5.4,5.4,5.4,0.0,0.9333,mixed,0.0001,0.9999,15.0
3283,mimiciii.CHARTEVENTS,warm pack to lt arm,,,,,,15,1,0,0,,,,,0.0,0.0,categorical,0.0001,0.9999,15.0
2868,mimiciii.CHARTEVENTS,FEMORAL A-LINE,,,,,,15,1,0,0,,,,,0.0,0.0,categorical,0.0001,0.9999,15.0
1352,mimiciii.CHARTEVENTS,urine pH,,,,,,15,4,15,0,,5.0,6.0,8.0,0.0,1.0,numeric,0.0002,0.9998,3.75
2698,mimiciii.CHARTEVENTS,V02,,,,,,15,1,13,0,,95.0,281.0,355.0,0.0,0.8667,mixed,0.0001,0.9999,15.0
2294,mimiciii.CHARTEVENTS,ART MEAN,,,,,,15,1,15,0,,94.0,103.0,115.0,0.0,1.0,numeric,0.0001,0.9999,15.0
7200,mimiciii.CHARTEVENTS,Pmax,,,,,,15,2,15,0,,12.0,38.0,45.0,0.0,1.0,numeric,0.0001,0.9999,7.5
2664,mimiciii.CHARTEVENTS,INO alarms,,,,,,15,1,0,0,,,,,0.0,0.0,categorical,0.0001,0.9999,15.0
5592,mimiciii.CHARTEVENTS,MMV rate,,,,,,15,1,15,0,,10.0,10.0,500.0,0.0,1.0,numeric,0.0001,0.9999,15.0
5590,mimiciii.CHARTEVENTS,warm pack to LUE,,,,,,15,1,0,0,,,,,0.0,0.0,categorical,0.0001,0.9999,15.0
227441,mimiciii.CHARTEVENTS,LDL measured,LDL measured,Labs,None,Numeric with tag,,15,14,15,15,mg/dL,50.0,98.0,131.0,1.0,1.0,numeric,0.0007,0.9993,1.071
1962,mimiciii.CHARTEVENTS,LIVER FLAPPING,,,,,,15,1,0,0,,,,,0.0,0.0,categorical,0.0001,0.9999,15.0
5633,mimiciii.CHARTEVENTS,cyclosporine,,,,,,15,1,15,0,,7.5,7.5,7.5,0.0,1.0,numeric,0.0001,0.9999,15.0
2649,mimiciii.CHARTEVENTS,Police Gaurd,,,,,,15,1,0,0,,,,,0.0,0.0,categorical,0.0001,0.9999,15.0
7550,mimiciii.CHARTEVENTS,PR,,,,,,15,1,15,0,,0.14,0.22,0.25,0.0,1.0,numeric,0.0001,0.9999,15.0
1975,mimiciii.CHARTEVENTS,apnea time interval,,,,,,15,1,15,0,,20.0,20.0,25.0,0.0,1.0,numeric,0.0001,0.9999,15.0
2002,mimiciii.CHARTEVENTS,fistula,,,,,,15,2,0,0,,,,,0.0,0.0,categorical,0.0001,0.9999,7.5
225117,mimiciii.CHARTEVENTS,Unable to assess nutrition / education,Unable to assess nutrition / education,Adm History/FHPA,,Checkbox,,15,6,15,0,,1.0,1.0,1.0,0.0,1.0,numeric,0.0003,0.9997,2.5
2330,mimiciii.CHARTEVENTS,CISATRACUR MCG/K/MIN,,,,,,15,1,14,0,,2.0,3.0,3.5,0.0,0.9333,mixed,0.0001,0.9999,15.0
42424,mimiciii.INPUTEVENTS_CV,ANCEF IRRIGATION,,Free Form Intake,,,,15,1,0,0,,,,,0.0,0.0,categorical,0.0001,0.9999,15.0
42722,mimiciii.INPUTEVENTS_CV,ALCOHOL 10% DRIP,,Free Form Intake,,,,15,1,0,0,,,,,0.0,0.0,categorical,0.0001,0.9999,15.0
41217,mimiciii.INPUTEVENTS_CV,probalance fs,,Free Form Intake,,,,15,1,0,0,,,,,0.0,0.0,categorical,0.0001,0.9999,15.0
42618,mimiciii.INPUTEVENTS_CV,R fem drg site,,,,,,15,1,0,0,,,,,0.0,0.0,categorical,0.0001,0.9999,15.0
41619,mimiciii.INPUTEVENTS_CV,frfee water boluses,,Free Form Intake,,,,15,1,0,0,,,,,0.0,0.0,categorical,0.0001,0.9999,15.0
43825,mimiciii.INPUTEVENTS_CV,.5:1 NS REPLETION,,Free Form Intake,,,,15,1,0,0,,,,,0.0,0.0,categorical,0.0001,0.9999,15.0
42799,mimiciii.INPUTEVENTS_CV,K+ phosphate,,Free Form Intake,,,,15,1,0,0,,,,,0.0,0.0,categorical,0.0001,0.9999,15.0
41575,mimiciii.INPUTEVENTS_CV,ENEMA,,Free Form Intake,,,,15,1,0,0,,,,,0.0,0.0,categorical,0.0001,0.9999,15.0
45029,mimiciii.INPUTEVENTS_CV,na bicarb,,Free Form Intake,,,,15,1,0,0,,,,,0.0,0.0,categorical,0.0001,0.9999,15.0
44292,mimiciii.INPUTEVENTS_CV,BICARB 150 MEQ,,Free Form Intake,,,,15,1,0,0,,,,,0.0,0.0,categorical,0.0001,0.9999,15.0
42422,mimiciii.INPUTEVENTS_CV,SOLUMEDROL DRIPMG/HR,,Free Form Intake,,,,15,1,0,0,,,,,0.0,0.0,categorical,0.0001,0.9999,15.0
51155,mimiciii.LABEVENTS,CD11c,,Hematology,,8109-1,Blood,14,14,0,0,,,,,0.0,0.0,categorical,0.0007,0.9993,1.0
51397,mimiciii.LABEVENTS,CD16/56,,Hematology,,18268-3,Other Body Fluid,14,14,0,0,,,,,0.0,0.0,categorical,0.0007,0.9993,1.0
51154,mimiciii.LABEVENTS,CD117,,Hematology,,17107-4,Blood,14,13,0,0,,,,,0.0,0.0,categorical,0.0007,0.9993,1.077
51149,mimiciii.LABEVENTS,Bleeding Time,,Hematology,,11067-6,Blood,14,13,14,14,min,2.5,7.0,11.0,1.0,1.0,numeric,0.0007,0.9993,1.077
51063,mimiciii.LABEVENTS,"Osmolality, Stool",,Chemistry,,2693-0,Stool,14,14,14,14,mOsm/kg,280.0,314.0,428.0,1.0,1.0,numeric,0.0007,0.9993,1.0
51182,mimiciii.LABEVENTS,CD41,,Hematology,,17148-8,Blood,14,14,0,0,,,,,0.0,0.0,categorical,0.0007,0.9993,1.0
51159,mimiciii.LABEVENTS,CD15,,Hematology,,17117-3,Blood,14,13,0,0,,,,,0.0,0.0,categorical,0.0007,0.9993,1.077
50881,mimiciii.LABEVENTS,Beta-2 Microglobulin,,Chemistry,,32731-2,Blood,14,13,14,14,mg/L,1.8,4.1,31.6,1.0,1.0,numeric,0.0007,0.9993,1.077
51306,mimiciii.LABEVENTS,CD11c,,Hematology,,33202-3,Bone Marrow,14,12,0,0,,,,,0.0,0.0,categorical,0.0006,0.9994,1.167
51191,mimiciii.LABEVENTS,CD64,,Hematology,,17183-5,Blood,14,13,0,0,,,,,0.0,0.0,categorical,0.0007,0.9993,1.077
51369,mimiciii.LABEVENTS,"Hematocrit, Joint Fluid",,Hematology,,,Joint Fluid,14,14,13,14,%,0.0,14.0,41.0,1.0,0.9286,mixed,0.0007,0.9993,1.0
1912,mimiciii.CHARTEVENTS,ASTERIXIS,,,,,,14,2,0,0,,,,,0.0,0.0,categorical,0.0001,0.9999,7.0
2472,mimiciii.CHARTEVENTS,INTRATHECAL PRESSURE,,,,,,14,1,14,0,,12.0,17.0,20.0,0.0,1.0,numeric,0.0001,0.9999,14.0
2940,mimiciii.CHARTEVENTS,L rad art BP,,,,,,14,1,0,0,,,,,0.0,0.0,categorical,0.0001,0.9999,14.0
1908,mimiciii.CHARTEVENTS,GROIN DRESSING,,,,,,14,1,0,0,,,,,0.0,0.0,categorical,0.0001,0.9999,14.0
8107,mimiciii.CHARTEVENTS,Mammary Support Bra,,,,,,14,1,0,0,,,,,0.0,0.0,categorical,0.0001,0.9999,14.0
2800,mimiciii.CHARTEVENTS,ACE WRAP RIGHT LEG,,,,,,14,1,0,0,,,,,0.0,0.0,categorical,0.0001,0.9999,14.0
1903,mimiciii.CHARTEVENTS,OOB TO CHAIR,,,,,,14,1,0,0,,,,,0.0,0.0,categorical,0.0001,0.9999,14.0
226815,mimiciii.CHARTEVENTS,Airway problems,Airway problems,Respiratory,,Text,,14,4,0,0,,,,,0.0,0.0,categorical,0.0002,0.9998,3.5
1117,mimiciii.CHARTEVENTS,PASSEY MUIR VALVE,,,,,,14,2,0,0,,,,,0.0,0.0,categorical,0.0001,0.9999,7.0
7338,mimiciii.CHARTEVENTS,Domeboro soak,,,,,,14,1,0,0,,,,,0.0,0.0,categorical,0.0001,0.9999,14.0
5980,mimiciii.CHARTEVENTS,INO TANK PRESS,,,,,,14,1,14,0,,200.0,850.0,1700.0,0.0,1.0,numeric,0.0001,0.9999,14.0
6315,mimiciii.CHARTEVENTS,Insp time,,,,,,14,2,14,0,,0.95,1.0,1.4,0.0,1.0,numeric,0.0001,0.9999,7.0
2842,mimiciii.CHARTEVENTS,JV O2 Sat,,,,,,14,1,14,0,,74.0,80.5,85.0,0.0,1.0,numeric,0.0001,0.9999,14.0
2450,mimiciii.CHARTEVENTS,CLOT IN BLOOD BANK,,,,,,14,6,0,0,,,,,0.0,0.0,categorical,0.0003,0.9997,2.333
6399,mimiciii.CHARTEVENTS,ART MAP,,,,,,14,1,14,0,,89.0,94.5,98.0,0.0,1.0,numeric,0.0001,0.9999,14.0
6326,mimiciii.CHARTEVENTS,Bair hugger,,,,,,14,1,0,0,,,,,0.0,0.0,categorical,0.0001,0.9999,14.0
2337,mimiciii.CHARTEVENTS,peric. drain flushed,,,,,,14,1,0,0,,,,,0.0,0.0,categorical,0.0001,0.9999,14.0
3246,mimiciii.CHARTEVENTS,MULTPODIS SPLINT,,,,,,14,1,0,0,,,,,0.0,0.0,categorical,0.0001,0.9999,14.0
964,mimiciii.CHARTEVENTS,THAM CC/HR,,,,,,14,1,14,0,,0.0,100.0,100.0,0.0,1.0,numeric,0.0001,0.9999,14.0
2004,mimiciii.CHARTEVENTS,left groin pressure,,,,,,14,1,0,0,,,,,0.0,0.0,categorical,0.0001,0.9999,14.0
1909,mimiciii.CHARTEVENTS,RT LE PULSE,,,,,,14,1,0,0,,,,,0.0,0.0,categorical,0.0001,0.9999,14.0
2573,mimiciii.CHARTEVENTS,cistra  mgm/kg/hr,,,,,,14,1,14,0,,0.0,0.0985,0.124,0.0,1.0,numeric,0.0001,0.9999,14.0
226889,mimiciii.CHARTEVENTS,Legal Guardian,Legal Guardian,General,,Checkbox,,14,6,14,0,,0.0,1.0,1.0,0.0,1.0,numeric,0.0003,0.9997,2.333
225076,mimiciii.CHARTEVENTS,Emotional / physical / sexual harm by partner or close relation,Emotional / physical / sexual harm,Adm History/FHPA,,Checkbox,,14,3,14,0,,0.0,0.0,0.0,0.0,1.0,numeric,0.0002,0.9998,4.667
2098,mimiciii.CHARTEVENTS,BariAir Auto Turn,,,,,,14,1,0,0,,,,,0.0,0.0,categorical,0.0001,0.9999,14.0
2865,mimiciii.CHARTEVENTS,iabp-bp,,,,,,14,1,0,0,,,,,0.0,0.0,categorical,0.0001,0.9999,14.0
3239,mimiciii.CHARTEVENTS,NICARDIPINE MCG/KG/M,,,,,,14,1,14,0,,0.0,0.8,0.8,0.0,1.0,numeric,0.0001,0.9999,14.0
3235,mimiciii.CHARTEVENTS,DRIVING PRESS,,,,,,14,1,14,0,,21.0,23.0,25.0,0.0,1.0,numeric,0.0001,0.9999,14.0
2070,mimiciii.CHARTEVENTS,nicardipine gtt,,,,,,14,1,14,0,,0.0,0.0,2.0,0.0,1.0,numeric,0.0001,0.9999,14.0
2826,mimiciii.CHARTEVENTS,Incentive spirometry,,,,,,14,4,0,0,,,,,0.0,0.0,categorical,0.0002,0.9998,3.5
7018,mimiciii.CHARTEVENTS,ecmo fio2,,,,,,14,1,0,0,,,,,0.0,0.0,categorical,0.0001,0.9999,14.0
6609,mimiciii.CHARTEVENTS,Ribavrin TX #,,,,,,14,1,13,0,,1.0,7.0,15.0,0.0,0.9286,mixed,0.0001,0.9999,14.0
225091,mimiciii.CHARTEVENTS,Unable to assess activity / mobility,Unable to assess activity / mobility,Adm History/FHPA,,Checkbox,,14,5,14,0,,1.0,1.0,1.0,0.0,1.0,numeric,0.0003,0.9997,2.8
1589,mimiciii.CHARTEVENTS,RA,,,,,,14,1,13,0,,2.0,8.0,14.0,0.0,0.9286,mixed,0.0001,0.9999,14.0
6021,mimiciii.CHARTEVENTS,(R) nephrostomy,,,,,,14,1,0,0,,,,,0.0,0.0,categorical,0.0001,0.9999,14.0
2079,mimiciii.CHARTEVENTS,Nitric tank psi,,,,,,14,1,14,0,,1190.0,1280.0,1720.0,0.0,1.0,numeric,0.0001,0.9999,14.0
227447,mimiciii.CHARTEVENTS,Gentamicin (Random),Gentamicin (Random),Labs,None,Numeric with tag,,14,9,14,14,ug/mL,0.3,1.15,5.0,1.0,1.0,numeric,0.0005,0.9995,1.556
7096,mimiciii.CHARTEVENTS,suicide precautions,,,,,,14,1,0,0,,,,,0.0,0.0,categorical,0.0001,0.9999,14.0
7425,mimiciii.CHARTEVENTS,Solu-medrol mg/hr,,,,,,14,1,14,0,,430.0,430.0,430.0,0.0,1.0,numeric,0.0001,0.9999,14.0
2143,mimiciii.CHARTEVENTS,multipodus,,,,,,14,3,0,0,,,,,0.0,0.0,categorical,0.0002,0.9998,4.667
5799,mimiciii.CHARTEVENTS,R LEG ELEVATED,,,,,,14,1,0,0,,,,,0.0,0.0,categorical,0.0001,0.9999,14.0
6741,mimiciii.CHARTEVENTS,pantoprazole mgm/hr,,,,,,14,1,14,0,,8.0,8.0,8.0,0.0,1.0,numeric,0.0001,0.9999,14.0
1581,mimiciii.CHARTEVENTS,APRV,,,,,,14,2,0,0,,,,,0.0,0.0,categorical,0.0001,0.9999,7.0
2783,mimiciii.CHARTEVENTS,edv,,,,,,14,1,14,0,,249.0,345.5,369.0,0.0,1.0,numeric,0.0001,0.9999,14.0
5837,mimiciii.CHARTEVENTS,time disc.,,,,,,14,1,14,0,,0.0,30.0,30.0,0.0,1.0,numeric,0.0001,0.9999,14.0
8304,mimiciii.CHARTEVENTS,mulitpodus,,,,,,14,1,0,0,,,,,0.0,0.0,categorical,0.0001,0.9999,14.0
2953,mimiciii.CHARTEVENTS,ESMOLOL MCG/MIN,,,,,,14,1,14,0,,0.0,1500.0,2000.0,0.0,1.0,numeric,0.0001,0.9999,14.0
5966,mimiciii.CHARTEVENTS,Continuous EEG q1hr,,,,,,14,1,0,0,,,,,0.0,0.0,categorical,0.0001,0.9999,14.0
1711,mimiciii.CHARTEVENTS,zzzt Stim Thresh mA [Unit],,,,,,14,7,0,0,,,,,0.0,0.0,categorical,0.0004,0.9996,2.0
5593,mimiciii.CHARTEVENTS,MMV tidal volume,,,,,,14,1,14,0,,10.0,500.0,500.0,0.0,1.0,numeric,0.0001,0.9999,14.0
43089,mimiciii.INPUTEVENTS_CV,ns w/ 40 meq kcl,,Free Form Intake,,,,14,1,0,0,,,,,0.0,0.0,categorical,0.0001,0.9999,14.0
40788,mimiciii.INPUTEVENTS_CV,PD dialysate in,,Free Form Intake,,,,14,1,0,0,,,,,0.0,0.0,categorical,0.0001,0.9999,14.0
45633,mimiciii.INPUTEVENTS_CV,NS Kphos 15mmol,,Free Form Intake,,,,14,2,0,0,,,,,0.0,0.0,categorical,0.0001,0.9999,7.0
42989,mimiciii.INPUTEVENTS_CV,DILAUDID/BUPIV.,,Free Form Intake,,,,14,1,0,0,,,,,0.0,0.0,categorical,0.0001,0.9999,14.0
44255,mimiciii.INPUTEVENTS_CV,D5 WITH 3 AMPS BICAB,,Free Form Intake,,,,14,1,0,0,,,,,0.0,0.0,categorical,0.0001,0.9999,14.0
44207,mimiciii.INPUTEVENTS_CV,D51/4 w/40meq Kcl,,Free Form Intake,,,,14,1,0,0,,,,,0.0,0.0,categorical,0.0001,0.9999,14.0
42647,mimiciii.INPUTEVENTS_CV,LOPRESSOR IV,,Free Form Intake,,,,14,1,0,0,,,,,0.0,0.0,categorical,0.0001,0.9999,14.0
46671,mimiciii.INPUTEVENTS_CV,D50.45%NS + 60MQ KCL,,Free Form Intake,,,,14,1,0,0,,,,,0.0,0.0,categorical,0.0001,0.9999,14.0
42337,mimiciii.INPUTEVENTS_CV,NAHCO3- CC/HR,,Free Form Intake,,,,14,1,0,0,,,,,0.0,0.0,categorical,0.0001,0.9999,14.0
43990,mimiciii.INPUTEVENTS_CV,SOD PHOSPHATE,,Free Form Intake,,,,14,2,0,0,,,,,0.0,0.0,categorical,0.0001,0.9999,7.0
42459,mimiciii.INPUTEVENTS_CV,APROTANIN,,Free Form Intake,,,,14,3,0,0,,,,,0.0,0.0,categorical,0.0002,0.9998,4.667
40964,mimiciii.INPUTEVENTS_CV,Ara-c chemo gtt,,Free Form Intake,,,,14,1,0,0,,,,,0.0,0.0,categorical,0.0001,0.9999,14.0
44370,mimiciii.INPUTEVENTS_CV,INAMRINONE LACTATE,,Free Form Intake,,,,14,1,0,0,,,,,0.0,0.0,categorical,0.0001,0.9999,14.0
40424,mimiciii.INPUTEVENTS_CV,free H2O,,Free Form Intake,,,,14,1,0,0,,,,,0.0,0.0,categorical,0.0001,0.9999,14.0
42389,mimiciii.INPUTEVENTS_CV,BAG LT LEG,,,,,,14,1,0,0,,,,,0.0,0.0,categorical,0.0001,0.9999,14.0
40449,mimiciii.INPUTEVENTS_CV,epidural-marcaine,,Free Form Intake,,,,14,1,0,0,,,,,0.0,0.0,categorical,0.0001,0.9999,14.0
42689,mimiciii.INPUTEVENTS_CV,METHYLPREDNISONE,,Free Form Intake,,,,14,1,0,0,,,,,0.0,0.0,categorical,0.0001,0.9999,14.0
41902,mimiciii.INPUTEVENTS_CV,angio intake,,Free Form Intake,,,,14,8,0,0,,,,,0.0,0.0,categorical,0.0004,0.9996,1.75
43091,mimiciii.INPUTEVENTS_CV,GALLBLADDER DR FLUSH,,Free Form Intake,,,,14,1,0,0,,,,,0.0,0.0,categorical,0.0001,0.9999,14.0
41622,mimiciii.INPUTEVENTS_CV,K-Acetate 40mEq/250,,Free Form Intake,,,,14,1,0,0,,,,,0.0,0.0,categorical,0.0001,0.9999,14.0
40468,mimiciii.INPUTEVENTS_CV,epidural asp,,Free Form Intake,,,,14,1,0,0,,,,,0.0,0.0,categorical,0.0001,0.9999,14.0
42060,mimiciii.INPUTEVENTS_CV,METHYLPREDNISONE GTT,,Free Form Intake,,,,14,1,0,0,,,,,0.0,0.0,categorical,0.0001,0.9999,14.0
51433,mimiciii.LABEVENTS,NRBC,,Hematology,,,Other Body Fluid,13,13,13,13,%,0.0,2.0,29.0,1.0,1.0,numeric,0.0007,0.9993,1.0
51328,mimiciii.LABEVENTS,CD56,,Hematology,,,Bone Marrow,13,12,0,0,,,,,0.0,0.0,categorical,0.0006,0.9994,1.083
51270,mimiciii.LABEVENTS,"Protein C, Antigen",,Hematology,,27820-0,Blood,13,11,13,13,%,27.0,82.0,130.0,1.0,1.0,numeric,0.0006,0.9994,1.182
51193,mimiciii.LABEVENTS,CD71,,Hematology,,8136-4,Blood,13,13,0,0,,,,,0.0,0.0,categorical,0.0007,0.9993,1.0
51331,mimiciii.LABEVENTS,CD64,,Hematology,,51365-5,Bone Marrow,13,12,0,0,,,,,0.0,0.0,categorical,0.0006,0.9994,1.083
51392,mimiciii.LABEVENTS,CD13,,Hematology,,51238-4,Other Body Fluid,13,11,0,0,,,,,0.0,0.0,categorical,0.0006,0.9994,1.182
51324,mimiciii.LABEVENTS,CD41,,Hematology,,51319-2,Bone Marrow,13,11,0,0,,,,,0.0,0.0,categorical,0.0006,0.9994,1.182
3013,mimiciii.CHARTEVENTS,shaved/bedbath,,,,,,13,1,0,0,,,,,0.0,0.0,categorical,0.0001,0.9999,13.0
6428,mimiciii.CHARTEVENTS,L fem art line,,,,,,13,1,0,0,,,,,0.0,0.0,categorical,0.0001,0.9999,13.0
5892,mimiciii.CHARTEVENTS,tpa mg/hr,,,,,,13,1,13,0,,0.5,0.5,0.5,0.0,1.0,numeric,0.0001,0.9999,13.0
2289,mimiciii.CHARTEVENTS,HEPARIN,,,,,,13,1,13,0,,0.28,0.46,0.76,0.0,1.0,numeric,0.0001,0.9999,13.0
5676,mimiciii.CHARTEVENTS,RIGHT FEM. ALINE,,,,,,13,1,0,0,,,,,0.0,0.0,categorical,0.0001,0.9999,13.0
7808,mimiciii.CHARTEVENTS,art #3,,,,,,13,1,0,0,,,,,0.0,0.0,categorical,0.0001,0.9999,13.0
2610,mimiciii.CHARTEVENTS,L ARM SLING,,,,,,13,1,0,0,,,,,0.0,0.0,categorical,0.0001,0.9999,13.0
3011,mimiciii.CHARTEVENTS,ICE PACKS TO R EYE,,,,,,13,1,0,0,,,,,0.0,0.0,categorical,0.0001,0.9999,13.0
2086,mimiciii.CHARTEVENTS,R groin angio site,,,,,,13,1,0,0,,,,,0.0,0.0,categorical,0.0001,0.9999,13.0
2741,mimiciii.CHARTEVENTS,VO2 I,,,,,,13,1,13,0,,105.0,137.0,178.0,0.0,1.0,numeric,0.0001,0.9999,13.0
1920,mimiciii.CHARTEVENTS,GT Care,,,,,,13,1,0,0,,,,,0.0,0.0,categorical,0.0001,0.9999,13.0
6033,mimiciii.CHARTEVENTS,wound care,,,,,,13,2,0,0,,,,,0.0,0.0,categorical,0.0001,0.9999,6.5
1463,mimiciii.CHARTEVENTS,pad count,,,,,,13,1,1,0,,0.0,0.0,0.0,0.0,0.0769,mixed,0.0001,0.9999,13.0
225086,mimiciii.CHARTEVENTS,Unable to assess cognitive / perceptual,Unable to assess cognitive / perceptual,Adm History/FHPA,,Checkbox,,13,3,13,0,,1.0,1.0,1.0,0.0,1.0,numeric,0.0002,0.9998,4.333
1381,mimiciii.CHARTEVENTS,ARGATROBAN,,,,,,13,1,13,0,,0.0,1.5,2.0,0.0,1.0,numeric,0.0001,0.9999,13.0
6125,mimiciii.CHARTEVENTS,L thigh circumferenc,,,,,,13,1,10,0,,65.0,70.5,81.0,0.0,0.7692,mixed,0.0001,0.9999,13.0
5581,mimiciii.CHARTEVENTS,T-Low,,,,,,13,2,13,0,,0.3,0.3,0.4,0.0,1.0,numeric,0.0001,0.9999,6.5
2039,mimiciii.CHARTEVENTS,PHIGH,,,,,,13,2,13,0,,17.0,34.0,34.0,0.0,1.0,numeric,0.0001,0.9999,6.5
5922,mimiciii.CHARTEVENTS,bleedig at meatus,,,,,,13,1,0,0,,,,,0.0,0.0,categorical,0.0001,0.9999,13.0
5803,mimiciii.CHARTEVENTS,Femoral Sheath Aline,,,,,,13,1,0,0,,,,,0.0,0.0,categorical,0.0001,0.9999,13.0
6927,mimiciii.CHARTEVENTS,Arterial Mean #3,,,,,,13,1,13,0,,98.0,107.0,114.0,0.0,1.0,numeric,0.0001,0.9999,13.0
6525,mimiciii.CHARTEVENTS,TOF level,,,,,,13,1,12,0,,6.0,6.0,7.0,0.0,0.9231,mixed,0.0001,0.9999,13.0
1640,mimiciii.CHARTEVENTS,PEG care,,,,,,13,2,0,0,,,,,0.0,0.0,categorical,0.0001,0.9999,6.5
6438,mimiciii.CHARTEVENTS,Nitric Oxide PPM,,,,,,13,2,13,0,,0.0,60.0,600.0,0.0,1.0,numeric,0.0001,0.9999,6.5
8497,mimiciii.CHARTEVENTS,zzzt Stim Thresh mA [Value],,,,,,13,6,13,0,,4.5,12.0,25.0,0.0,1.0,numeric,0.0003,0.9997,2.167
225137,mimiciii.CHARTEVENTS,Patient valuables,Patient valuables,Adm History/FHPA,,Text,,13,5,0,0,,,,,0.0,0.0,categorical,0.0003,0.9997,2.6
2761,mimiciii.CHARTEVENTS,passey-muir,,,,,,13,1,0,0,,,,,0.0,0.0,categorical,0.0001,0.9999,13.0
5986,mimiciii.CHARTEVENTS,AV fistula bruit,,,,,,13,1,0,0,,,,,0.0,0.0,categorical,0.0001,0.9999,13.0
7179,mimiciii.CHARTEVENTS,right leg drsg,,,,,,13,1,0,0,,,,,0.0,0.0,categorical,0.0001,0.9999,13.0
1489,mimiciii.CHARTEVENTS,Transtracheal,,,,,,13,1,0,0,,,,,0.0,0.0,categorical,0.0001,0.9999,13.0
3003,mimiciii.CHARTEVENTS,SPNIOT TIDAL VOLUMES,,,,,,13,1,13,0,,361.0,480.0,556.0,0.0,1.0,numeric,0.0001,0.9999,13.0
2740,mimiciii.CHARTEVENTS,DO2 I,,,,,,13,1,13,0,,342.0,430.0,557.0,0.0,1.0,numeric,0.0001,0.9999,13.0
1595,mimiciii.CHARTEVENTS,Seizure Pads,,,,,,13,2,0,0,,,,,0.0,0.0,categorical,0.0001,0.9999,6.5
5600,mimiciii.CHARTEVENTS,L fem art bp,,,,,,13,1,0,0,,,,,0.0,0.0,categorical,0.0001,0.9999,13.0
6926,mimiciii.CHARTEVENTS,Arterial BP #3,,,,,,13,1,0,0,,,,,0.0,0.0,categorical,0.0001,0.9999,13.0
2370,mimiciii.CHARTEVENTS,R arm sling,,,,,,13,1,0,0,,,,,0.0,0.0,categorical,0.0001,0.9999,13.0
1655,mimiciii.CHARTEVENTS,Insp. Time,,,,,,13,1,13,0,,0.8,1.0,22.0,0.0,1.0,numeric,0.0001,0.9999,13.0
6773,mimiciii.CHARTEVENTS,DRIVING PRESS.,,,,,,13,1,13,0,,18.0,18.0,18.0,0.0,1.0,numeric,0.0001,0.9999,13.0
5667,mimiciii.CHARTEVENTS,heliox tank pressure,,,,,,13,3,13,0,,200.0,2000.0,15000.0,0.0,1.0,numeric,0.0002,0.9998,4.333
3041,mimiciii.CHARTEVENTS,lt arm sling,,,,,,13,2,0,0,,,,,0.0,0.0,categorical,0.0001,0.9999,6.5
226046,mimiciii.INPUTEVENTS_MV,Replete (3/4),Replete (3/4),Nutrition - Enteral,mL,Solution,,13,1,13,13,mL/hour,90.0,90.0,90.0775,1.0,1.0,numeric,0.0001,0.9999,13.0
225884,mimiciii.INPUTEVENTS_MV,Metronidazole,Metronidazole,Antibiotics,dose,Solution,,13,3,0,0,,,,,0.0,0.0,categorical,0.0002,0.9998,4.333
45034,mimiciii.INPUTEVENTS_CV,Kphos 15mmol,,Free Form Intake,,,,13,1,0,0,,,,,0.0,0.0,categorical,0.0001,0.9999,13.0
41084,mimiciii.INPUTEVENTS_CV,ED intake,,Free Form Intake,,,,13,4,0,0,,,,,0.0,0.0,categorical,0.0002,0.9998,3.25
45375,mimiciii.INPUTEVENTS_CV,golytely prep,,Free Form Intake,,,,13,1,0,0,,,,,0.0,0.0,categorical,0.0001,0.9999,13.0
41702,mimiciii.INPUTEVENTS_CV,EW IVF,,Free Form Intake,,,,13,1,0,0,,,,,0.0,0.0,categorical,0.0001,0.9999,13.0
43983,mimiciii.INPUTEVENTS_CV,Pericardial flush:NS,,Free Form Intake,,,,13,1,0,0,,,,,0.0,0.0,categorical,0.0001,0.9999,13.0
46011,mimiciii.INPUTEVENTS_CV,30 mmol kphos/500ccw,,Free Form Intake,,,,13,1,0,0,,,,,0.0,0.0,categorical,0.0001,0.9999,13.0
42623,mimiciii.INPUTEVENTS_CV,KCL 20mEq bolus,,Free Form Intake,,,,13,1,0,0,,,,,0.0,0.0,categorical,0.0001,0.9999,13.0
43725,mimiciii.INPUTEVENTS_CV,D5W 150meq Sod Bicar,,Free Form Intake,,,,13,1,0,0,,,,,0.0,0.0,categorical,0.0001,0.9999,13.0
44998,mimiciii.INPUTEVENTS_CV,multivitamin IV,,Free Form Intake,,,,13,1,0,0,,,,,0.0,0.0,categorical,0.0001,0.9999,13.0
46016,mimiciii.INPUTEVENTS_CV,rt. arm bag,,,,,,13,1,0,0,,,,,0.0,0.0,categorical,0.0001,0.9999,13.0
46362,mimiciii.INPUTEVENTS_CV,bicarbonate,,Free Form Intake,,,,13,1,0,0,,,,,0.0,0.0,categorical,0.0001,0.9999,13.0
45541,mimiciii.INPUTEVENTS_CV,Replete w/Fiber TF,,Free Form Intake,,,,13,1,0,0,,,,,0.0,0.0,categorical,0.0001,0.9999,13.0
44200,mimiciii.INPUTEVENTS_CV,FLUID BOLUS,,Free Form Intake,,,,13,3,0,0,,,,,0.0,0.0,categorical,0.0002,0.9998,4.333
44793,mimiciii.INPUTEVENTS_CV,protonix80mg/250ccNS,,Free Form Intake,,,,13,1,0,0,,,,,0.0,0.0,categorical,0.0001,0.9999,13.0
42491,mimiciii.INPUTEVENTS_CV,Current goal,,,,,,13,1,0,0,,,,,0.0,0.0,categorical,0.0001,0.9999,13.0
45584,mimiciii.INPUTEVENTS_CV,NA Bicarb,,Free Form Intake,,,,13,1,0,0,,,,,0.0,0.0,categorical,0.0001,0.9999,13.0
42058,mimiciii.INPUTEVENTS_CV,ER INTAKE,,Free Form Intake,,,,13,6,0,0,,,,,0.0,0.0,categorical,0.0003,0.9997,2.167
45885,mimiciii.INPUTEVENTS_CV,Pheresis Balance,,Free Form Intake,,,,13,1,0,0,,,,,0.0,0.0,categorical,0.0001,0.9999,13.0
42736,mimiciii.INPUTEVENTS_CV,D5W/154MEQ NAACETATE,,Free Form Intake,,,,13,1,0,0,,,,,0.0,0.0,categorical,0.0001,0.9999,13.0
46349,mimiciii.INPUTEVENTS_CV,Vac,,,,,,13,1,0,0,,,,,0.0,0.0,categorical,0.0001,0.9999,13.0
44927,mimiciii.INPUTEVENTS_CV,CRRT HEPARIN,,Free Form Intake,,,,13,1,0,0,,,,,0.0,0.0,categorical,0.0001,0.9999,13.0
46263,mimiciii.INPUTEVENTS_CV,potassium phos 15mml,,Free Form Intake,,,,13,2,0,0,,,,,0.0,0.0,categorical,0.0001,0.9999,6.5
44817,mimiciii.INPUTEVENTS_CV,intake angio,,Free Form Intake,,,,13,1,0,0,,,,,0.0,0.0,categorical,0.0001,0.9999,13.0
42734,mimiciii.INPUTEVENTS_CV,APROTININE,,Free Form Intake,,,,13,4,0,0,,,,,0.0,0.0,categorical,0.0002,0.9998,3.25
43140,mimiciii.INPUTEVENTS_CV,D5W/1L/2AMP BICARB,,Free Form Intake,,,,13,1,0,0,,,,,0.0,0.0,categorical,0.0001,0.9999,13.0
42522,mimiciii.INPUTEVENTS_CV,FOLEY FLUSH,,Free Form Intake,,,,13,1,0,0,,,,,0.0,0.0,categorical,0.0001,0.9999,13.0
42646,mimiciii.INPUTEVENTS_CV,HYDRALAZINE IV,,Free Form Intake,,,,13,1,0,0,,,,,0.0,0.0,categorical,0.0001,0.9999,13.0
41201,mimiciii.INPUTEVENTS_CV,probalance TF,,Free Form Intake,,,,13,1,0,0,,,,,0.0,0.0,categorical,0.0001,0.9999,13.0
41581,mimiciii.INPUTEVENTS_CV,Water bolus,,Free Form Intake,,,,13,1,0,0,,,,,0.0,0.0,categorical,0.0001,0.9999,13.0
45847,mimiciii.INPUTEVENTS_CV,nutren,,Free Form Intake,,,,13,1,0,0,,,,,0.0,0.0,categorical,0.0001,0.9999,13.0
51011,mimiciii.LABEVENTS,<Albumin>,,Chemistry,,1746-7,Cerebrospinal Fluid (CSF),12,12,11,12,mg/dL,3.7,33.9,219.0,1.0,0.9167,mixed,0.0006,0.9994,1.0
51353,mimiciii.LABEVENTS,Mesothelial cells,,Hematology,,30429-5,Cerebrospinal Fluid (CSF),12,12,12,12,%,0.0,0.5,8.0,1.0,1.0,numeric,0.0006,0.9994,1.0
51334,mimiciii.LABEVENTS,CD8,,Hematology,,51372-1,Bone Marrow,12,11,0,0,,,,,0.0,0.0,categorical,0.0006,0.9994,1.091
51391,mimiciii.LABEVENTS,CD11c,,Hematology,,51232-7,Other Body Fluid,12,10,0,0,,,,,0.0,0.0,categorical,0.0005,0.9995,1.2
51323,mimiciii.LABEVENTS,CD4,,Hematology,,51301-0,Bone Marrow,12,11,0,0,,,,,0.0,0.0,categorical,0.0006,0.9994,1.091
50837,mimiciii.LABEVENTS,"Bicarbonate, Ascites",,Chemistry,,54360-3,Ascites,12,10,10,12,mEq/L,8.0,18.0,29.0,1.0,0.8333,mixed,0.0005,0.9995,1.2
51217,mimiciii.LABEVENTS,Glyco A,,Hematology,,17221-3,Blood,12,12,0,0,,,,,0.0,0.0,categorical,0.0006,0.9994,1.0
50839,mimiciii.LABEVENTS,"Chloride, Ascites",,Chemistry,,33366-6,Ascites,12,11,12,12,mEq/L,93.0,109.5,126.0,1.0,1.0,numeric,0.0006,0.9994,1.091
50898,mimiciii.LABEVENTS,Cancer Antigen 27.29,,Chemistry,,17842-6,Blood,12,11,12,12,U/mL,18.0,47.5,1287.0,1.0,1.0,numeric,0.0006,0.9994,1.091
51309,mimiciii.LABEVENTS,CD14,,Hematology,,32507-6,Bone Marrow,12,11,0,0,,,,,0.0,0.0,categorical,0.0006,0.9994,1.091
226707,mimiciii.CHARTEVENTS,Height,Height,General,Inch,Numeric,,12,12,12,12,Inch,60.0,66.5,74.0,1.0,1.0,numeric,0.0006,0.9994,1.0
1359,mimiciii.CHARTEVENTS,complete bath,,,,,,12,4,0,0,,,,,0.0,0.0,categorical,0.0002,0.9998,3.0
6484,mimiciii.CHARTEVENTS,Rt Thigh Girth,,,,,,12,1,12,0,,19.0,19.5,19.5,0.0,1.0,numeric,0.0001,0.9999,12.0
2438,mimiciii.CHARTEVENTS,TPN,,,,,,12,1,11,0,,44.3,44.3,44.3,0.0,0.9167,mixed,0.0001,0.9999,12.0
6410,mimiciii.CHARTEVENTS,Auto Rotation,,,,,,12,1,0,0,,,,,0.0,0.0,categorical,0.0001,0.9999,12.0
2717,mimiciii.CHARTEVENTS,NITRIC OXIDE,,,,,,12,2,12,0,,3.0,10.0,40.0,0.0,1.0,numeric,0.0001,0.9999,6.0
6845,mimiciii.CHARTEVENTS,Other cooling,,,,,,12,1,0,0,,,,,0.0,0.0,categorical,0.0001,0.9999,12.0
2792,mimiciii.CHARTEVENTS,pr interval,,,,,,12,3,12,0,,0.21,0.23,0.3,0.0,1.0,numeric,0.0002,0.9998,4.0
5639,mimiciii.CHARTEVENTS,r axilla-bupivacaine,,,,,,12,1,0,0,,,,,0.0,0.0,categorical,0.0001,0.9999,12.0
2356,mimiciii.CHARTEVENTS,RIGHT HEEL DRESSING,,,,,,12,1,0,0,,,,,0.0,0.0,categorical,0.0001,0.9999,12.0
1588,mimiciii.CHARTEVENTS,min vol,,,,,,12,1,12,0,,15.0,16.0,18.0,0.0,1.0,numeric,0.0001,0.9999,12.0
3033,mimiciii.CHARTEVENTS,hair washed,,,,,,12,8,0,0,,,,,0.0,0.0,categorical,0.0004,0.9996,1.5
3095,mimiciii.CHARTEVENTS,(R) FEM ART,,,,,,12,1,0,0,,,,,0.0,0.0,categorical,0.0001,0.9999,12.0
3139,mimiciii.CHARTEVENTS,LUE fistula,,,,,,12,1,0,0,,,,,0.0,0.0,categorical,0.0001,0.9999,12.0
7194,mimiciii.CHARTEVENTS,NEPHROTUBE COLOR,,,,,,12,1,0,0,,,,,0.0,0.0,categorical,0.0001,0.9999,12.0
1570,mimiciii.CHARTEVENTS,HI TIDAL VOL,,,,,,12,3,12,0,,1.0,4.5,1000.0,0.0,1.0,numeric,0.0002,0.9998,4.0
2947,mimiciii.CHARTEVENTS,approtinin cc/hr,,,,,,12,2,12,0,,0.0,25.0,25.0,0.0,1.0,numeric,0.0001,0.9999,6.0
2786,mimiciii.CHARTEVENTS,PGTAILS/FLUSH/10MLNS,,,,,,12,1,0,0,,,,,0.0,0.0,categorical,0.0001,0.9999,12.0
226730,mimiciii.CHARTEVENTS,Height (cm),Height (cm),General,cm,Numeric,,12,12,12,12,cm,152.0,169.0,187.0,1.0,1.0,numeric,0.0006,0.9994,1.0
1791,mimiciii.CHARTEVENTS,multi-podis boot,,,,,,12,1,0,0,,,,,0.0,0.0,categorical,0.0001,0.9999,12.0
6783,mimiciii.CHARTEVENTS,Peri care,,,,,,12,2,0,0,,,,,0.0,0.0,categorical,0.0001,0.9999,6.0
5804,mimiciii.CHARTEVENTS,sheath MAP,,,,,,12,1,12,0,,63.0,90.0,105.0,0.0,1.0,numeric,0.0001,0.9999,12.0
1890,mimiciii.CHARTEVENTS,Right Groin Check,,,,,,12,1,0,0,,,,,0.0,0.0,categorical,0.0001,0.9999,12.0
2444,mimiciii.CHARTEVENTS,CISATRACUR.MCGKGMIN,,,,,,12,1,11,0,,0.0,3.0,3.0,0.0,0.9167,mixed,0.0001,0.9999,12.0
6852,mimiciii.CHARTEVENTS,nausea,,,,,,12,1,0,0,,,,,0.0,0.0,categorical,0.0001,0.9999,12.0
6507,mimiciii.CHARTEVENTS,Radial a-line,,,,,,12,1,0,0,,,,,0.0,0.0,categorical,0.0001,0.9999,12.0
2300,mimiciii.CHARTEVENTS,L LEG WAFFLE BOOT,,,,,,12,1,0,0,,,,,0.0,0.0,categorical,0.0001,0.9999,12.0
3004,mimiciii.CHARTEVENTS,spontaneous VT,,,,,,12,1,12,0,,360.0,430.0,730.0,0.0,1.0,numeric,0.0001,0.9999,12.0
2349,mimiciii.CHARTEVENTS,APROTONIN U/HR,,,,,,12,2,0,0,,,,,0.0,0.0,categorical,0.0001,0.9999,6.0
6124,mimiciii.CHARTEVENTS,R fem art line,,,,,,12,1,0,0,,,,,0.0,0.0,categorical,0.0001,0.9999,12.0
6338,mimiciii.CHARTEVENTS,femoral line left,,,,,,12,1,0,0,,,,,0.0,0.0,categorical,0.0001,0.9999,12.0
2018,mimiciii.CHARTEVENTS,High min volume,,,,,,12,1,12,0,,15.0,15.0,15.0,0.0,1.0,numeric,0.0001,0.9999,12.0
8027,mimiciii.CHARTEVENTS,ted stocking,,,,,,12,1,0,0,,,,,0.0,0.0,categorical,0.0001,0.9999,12.0
5756,mimiciii.CHARTEVENTS,PINPS,,,,,,12,3,12,0,,26.0,35.0,40.0,0.0,1.0,numeric,0.0002,0.9998,4.0
8129,mimiciii.CHARTEVENTS,r arm fistula,,,,,,12,1,0,0,,,,,0.0,0.0,categorical,0.0001,0.9999,12.0
6286,mimiciii.CHARTEVENTS,FLOW,,,,,,12,1,12,0,,45.0,55.0,55.0,0.0,1.0,numeric,0.0001,0.9999,12.0
1609,mimiciii.CHARTEVENTS,Isuprel 1mcg/min,,,,,,12,1,12,0,,0.0,0.5,1.0,0.0,1.0,numeric,0.0001,0.9999,12.0
5786,mimiciii.CHARTEVENTS,high pressure,,,,,,12,1,12,0,,40.0,50.0,50.0,0.0,1.0,numeric,0.0001,0.9999,12.0
7193,mimiciii.CHARTEVENTS,NEPHRO TUBE,,,,,,12,1,0,0,,,,,0.0,0.0,categorical,0.0001,0.9999,12.0
6420,mimiciii.CHARTEVENTS,PERICARE,,,,,,12,1,0,0,,,,,0.0,0.0,categorical,0.0001,0.9999,12.0
6862,mimiciii.CHARTEVENTS,bed rotation on/off,,,,,,12,1,0,0,,,,,0.0,0.0,categorical,0.0001,0.9999,12.0
6439,mimiciii.CHARTEVENTS,Nitric tank pressure,,,,,,12,2,12,0,,1.0,800.0,1800.0,0.0,1.0,numeric,0.0001,0.9999,6.0
226136,mimiciii.CHARTEVENTS,16 Gauge placed in outside facility,16 Gauge placed in outside facility,Access Lines - Peripheral,,Checkbox,,12,2,12,0,,0.0,0.0,0.0,0.0,1.0,numeric,0.0001,0.9999,6.0
7359,mimiciii.CHARTEVENTS,nasal irrigation TID,,,,,,12,1,0,0,,,,,0.0,0.0,categorical,0.0001,0.9999,12.0
2173,mimiciii.CHARTEVENTS,EYE CARE,,,,,,12,1,0,0,,,,,0.0,0.0,categorical,0.0001,0.9999,12.0
2852,mimiciii.CHARTEVENTS,COUGH/DEEP BREATHE,,,,,,12,2,0,0,,,,,0.0,0.0,categorical,0.0001,0.9999,6.0
42382,mimiciii.INPUTEVENTS_CV,READI-CAT,,Free Form Intake,,,,12,5,0,0,,,,,0.0,0.0,categorical,0.0003,0.9997,2.4
46192,mimiciii.INPUTEVENTS_CV,OR cryo,,Free Form Intake,,,,12,1,0,0,,,,,0.0,0.0,categorical,0.0001,0.9999,12.0
42395,mimiciii.INPUTEVENTS_CV,D5W + 40 KCL,,Free Form Intake,,,,12,1,0,0,,,,,0.0,0.0,categorical,0.0001,0.9999,12.0
42607,mimiciii.INPUTEVENTS_CV,"THIAME,FOLICACID,MVI",,Free Form Intake,,,,12,1,0,0,,,,,0.0,0.0,categorical,0.0001,0.9999,12.0
45276,mimiciii.INPUTEVENTS_CV,Pantroprazole,,Free Form Intake,,,,12,1,0,0,,,,,0.0,0.0,categorical,0.0001,0.9999,12.0
45226,mimiciii.INPUTEVENTS_CV,NA Phosphate 30mmol,,Free Form Intake,,,,12,1,0,0,,,,,0.0,0.0,categorical,0.0001,0.9999,12.0
44949,mimiciii.INPUTEVENTS_CV,gu irrigant,,Free Form Intake,,,,12,2,0,0,,,,,0.0,0.0,categorical,0.0001,0.9999,6.0
41447,mimiciii.INPUTEVENTS_CV,Panidronate,,Free Form Intake,,,,12,1,0,0,,,,,0.0,0.0,categorical,0.0001,0.9999,12.0
41457,mimiciii.INPUTEVENTS_CV,Free H20 intake,,Free Form Intake,,,,12,1,0,0,,,,,0.0,0.0,categorical,0.0001,0.9999,12.0
43113,mimiciii.INPUTEVENTS_CV,SOIDUM PHOSPHATE,,Free Form Intake,,,,12,1,0,0,,,,,0.0,0.0,categorical,0.0001,0.9999,12.0
43969,mimiciii.INPUTEVENTS_CV,kvo line,,Free Form Intake,,,,12,1,0,0,,,,,0.0,0.0,categorical,0.0001,0.9999,12.0
44698,mimiciii.INPUTEVENTS_CV,peritoneal dialysate,,Free Form Intake,,,,12,1,0,0,,,,,0.0,0.0,categorical,0.0001,0.9999,12.0
40794,mimiciii.INPUTEVENTS_CV,Na Phosphate,,Free Form Intake,,,,12,2,0,0,,,,,0.0,0.0,categorical,0.0001,0.9999,6.0
42721,mimiciii.INPUTEVENTS_CV,40kcl in 500ns,,Free Form Intake,,,,12,1,0,0,,,,,0.0,0.0,categorical,0.0001,0.9999,12.0
40832,mimiciii.INPUTEVENTS_CV,NS/PITOCIN 20U,,Free Form Intake,,,,12,1,0,0,,,,,0.0,0.0,categorical,0.0001,0.9999,12.0
43007,mimiciii.INPUTEVENTS_CV,MultiVitamin,,Free Form Intake,,,,12,1,0,0,,,,,0.0,0.0,categorical,0.0001,0.9999,12.0
41220,mimiciii.INPUTEVENTS_CV,hd,,,,,,12,3,0,0,,,,,0.0,0.0,categorical,0.0002,0.9998,4.0
42802,mimiciii.INPUTEVENTS_CV,VASOPRESSIN  CC/HR.,,Free Form Intake,,,,12,1,0,0,,,,,0.0,0.0,categorical,0.0001,0.9999,12.0
40452,mimiciii.INPUTEVENTS_CV,C.O.,,,,,,12,2,0,0,,,,,0.0,0.0,categorical,0.0001,0.9999,6.0
45224,mimiciii.INPUTEVENTS_CV,NA PHOSPHATE 15MMOL,,Free Form Intake,,,,12,1,0,0,,,,,0.0,0.0,categorical,0.0001,0.9999,12.0
43109,mimiciii.INPUTEVENTS_CV,Golytly,,Free Form Intake,,,,12,1,0,0,,,,,0.0,0.0,categorical,0.0001,0.9999,12.0
40744,mimiciii.INPUTEVENTS_CV,pad change,,,,,,12,1,0,0,,,,,0.0,0.0,categorical,0.0001,0.9999,12.0
51333,mimiciii.LABEVENTS,CD71,,Hematology,,,Bone Marrow,11,10,0,0,,,,,0.0,0.0,categorical,0.0005,0.9995,1.1
51357,mimiciii.LABEVENTS,NRBC,,Hematology,,48778-5,Cerebrospinal Fluid (CSF),11,11,11,11,%,0.0,2.0,7.0,1.0,1.0,numeric,0.0006,0.9994,1.0
51096,mimiciii.LABEVENTS,Porphobilinogen Screen,,Chemistry,,2809-2,Urine,11,9,0,11,+/-,,,,1.0,0.0,categorical,0.0005,0.9995,1.222
51381,mimiciii.LABEVENTS,Other,,Hematology,,,Joint Fluid,11,11,11,11,%,0.0,2.0,6.0,1.0,1.0,numeric,0.0006,0.9994,1.0
51390,mimiciii.LABEVENTS,CD117,,Hematology,,42867-2,Other Body Fluid,11,10,0,0,,,,,0.0,0.0,categorical,0.0005,0.9995,1.1
51461,mimiciii.LABEVENTS,Ammonium Biurate,,Hematology,,12454-5,Urine,11,11,0,0,,,,,0.0,0.0,categorical,0.0006,0.9994,1.0
50850,mimiciii.LABEVENTS,"Triglycerides, Ascites",,Chemistry,,14447-7,Ascites,11,11,11,11,mg/dL,16.0,58.0,772.0,1.0,1.0,numeric,0.0006,0.9994,1.0
51511,mimiciii.LABEVENTS,Urine Fat Bodies,,Hematology,,2272-3,Urine,11,11,0,0,,,,,0.0,0.0,categorical,0.0006,0.9994,1.0
6830,mimiciii.CHARTEVENTS,Ostomy dsg change,,,,,,11,1,0,0,,,,,0.0,0.0,categorical,0.0001,0.9999,11.0
2973,mimiciii.CHARTEVENTS,High Mv,,,,,,11,2,11,0,,12.0,19.0,20.0,0.0,1.0,numeric,0.0001,0.9999,5.5
2320,mimiciii.CHARTEVENTS,Lower leg splint,,,,,,11,1,0,0,,,,,0.0,0.0,categorical,0.0001,0.9999,11.0
6533,mimiciii.CHARTEVENTS,Coccyx WTD Dressing,,,,,,11,1,0,0,,,,,0.0,0.0,categorical,0.0001,0.9999,11.0
1969,mimiciii.CHARTEVENTS,abduction pillow,,,,,,11,1,0,0,,,,,0.0,0.0,categorical,0.0001,0.9999,11.0
7464,mimiciii.CHARTEVENTS,Discon,,,,,,11,1,11,0,,0.0,10.0,20.0,0.0,1.0,numeric,0.0001,0.9999,11.0
1729,mimiciii.CHARTEVENTS,Hi Min Vent,,,,,,11,1,11,0,,15.0,15.0,15.0,0.0,1.0,numeric,0.0001,0.9999,11.0
3269,mimiciii.CHARTEVENTS,XIGRIS MG/HR,,,,,,11,1,10,0,,2.36,2.36,2.36,0.0,0.9091,mixed,0.0001,0.9999,11.0
6586,mimiciii.CHARTEVENTS,Heliox Tank PSI,,,,,,11,1,11,0,,300.0,1000.0,2000.0,0.0,1.0,numeric,0.0001,0.9999,11.0
2815,mimiciii.CHARTEVENTS,INCENTIVE SPIROMETRY,,,,,,11,2,0,0,,,,,0.0,0.0,categorical,0.0001,0.9999,5.5
2632,mimiciii.CHARTEVENTS,unassisted diastole,,,,,,11,1,11,0,,47.0,56.0,65.0,0.0,1.0,numeric,0.0001,0.9999,11.0
225112,mimiciii.CHARTEVENTS,Unable to assess pain,Unable to assess pain,Adm History/FHPA,,Checkbox,,11,3,11,0,,1.0,1.0,1.0,0.0,1.0,numeric,0.0002,0.9998,3.667
227348,mimiciii.CHARTEVENTS,Low risk (25-50) interventions,Low risk (25-50) interventions,Restraint/Support Systems,,Checkbox,,11,1,11,0,,1.0,1.0,1.0,0.0,1.0,numeric,0.0001,0.9999,11.0
1608,mimiciii.CHARTEVENTS,air mattress,,,,,,11,1,0,0,,,,,0.0,0.0,categorical,0.0001,0.9999,11.0
3127,mimiciii.CHARTEVENTS,Sitter at bedside.,,,,,,11,1,0,0,,,,,0.0,0.0,categorical,0.0001,0.9999,11.0
6593,mimiciii.CHARTEVENTS,Multipodis Boots,,,,,,11,1,0,0,,,,,0.0,0.0,categorical,0.0001,0.9999,11.0
6782,mimiciii.CHARTEVENTS,nephrostomy,,,,,,11,2,0,0,,,,,0.0,0.0,categorical,0.0001,0.9999,5.5
226480,mimiciii.CHARTEVENTS,Ectopy Frequency 2,Ectopy Frequency 2,Routine Vital Signs,,Text,,11,2,0,0,,,,,0.0,0.0,categorical,0.0001,0.9999,5.5
2535,mimiciii.CHARTEVENTS,flap check,,,,,,11,1,0,0,,,,,0.0,0.0,categorical,0.0001,0.9999,11.0
7792,mimiciii.CHARTEVENTS,BATH CARE,,,,,,11,2,0,0,,,,,0.0,0.0,categorical,0.0001,0.9999,5.5
6542,mimiciii.CHARTEVENTS,edi,,,,,,11,1,11,0,,86.0,121.0,135.0,0.0,1.0,numeric,0.0001,0.9999,11.0
7751,mimiciii.CHARTEVENTS,STOMA BAG CHANGED,,,,,,11,2,0,0,,,,,0.0,0.0,categorical,0.0001,0.9999,5.5
2542,mimiciii.CHARTEVENTS,TOF TWICH MONITOR,,,,,,11,1,0,0,,,,,0.0,0.0,categorical,0.0001,0.9999,11.0
6916,mimiciii.CHARTEVENTS,nitric oxide ppm,,,,,,11,1,11,0,,0.0,20.0,20.0,0.0,1.0,numeric,0.0001,0.9999,11.0
2229,mimiciii.CHARTEVENTS,PAW,,,,,,11,1,11,0,,30.0,40.0,40.0,0.0,1.0,numeric,0.0001,0.9999,11.0
2377,mimiciii.CHARTEVENTS,MULTIPODUS BOOT RT,,,,,,11,1,0,0,,,,,0.0,0.0,categorical,0.0001,0.9999,11.0
6764,mimiciii.CHARTEVENTS,pupil deviation,,,,,,11,1,0,0,,,,,0.0,0.0,categorical,0.0001,0.9999,11.0
2633,mimiciii.CHARTEVENTS,unassisted systole,,,,,,11,1,11,0,,95.0,121.0,150.0,0.0,1.0,numeric,0.0001,0.9999,11.0
226185,mimiciii.CHARTEVENTS,ICU Consent Signed,ICU Consent Signed,General,,Checkbox,,11,11,11,0,,1.0,1.0,1.0,0.0,1.0,numeric,0.0006,0.9994,1.0
224110,mimiciii.CHARTEVENTS,Cervical Collar Status,Cervical Collar Status,Treatments,,Text,,11,1,0,0,,,,,0.0,0.0,categorical,0.0001,0.9999,11.0
7062,mimiciii.CHARTEVENTS,Mucomyst mcg/kg/min,,,,,,11,1,11,0,,15.0,100.0,100.0,0.0,1.0,numeric,0.0001,0.9999,11.0
7372,mimiciii.CHARTEVENTS,PANTOPRAZOLE,,,,,,11,1,2,0,,8.0,8.0,8.0,0.0,0.1818,mixed,0.0001,0.9999,11.0
6546,mimiciii.CHARTEVENTS,pm valve,,,,,,11,1,0,0,,,,,0.0,0.0,categorical,0.0001,0.9999,11.0
1322,mimiciii.CHARTEVENTS,rad. aline,,,,,,11,1,1,0,,97.0,97.0,97.0,0.0,0.0909,mixed,0.0001,0.9999,11.0
2932,mimiciii.CHARTEVENTS,aprotinine,,,,,,11,2,10,0,,25.0,25.0,25.0,0.0,0.9091,mixed,0.0001,0.9999,5.5
2944,mimiciii.CHARTEVENTS,Abdominal Binder.,,,,,,11,1,0,0,,,,,0.0,0.0,categorical,0.0001,0.9999,11.0
4527,mimiciii.CHARTEVENTS,heparin,,,,,,11,1,1,0,,950.0,950.0,950.0,0.0,0.0909,mixed,0.0001,0.9999,11.0
1038,mimiciii.CHARTEVENTS,Hi/minute/vols alarm,,,,,,11,1,11,0,,15.0,20.0,20.0,0.0,1.0,numeric,0.0001,0.9999,11.0
3208,mimiciii.CHARTEVENTS,ATC % (size 7),,,,,,11,1,2,0,,30.0,30.0,30.0,0.0,0.1818,mixed,0.0001,0.9999,11.0
6406,mimiciii.CHARTEVENTS,Rt Neck Massage,,,,,,11,1,0,0,,,,,0.0,0.0,categorical,0.0001,0.9999,11.0
3009,mimiciii.CHARTEVENTS,Insp.Time,,,,,,11,1,11,0,,1.0,1.0,1.5,0.0,1.0,numeric,0.0001,0.9999,11.0
5789,mimiciii.CHARTEVENTS,RT. AVF BRUIT/THRILL,,,,,,11,1,0,0,,,,,0.0,0.0,categorical,0.0001,0.9999,11.0
1323,mimiciii.CHARTEVENTS,high exhaled min.vol,,,,,,11,1,11,0,,20.0,20.0,20.0,0.0,1.0,numeric,0.0001,0.9999,11.0
225280,mimiciii.CHARTEVENTS,Called Out,Called Out,General,,Checkbox,,11,11,11,0,,0.0,1.0,1.0,0.0,1.0,numeric,0.0006,0.9994,1.0
225105,mimiciii.CHARTEVENTS,Unable to assess habits,Unable to assess habits,Adm History/FHPA,,Checkbox,,11,3,11,0,,1.0,1.0,1.0,0.0,1.0,numeric,0.0002,0.9998,3.667
6754,mimiciii.CHARTEVENTS,urine PH,,,,,,11,3,11,0,,5.0,6.0,8.0,0.0,1.0,numeric,0.0002,0.9998,3.667
5981,mimiciii.CHARTEVENTS,L FEM ART BP,,,,,,11,1,0,0,,,,,0.0,0.0,categorical,0.0001,0.9999,11.0
2666,mimiciii.CHARTEVENTS,alteplase,,,,,,11,1,11,0,,0.5,1.0,1.0,0.0,1.0,numeric,0.0001,0.9999,11.0
3069,mimiciii.CHARTEVENTS,ART R Groin,,,,,,11,1,0,0,,,,,0.0,0.0,categorical,0.0001,0.9999,11.0
2484,mimiciii.CHARTEVENTS,incentive spirometer,,,,,,11,3,0,0,,,,,0.0,0.0,categorical,0.0002,0.9998,3.667
5998,mimiciii.CHARTEVENTS,meds,,,,,,11,1,0,0,,,,,0.0,0.0,categorical,0.0001,0.9999,11.0
1677,mimiciii.CHARTEVENTS,Altepase mg/hr,,,,,,11,1,11,0,,0.5,1.0,1.0,0.0,1.0,numeric,0.0001,0.9999,11.0
7551,mimiciii.CHARTEVENTS,L.ARM ELEVATION,,,,,,11,1,0,0,,,,,0.0,0.0,categorical,0.0001,0.9999,11.0
6433,mimiciii.CHARTEVENTS,SIGH BREATH,,,,,,11,1,11,0,,8.0,10.0,10.0,0.0,1.0,numeric,0.0001,0.9999,11.0
1914,mimiciii.CHARTEVENTS,Cpap,,,,,,11,2,2,0,,14.0,14.0,14.0,0.0,0.1818,mixed,0.0001,0.9999,5.5
2248,mimiciii.CHARTEVENTS,VASOPRESSIN UNIT/MIN,,,,,,11,1,11,0,,0.0,0.0025,0.0025,0.0,1.0,numeric,0.0001,0.9999,11.0
2626,mimiciii.CHARTEVENTS,wound gel to coccyx,,,,,,11,1,0,0,,,,,0.0,0.0,categorical,0.0001,0.9999,11.0
2762,mimiciii.CHARTEVENTS,R SHEATH,,,,,,11,1,0,0,,,,,0.0,0.0,categorical,0.0001,0.9999,11.0
8186,mimiciii.CHARTEVENTS,svo2 RIJ,,,,,,11,1,11,0,,37.0,45.0,66.0,0.0,1.0,numeric,0.0001,0.9999,11.0
6669,mimiciii.CHARTEVENTS,APRV Phi,,,,,,11,1,11,0,,16.0,20.0,22.0,0.0,1.0,numeric,0.0001,0.9999,11.0
7482,mimiciii.CHARTEVENTS,irrigate pericardial,,,,,,11,1,0,0,,,,,0.0,0.0,categorical,0.0001,0.9999,11.0
8190,mimiciii.CHARTEVENTS,epicardial pacemaker,,,,,,11,1,0,0,,,,,0.0,0.0,categorical,0.0001,0.9999,11.0
46031,mimiciii.INPUTEVENTS_CV,POTASS PHOS 15 MMOL,,Free Form Intake,,,,11,1,0,0,,,,,0.0,0.0,categorical,0.0001,0.9999,11.0
45050,mimiciii.INPUTEVENTS_CV,MARCAINE LEFT,,Free Form Intake,,,,11,1,0,0,,,,,0.0,0.0,categorical,0.0001,0.9999,11.0
44798,mimiciii.INPUTEVENTS_CV,EW IV intake,,Free Form Intake,,,,11,1,0,0,,,,,0.0,0.0,categorical,0.0001,0.9999,11.0
44109,mimiciii.INPUTEVENTS_CV,500NS/KPHOS30mm,,Free Form Intake,,,,11,1,0,0,,,,,0.0,0.0,categorical,0.0001,0.9999,11.0
43759,mimiciii.INPUTEVENTS_CV,NS 40K 500CC,,Free Form Intake,,,,11,1,0,0,,,,,0.0,0.0,categorical,0.0001,0.9999,11.0
44779,mimiciii.INPUTEVENTS_CV,Baricat,,Free Form Intake,,,,11,2,0,0,,,,,0.0,0.0,categorical,0.0001,0.9999,5.5
42126,mimiciii.INPUTEVENTS_CV,Solumedrol gtt,,Free Form Intake,,,,11,1,0,0,,,,,0.0,0.0,categorical,0.0001,0.9999,11.0
46522,mimiciii.INPUTEVENTS_CV,Pantoprazole 8mg/hr,,Free Form Intake,,,,11,1,0,0,,,,,0.0,0.0,categorical,0.0001,0.9999,11.0
45979,mimiciii.INPUTEVENTS_CV,NaHcO3 150meq in D5W,,Free Form Intake,,,,11,1,0,0,,,,,0.0,0.0,categorical,0.0001,0.9999,11.0
46174,mimiciii.INPUTEVENTS_CV,Protonix gtt 8mg/hr,,Free Form Intake,,,,11,1,0,0,,,,,0.0,0.0,categorical,0.0001,0.9999,11.0
46749,mimiciii.INPUTEVENTS_CV,D5W/150MEQ NA BICARB,,Free Form Intake,,,,11,1,0,0,,,,,0.0,0.0,categorical,0.0001,0.9999,11.0
46610,mimiciii.INPUTEVENTS_CV,Contrast,,Free Form Intake,,,,11,1,0,0,,,,,0.0,0.0,categorical,0.0001,0.9999,11.0
40548,mimiciii.INPUTEVENTS_CV,ALBUMIN,,Free Form Intake,,,,11,2,0,0,,,,,0.0,0.0,categorical,0.0001,0.9999,5.5
45051,mimiciii.INPUTEVENTS_CV,MARCAINE RIGHT,,Free Form Intake,,,,11,1,0,0,,,,,0.0,0.0,categorical,0.0001,0.9999,11.0
41824,mimiciii.INPUTEVENTS_CV,D5W 150meq NAHCO3,,Free Form Intake,,,,11,1,0,0,,,,,0.0,0.0,categorical,0.0001,0.9999,11.0
41825,mimiciii.INPUTEVENTS_CV,golytlely,,Free Form Intake,,,,11,1,0,0,,,,,0.0,0.0,categorical,0.0001,0.9999,11.0
42211,mimiciii.INPUTEVENTS_CV,left fem a-line site,,,,,,11,1,0,0,,,,,0.0,0.0,categorical,0.0001,0.9999,11.0
41538,mimiciii.INPUTEVENTS_CV,enema-lactulose,,Free Form Intake,,,,11,1,0,0,,,,,0.0,0.0,categorical,0.0001,0.9999,11.0
42217,mimiciii.INPUTEVENTS_CV,peritoneal fluid,,,,,,11,2,0,0,,,,,0.0,0.0,categorical,0.0001,0.9999,5.5
44881,mimiciii.INPUTEVENTS_CV,N/S WITH 40MEQ OF KL,,Free Form Intake,,,,11,1,0,0,,,,,0.0,0.0,categorical,0.0001,0.9999,11.0
46109,mimiciii.INPUTEVENTS_CV,T3,,Free Form Intake,,,,11,1,0,0,,,,,0.0,0.0,categorical,0.0001,0.9999,11.0
46602,mimiciii.INPUTEVENTS_CV,Sodabicarb Drip,,Free Form Intake,,,,11,1,0,0,,,,,0.0,0.0,categorical,0.0001,0.9999,11.0
42848,mimiciii.INPUTEVENTS_CV,sodium bicarb,,Free Form Intake,,,,11,2,0,0,,,,,0.0,0.0,categorical,0.0001,0.9999,5.5
45956,mimiciii.INPUTEVENTS_CV,"mvi,thiam, folic d5w",,Free Form Intake,,,,11,1,0,0,,,,,0.0,0.0,categorical,0.0001,0.9999,11.0
40902,mimiciii.INPUTEVENTS_CV,Demerol,,Free Form Intake,,,,11,1,0,0,,,,,0.0,0.0,categorical,0.0001,0.9999,11.0
51202,mimiciii.LABEVENTS,Factor II,,Hematology,,3289-6,Blood,10,9,10,10,%,27.0,56.5,81.0,1.0,1.0,numeric,0.0005,0.9995,1.111
51124,mimiciii.LABEVENTS,Plasma,,Hematology,,40518-3,Ascites,10,8,10,10,%,0.0,1.0,2.0,1.0,1.0,numeric,0.0004,0.9996,1.25
51220,mimiciii.LABEVENTS,Heinz Body Prep,,Hematology,,48068-1,Blood,10,10,0,0,,,,,0.0,0.0,categorical,0.0005,0.9995,1.0
51280,mimiciii.LABEVENTS,Reptilase Time,,Hematology,,6683-7,Blood,10,10,10,10,sec,16.4,21.8,27.0,1.0,1.0,numeric,0.0005,0.9995,1.0
51281,mimiciii.LABEVENTS,Reptilase Time Control,,Hematology,,,Blood,10,10,8,10,sec,16.0,18.6,19.9,1.0,0.8,mixed,0.0005,0.9995,1.0
50901,mimiciii.LABEVENTS,Centromere,,Chemistry,,16570-4,Blood,10,10,0,0,,,,,0.0,0.0,categorical,0.0005,0.9995,1.0
51290,mimiciii.LABEVENTS,Sickle Cell Preparation,,Hematology,,6864-3,Blood,10,7,0,0,,,,,0.0,0.0,categorical,0.0004,0.9996,1.429
7845,mimiciii.CHARTEVENTS,I time set,,,,,,10,1,10,0,,1.2,2.2,2.5,0.0,1.0,numeric,0.0001,0.9999,10.0
3094,mimiciii.CHARTEVENTS,(L) FEM ART,,,,,,10,1,0,0,,,,,0.0,0.0,categorical,0.0001,0.9999,10.0
3120,mimiciii.CHARTEVENTS,L AVF-BRUIT/THRILL,,,,,,10,1,0,0,,,,,0.0,0.0,categorical,0.0001,0.9999,10.0
7227,mimiciii.CHARTEVENTS,TLow,,,,,,10,2,10,0,,0.4,0.5,0.5,0.0,1.0,numeric,0.0001,0.9999,5.0
6407,mimiciii.CHARTEVENTS,Warm compress,,,,,,10,1,0,0,,,,,0.0,0.0,categorical,0.0001,0.9999,10.0
5938,mimiciii.CHARTEVENTS,lvad svr,,,,,,10,1,10,0,,680.0,970.0,1394.0,0.0,1.0,numeric,0.0001,0.9999,10.0
1321,mimiciii.CHARTEVENTS,map,,,,,,10,1,10,0,,70.0,79.0,83.0,0.0,1.0,numeric,0.0001,0.9999,10.0
6670,mimiciii.CHARTEVENTS,APRV Plo,,,,,,10,1,10,0,,12.0,14.0,16.0,0.0,1.0,numeric,0.0001,0.9999,10.0
2042,mimiciii.CHARTEVENTS,TLOW,,,,,,10,2,10,0,,0.4,0.4,1.2,0.0,1.0,numeric,0.0001,0.9999,5.0
1896,mimiciii.CHARTEVENTS,MPB,,,,,,10,1,0,0,,,,,0.0,0.0,categorical,0.0001,0.9999,10.0
2933,mimiciii.CHARTEVENTS,SVO2 SAT,,,,,,10,1,10,0,,77.0,87.5,95.0,0.0,1.0,numeric,0.0001,0.9999,10.0
2379,mimiciii.CHARTEVENTS,RAD ART S/D,,,,,,10,1,1,0,,67.0,67.0,67.0,0.0,0.1,mixed,0.0001,0.9999,10.0
6641,mimiciii.CHARTEVENTS,Heliox flow,,,,,,10,1,10,0,,4.0,4.0,8.0,0.0,1.0,numeric,0.0001,0.9999,10.0
2137,mimiciii.CHARTEVENTS,Nephrostomy Drain,,,,,,10,1,0,0,,,,,0.0,0.0,categorical,0.0001,0.9999,10.0
7089,mimiciii.CHARTEVENTS,P4,,,,,,10,1,10,0,,0.0,14.0,21.0,0.0,1.0,numeric,0.0001,0.9999,10.0
7002,mimiciii.CHARTEVENTS,LUE fistula thrill,,,,,,10,1,0,0,,,,,0.0,0.0,categorical,0.0001,0.9999,10.0
223840,mimiciii.CHARTEVENTS,ETT Re-taped,ETT Re-taped,Respiratory,,Text,,10,7,0,0,,,,,0.0,0.0,categorical,0.0004,0.9996,1.429
227088,mimiciii.CHARTEVENTS,Admit from,Admit from,General,,Text,,10,10,0,0,,,,,0.0,0.0,categorical,0.0005,0.9995,1.0
5640,mimiciii.CHARTEVENTS,r popliteal bupivace,,,,,,10,1,0,0,,,,,0.0,0.0,categorical,0.0001,0.9999,10.0
1231,mimiciii.CHARTEVENTS,side rails padded,,,,,,10,1,0,0,,,,,0.0,0.0,categorical,0.0001,0.9999,10.0
2569,mimiciii.CHARTEVENTS,cath site,,,,,,10,1,0,0,,,,,0.0,0.0,categorical,0.0001,0.9999,10.0
7277,mimiciii.CHARTEVENTS,Isoproterenol,,,,,,10,2,9,0,,2.0,2.0,2.0,0.0,0.9,mixed,0.0001,0.9999,5.0
3259,mimiciii.CHARTEVENTS,mv,,,,,,10,2,10,0,,18.0,18.0,21.0,0.0,1.0,numeric,0.0001,0.9999,5.0
1614,mimiciii.CHARTEVENTS,Time High,,,,,,10,2,10,0,,1.4,1.8,4.0,0.0,1.0,numeric,0.0001,0.9999,5.0
227469,mimiciii.CHARTEVENTS,Thrombin,Thrombin,Labs,None,Numeric with tag,,10,8,10,10,sec,18.1,24.85,150.0,1.0,1.0,numeric,0.0004,0.9996,1.25
2445,mimiciii.CHARTEVENTS,Vasopressin,,,,,,10,2,1,0,,6.0,6.0,6.0,0.0,0.1,mixed,0.0001,0.9999,5.0
2341,mimiciii.CHARTEVENTS,CLOT IN BLOODBANK,,,,,,10,2,0,0,,,,,0.0,0.0,categorical,0.0001,0.9999,5.0
6656,mimiciii.CHARTEVENTS,PHigh,,,,,,10,3,10,0,,25.0,34.0,37.0,0.0,1.0,numeric,0.0002,0.9998,3.333
1660,mimiciii.CHARTEVENTS,High Tidal volume,,,,,,10,1,8,0,,1.4,1.4,1.4,0.0,0.8,mixed,0.0001,0.9999,10.0
2394,mimiciii.CHARTEVENTS,IVF,,,,,,10,1,10,0,,125.0,125.0,125.0,0.0,1.0,numeric,0.0001,0.9999,10.0
2420,mimiciii.CHARTEVENTS,TIDAL VOLUME,,,,,,10,1,10,0,,570.0,640.0,780.0,0.0,1.0,numeric,0.0001,0.9999,10.0
5645,mimiciii.CHARTEVENTS,ct dressing,,,,,,10,1,0,0,,,,,0.0,0.0,categorical,0.0001,0.9999,10.0
7245,mimiciii.CHARTEVENTS,CALCIUM GLUC ML/HR,,,,,,10,1,10,0,,30.0,30.0,35.0,0.0,1.0,numeric,0.0001,0.9999,10.0
2057,mimiciii.CHARTEVENTS,nitric tank pressure,,,,,,10,1,10,0,,250.0,1450.0,1950.0,0.0,1.0,numeric,0.0001,0.9999,10.0
225129,mimiciii.CHARTEVENTS,Unable to assess teaching / learning needs,Unable to assess teaching / learning needs,Adm History/FHPA,,Checkbox,,10,6,10,0,,1.0,1.0,1.0,0.0,1.0,numeric,0.0003,0.9997,1.667
6181,mimiciii.CHARTEVENTS,1o cc ns irrigation,,,,,,10,1,1,0,,10.0,10.0,10.0,0.0,0.1,mixed,0.0001,0.9999,10.0
6671,mimiciii.CHARTEVENTS,APRV T hi,,,,,,10,1,10,0,,3.5,3.5,3.5,0.0,1.0,numeric,0.0001,0.9999,10.0
6469,mimiciii.CHARTEVENTS,nephostomy,,,,,,10,1,0,0,,,,,0.0,0.0,categorical,0.0001,0.9999,10.0
1966,mimiciii.CHARTEVENTS,HI MV Alarm,,,,,,10,1,10,0,,14.0,15.0,15.0,0.0,1.0,numeric,0.0001,0.9999,10.0
6026,mimiciii.CHARTEVENTS,NECKJP/DRAINAGE/SITE,,,,,,10,1,0,0,,,,,0.0,0.0,categorical,0.0001,0.9999,10.0
1851,mimiciii.CHARTEVENTS,DSG CHANGE,,,,,,10,1,0,0,,,,,0.0,0.0,categorical,0.0001,0.9999,10.0
2643,mimiciii.CHARTEVENTS,N.O.,,,,,,10,2,10,0,,0.0,20.0,80.0,0.0,1.0,numeric,0.0001,0.9999,5.0
1457,mimiciii.CHARTEVENTS,CPAP,,,,,,10,4,1,0,,10.0,10.0,10.0,0.0,0.1,mixed,0.0002,0.9998,2.5
1736,mimiciii.CHARTEVENTS,hi/min/vent,,,,,,10,1,10,0,,10.0,13.0,15.0,0.0,1.0,numeric,0.0001,0.9999,10.0
2669,mimiciii.CHARTEVENTS,svo2,,,,,,10,1,10,0,,79.0,82.0,84.0,0.0,1.0,numeric,0.0001,0.9999,10.0
7092,mimiciii.CHARTEVENTS,Tinsp,,,,,,10,1,10,0,,0.8,0.9,0.9,0.0,1.0,numeric,0.0001,0.9999,10.0
7091,mimiciii.CHARTEVENTS,P5,,,,,,10,1,10,0,,0.0,2.0,48.0,0.0,1.0,numeric,0.0001,0.9999,10.0
8345,mimiciii.CHARTEVENTS,Sigh peep level,,,,,,10,1,10,0,,13.0,13.0,13.0,0.0,1.0,numeric,0.0001,0.9999,10.0
7474,mimiciii.CHARTEVENTS,trach mark,,,,,,10,1,10,0,,7.0,10.0,12.5,0.0,1.0,numeric,0.0001,0.9999,10.0
3132,mimiciii.CHARTEVENTS,20# to skeletal tx,,,,,,10,1,0,0,,,,,0.0,0.0,categorical,0.0001,0.9999,10.0
224101,mimiciii.CHARTEVENTS,Chest PT R/L,Chest PT R/L,Treatments,,Text,,10,2,0,0,,,,,0.0,0.0,categorical,0.0001,0.9999,5.0
7095,mimiciii.CHARTEVENTS,Shaved,,,,,,10,4,0,0,,,,,0.0,0.0,categorical,0.0002,0.9998,2.5
2861,mimiciii.CHARTEVENTS,TPA mg/HR,,,,,,10,1,10,0,,8.3,8.3,50.0,0.0,1.0,numeric,0.0001,0.9999,10.0
6672,mimiciii.CHARTEVENTS,APRV T lo,,,,,,10,1,10,0,,0.5,1.0,1.0,0.0,1.0,numeric,0.0001,0.9999,10.0
226361,mimiciii.INPUTEVENTS_MV,Pre-Admission Intake,Pre-Admission Intake,Fluids/Intake,mL,Solution,,10,10,0,0,,,,,0.0,0.0,categorical,0.0005,0.9995,1.0
225168,mimiciii.INPUTEVENTS_MV,Packed Red Blood Cells,PRBC's,Blood Products/Colloids,mL,Solution,,10,8,10,10,mL/hour,67.1901,125.0,187.5,1.0,1.0,numeric,0.0004,0.9996,1.25
223260,mimiciii.INPUTEVENTS_MV,Insulin - Glargine,Insulin - Glargine,Medications,units,Solution,,10,2,0,0,,,,,0.0,0.0,categorical,0.0001,0.9999,5.0
45131,mimiciii.INPUTEVENTS_CV,D5W Bicarb,,Free Form Intake,,,,10,1,0,0,,,,,0.0,0.0,categorical,0.0001,0.9999,10.0
45211,mimiciii.INPUTEVENTS_CV,mannitol 50 grams,,Free Form Intake,,,,10,1,0,0,,,,,0.0,0.0,categorical,0.0001,0.9999,10.0
42692,mimiciii.INPUTEVENTS_CV,Angio,,Free Form Intake,,,,10,2,0,0,,,,,0.0,0.0,categorical,0.0001,0.9999,5.0
42956,mimiciii.INPUTEVENTS_CV,mucus stoma,,,,,,10,1,0,0,,,,,0.0,0.0,categorical,0.0001,0.9999,10.0
42125,mimiciii.INPUTEVENTS_CV,ANGIO IN,,Free Form Intake,,,,10,5,0,0,,,,,0.0,0.0,categorical,0.0003,0.9997,2.0
44495,mimiciii.INPUTEVENTS_CV,GT Residual,,,,,,10,1,0,0,,,,,0.0,0.0,categorical,0.0001,0.9999,10.0
40595,mimiciii.INPUTEVENTS_CV,na phosphate,,Free Form Intake,,,,10,1,0,0,,,,,0.0,0.0,categorical,0.0001,0.9999,10.0
44511,mimiciii.INPUTEVENTS_CV,Plasmapheresis,,Free Form Intake,,,,10,2,0,0,,,,,0.0,0.0,categorical,0.0001,0.9999,5.0
43689,mimiciii.INPUTEVENTS_CV,HD fluid removal,,,,,,10,1,0,0,,,,,0.0,0.0,categorical,0.0001,0.9999,10.0
43039,mimiciii.INPUTEVENTS_CV,ca gluc gtt,,Free Form Intake,,,,10,1,0,0,,,,,0.0,0.0,categorical,0.0001,0.9999,10.0
46457,mimiciii.INPUTEVENTS_CV,Golytely bowel prep,,Free Form Intake,,,,10,1,0,0,,,,,0.0,0.0,categorical,0.0001,0.9999,10.0
44638,mimiciii.INPUTEVENTS_CV,R LQ punch,,,,,,10,1,0,0,,,,,0.0,0.0,categorical,0.0001,0.9999,10.0
44047,mimiciii.INPUTEVENTS_CV,40 KCL/500CC,,Free Form Intake,,,,10,1,0,0,,,,,0.0,0.0,categorical,0.0001,0.9999,10.0
45038,mimiciii.INPUTEVENTS_CV,1/2 str. Nepro,,Free Form Intake,,,,10,1,0,0,,,,,0.0,0.0,categorical,0.0001,0.9999,10.0
42223,mimiciii.INPUTEVENTS_CV,ns w/40kcl,,Free Form Intake,,,,10,1,0,0,,,,,0.0,0.0,categorical,0.0001,0.9999,10.0
42805,mimiciii.INPUTEVENTS_CV,multivitamins,,Free Form Intake,,,,10,1,0,0,,,,,0.0,0.0,categorical,0.0001,0.9999,10.0
41493,mimiciii.INPUTEVENTS_CV,THERMODILUTION FLUID,,Free Form Intake,,,,10,1,0,0,,,,,0.0,0.0,categorical,0.0001,0.9999,10.0
40889,mimiciii.INPUTEVENTS_CV,OCTREOTIDE,,Free Form Intake,,,,10,1,0,0,,,,,0.0,0.0,categorical,0.0001,0.9999,10.0
45288,mimiciii.INPUTEVENTS_CV,rt & lt groin sites,,,,,,10,1,0,0,,,,,0.0,0.0,categorical,0.0001,0.9999,10.0
45830,mimiciii.INPUTEVENTS_CV,vaginal bleeding,,,,,,10,1,0,0,,,,,0.0,0.0,categorical,0.0001,0.9999,10.0
42609,mimiciii.INPUTEVENTS_CV,AMPHO-B,,Free Form Intake,,,,10,1,0,0,,,,,0.0,0.0,categorical,0.0001,0.9999,10.0
45398,mimiciii.INPUTEVENTS_CV,LACTULOSE PR,,Free Form Intake,,,,10,1,0,0,,,,,0.0,0.0,categorical,0.0001,0.9999,10.0
44760,mimiciii.INPUTEVENTS_CV,NS WITH K-PHOS,,Free Form Intake,,,,10,1,0,0,,,,,0.0,0.0,categorical,0.0001,0.9999,10.0
44464,mimiciii.INPUTEVENTS_CV,K PHOS-30,,Free Form Intake,,,,10,1,0,0,,,,,0.0,0.0,categorical,0.0001,0.9999,10.0
51502,mimiciii.LABEVENTS,Trichomonas,,Hematology,,32724-7,Urine,9,9,0,0,,,,,0.0,0.0,categorical,0.0005,0.9995,1.0
51395,mimiciii.LABEVENTS,CD15,,Hematology,,51252-5,Other Body Fluid,9,8,0,0,,,,,0.0,0.0,categorical,0.0004,0.9996,1.125
51336,mimiciii.LABEVENTS,Glyco A,,Hematology,,33208-0,Bone Marrow,9,8,0,0,,,,,0.0,0.0,categorical,0.0004,0.9996,1.125
51207,mimiciii.LABEVENTS,Factor VIII Inhibitor,,Hematology,,3204-5,Blood,9,3,0,0,,,,,0.0,0.0,categorical,0.0002,0.9998,3.0
50989,mimiciii.LABEVENTS,"Testosterone, Free",,Chemistry,,2991-8,Blood,9,9,5,9,pg/mL,2.4,3.4,19.0,1.0,0.5556,mixed,0.0005,0.9995,1.0
6153,mimiciii.CHARTEVENTS,PERCUSSION VIA BED,,,,,,9,1,0,0,,,,,0.0,0.0,categorical,0.0001,0.9999,9.0
1840,mimiciii.CHARTEVENTS,IRRIGATE PIGTAIL,,,,,,9,1,0,0,,,,,0.0,0.0,categorical,0.0001,0.9999,9.0
533,mimiciii.CHARTEVENTS,Peak Flow (Pred),,,,,,9,7,1,8,L/m,6.7,6.7,6.7,0.8889,0.1111,mixed,0.0004,0.9996,1.286
1385,mimiciii.CHARTEVENTS,NO tank,,,,,,9,1,9,0,,1400.0,1600.0,1800.0,0.0,1.0,numeric,0.0001,0.9999,9.0
6873,mimiciii.CHARTEVENTS,low MV,,,,,,9,1,9,0,,5.0,5.0,12.0,0.0,1.0,numeric,0.0001,0.9999,9.0
2395,mimiciii.CHARTEVENTS,PPN/TPN,,,,,,9,1,9,0,,42.0,42.0,42.0,0.0,1.0,numeric,0.0001,0.9999,9.0
2955,mimiciii.CHARTEVENTS,JVO2 SAT,,,,,,9,1,8,0,,68.0,75.5,84.0,0.0,0.8889,mixed,0.0001,0.9999,9.0
2910,mimiciii.CHARTEVENTS,R drain flush,,,,,,9,1,0,0,,,,,0.0,0.0,categorical,0.0001,0.9999,9.0
6767,mimiciii.CHARTEVENTS,heliox lpm,,,,,,9,1,9,0,,10.0,10.0,10.0,0.0,1.0,numeric,0.0001,0.9999,9.0
3135,mimiciii.CHARTEVENTS,ATG,,,,,,9,1,8,0,,41.0,41.0,41.1,0.0,0.8889,mixed,0.0001,0.9999,9.0
2909,mimiciii.CHARTEVENTS,HI/Minute/Vol Alarm,,,,,,9,1,9,0,,9.0,20.0,20.0,0.0,1.0,numeric,0.0001,0.9999,9.0
6659,mimiciii.CHARTEVENTS,right femoral sheath,,,,,,9,1,0,0,,,,,0.0,0.0,categorical,0.0001,0.9999,9.0
1405,mimiciii.CHARTEVENTS,L AND R CALF DRSG,,,,,,9,1,0,0,,,,,0.0,0.0,categorical,0.0001,0.9999,9.0
6982,mimiciii.CHARTEVENTS,Bed bath/shaved,,,,,,9,1,0,0,,,,,0.0,0.0,categorical,0.0001,0.9999,9.0
1826,mimiciii.CHARTEVENTS,lepirudin  mg/hr,,,,,,9,1,9,0,,0.0,2.475,2.475,0.0,1.0,numeric,0.0001,0.9999,9.0
709,mimiciii.CHARTEVENTS,VCO2 (180-200),,,,,,9,6,6,0,,165.0,262.5,380.0,0.0,0.6667,mixed,0.0003,0.9997,1.5
1730,mimiciii.CHARTEVENTS,RIBAVIRIN RX,,,,,,9,1,0,0,,,,,0.0,0.0,categorical,0.0001,0.9999,9.0
6056,mimiciii.CHARTEVENTS,right fem sheath,,,,,,9,1,0,0,,,,,0.0,0.0,categorical,0.0001,0.9999,9.0
5860,mimiciii.CHARTEVENTS,Bed side Observer,,,,,,9,1,0,0,,,,,0.0,0.0,categorical,0.0001,0.9999,9.0
7221,mimiciii.CHARTEVENTS,Protonix       mg/hr,,,,,,9,1,9,0,,8.0,8.0,8.0,0.0,1.0,numeric,0.0001,0.9999,9.0
1070,mimiciii.CHARTEVENTS,shampoo,,,,,,9,6,0,0,,,,,0.0,0.0,categorical,0.0003,0.9997,1.5
6126,mimiciii.CHARTEVENTS,HI press,,,,,,9,1,9,0,,20.0,25.0,30.0,0.0,1.0,numeric,0.0001,0.9999,9.0
7691,mimiciii.CHARTEVENTS,Sz Pads,,,,,,9,1,0,0,,,,,0.0,0.0,categorical,0.0001,0.9999,9.0
2430,mimiciii.CHARTEVENTS,AMBU/NS INSTILLATION,,,,,,9,1,0,0,,,,,0.0,0.0,categorical,0.0001,0.9999,9.0
6578,mimiciii.CHARTEVENTS,IR SHEATH ABP,,,,,,9,1,0,0,,,,,0.0,0.0,categorical,0.0001,0.9999,9.0
226473,mimiciii.CHARTEVENTS,Blood Transfusion Consent,Blood Transfusion Consent,General,,Checkbox,,9,9,9,0,,1.0,1.0,1.0,0.0,1.0,numeric,0.0005,0.9995,1.0
6871,mimiciii.CHARTEVENTS,Multi-Podis boots,,,,,,9,1,0,0,,,,,0.0,0.0,categorical,0.0001,0.9999,9.0
7396,mimiciii.CHARTEVENTS,INO TANK,,,,,,9,1,9,0,,1200.0,1450.0,1800.0,0.0,1.0,numeric,0.0001,0.9999,9.0
2858,mimiciii.CHARTEVENTS,RT ABD GRAFT PULSE,,,,,,9,1,0,0,,,,,0.0,0.0,categorical,0.0001,0.9999,9.0
227686,mimiciii.CHARTEVENTS,Central Venous O2% Sat,Central Venous O2% Sat,Labs,%,Numeric,,9,9,9,9,%,55.0,78.0,98.0,1.0,1.0,numeric,0.0005,0.9995,1.0
6831,mimiciii.CHARTEVENTS,cool bath,,,,,,9,1,0,0,,,,,0.0,0.0,categorical,0.0001,0.9999,9.0
3250,mimiciii.CHARTEVENTS,Nephrostomy tube,,,,,,9,1,0,0,,,,,0.0,0.0,categorical,0.0001,0.9999,9.0
1324,mimiciii.CHARTEVENTS,nif,,,,,,9,3,9,0,,-40.0,-30.0,33.0,0.0,1.0,numeric,0.0002,0.9998,3.0
2133,mimiciii.CHARTEVENTS,PCV-Delta P,,,,,,9,1,9,0,,30.0,30.0,30.0,0.0,1.0,numeric,0.0001,0.9999,9.0
3037,mimiciii.CHARTEVENTS,THAM,,,,,,9,1,9,0,,62.5,62.5,150.0,0.0,1.0,numeric,0.0001,0.9999,9.0
7225,mimiciii.CHARTEVENTS,PLow,,,,,,9,2,9,0,,0.0,0.0,5.0,0.0,1.0,numeric,0.0001,0.9999,4.5
7093,mimiciii.CHARTEVENTS,av fistula,,,,,,9,1,0,0,,,,,0.0,0.0,categorical,0.0001,0.9999,9.0
3233,mimiciii.CHARTEVENTS,PEG SITE DRESSING,,,,,,9,1,0,0,,,,,0.0,0.0,categorical,0.0001,0.9999,9.0
5732,mimiciii.CHARTEVENTS,FEMORAL ABP S/D,,,,,,9,1,0,0,,,,,0.0,0.0,categorical,0.0001,0.9999,9.0
7094,mimiciii.CHARTEVENTS,low IP,,,,,,9,1,9,0,,8.0,8.0,15.0,0.0,1.0,numeric,0.0001,0.9999,9.0
223968,mimiciii.CHARTEVENTS,Angio Appearance # 1,Angio Appearance # 1,Cardiovascular,,Text,,9,1,0,0,,,,,0.0,0.0,categorical,0.0001,0.9999,9.0
1615,mimiciii.CHARTEVENTS,Time Low,,,,,,9,2,8,0,,0.3,0.3,0.5,0.0,0.8889,mixed,0.0001,0.9999,4.5
2803,mimiciii.CHARTEVENTS,10%alcohl,,,,,,9,1,8,0,,12.5,12.5,25.0,0.0,0.8889,mixed,0.0001,0.9999,9.0
3245,mimiciii.CHARTEVENTS,ileostomy,,,,,,9,1,0,0,,,,,0.0,0.0,categorical,0.0001,0.9999,9.0
2987,mimiciii.CHARTEVENTS,Epidural,,,,,,9,1,8,0,,5.0,11.0,12.0,0.0,0.8889,mixed,0.0001,0.9999,9.0
7652,mimiciii.CHARTEVENTS,bath care,,,,,,9,2,0,0,,,,,0.0,0.0,categorical,0.0001,0.9999,4.5
7327,mimiciii.CHARTEVENTS,Passimier valve,,,,,,9,1,0,0,,,,,0.0,0.0,categorical,0.0001,0.9999,9.0
1123,mimiciii.CHARTEVENTS,dsg change to coccyx,,,,,,9,1,0,0,,,,,0.0,0.0,categorical,0.0001,0.9999,9.0
6342,mimiciii.CHARTEVENTS,P Insp,,,,,,9,1,9,0,,28.0,30.0,40.0,0.0,1.0,numeric,0.0001,0.9999,9.0
2226,mimiciii.CHARTEVENTS,URINE OSMO,,,,,,9,2,6,0,,334.0,685.5,1005.0,0.0,0.6667,mixed,0.0001,0.9999,4.5
2590,mimiciii.CHARTEVENTS,HI/Minute/vol/Alarm,,,,,,9,1,9,0,,20.0,20.0,20.0,0.0,1.0,numeric,0.0001,0.9999,9.0
7397,mimiciii.CHARTEVENTS,Ace wrap on left fot,,,,,,9,1,0,0,,,,,0.0,0.0,categorical,0.0001,0.9999,9.0
225097,mimiciii.CHARTEVENTS,Balance,Balance,Adm History/FHPA,,Text,,9,4,0,0,,,,,0.0,0.0,categorical,0.0002,0.9998,2.25
2340,mimiciii.CHARTEVENTS,HIGH EXHALED MIN.VOL,,,,,,9,3,9,0,,20.0,20.0,25.0,0.0,1.0,numeric,0.0002,0.9998,3.0
6299,mimiciii.CHARTEVENTS,sodium bicarb,,,,,,9,2,8,0,,75.0,250.0,250.0,0.0,0.8889,mixed,0.0001,0.9999,4.5
223967,mimiciii.CHARTEVENTS,Angio Site # 1,Angio Site # 1,Cardiovascular,,Text,,9,1,0,0,,,,,0.0,0.0,categorical,0.0001,0.9999,9.0
223970,mimiciii.CHARTEVENTS,Angio Dressing # 1,Angio Dressing # 1,Cardiovascular,,Text,,9,1,0,0,,,,,0.0,0.0,categorical,0.0001,0.9999,9.0
1613,mimiciii.CHARTEVENTS,Pres. Low,,,,,,9,2,9,0,,0.0,5.0,10.0,0.0,1.0,numeric,0.0001,0.9999,4.5
45728,mimiciii.INPUTEVENTS_CV,right arm,,,,,,9,1,0,0,,,,,0.0,0.0,categorical,0.0001,0.9999,9.0
46680,mimiciii.INPUTEVENTS_CV,Kphos 15 mmol,,Free Form Intake,,,,9,1,0,0,,,,,0.0,0.0,categorical,0.0001,0.9999,9.0
46683,mimiciii.INPUTEVENTS_CV,Bile refeeding via J,,Free Form Intake,,,,9,1,0,0,,,,,0.0,0.0,categorical,0.0001,0.9999,9.0
41864,mimiciii.INPUTEVENTS_CV,thermodilution fluid,,Free Form Intake,,,,9,1,0,0,,,,,0.0,0.0,categorical,0.0001,0.9999,9.0
41865,mimiciii.INPUTEVENTS_CV,injectate,,Free Form Intake,,,,9,1,0,0,,,,,0.0,0.0,categorical,0.0001,0.9999,9.0
42630,mimiciii.INPUTEVENTS_CV,Antithymocyte globu,,Free Form Intake,,,,9,1,0,0,,,,,0.0,0.0,categorical,0.0001,0.9999,9.0
43799,mimiciii.INPUTEVENTS_CV,1:1 U/O REPLETION,,Free Form Intake,,,,9,1,0,0,,,,,0.0,0.0,categorical,0.0001,0.9999,9.0
43889,mimiciii.INPUTEVENTS_CV,NA PHOS IN NSS,,Free Form Intake,,,,9,1,0,0,,,,,0.0,0.0,categorical,0.0001,0.9999,9.0
42673,mimiciii.INPUTEVENTS_CV,EPIDURAL,,,,,,9,1,0,0,,,,,0.0,0.0,categorical,0.0001,0.9999,9.0
42137,mimiciii.INPUTEVENTS_CV,left groin bag,,,,,,9,1,0,0,,,,,0.0,0.0,categorical,0.0001,0.9999,9.0
44769,mimiciii.INPUTEVENTS_CV,ER intake,,Free Form Intake,,,,9,3,0,0,,,,,0.0,0.0,categorical,0.0002,0.9998,3.0
42284,mimiciii.INPUTEVENTS_CV,CISATRACURIUM DRIP,,Free Form Intake,,,,9,1,0,0,,,,,0.0,0.0,categorical,0.0001,0.9999,9.0
45305,mimiciii.INPUTEVENTS_CV,500NS & KPhos 30mmol,,Free Form Intake,,,,9,1,0,0,,,,,0.0,0.0,categorical,0.0001,0.9999,9.0
41357,mimiciii.INPUTEVENTS_CV,NG aspirate,,,,,,9,1,0,0,,,,,0.0,0.0,categorical,0.0001,0.9999,9.0
46789,mimiciii.INPUTEVENTS_CV,3/4st impact/fiber,,Free Form Intake,,,,9,1,0,0,,,,,0.0,0.0,categorical,0.0001,0.9999,9.0
42117,mimiciii.INPUTEVENTS_CV,THYMOGLOBULIN,,Free Form Intake,,,,9,2,0,0,,,,,0.0,0.0,categorical,0.0001,0.9999,4.5
45431,mimiciii.INPUTEVENTS_CV,sodium phos 15mmol,,Free Form Intake,,,,9,1,0,0,,,,,0.0,0.0,categorical,0.0001,0.9999,9.0
46550,mimiciii.INPUTEVENTS_CV,K+ Phos 30mmol,,Free Form Intake,,,,9,1,0,0,,,,,0.0,0.0,categorical,0.0001,0.9999,9.0
42631,mimiciii.INPUTEVENTS_CV,100mgm ATG/250N/S,,Free Form Intake,,,,9,1,0,0,,,,,0.0,0.0,categorical,0.0001,0.9999,9.0
40636,mimiciii.INPUTEVENTS_CV,kayexalate PR,,Free Form Intake,,,,9,1,0,0,,,,,0.0,0.0,categorical,0.0001,0.9999,9.0
42452,mimiciii.INPUTEVENTS_CV,PD fluid 2.5%,,Free Form Intake,,,,9,1,0,0,,,,,0.0,0.0,categorical,0.0001,0.9999,9.0
42136,mimiciii.INPUTEVENTS_CV,REDICAT,,Free Form Intake,,,,9,2,0,0,,,,,0.0,0.0,categorical,0.0001,0.9999,4.5
42134,mimiciii.INPUTEVENTS_CV,cistacur mcq/kg/min,,Free Form Intake,,,,9,1,0,0,,,,,0.0,0.0,categorical,0.0001,0.9999,9.0
45497,mimiciii.INPUTEVENTS_CV,Replete with Fiber,,Free Form Intake,,,,9,1,0,0,,,,,0.0,0.0,categorical,0.0001,0.9999,9.0
44339,mimiciii.INPUTEVENTS_CV,NA phosphate,,Free Form Intake,,,,9,1,0,0,,,,,0.0,0.0,categorical,0.0001,0.9999,9.0
45765,mimiciii.INPUTEVENTS_CV,Sodium phos 30mmol,,Free Form Intake,,,,9,1,0,0,,,,,0.0,0.0,categorical,0.0001,0.9999,9.0
45036,mimiciii.INPUTEVENTS_CV,Lactulose PR,,Free Form Intake,,,,9,1,0,0,,,,,0.0,0.0,categorical,0.0001,0.9999,9.0
44601,mimiciii.INPUTEVENTS_CV,potass phosp 15mm,,Free Form Intake,,,,9,1,0,0,,,,,0.0,0.0,categorical,0.0001,0.9999,9.0
43875,mimiciii.INPUTEVENTS_CV,NA PHOSPHATE,,Free Form Intake,,,,9,1,0,0,,,,,0.0,0.0,categorical,0.0001,0.9999,9.0
41741,mimiciii.INPUTEVENTS_CV,TOTAL IN ON PAPER CT,,Free Form Intake,,,,9,1,0,0,,,,,0.0,0.0,categorical,0.0001,0.9999,9.0
46260,mimiciii.INPUTEVENTS_CV,Breast pump,,,,,,9,1,0,0,,,,,0.0,0.0,categorical,0.0001,0.9999,9.0
42927,mimiciii.INPUTEVENTS_CV,AMPHO B,,Free Form Intake,,,,9,1,0,0,,,,,0.0,0.0,categorical,0.0001,0.9999,9.0
42493,mimiciii.INPUTEVENTS_CV,k phos. 15mm,,Free Form Intake,,,,9,1,0,0,,,,,0.0,0.0,categorical,0.0001,0.9999,9.0
46364,mimiciii.INPUTEVENTS_CV,KPo4 30mmol /NS,,Free Form Intake,,,,9,1,0,0,,,,,0.0,0.0,categorical,0.0001,0.9999,9.0
45382,mimiciii.INPUTEVENTS_CV,NA phos,,Free Form Intake,,,,9,1,0,0,,,,,0.0,0.0,categorical,0.0001,0.9999,9.0
46027,mimiciii.INPUTEVENTS_CV,NaCl 500+Kcl 40,,Free Form Intake,,,,9,1,0,0,,,,,0.0,0.0,categorical,0.0001,0.9999,9.0
42387,mimiciii.INPUTEVENTS_CV,NA+ ACETATE,,Free Form Intake,,,,9,1,0,0,,,,,0.0,0.0,categorical,0.0001,0.9999,9.0
41356,mimiciii.INPUTEVENTS_CV,IV Bolus,,Free Form Intake,,,,9,3,0,0,,,,,0.0,0.0,categorical,0.0002,0.9998,3.0
41001,mimiciii.INPUTEVENTS_CV,Angio intake,,Free Form Intake,,,,9,4,0,0,,,,,0.0,0.0,categorical,0.0002,0.9998,2.25
41689,mimiciii.INPUTEVENTS_CV,15 MMOL NaPHOS,,Free Form Intake,,,,9,1,0,0,,,,,0.0,0.0,categorical,0.0001,0.9999,9.0
41391,mimiciii.INPUTEVENTS_CV,k-phos 20mmol/500cc,,Free Form Intake,,,,9,1,0,0,,,,,0.0,0.0,categorical,0.0001,0.9999,9.0
51394,mimiciii.LABEVENTS,CD14,,Hematology,,51248-3,Other Body Fluid,8,7,0,0,,,,,0.0,0.0,categorical,0.0004,0.9996,1.143
51405,mimiciii.LABEVENTS,CD33,,Hematology,,51294-7,Other Body Fluid,8,7,0,0,,,,,0.0,0.0,categorical,0.0004,0.9996,1.143
50961,mimiciii.LABEVENTS,Methotrexate,,Chemistry,,,Blood,8,2,6,8,umol/L,0.05,0.24,4.8,1.0,0.75,mixed,0.0001,0.9999,4.0
50851,mimiciii.LABEVENTS,"Urea Nitrogen, Ascites",,Chemistry,,12265-5,Ascites,8,5,8,8,mg/dL,16.0,52.5,95.0,1.0,1.0,numeric,0.0003,0.9997,1.6
51039,mimiciii.LABEVENTS,"Osmolality, Body Fluid",,Chemistry,,15200-9,Other Body Fluid,8,6,8,8,mOsm/kg,253.0,291.0,324.0,1.0,1.0,numeric,0.0003,0.9997,1.333
51209,mimiciii.LABEVENTS,Factor XI,,Hematology,,3226-8,Blood,8,7,8,8,%,31.0,57.5,126.0,1.0,1.0,numeric,0.0004,0.9996,1.143
6278,mimiciii.CHARTEVENTS,fingerstick,,,,,,8,4,5,0,,133.0,166.0,172.0,0.0,0.625,mixed,0.0002,0.9998,2.0
6100,mimiciii.CHARTEVENTS,P-LO,,,,,,8,2,7,0,,8.0,10.0,10.0,0.0,0.875,mixed,0.0001,0.9999,4.0
5795,mimiciii.CHARTEVENTS,URETERAL STENT.,,,,,,8,1,0,0,,,,,0.0,0.0,categorical,0.0001,0.9999,8.0
5758,mimiciii.CHARTEVENTS,MV hi,,,,,,8,1,8,0,,15.0,15.0,15.0,0.0,1.0,numeric,0.0001,0.9999,8.0
6750,mimiciii.CHARTEVENTS,Bed alarm,,,,,,8,1,0,0,,,,,0.0,0.0,categorical,0.0001,0.9999,8.0
2764,mimiciii.CHARTEVENTS,Aprotinin cc/hr,,,,,,8,1,8,0,,25.0,25.0,25.0,0.0,1.0,numeric,0.0001,0.9999,8.0
1406,mimiciii.CHARTEVENTS,L AND R HEEL DRSG,,,,,,8,1,0,0,,,,,0.0,0.0,categorical,0.0001,0.9999,8.0
223945,mimiciii.CHARTEVENTS,Femoral Pulse L,Femoral Pulse L,Cardiovascular (Pulses),,Text,,8,2,0,0,,,,,0.0,0.0,categorical,0.0001,0.9999,4.0
2714,mimiciii.CHARTEVENTS,DO2 INDEX,,,,,,8,1,8,0,,650.0,741.0,769.0,0.0,1.0,numeric,0.0001,0.9999,8.0
175,mimiciii.CHARTEVENTS,Energy Expenditure,,,,,,8,5,5,0,,1529.0,2043.0,3065.0,0.0,0.625,mixed,0.0003,0.9997,1.6
1203,mimiciii.CHARTEVENTS,fleets enema,,,,,,8,5,0,0,,,,,0.0,0.0,categorical,0.0003,0.9997,1.6
2936,mimiciii.CHARTEVENTS,T High,,,,,,8,4,8,0,,1.3,3.0,10.0,0.0,1.0,numeric,0.0002,0.9998,2.0
2774,mimiciii.CHARTEVENTS,sjo2,,,,,,8,1,6,0,,35.0,62.5,69.0,0.0,0.75,mixed,0.0001,0.9999,8.0
3115,mimiciii.CHARTEVENTS,PCV Total Pressure,,,,,,8,1,8,0,,28.0,30.0,34.0,0.0,1.0,numeric,0.0001,0.9999,8.0
2198,mimiciii.CHARTEVENTS,EPIDURAL,,,,,,8,1,8,0,,4.0,6.0,8.0,0.0,1.0,numeric,0.0001,0.9999,8.0
6145,mimiciii.CHARTEVENTS,Fem Art BP,,,,,,8,1,0,0,,,,,0.0,0.0,categorical,0.0001,0.9999,8.0
5870,mimiciii.CHARTEVENTS,HOME VENT,,,,,,8,1,0,0,,,,,0.0,0.0,categorical,0.0001,0.9999,8.0
6920,mimiciii.CHARTEVENTS,Nitric Cylinder[PSI],,,,,,8,1,8,0,,700.0,1250.0,1800.0,0.0,1.0,numeric,0.0001,0.9999,8.0
1942,mimiciii.CHARTEVENTS,INO Tank Press,,,,,,8,1,8,0,,725.0,950.0,1550.0,0.0,1.0,numeric,0.0001,0.9999,8.0
2296,mimiciii.CHARTEVENTS,Precedex (mcg/kg/hr),,,,,,8,1,8,0,,0.0,0.35,0.4,0.0,1.0,numeric,0.0001,0.9999,8.0
6099,mimiciii.CHARTEVENTS,P-HI,,,,,,8,2,8,0,,27.0,30.0,35.0,0.0,1.0,numeric,0.0001,0.9999,4.0
6101,mimiciii.CHARTEVENTS,T-HI,,,,,,8,2,8,0,,3.0,4.0,7.0,0.0,1.0,numeric,0.0001,0.9999,4.0
3101,mimiciii.CHARTEVENTS,High Minute volume,,,,,,8,1,8,0,,10.0,12.5,15.0,0.0,1.0,numeric,0.0001,0.9999,8.0
1218,mimiciii.CHARTEVENTS,rotating bed,,,,,,8,1,0,0,,,,,0.0,0.0,categorical,0.0001,0.9999,8.0
225189,mimiciii.CHARTEVENTS,Incentive Spirometry,Incentive Spirometry,Treatments,,Checkbox,,8,4,8,0,,0.0,1.0,1.0,0.0,1.0,numeric,0.0002,0.9998,2.0
2715,mimiciii.CHARTEVENTS,VO2 INDEX,,,,,,8,1,8,0,,117.0,154.0,164.0,0.0,1.0,numeric,0.0001,0.9999,8.0
2937,mimiciii.CHARTEVENTS,T Low,,,,,,8,4,8,0,,0.05,0.5,0.7,0.0,1.0,numeric,0.0002,0.9998,2.0
6957,mimiciii.CHARTEVENTS,Bed Alarms,,,,,,8,1,0,0,,,,,0.0,0.0,categorical,0.0001,0.9999,8.0
712,mimiciii.CHARTEVENTS,VO2 (200-250),,,,,,8,5,5,5,ml/min,222.0,275.0,443.0,0.625,0.625,mixed,0.0003,0.9997,1.6
6860,mimiciii.CHARTEVENTS,SVO2-Presep. cath.,,,,,,8,1,7,0,,75.0,76.0,90.0,0.0,0.875,mixed,0.0001,0.9999,8.0
1856,mimiciii.CHARTEVENTS,Vecuronium mcg/min,,,,,,8,1,8,0,,0.0,150.0,150.0,0.0,1.0,numeric,0.0001,0.9999,8.0
6631,mimiciii.CHARTEVENTS,pressure low,,,,,,8,2,8,0,,10.0,12.0,18.0,0.0,1.0,numeric,0.0001,0.9999,4.0
1821,mimiciii.CHARTEVENTS,potassium phosphate,,,,,,8,2,7,0,,84.0,84.0,84.0,0.0,0.875,mixed,0.0001,0.9999,4.0
6774,mimiciii.CHARTEVENTS,RSSI #units,,,,,,8,2,8,0,,0.0,4.0,6.0,0.0,1.0,numeric,0.0001,0.9999,4.0
544,mimiciii.CHARTEVENTS,Plateau Time (7200),,,,,,8,2,6,0,,0.0,0.5,0.5,0.0,0.75,mixed,0.0001,0.9999,4.0
5796,mimiciii.CHARTEVENTS,lochia,,,,,,8,1,0,0,,,,,0.0,0.0,categorical,0.0001,0.9999,8.0
6375,mimiciii.CHARTEVENTS,Trache care,,,,,,8,2,0,0,,,,,0.0,0.0,categorical,0.0001,0.9999,4.0
2274,mimiciii.CHARTEVENTS,APROTININ U/HR,,,,,,8,1,8,0,,0.0,250000.0,250000.0,0.0,1.0,numeric,0.0001,0.9999,8.0
774,mimiciii.CHARTEVENTS,Ammonia,,Chemistry,,,,8,6,8,0,,37.0,119.5,435.0,0.0,1.0,numeric,0.0003,0.9997,1.333
226179,mimiciii.CHARTEVENTS,No wallet / money,No wallet / money,Adm History/FHPA,,Checkbox,,8,5,8,0,,1.0,1.0,1.0,0.0,1.0,numeric,0.0003,0.9997,1.6
223941,mimiciii.CHARTEVENTS,Popliteal Pulse R,Popliteal Pulse R,Cardiovascular (Pulses),,Text,,8,2,0,0,,,,,0.0,0.0,categorical,0.0001,0.9999,4.0
223946,mimiciii.CHARTEVENTS,Popliteal Pulse L,Popliteal Pulse L,Cardiovascular (Pulses),,Text,,8,2,0,0,,,,,0.0,0.0,categorical,0.0001,0.9999,4.0
224114,mimiciii.CHARTEVENTS,PT Splint Location #1,PT Splint Location #1,Treatments,,Text,,8,2,0,0,,,,,0.0,0.0,categorical,0.0001,0.9999,4.0
6259,mimiciii.CHARTEVENTS,Tank Pressure (NO),,,,,,8,1,8,0,,1000.0,1200.0,1800.0,0.0,1.0,numeric,0.0001,0.9999,8.0
1077,mimiciii.CHARTEVENTS,HAIR WASHED,,,,,,8,2,0,0,,,,,0.0,0.0,categorical,0.0001,0.9999,4.0
2832,mimiciii.CHARTEVENTS,APROTININE,,,,,,8,2,8,0,,25.0,25.0,25.0,0.0,1.0,numeric,0.0001,0.9999,4.0
6864,mimiciii.CHARTEVENTS,Low insp pressure,,,,,,8,2,8,0,,15.0,15.0,15.0,0.0,1.0,numeric,0.0001,0.9999,4.0
5783,mimiciii.CHARTEVENTS,aprotinen cc/hr,,,,,,8,1,8,0,,25.0,25.0,25.0,0.0,1.0,numeric,0.0001,0.9999,8.0
6768,mimiciii.CHARTEVENTS,tank pressure,,,,,,8,1,8,0,,700.0,1700.0,2000.0,0.0,1.0,numeric,0.0001,0.9999,8.0
225094,mimiciii.CHARTEVENTS,History of slips / falls,History of slips / falls,Adm History/FHPA,,Checkbox,,8,5,8,0,,0.0,0.5,1.0,0.0,1.0,numeric,0.0003,0.9997,1.6
223940,mimiciii.CHARTEVENTS,Femoral Pulse R,Femoral Pulse R,Cardiovascular (Pulses),,Text,,8,2,0,0,,,,,0.0,0.0,categorical,0.0001,0.9999,4.0
1365,mimiciii.CHARTEVENTS,periph edema,,,,,,8,1,5,0,,3.0,4.0,4.0,0.0,0.625,mixed,0.0001,0.9999,8.0
613,mimiciii.CHARTEVENTS,Resp Quotient - (R),,,,,,8,5,5,0,,0.76,0.83,1.23,0.0,0.625,mixed,0.0003,0.9997,1.6
45727,mimiciii.INPUTEVENTS_CV,left arm,,,,,,8,1,0,0,,,,,0.0,0.0,categorical,0.0001,0.9999,8.0
45403,mimiciii.INPUTEVENTS_CV,albumin,,Free Form Intake,,,,8,2,0,0,,,,,0.0,0.0,categorical,0.0001,0.9999,4.0
44076,mimiciii.INPUTEVENTS_CV,NS 500+ 40 KCL,,Free Form Intake,,,,8,1,0,0,,,,,0.0,0.0,categorical,0.0001,0.9999,8.0
46482,mimiciii.INPUTEVENTS_CV,NSS WITH 40 MEQ KCL,,Free Form Intake,,,,8,1,0,0,,,,,0.0,0.0,categorical,0.0001,0.9999,8.0
46484,mimiciii.INPUTEVENTS_CV,verapamil,,Free Form Intake,,,,8,1,0,0,,,,,0.0,0.0,categorical,0.0001,0.9999,8.0
40725,mimiciii.INPUTEVENTS_CV,supra pubic flush,,Free Form Intake,,,,8,1,0,0,,,,,0.0,0.0,categorical,0.0001,0.9999,8.0
45128,mimiciii.INPUTEVENTS_CV,15mmol NaPhos,,Free Form Intake,,,,8,1,0,0,,,,,0.0,0.0,categorical,0.0001,0.9999,8.0
44053,mimiciii.INPUTEVENTS_CV,normal saline bolus,,Free Form Intake,,,,8,1,0,0,,,,,0.0,0.0,categorical,0.0001,0.9999,8.0
41066,mimiciii.INPUTEVENTS_CV,d5w & 6gm ca+ glucon,,Free Form Intake,,,,8,1,0,0,,,,,0.0,0.0,categorical,0.0001,0.9999,8.0
42311,mimiciii.INPUTEVENTS_CV,CONTRAST VIA NG,,Free Form Intake,,,,8,3,0,0,,,,,0.0,0.0,categorical,0.0002,0.9998,2.667
46682,mimiciii.INPUTEVENTS_CV,K Phos 15mmol,,Free Form Intake,,,,8,1,0,0,,,,,0.0,0.0,categorical,0.0001,0.9999,8.0
44991,mimiciii.INPUTEVENTS_CV,HCL DRIP,,Free Form Intake,,,,8,1,0,0,,,,,0.0,0.0,categorical,0.0001,0.9999,8.0
42581,mimiciii.INPUTEVENTS_CV,hemovac neck,,,,,,8,1,0,0,,,,,0.0,0.0,categorical,0.0001,0.9999,8.0
42259,mimiciii.INPUTEVENTS_CV,lt plural ct bag,,,,,,8,1,0,0,,,,,0.0,0.0,categorical,0.0001,0.9999,8.0
41186,mimiciii.INPUTEVENTS_CV,NS with Pit 20units,,Free Form Intake,,,,8,1,0,0,,,,,0.0,0.0,categorical,0.0001,0.9999,8.0
46660,mimiciii.INPUTEVENTS_CV,sodiumphosphate15mmo,,Free Form Intake,,,,8,1,0,0,,,,,0.0,0.0,categorical,0.0001,0.9999,8.0
43076,mimiciii.INPUTEVENTS_CV,h2o flush q 8hr,,Free Form Intake,,,,8,1,0,0,,,,,0.0,0.0,categorical,0.0001,0.9999,8.0
45139,mimiciii.INPUTEVENTS_CV,Taxol,,Free Form Intake,,,,8,1,0,0,,,,,0.0,0.0,categorical,0.0001,0.9999,8.0
45033,mimiciii.INPUTEVENTS_CV,R Groin site,,,,,,8,1,0,0,,,,,0.0,0.0,categorical,0.0001,0.9999,8.0
46570,mimiciii.INPUTEVENTS_CV,vassopressin,,Free Form Intake,,,,8,2,0,0,,,,,0.0,0.0,categorical,0.0001,0.9999,4.0
44725,mimiciii.INPUTEVENTS_CV,Hep B immune globuln,,Free Form Intake,,,,8,1,0,0,,,,,0.0,0.0,categorical,0.0001,0.9999,8.0
41688,mimiciii.INPUTEVENTS_CV,lactulose Enema,,Free Form Intake,,,,8,1,0,0,,,,,0.0,0.0,categorical,0.0001,0.9999,8.0
44964,mimiciii.INPUTEVENTS_CV,Fat Emulsion Lipids,,Free Form Intake,,,,8,1,0,0,,,,,0.0,0.0,categorical,0.0001,0.9999,8.0
45362,mimiciii.INPUTEVENTS_CV,30mmol Phos/44meq K,,Free Form Intake,,,,8,1,0,0,,,,,0.0,0.0,categorical,0.0001,0.9999,8.0
40582,mimiciii.INPUTEVENTS_CV,Meperidine cc/hr,,Free Form Intake,,,,8,1,0,0,,,,,0.0,0.0,categorical,0.0001,0.9999,8.0
41797,mimiciii.INPUTEVENTS_CV,protonix gtt cc/hr,,Free Form Intake,,,,8,1,0,0,,,,,0.0,0.0,categorical,0.0001,0.9999,8.0
43866,mimiciii.INPUTEVENTS_CV,3/4 STR IMPACT/FIBER,,Free Form Intake,,,,8,1,0,0,,,,,0.0,0.0,categorical,0.0001,0.9999,8.0
44728,mimiciii.INPUTEVENTS_CV,skin bag,,,,,,8,1,0,0,,,,,0.0,0.0,categorical,0.0001,0.9999,8.0
42208,mimiciii.INPUTEVENTS_CV,ABDOMINAL SUMP,,,,,,8,1,0,0,,,,,0.0,0.0,categorical,0.0001,0.9999,8.0
41415,mimiciii.INPUTEVENTS_CV,lactulose enema,,Free Form Intake,,,,8,2,0,0,,,,,0.0,0.0,categorical,0.0001,0.9999,4.0
42241,mimiciii.INPUTEVENTS_CV,.45NS & 1 AMP BICARB,,Free Form Intake,,,,8,1,0,0,,,,,0.0,0.0,categorical,0.0001,0.9999,8.0
45363,mimiciii.INPUTEVENTS_CV,KPhos 15mmol/250D5W,,Free Form Intake,,,,8,1,0,0,,,,,0.0,0.0,categorical,0.0001,0.9999,8.0
44805,mimiciii.INPUTEVENTS_CV,NA PHOS 30 MMO;,,Free Form Intake,,,,8,1,0,0,,,,,0.0,0.0,categorical,0.0001,0.9999,8.0
45132,mimiciii.INPUTEVENTS_CV,SODIUM PHOS IN NS,,Free Form Intake,,,,8,1,0,0,,,,,0.0,0.0,categorical,0.0001,0.9999,8.0
46116,mimiciii.INPUTEVENTS_CV,"K PHOS, 30 MMOL",,Free Form Intake,,,,8,1,0,0,,,,,0.0,0.0,categorical,0.0001,0.9999,8.0
46043,mimiciii.INPUTEVENTS_CV,LLQ wound bag,,,,,,8,1,0,0,,,,,0.0,0.0,categorical,0.0001,0.9999,8.0
45498,mimiciii.INPUTEVENTS_CV,NA PHOSPHATE 30MMOL,,Free Form Intake,,,,8,1,0,0,,,,,0.0,0.0,categorical,0.0001,0.9999,8.0
44483,mimiciii.INPUTEVENTS_CV,APROTINEN,,Free Form Intake,,,,8,1,0,0,,,,,0.0,0.0,categorical,0.0001,0.9999,8.0
43993,mimiciii.INPUTEVENTS_CV,15 MM NA PHOSPHATE,,Free Form Intake,,,,8,1,0,0,,,,,0.0,0.0,categorical,0.0001,0.9999,8.0
45430,mimiciii.INPUTEVENTS_CV,potassium Chl 40meq,,Free Form Intake,,,,8,1,0,0,,,,,0.0,0.0,categorical,0.0001,0.9999,8.0
42031,mimiciii.INPUTEVENTS_CV,angio u/o,,,,,,8,3,0,0,,,,,0.0,0.0,categorical,0.0002,0.9998,2.667
43661,mimiciii.INPUTEVENTS_CV,bicarb,,Free Form Intake,,,,8,1,0,0,,,,,0.0,0.0,categorical,0.0001,0.9999,8.0
43852,mimiciii.INPUTEVENTS_CV,readicat contrast,,Free Form Intake,,,,8,1,0,0,,,,,0.0,0.0,categorical,0.0001,0.9999,8.0
43813,mimiciii.INPUTEVENTS_CV,wound leakage,,,,,,8,1,0,0,,,,,0.0,0.0,categorical,0.0001,0.9999,8.0
46051,mimiciii.INPUTEVENTS_CV,GoLYTELY,,Free Form Intake,,,,8,1,0,0,,,,,0.0,0.0,categorical,0.0001,0.9999,8.0
43080,mimiciii.INPUTEVENTS_CV,NS w/30mmol NaPhos,,Free Form Intake,,,,8,1,0,0,,,,,0.0,0.0,categorical,0.0001,0.9999,8.0
44962,mimiciii.INPUTEVENTS_CV,40meq K,,Free Form Intake,,,,8,1,0,0,,,,,0.0,0.0,categorical,0.0001,0.9999,8.0
41176,mimiciii.INPUTEVENTS_CV,Soduim Phosphate,,Free Form Intake,,,,8,1,0,0,,,,,0.0,0.0,categorical,0.0001,0.9999,8.0
41643,mimiciii.INPUTEVENTS_CV,15 mMol KPhos,,Free Form Intake,,,,8,1,0,0,,,,,0.0,0.0,categorical,0.0001,0.9999,8.0
41841,mimiciii.INPUTEVENTS_CV,]readi-cat,,Free Form Intake,,,,8,1,0,0,,,,,0.0,0.0,categorical,0.0001,0.9999,8.0
41218,mimiciii.INPUTEVENTS_CV,ns+40gm cagluconate,,Free Form Intake,,,,8,1,0,0,,,,,0.0,0.0,categorical,0.0001,0.9999,8.0
44539,mimiciii.INPUTEVENTS_CV,D5W W/ NAHCO3 150MEQ,,Free Form Intake,,,,8,1,0,0,,,,,0.0,0.0,categorical,0.0001,0.9999,8.0
46361,mimiciii.INPUTEVENTS_CV,D5W +3 Amps NaHco3,,Free Form Intake,,,,8,1,0,0,,,,,0.0,0.0,categorical,0.0001,0.9999,8.0
45359,mimiciii.INPUTEVENTS_CV,d10 1/2 NS,,Free Form Intake,,,,8,1,0,0,,,,,0.0,0.0,categorical,0.0001,0.9999,8.0
46291,mimiciii.INPUTEVENTS_CV,Ca Gluconate,,Free Form Intake,,,,8,1,0,0,,,,,0.0,0.0,categorical,0.0001,0.9999,8.0
44836,mimiciii.INPUTEVENTS_CV,Sodium PHosphate,,Free Form Intake,,,,8,1,0,0,,,,,0.0,0.0,categorical,0.0001,0.9999,8.0
40532,mimiciii.INPUTEVENTS_CV,FREE H2O,,Free Form Intake,,,,8,1,0,0,,,,,0.0,0.0,categorical,0.0001,0.9999,8.0
42429,mimiciii.INPUTEVENTS_CV,Free water,,Free Form Intake,,,,8,1,0,0,,,,,0.0,0.0,categorical,0.0001,0.9999,8.0
45621,mimiciii.INPUTEVENTS_CV,30mmolNaPhos/NS,,Free Form Intake,,,,8,1,0,0,,,,,0.0,0.0,categorical,0.0001,0.9999,8.0
44603,mimiciii.INPUTEVENTS_CV,GI UNIT INTAKE,,Free Form Intake,,,,8,1,0,0,,,,,0.0,0.0,categorical,0.0001,0.9999,8.0
44950,mimiciii.INPUTEVENTS_CV,cc/cc replacement,,Free Form Intake,,,,8,1,0,0,,,,,0.0,0.0,categorical,0.0001,0.9999,8.0
45184,mimiciii.INPUTEVENTS_CV,mannitol 20%,,Free Form Intake,,,,8,2,0,0,,,,,0.0,0.0,categorical,0.0001,0.9999,4.0
46644,mimiciii.INPUTEVENTS_CV,D5W & 150 MEQ NAHCO3,,Free Form Intake,,,,8,1,0,0,,,,,0.0,0.0,categorical,0.0001,0.9999,8.0
41557,mimiciii.INPUTEVENTS_CV,oral,,,,,,8,1,0,0,,,,,0.0,0.0,categorical,0.0001,0.9999,8.0
44377,mimiciii.INPUTEVENTS_CV,ca gluconate gtt,,Free Form Intake,,,,8,1,0,0,,,,,0.0,0.0,categorical,0.0001,0.9999,8.0
45115,mimiciii.INPUTEVENTS_CV,effluent retained,,Free Form Intake,,,,8,1,0,0,,,,,0.0,0.0,categorical,0.0001,0.9999,8.0
45282,mimiciii.INPUTEVENTS_CV,D5W 150MEQ BICARB,,Free Form Intake,,,,8,1,0,0,,,,,0.0,0.0,categorical,0.0001,0.9999,8.0
46455,mimiciii.INPUTEVENTS_CV,D5W +NaHcO3,,Free Form Intake,,,,8,1,0,0,,,,,0.0,0.0,categorical,0.0001,0.9999,8.0
51160,mimiciii.LABEVENTS,CD16/56,,Hematology,,18267-5,Blood,7,6,0,0,,,,,0.0,0.0,categorical,0.0003,0.9997,1.167
51359,mimiciii.LABEVENTS,Plasma,,Hematology,,47413-0,Cerebrospinal Fluid (CSF),7,7,7,7,%,1.0,2.0,10.0,1.0,1.0,numeric,0.0004,0.9996,1.0
51470,mimiciii.LABEVENTS,Calcium Phosphate Crystals,,Hematology,,5775-2,Urine,7,7,0,0,,,,,0.0,0.0,categorical,0.0004,0.9996,1.0
51415,mimiciii.LABEVENTS,CD64,,Hematology,,51366-3,Other Body Fluid,7,6,0,0,,,,,0.0,0.0,categorical,0.0003,0.9997,1.167
2946,mimiciii.CHARTEVENTS,APPROTININ CC/HR,,,,,,7,2,7,0,,25.0,25.0,25.0,0.0,1.0,numeric,0.0001,0.9999,3.5
2919,mimiciii.CHARTEVENTS,ABDOMINAL GIRTH,,,,,,7,1,7,0,,51.75,53.5,55.0,0.0,1.0,numeric,0.0001,0.9999,7.0
6200,mimiciii.CHARTEVENTS,foley changed,,,,,,7,3,0,0,,,,,0.0,0.0,categorical,0.0002,0.9998,2.333
7847,mimiciii.CHARTEVENTS,SVR/PVR ratio,,,,,,7,1,7,0,,2.4,4.2,8.4,0.0,1.0,numeric,0.0001,0.9999,7.0
3005,mimiciii.CHARTEVENTS,Aprotiinin ml/hr,,,,,,7,1,6,0,,0.0,25.0,25.0,0.0,0.8571,mixed,0.0001,0.9999,7.0
5988,mimiciii.CHARTEVENTS,AV Fistula Thrill,,,,,,7,1,0,0,,,,,0.0,0.0,categorical,0.0001,0.9999,7.0
5702,mimiciii.CHARTEVENTS,FEM ART MEAN,,,,,,7,1,6,0,,66.0,89.0,171.0,0.0,0.8571,mixed,0.0001,0.9999,7.0
2546,mimiciii.CHARTEVENTS,CISATRACURIUMMG/KG/H,,,,,,7,1,6,0,,0.18,0.18,0.18,0.0,0.8571,mixed,0.0001,0.9999,7.0
7133,mimiciii.CHARTEVENTS,abd pressure,,,,,,7,1,6,0,,12.0,16.5,26.0,0.0,0.8571,mixed,0.0001,0.9999,7.0
1584,mimiciii.CHARTEVENTS,T hi,,,,,,7,2,7,0,,1.5,1.5,30.0,0.0,1.0,numeric,0.0001,0.9999,3.5
6182,mimiciii.CHARTEVENTS,jt flush 20cc q 8 hs,,,,,,7,1,1,0,,20.0,20.0,20.0,0.0,0.1429,mixed,0.0001,0.9999,7.0
1934,mimiciii.CHARTEVENTS,3.Paroxysmal Sweats,,,,,,7,1,7,0,,0.0,0.0,2.0,0.0,1.0,numeric,0.0001,0.9999,7.0
1620,mimiciii.CHARTEVENTS,L foot CSM check,,,,,,7,1,0,0,,,,,0.0,0.0,categorical,0.0001,0.9999,7.0
6109,mimiciii.CHARTEVENTS,EEG run,,,,,,7,1,0,0,,,,,0.0,0.0,categorical,0.0001,0.9999,7.0
2387,mimiciii.CHARTEVENTS,CHEST DRSG W->D,,,,,,7,1,0,0,,,,,0.0,0.0,categorical,0.0001,0.9999,7.0
6219,mimiciii.CHARTEVENTS,Breast Pump,,,,,,7,1,0,0,,,,,0.0,0.0,categorical,0.0001,0.9999,7.0
5902,mimiciii.CHARTEVENTS,yi MV,,,,,,7,1,7,0,,10.0,12.6,14.0,0.0,1.0,numeric,0.0001,0.9999,7.0
7459,mimiciii.CHARTEVENTS,Ph,,,,,,7,1,7,0,,20.0,20.0,24.0,0.0,1.0,numeric,0.0001,0.9999,7.0
7461,mimiciii.CHARTEVENTS,Th,,,,,,7,1,7,0,,4.0,5.0,5.0,0.0,1.0,numeric,0.0001,0.9999,7.0
7892,mimiciii.CHARTEVENTS,ecmp pump flow,,,,,,7,1,7,0,,2.8,2.9,3.1,0.0,1.0,numeric,0.0001,0.9999,7.0
225099,mimiciii.CHARTEVENTS,Judgement,Judgement,Adm History/FHPA,,Text,,7,3,0,0,,,,,0.0,0.0,categorical,0.0002,0.9998,2.333
224392,mimiciii.CHARTEVENTS,ETT Position Change,ETT Position Change,Respiratory,,Text,,7,5,0,0,,,,,0.0,0.0,categorical,0.0003,0.9997,1.4
225737,mimiciii.CHARTEVENTS,Arterial Line Discontinued,Arterial Line Discontinued,Access Lines - Invasive,,Text,,7,4,0,0,,,,,0.0,0.0,categorical,0.0002,0.9998,1.75
3029,mimiciii.CHARTEVENTS,p low,,,,,,7,1,7,0,,0.0,0.0,18.0,0.0,1.0,numeric,0.0001,0.9999,7.0
5720,mimiciii.CHARTEVENTS,TOTAL BATH,,,,,,7,1,0,0,,,,,0.0,0.0,categorical,0.0001,0.9999,7.0
1193,mimiciii.CHARTEVENTS,L. ARM SLING,,,,,,7,2,0,0,,,,,0.0,0.0,categorical,0.0001,0.9999,3.5
224359,mimiciii.CHARTEVENTS,QTc,QTc,Routine Vital Signs,sec,Numeric,,7,2,7,7,sec,0.34,0.42,0.49,1.0,1.0,numeric,0.0001,0.9999,3.5
1935,mimiciii.CHARTEVENTS,4. Anxiety,,,,,,7,1,7,0,,0.0,1.0,3.0,0.0,1.0,numeric,0.0001,0.9999,7.0
1936,mimiciii.CHARTEVENTS,5. Auditory Disturb.,,,,,,7,1,5,0,,0.0,0.0,0.0,0.0,0.7143,mixed,0.0001,0.9999,7.0
2574,mimiciii.CHARTEVENTS,MVO2 SAT,,,,,,7,1,7,0,,46.0,63.0,70.0,0.0,1.0,numeric,0.0001,0.9999,7.0
3271,mimiciii.CHARTEVENTS,insp time,,,,,,7,1,7,0,,0.8,0.85,0.85,0.0,1.0,numeric,0.0001,0.9999,7.0
2869,mimiciii.CHARTEVENTS,PORK INSULIN U/HR,,,,,,7,1,7,0,,1.0,2.5,5.0,0.0,1.0,numeric,0.0001,0.9999,7.0
7486,mimiciii.CHARTEVENTS,CUFF P.,,,,,,7,1,7,0,,25.0,26.0,28.0,0.0,1.0,numeric,0.0001,0.9999,7.0
1222,mimiciii.CHARTEVENTS,VASOPRESSIN,,,,,,7,2,7,0,,0.02,0.04,0.04,0.0,1.0,numeric,0.0001,0.9999,3.5
1728,mimiciii.CHARTEVENTS,nebulizer,,,,,,7,1,0,0,,,,,0.0,0.0,categorical,0.0001,0.9999,7.0
1847,mimiciii.CHARTEVENTS,CIWA scale,,,,,,7,2,7,0,,0.0,7.0,10.0,0.0,1.0,numeric,0.0001,0.9999,3.5
6102,mimiciii.CHARTEVENTS,T-LO,,,,,,7,2,6,0,,0.4,1.0,1.0,0.0,0.8571,mixed,0.0001,0.9999,3.5
5942,mimiciii.CHARTEVENTS,HIGH VT,,,,,,7,1,7,0,,12.0,18.0,23.0,0.0,1.0,numeric,0.0001,0.9999,7.0
2687,mimiciii.CHARTEVENTS,AMMONIA,,,,,,7,4,7,0,,27.0,55.0,97.0,0.0,1.0,numeric,0.0002,0.9998,1.75
225126,mimiciii.CHARTEVENTS,Dialysis patient,Dialysis patient,Adm History/FHPA,,Checkbox,,7,4,7,0,,0.0,0.0,0.0,0.0,1.0,numeric,0.0002,0.9998,1.75
1886,mimiciii.CHARTEVENTS,dextrose,,,,,,7,1,5,0,,10.0,10.0,20.0,0.0,0.7143,mixed,0.0001,0.9999,7.0
1470,mimiciii.CHARTEVENTS,drsgs change,,,,,,7,1,0,0,,,,,0.0,0.0,categorical,0.0001,0.9999,7.0
5800,mimiciii.CHARTEVENTS,mushroom catheter,,,,,,7,1,0,0,,,,,0.0,0.0,categorical,0.0001,0.9999,7.0
225131,mimiciii.CHARTEVENTS,Teaching directed toward,Teaching directed toward,Adm History/FHPA,,Text,,7,1,0,0,,,,,0.0,0.0,categorical,0.0001,0.9999,7.0
224844,mimiciii.CHARTEVENTS,Permanent Pacemaker Mode,Permanent Pacemaker Mode,Cardiovascular (Pacer Data),,Text,,7,1,0,0,,,,,0.0,0.0,categorical,0.0001,0.9999,7.0
5856,mimiciii.CHARTEVENTS,icp,,,,,,7,1,7,0,,24.0,30.0,42.0,0.0,1.0,numeric,0.0001,0.9999,7.0
8357,mimiciii.CHARTEVENTS,Sigh Peep,,,,,,7,1,7,0,,6.0,6.0,8.0,0.0,1.0,numeric,0.0001,0.9999,7.0
1134,mimiciii.CHARTEVENTS,pad change,,,,,,7,2,0,0,,,,,0.0,0.0,categorical,0.0001,0.9999,3.5
224845,mimiciii.CHARTEVENTS,Permanent Pacemaker Rate,Permanent Pacemaker Rate,Cardiovascular (Pacer Data),/min,Numeric,,7,1,7,7,/min,60.0,60.0,60.0,1.0,1.0,numeric,0.0001,0.9999,7.0
1932,mimiciii.CHARTEVENTS,1. Nausea and Vomit.,,,,,,7,1,7,0,,0.0,0.0,0.0,0.0,1.0,numeric,0.0001,0.9999,7.0
1933,mimiciii.CHARTEVENTS,2.Tremor,,,,,,7,1,7,0,,0.0,0.0,3.0,0.0,1.0,numeric,0.0001,0.9999,7.0
6041,mimiciii.CHARTEVENTS,hi Ve,,,,,,7,2,7,0,,11.5,16.0,16.0,0.0,1.0,numeric,0.0001,0.9999,3.5
7901,mimiciii.CHARTEVENTS,T Disconnect,,,,,,7,1,7,0,,0.0,0.0,0.0,0.0,1.0,numeric,0.0001,0.9999,7.0
1820,mimiciii.CHARTEVENTS,alcohol bath,,,,,,7,2,0,0,,,,,0.0,0.0,categorical,0.0001,0.9999,3.5
1904,mimiciii.CHARTEVENTS,Qtc,,,,,,7,3,7,0,,0.394,0.419,0.47,0.0,1.0,numeric,0.0002,0.9998,2.333
7061,mimiciii.CHARTEVENTS,left nephrostomy,,,,,,7,1,0,0,,,,,0.0,0.0,categorical,0.0001,0.9999,7.0
7460,mimiciii.CHARTEVENTS,Pl,,,,,,7,1,7,0,,0.0,0.0,0.0,0.0,1.0,numeric,0.0001,0.9999,7.0
7462,mimiciii.CHARTEVENTS,Tl,,,,,,7,1,7,0,,0.5,0.5,0.5,0.0,1.0,numeric,0.0001,0.9999,7.0
225133,mimiciii.CHARTEVENTS,Discharge needs,Discharge needs,Adm History/FHPA,,Checkbox,,7,1,7,0,,1.0,1.0,1.0,0.0,1.0,numeric,0.0001,0.9999,7.0
2824,mimiciii.CHARTEVENTS,SHAMPOO,,,,,,7,3,0,0,,,,,0.0,0.0,categorical,0.0002,0.9998,2.333
7524,mimiciii.CHARTEVENTS,aprv phigh,,,,,,7,1,7,0,,28.0,33.0,33.0,0.0,1.0,numeric,0.0001,0.9999,7.0
7532,mimiciii.CHARTEVENTS,T  high,,,,,,7,1,7,0,,1.3,1.7,15.0,0.0,1.0,numeric,0.0001,0.9999,7.0
6316,mimiciii.CHARTEVENTS,vac canister change,,,,,,7,1,0,0,,,,,0.0,0.0,categorical,0.0001,0.9999,7.0
1200,mimiciii.CHARTEVENTS,High MAP Alarm,,,,,,7,1,7,0,,8.0,33.0,38.0,0.0,1.0,numeric,0.0001,0.9999,7.0
1201,mimiciii.CHARTEVENTS,Low MAP alarm,,,,,,7,1,7,0,,17.0,17.0,22.0,0.0,1.0,numeric,0.0001,0.9999,7.0
1417,mimiciii.CHARTEVENTS,L&R DECUB DRSG CHGE,,,,,,7,1,0,0,,,,,0.0,0.0,categorical,0.0001,0.9999,7.0
5195,mimiciii.CHARTEVENTS,potassium phosphorus,,,,,,7,1,7,0,,0.0,42.0,42.0,0.0,1.0,numeric,0.0001,0.9999,7.0
2538,mimiciii.CHARTEVENTS,STUDY DRUG,,,,,,7,1,7,0,,21.0,21.0,21.0,0.0,1.0,numeric,0.0001,0.9999,7.0
7341,mimiciii.CHARTEVENTS,Vasopressin  u/hr,,,,,,7,1,7,0,,0.0,1.2,2.4,0.0,1.0,numeric,0.0001,0.9999,7.0
1937,mimiciii.CHARTEVENTS,6. Agitation,,,,,,7,1,7,0,,0.0,1.0,3.0,0.0,1.0,numeric,0.0001,0.9999,7.0
1938,mimiciii.CHARTEVENTS,7. Tactile Disturb.,,,,,,7,1,5,0,,0.0,0.0,0.0,0.0,0.7143,mixed,0.0001,0.9999,7.0
1939,mimiciii.CHARTEVENTS,8. Visual Disturb.,,,,,,7,1,5,0,,0.0,0.0,3.0,0.0,0.7143,mixed,0.0001,0.9999,7.0
1940,mimiciii.CHARTEVENTS,9. H/A Head fullness,,,,,,7,1,6,0,,0.0,0.0,3.0,0.0,0.8571,mixed,0.0001,0.9999,7.0
225879,mimiciii.INPUTEVENTS_MV,Levofloxacin,Levofloxacin,Antibiotics,dose,Solution,,7,3,0,0,,,,,0.0,0.0,categorical,0.0002,0.9998,2.333
45383,mimiciii.INPUTEVENTS_CV,NSw/sodium phos15mmo,,Free Form Intake,,,,7,1,0,0,,,,,0.0,0.0,categorical,0.0001,0.9999,7.0
46706,mimiciii.INPUTEVENTS_CV,Banana bag,,Free Form Intake,,,,7,1,0,0,,,,,0.0,0.0,categorical,0.0001,0.9999,7.0
44088,mimiciii.INPUTEVENTS_CV,Magnesium,,Free Form Intake,,,,7,2,0,0,,,,,0.0,0.0,categorical,0.0001,0.9999,3.5
41467,mimiciii.INPUTEVENTS_CV,NS IV bolus,,Free Form Intake,,,,7,1,0,0,,,,,0.0,0.0,categorical,0.0001,0.9999,7.0
45762,mimiciii.INPUTEVENTS_CV,sodium phos 30mmol,,Free Form Intake,,,,7,1,0,0,,,,,0.0,0.0,categorical,0.0001,0.9999,7.0
45627,mimiciii.INPUTEVENTS_CV,potassium 40/500,,Free Form Intake,,,,7,1,0,0,,,,,0.0,0.0,categorical,0.0001,0.9999,7.0
45833,mimiciii.INPUTEVENTS_CV,ns 15mmol na phos,,Free Form Intake,,,,7,1,0,0,,,,,0.0,0.0,categorical,0.0001,0.9999,7.0
43062,mimiciii.INPUTEVENTS_CV,D5W w/ 40gms cagluc,,Free Form Intake,,,,7,1,0,0,,,,,0.0,0.0,categorical,0.0001,0.9999,7.0
41182,mimiciii.INPUTEVENTS_CV,acetylcysteine 20%,,Free Form Intake,,,,7,1,0,0,,,,,0.0,0.0,categorical,0.0001,0.9999,7.0
42916,mimiciii.INPUTEVENTS_CV,calcium gluc,,Free Form Intake,,,,7,1,0,0,,,,,0.0,0.0,categorical,0.0001,0.9999,7.0
44246,mimiciii.INPUTEVENTS_CV,KPO4 30 MM,,Free Form Intake,,,,7,1,0,0,,,,,0.0,0.0,categorical,0.0001,0.9999,7.0
30297,mimiciii.INPUTEVENTS_CV,Potassium Chloride,,,,,,7,1,0,0,,,,,0.0,0.0,categorical,0.0001,0.9999,7.0
46783,mimiciii.INPUTEVENTS_CV,15mm k phos,,Free Form Intake,,,,7,1,0,0,,,,,0.0,0.0,categorical,0.0001,0.9999,7.0
43141,mimiciii.INPUTEVENTS_CV,PD,,,,,,7,2,0,0,,,,,0.0,0.0,categorical,0.0001,0.9999,3.5
40963,mimiciii.INPUTEVENTS_CV,pheresis,,Free Form Intake,,,,7,3,0,0,,,,,0.0,0.0,categorical,0.0002,0.9998,2.333
44823,mimiciii.INPUTEVENTS_CV,NaPhos30mmol/250NS,,Free Form Intake,,,,7,1,0,0,,,,,0.0,0.0,categorical,0.0001,0.9999,7.0
42706,mimiciii.INPUTEVENTS_CV,k phos over 6hrs.,,Free Form Intake,,,,7,1,0,0,,,,,0.0,0.0,categorical,0.0001,0.9999,7.0
44580,mimiciii.INPUTEVENTS_CV,Hep B IG,,Free Form Intake,,,,7,1,0,0,,,,,0.0,0.0,categorical,0.0001,0.9999,7.0
43957,mimiciii.INPUTEVENTS_CV,15 m sodium phos   e,,Free Form Intake,,,,7,1,0,0,,,,,0.0,0.0,categorical,0.0001,0.9999,7.0
42277,mimiciii.INPUTEVENTS_CV,insensible loss,,,,,,7,1,0,0,,,,,0.0,0.0,categorical,0.0001,0.9999,7.0
42902,mimiciii.INPUTEVENTS_CV,right femerol,,,,,,7,1,0,0,,,,,0.0,0.0,categorical,0.0001,0.9999,7.0
46674,mimiciii.INPUTEVENTS_CV,30mmol NaPhos,,Free Form Intake,,,,7,1,0,0,,,,,0.0,0.0,categorical,0.0001,0.9999,7.0
44041,mimiciii.INPUTEVENTS_CV,D5W 50 meq Ca Acetat,,Free Form Intake,,,,7,1,0,0,,,,,0.0,0.0,categorical,0.0001,0.9999,7.0
42374,mimiciii.INPUTEVENTS_CV,L THIGH JACKSON PRAT,,,,,,7,1,0,0,,,,,0.0,0.0,categorical,0.0001,0.9999,7.0
43087,mimiciii.INPUTEVENTS_CV,3/4 RESPALOR,,Free Form Intake,,,,7,1,0,0,,,,,0.0,0.0,categorical,0.0001,0.9999,7.0
44115,mimiciii.INPUTEVENTS_CV,K+ Phosphate,,Free Form Intake,,,,7,1,0,0,,,,,0.0,0.0,categorical,0.0001,0.9999,7.0
42862,mimiciii.INPUTEVENTS_CV,Fendolapam,,Free Form Intake,,,,7,1,0,0,,,,,0.0,0.0,categorical,0.0001,0.9999,7.0
45495,mimiciii.INPUTEVENTS_CV,Peptamen VHP,,Free Form Intake,,,,7,1,0,0,,,,,0.0,0.0,categorical,0.0001,0.9999,7.0
44112,mimiciii.INPUTEVENTS_CV,CBP FLUID,,Free Form Intake,,,,7,1,0,0,,,,,0.0,0.0,categorical,0.0001,0.9999,7.0
44864,mimiciii.INPUTEVENTS_CV,15mmol Na+ Phos,,Free Form Intake,,,,7,1,0,0,,,,,0.0,0.0,categorical,0.0001,0.9999,7.0
44960,mimiciii.INPUTEVENTS_CV,go-lytly,,Free Form Intake,,,,7,1,0,0,,,,,0.0,0.0,categorical,0.0001,0.9999,7.0
46390,mimiciii.INPUTEVENTS_CV,N/S  K PHOS 30MMOL,,Free Form Intake,,,,7,1,0,0,,,,,0.0,0.0,categorical,0.0001,0.9999,7.0
42876,mimiciii.INPUTEVENTS_CV,ER CRYSTALLOIDS,,Free Form Intake,,,,7,3,0,0,,,,,0.0,0.0,categorical,0.0002,0.9998,2.333
46467,mimiciii.INPUTEVENTS_CV,Kphos 30mmol/44 mEq,,Free Form Intake,,,,7,1,0,0,,,,,0.0,0.0,categorical,0.0001,0.9999,7.0
42292,mimiciii.INPUTEVENTS_CV,k-phos,,Free Form Intake,,,,7,1,0,0,,,,,0.0,0.0,categorical,0.0001,0.9999,7.0
43930,mimiciii.INPUTEVENTS_CV,na phosphate in ns,,Free Form Intake,,,,7,1,0,0,,,,,0.0,0.0,categorical,0.0001,0.9999,7.0
41611,mimiciii.INPUTEVENTS_CV,Nesiritide,,Free Form Intake,,,,7,1,0,0,,,,,0.0,0.0,categorical,0.0001,0.9999,7.0
44206,mimiciii.INPUTEVENTS_CV,D5 0.25%NS 20mEq KCl,,Free Form Intake,,,,7,1,0,0,,,,,0.0,0.0,categorical,0.0001,0.9999,7.0
40551,mimiciii.INPUTEVENTS_CV,bicarb push,,Free Form Intake,,,,7,1,0,0,,,,,0.0,0.0,categorical,0.0001,0.9999,7.0
42089,mimiciii.INPUTEVENTS_CV,K PHOS OVER 6 HRS,,Free Form Intake,,,,7,1,0,0,,,,,0.0,0.0,categorical,0.0001,0.9999,7.0
41732,mimiciii.INPUTEVENTS_CV,Mannitol 50Gm/250mL,,Free Form Intake,,,,7,1,0,0,,,,,0.0,0.0,categorical,0.0001,0.9999,7.0
42577,mimiciii.INPUTEVENTS_CV,ALCOHOL 5% DRIP G/HR,,Free Form Intake,,,,7,1,0,0,,,,,0.0,0.0,categorical,0.0001,0.9999,7.0
41561,mimiciii.INPUTEVENTS_CV,GASTROGRAFFIN,,Free Form Intake,,,,7,2,0,0,,,,,0.0,0.0,categorical,0.0001,0.9999,3.5
43838,mimiciii.INPUTEVENTS_CV,500ns/40meqkcl,,Free Form Intake,,,,7,1,0,0,,,,,0.0,0.0,categorical,0.0001,0.9999,7.0
44220,mimiciii.INPUTEVENTS_CV,Calcium Gluc 40gm,,Free Form Intake,,,,7,1,0,0,,,,,0.0,0.0,categorical,0.0001,0.9999,7.0
51211,mimiciii.LABEVENTS,Factor XIII,,Hematology,,3240-9,Blood,6,6,0,6,%,,,,1.0,0.0,categorical,0.0003,0.9997,1.0
51410,mimiciii.LABEVENTS,CD41,,Hematology,,51320-0,Other Body Fluid,6,5,0,0,,,,,0.0,0.0,categorical,0.0003,0.9997,1.2
50977,mimiciii.LABEVENTS,Quinidine,,Chemistry,,6694-4,Blood,6,4,6,6,ug/mL,0.6,1.7,3.9,1.0,1.0,numeric,0.0002,0.9998,1.5
51247,mimiciii.LABEVENTS,MacroOvalocytes,,Hematology,,10376-2,Blood,6,6,0,0,,,,,0.0,0.0,categorical,0.0003,0.9997,1.0
51413,mimiciii.LABEVENTS,CD56,,Hematology,,57424-4,Other Body Fluid,6,6,0,0,,,,,0.0,0.0,categorical,0.0003,0.9997,1.0
51368,mimiciii.LABEVENTS,Eosinophils,,Hematology,,17834-3,Joint Fluid,6,6,6,6,%,1.0,1.0,2.0,1.0,1.0,numeric,0.0003,0.9997,1.0
51451,mimiciii.LABEVENTS,Myelocytes,,Hematology,,,Pleural,6,6,6,6,%,0.0,2.0,4.0,1.0,1.0,numeric,0.0003,0.9997,1.0
51377,mimiciii.LABEVENTS,Mesothelial Cells,,Hematology,,33365-8,Joint Fluid,6,6,6,6,%,1.0,4.0,13.0,1.0,1.0,numeric,0.0003,0.9997,1.0
51407,mimiciii.LABEVENTS,CD38,,Hematology,,51299-6,Other Body Fluid,6,6,0,0,,,,,0.0,0.0,categorical,0.0003,0.9997,1.0
51417,mimiciii.LABEVENTS,CD71,,Hematology,,57426-9,Other Body Fluid,6,6,0,0,,,,,0.0,0.0,categorical,0.0003,0.9997,1.0
227632,mimiciii.CHARTEVENTS,Arctic Sun/Alsius Temp #1 C,Arctic Sun/Alsius Temp #1 C,Routine Vital Signs,?C,Numeric,,6,1,6,6,?C,41.0,41.3,41.5,1.0,1.0,numeric,0.0001,0.9999,6.0
1462,mimiciii.CHARTEVENTS,wrist  restraints,,,,,,6,1,0,0,,,,,0.0,0.0,categorical,0.0001,0.9999,6.0
1343,mimiciii.CHARTEVENTS,versed,,,,,,6,1,0,0,,,,,0.0,0.0,categorical,0.0001,0.9999,6.0
7908,mimiciii.CHARTEVENTS,T-disconnect,,,,,,6,3,6,0,,0.0,0.0,0.0,0.0,1.0,numeric,0.0002,0.9998,2.0
2397,mimiciii.CHARTEVENTS,BAIR HUGGER,,,,,,6,2,0,0,,,,,0.0,0.0,categorical,0.0001,0.9999,3.0
2652,mimiciii.CHARTEVENTS,APROTANIN,,,,,,6,2,6,0,,25.0,25.0,25.0,0.0,1.0,numeric,0.0001,0.9999,3.0
6653,mimiciii.CHARTEVENTS,femoral abp mean,,,,,,6,1,6,0,,62.0,78.0,97.0,0.0,1.0,numeric,0.0001,0.9999,6.0
2069,mimiciii.CHARTEVENTS,hi tidal volume,,,,,,6,1,6,0,,1.5,1.5,1.5,0.0,1.0,numeric,0.0001,0.9999,6.0
6943,mimiciii.CHARTEVENTS,LOW PEEP,,,,,,6,1,6,0,,2.0,2.0,2.0,0.0,1.0,numeric,0.0001,0.9999,6.0
224856,mimiciii.CHARTEVENTS,Restraints Ordered,Restraints Ordered,Restraint/Support Systems,,Checkbox,,6,1,6,0,,1.0,1.0,1.0,0.0,1.0,numeric,0.0001,0.9999,6.0
3121,mimiciii.CHARTEVENTS,himv,,,,,,6,1,6,0,,14.0,14.0,14.0,0.0,1.0,numeric,0.0001,0.9999,6.0
1493,mimiciii.CHARTEVENTS,LAVAGE,,,,,,6,1,0,0,,,,,0.0,0.0,categorical,0.0001,0.9999,6.0
2316,mimiciii.CHARTEVENTS,Passy-Muir valve,,,,,,6,2,0,0,,,,,0.0,0.0,categorical,0.0001,0.9999,3.0
227630,mimiciii.CHARTEVENTS,Arctic Sun Temp #1 Location,Arctic Sun Temp #1 Location,Routine Vital Signs,,Text,,6,1,0,0,,,,,0.0,0.0,categorical,0.0001,0.9999,6.0
2118,mimiciii.CHARTEVENTS,I.T,,,,,,6,1,6,0,,0.8,1.0,1.0,0.0,1.0,numeric,0.0001,0.9999,6.0
227187,mimiciii.CHARTEVENTS,Pinsp (Draeger only),Pinsp (Draeger only),Respiratory,cmH2O,Numeric,,6,3,6,6,cmH2O,5.0,5.0,16.0,1.0,1.0,numeric,0.0002,0.9998,2.0
1342,mimiciii.CHARTEVENTS,fentanyl,,,,,,6,1,0,0,,,,,0.0,0.0,categorical,0.0001,0.9999,6.0
2486,mimiciii.CHARTEVENTS,mask,,,,,,6,2,1,0,,10.0,10.0,10.0,0.0,0.1667,mixed,0.0001,0.9999,3.0
6073,mimiciii.CHARTEVENTS,MV HI,,,,,,6,3,6,0,,12.0,15.0,18.0,0.0,1.0,numeric,0.0002,0.9998,2.0
6810,mimiciii.CHARTEVENTS,APNEA sec,,,,,,6,1,6,0,,20.0,20.0,20.0,0.0,1.0,numeric,0.0001,0.9999,6.0
6635,mimiciii.CHARTEVENTS,Aprotinin ml/hr,,,,,,6,1,6,0,,25.0,25.0,25.0,0.0,1.0,numeric,0.0001,0.9999,6.0
6945,mimiciii.CHARTEVENTS,LOW VT,,,,,,6,1,6,0,,0.1,0.1,0.1,0.0,1.0,numeric,0.0001,0.9999,6.0
5666,mimiciii.CHARTEVENTS,EDEMA,,,,,,6,1,0,0,,,,,0.0,0.0,categorical,0.0001,0.9999,6.0
6267,mimiciii.CHARTEVENTS,NO2,,,,,,6,2,6,0,,0.5,0.75,5.0,0.0,1.0,numeric,0.0001,0.9999,3.0
5955,mimiciii.CHARTEVENTS,Analyzed INOV FiO2,,,,,,6,1,6,0,,0.5,0.51,0.6,0.0,1.0,numeric,0.0001,0.9999,6.0
6148,mimiciii.CHARTEVENTS,Valproic acid,,,,,,6,2,6,0,,8.0,34.5,38.0,0.0,1.0,numeric,0.0001,0.9999,3.0
227675,mimiciii.CHARTEVENTS,Face to Face Eval (Violent),Face to Face Eval (Violent),Restraint/Support Systems,,Text,,6,1,0,0,,,,,0.0,0.0,categorical,0.0001,0.9999,6.0
5703,mimiciii.CHARTEVENTS,FEM ART S/D,,,,,,6,1,0,0,,,,,0.0,0.0,categorical,0.0001,0.9999,6.0
3078,mimiciii.CHARTEVENTS,alarm/high minute vl,,,,,,6,1,6,0,,17.0,20.0,20.0,0.0,1.0,numeric,0.0001,0.9999,6.0
3218,mimiciii.CHARTEVENTS,TCPCV Driving Press.,,,,,,6,1,6,0,,30.0,33.5,35.0,0.0,1.0,numeric,0.0001,0.9999,6.0
6130,mimiciii.CHARTEVENTS,Hi min vent,,,,,,6,1,6,0,,17.0,20.0,24.0,0.0,1.0,numeric,0.0001,0.9999,6.0
227631,mimiciii.CHARTEVENTS,Arctic Sun Temp #2 Location,Arctic Sun Temp #2 Location,Routine Vital Signs,,Text,,6,1,0,0,,,,,0.0,0.0,categorical,0.0001,0.9999,6.0
227570,mimiciii.CHARTEVENTS,Small Volume Neb Drug/Dose #1,SV Neb Drug/Dose #1,Respiratory,,Text,,6,1,0,0,,,,,0.0,0.0,categorical,0.0001,0.9999,6.0
1717,mimiciii.CHARTEVENTS,tPA            mg/hr,,,,,,6,1,6,0,,0.5,0.5,0.5,0.0,1.0,numeric,0.0001,0.9999,6.0
2092,mimiciii.CHARTEVENTS,T deconnect,,,,,,6,1,6,0,,10.0,10.0,10.0,0.0,1.0,numeric,0.0001,0.9999,6.0
5857,mimiciii.CHARTEVENTS,aterial line,,,,,,6,1,0,0,,,,,0.0,0.0,categorical,0.0001,0.9999,6.0
5579,mimiciii.CHARTEVENTS,Nitric [PSIG],,,,,,6,1,6,0,,550.0,750.0,1100.0,0.0,1.0,numeric,0.0001,0.9999,6.0
2321,mimiciii.CHARTEVENTS,PEJ SITE CARE,,,,,,6,1,0,0,,,,,0.0,0.0,categorical,0.0001,0.9999,6.0
1325,mimiciii.CHARTEVENTS,vc,,,,,,6,2,6,0,,1.4,865.0,1150.0,0.0,1.0,numeric,0.0001,0.9999,3.0
6944,mimiciii.CHARTEVENTS,LOW PRESSURE,,,,,,6,1,6,0,,8.0,8.0,8.0,0.0,1.0,numeric,0.0001,0.9999,6.0
2711,mimiciii.CHARTEVENTS,qtc interval,,,,,,6,1,6,0,,0.403,0.505,0.58,0.0,1.0,numeric,0.0001,0.9999,6.0
2925,mimiciii.CHARTEVENTS,flow trigger,,,,,,6,2,6,0,,0.3,0.3,3.0,0.0,1.0,numeric,0.0001,0.9999,3.0
225106,mimiciii.CHARTEVENTS,ETOH,ETOH,Adm History/FHPA,,Checkbox,,6,6,6,0,,0.0,0.0,1.0,0.0,1.0,numeric,0.0003,0.9997,1.0
1106,mimiciii.CHARTEVENTS,Meperidine mg/hr,,,,,,6,1,6,0,,25.0,50.0,50.0,0.0,1.0,numeric,0.0001,0.9999,6.0
1505,mimiciii.CHARTEVENTS,Palmer Pulses R/L,,,,,,6,1,0,0,,,,,0.0,0.0,categorical,0.0001,0.9999,6.0
5797,mimiciii.CHARTEVENTS,L FEM ALINE,,,,,,6,1,0,0,,,,,0.0,0.0,categorical,0.0001,0.9999,6.0
5920,mimiciii.CHARTEVENTS,passymuir valve,,,,,,6,1,0,0,,,,,0.0,0.0,categorical,0.0001,0.9999,6.0
6289,mimiciii.CHARTEVENTS,spontaneous vt,,,,,,6,1,6,0,,350.0,405.0,460.0,0.0,1.0,numeric,0.0001,0.9999,6.0
225692,mimiciii.CHARTEVENTS,Total Granulocyte Count (TGC),Total Granulocyte Count (TGC),Labs,None,Numeric,,6,5,6,6,#/uL,310.0,990.0,7080.0,1.0,1.0,numeric,0.0003,0.9997,1.2
6987,mimiciii.CHARTEVENTS,bladder pse.,,,,,,6,1,6,0,,8.0,10.0,18.0,0.0,1.0,numeric,0.0001,0.9999,6.0
1661,mimiciii.CHARTEVENTS,Bed alarms on,,,,,,6,1,0,0,,,,,0.0,0.0,categorical,0.0001,0.9999,6.0
7234,mimiciii.CHARTEVENTS,t-low,,,,,,6,1,6,0,,0.8,0.8,0.8,0.0,1.0,numeric,0.0001,0.9999,6.0
1478,mimiciii.CHARTEVENTS,pericard drain irr.,,,,,,6,1,0,0,,,,,0.0,0.0,categorical,0.0001,0.9999,6.0
1037,mimiciii.CHARTEVENTS,O2 %,,,,,,6,1,6,0,,0.7,0.7,70.0,0.0,1.0,numeric,0.0001,0.9999,6.0
2838,mimiciii.CHARTEVENTS,HALDOL MG IVP,,,,,,6,1,6,0,,2.5,5.0,5.0,0.0,1.0,numeric,0.0001,0.9999,6.0
1817,mimiciii.CHARTEVENTS,ETCO2,,,,,,6,2,6,0,,3.0,17.0,33.0,0.0,1.0,numeric,0.0001,0.9999,3.0
1055,mimiciii.CHARTEVENTS,Hi/Minute/vol/alarm,,,,,,6,1,6,0,,20.0,20.0,20.0,0.0,1.0,numeric,0.0001,0.9999,6.0
3217,mimiciii.CHARTEVENTS,Abd binder,,,,,,6,1,0,0,,,,,0.0,0.0,categorical,0.0001,0.9999,6.0
6168,mimiciii.CHARTEVENTS,hi VE,,,,,,6,1,6,0,,10.0,12.0,14.0,0.0,1.0,numeric,0.0001,0.9999,6.0
1590,mimiciii.CHARTEVENTS,disconnect alarm,,,,,,6,1,6,0,,15.0,15.0,15.0,0.0,1.0,numeric,0.0001,0.9999,6.0
7235,mimiciii.CHARTEVENTS,Drivng press,,,,,,6,1,6,0,,15.0,15.0,17.0,0.0,1.0,numeric,0.0001,0.9999,6.0
2378,mimiciii.CHARTEVENTS,epidural,,,,,,6,1,6,0,,6.0,7.0,8.0,0.0,1.0,numeric,0.0001,0.9999,6.0
222315,mimiciii.INPUTEVENTS_MV,Vasopressin,Vasopressin,Medications,units,Solution,,6,2,6,6,units/hour,1.2,2.4,2.4,1.0,1.0,numeric,0.0001,0.9999,3.0
225837,mimiciii.INPUTEVENTS_MV,Acyclovir,Acyclovir,Antibiotics,dose,Solution,,6,1,0,0,,,,,0.0,0.0,categorical,0.0001,0.9999,6.0
225859,mimiciii.INPUTEVENTS_MV,Ciprofloxacin,Ciprofloxacin,Antibiotics,dose,Solution,,6,2,0,0,,,,,0.0,0.0,categorical,0.0001,0.9999,3.0
46511,mimiciii.INPUTEVENTS_CV,Barium,,Free Form Intake,,,,6,2,0,0,,,,,0.0,0.0,categorical,0.0001,0.9999,3.0
41773,mimiciii.INPUTEVENTS_CV,Bari-cat,,Free Form Intake,,,,6,2,0,0,,,,,0.0,0.0,categorical,0.0001,0.9999,3.0
46181,mimiciii.INPUTEVENTS_CV,Pancr. Pigtail #1,,,,,,6,1,0,0,,,,,0.0,0.0,categorical,0.0001,0.9999,6.0
44311,mimiciii.INPUTEVENTS_CV,Pigtail flush,,Free Form Intake,,,,6,1,0,0,,,,,0.0,0.0,categorical,0.0001,0.9999,6.0
42172,mimiciii.INPUTEVENTS_CV,MANITOL,,Free Form Intake,,,,6,1,0,0,,,,,0.0,0.0,categorical,0.0001,0.9999,6.0
45172,mimiciii.INPUTEVENTS_CV,40meq KCL/500ml NS,,Free Form Intake,,,,6,1,0,0,,,,,0.0,0.0,categorical,0.0001,0.9999,6.0
45107,mimiciii.INPUTEVENTS_CV,1/2 promote/fibre  e,,Free Form Intake,,,,6,1,0,0,,,,,0.0,0.0,categorical,0.0001,0.9999,6.0
44983,mimiciii.INPUTEVENTS_CV,Bolus NS,,Free Form Intake,,,,6,1,0,0,,,,,0.0,0.0,categorical,0.0001,0.9999,6.0
42699,mimiciii.INPUTEVENTS_CV,GU IRRIGANT,,Free Form Intake,,,,6,1,0,0,,,,,0.0,0.0,categorical,0.0001,0.9999,6.0
42344,mimiciii.INPUTEVENTS_CV,tham,,Free Form Intake,,,,6,1,0,0,,,,,0.0,0.0,categorical,0.0001,0.9999,6.0
42275,mimiciii.INPUTEVENTS_CV,bile refeed,,Free Form Intake,,,,6,1,0,0,,,,,0.0,0.0,categorical,0.0001,0.9999,6.0
44738,mimiciii.INPUTEVENTS_CV,CT warming fluid,,Free Form Intake,,,,6,1,0,0,,,,,0.0,0.0,categorical,0.0001,0.9999,6.0
42168,mimiciii.INPUTEVENTS_CV,breast pumping,,,,,,6,1,0,0,,,,,0.0,0.0,categorical,0.0001,0.9999,6.0
44126,mimiciii.INPUTEVENTS_CV,fl bolus,,Free Form Intake,,,,6,1,0,0,,,,,0.0,0.0,categorical,0.0001,0.9999,6.0
45660,mimiciii.INPUTEVENTS_CV,NS+ 15mmol Na Phosph,,Free Form Intake,,,,6,1,0,0,,,,,0.0,0.0,categorical,0.0001,0.9999,6.0
45059,mimiciii.INPUTEVENTS_CV,edema extremities,,,,,,6,1,0,0,,,,,0.0,0.0,categorical,0.0001,0.9999,6.0
45133,mimiciii.INPUTEVENTS_CV,ns with Na Phos 15 m,,Free Form Intake,,,,6,1,0,0,,,,,0.0,0.0,categorical,0.0001,0.9999,6.0
41303,mimiciii.INPUTEVENTS_CV,cath lab dye,,Free Form Intake,,,,6,2,0,0,,,,,0.0,0.0,categorical,0.0001,0.9999,3.0
45153,mimiciii.INPUTEVENTS_CV,vag/peri,,,,,,6,1,0,0,,,,,0.0,0.0,categorical,0.0001,0.9999,6.0
44889,mimiciii.INPUTEVENTS_CV,IR,,Free Form Intake,,,,6,2,0,0,,,,,0.0,0.0,categorical,0.0001,0.9999,3.0
44822,mimiciii.INPUTEVENTS_CV,PD in,,Free Form Intake,,,,6,1,0,0,,,,,0.0,0.0,categorical,0.0001,0.9999,6.0
41743,mimiciii.INPUTEVENTS_CV,water bolus,,Free Form Intake,,,,6,2,0,0,,,,,0.0,0.0,categorical,0.0001,0.9999,3.0
42548,mimiciii.INPUTEVENTS_CV,NS Bolus,,Free Form Intake,,,,6,3,0,0,,,,,0.0,0.0,categorical,0.0002,0.9998,2.0
42358,mimiciii.INPUTEVENTS_CV,k phos over 6hrs,,Free Form Intake,,,,6,1,0,0,,,,,0.0,0.0,categorical,0.0001,0.9999,6.0
42770,mimiciii.INPUTEVENTS_CV,Floor intake,,Free Form Intake,,,,6,3,0,0,,,,,0.0,0.0,categorical,0.0002,0.9998,2.0
42306,mimiciii.INPUTEVENTS_CV,ER IVF,,Free Form Intake,,,,6,3,0,0,,,,,0.0,0.0,categorical,0.0002,0.9998,2.0
44110,mimiciii.INPUTEVENTS_CV,RL BOLUS,,Free Form Intake,,,,6,1,0,0,,,,,0.0,0.0,categorical,0.0001,0.9999,6.0
45002,mimiciii.INPUTEVENTS_CV,Abdomen site,,,,,,6,1,0,0,,,,,0.0,0.0,categorical,0.0001,0.9999,6.0
44477,mimiciii.INPUTEVENTS_CV,1/2 NS REPLACEMENT,,Free Form Intake,,,,6,1,0,0,,,,,0.0,0.0,categorical,0.0001,0.9999,6.0
41448,mimiciii.INPUTEVENTS_CV,protonix 8mg/250,,Free Form Intake,,,,6,1,0,0,,,,,0.0,0.0,categorical,0.0001,0.9999,6.0
42052,mimiciii.INPUTEVENTS_CV,FREE H20 BOLUS,,Free Form Intake,,,,6,1,0,0,,,,,0.0,0.0,categorical,0.0001,0.9999,6.0
46366,mimiciii.INPUTEVENTS_CV,fasciotomy,,Free Form Intake,,,,6,1,0,0,,,,,0.0,0.0,categorical,0.0001,0.9999,6.0
45293,mimiciii.INPUTEVENTS_CV,15 mmol naphos/NS,,Free Form Intake,,,,6,1,0,0,,,,,0.0,0.0,categorical,0.0001,0.9999,6.0
43235,mimiciii.INPUTEVENTS_CV,contrast dye,,Free Form Intake,,,,6,3,0,0,,,,,0.0,0.0,categorical,0.0002,0.9998,2.0
46590,mimiciii.INPUTEVENTS_CV,Gastrografen,,Free Form Intake,,,,6,1,0,0,,,,,0.0,0.0,categorical,0.0001,0.9999,6.0
41704,mimiciii.INPUTEVENTS_CV,Lactulose Enema,,Free Form Intake,,,,6,2,0,0,,,,,0.0,0.0,categorical,0.0001,0.9999,3.0
45736,mimiciii.INPUTEVENTS_CV,Sodium phos 15mmol,,Free Form Intake,,,,6,1,0,0,,,,,0.0,0.0,categorical,0.0001,0.9999,6.0
42612,mimiciii.INPUTEVENTS_CV,WATER VIA NG,,Free Form Intake,,,,6,1,0,0,,,,,0.0,0.0,categorical,0.0001,0.9999,6.0
43864,mimiciii.INPUTEVENTS_CV,PD intake,,Free Form Intake,,,,6,1,0,0,,,,,0.0,0.0,categorical,0.0001,0.9999,6.0
42243,mimiciii.INPUTEVENTS_CV,anti-thymocyte globu,,Free Form Intake,,,,6,1,0,0,,,,,0.0,0.0,categorical,0.0001,0.9999,6.0
46086,mimiciii.INPUTEVENTS_CV,N/S +30MMOL KPO4,,Free Form Intake,,,,6,1,0,0,,,,,0.0,0.0,categorical,0.0001,0.9999,6.0
41556,mimiciii.INPUTEVENTS_CV,ng,,,,,,6,1,0,0,,,,,0.0,0.0,categorical,0.0001,0.9999,6.0
44582,mimiciii.INPUTEVENTS_CV,250 N/S 15MM NA PHOS,,Free Form Intake,,,,6,1,0,0,,,,,0.0,0.0,categorical,0.0001,0.9999,6.0
41179,mimiciii.INPUTEVENTS_CV,ascites fluid bag,,,,,,6,1,0,0,,,,,0.0,0.0,categorical,0.0001,0.9999,6.0
43882,mimiciii.INPUTEVENTS_CV,FoleyIrrigant,,Free Form Intake,,,,6,1,0,0,,,,,0.0,0.0,categorical,0.0001,0.9999,6.0
46521,mimiciii.INPUTEVENTS_CV,Isoproterenol,,Free Form Intake,,,,6,1,0,0,,,,,0.0,0.0,categorical,0.0001,0.9999,6.0
45268,mimiciii.INPUTEVENTS_CV,CALCIUM FOR CVVHD,,Free Form Intake,,,,6,1,0,0,,,,,0.0,0.0,categorical,0.0001,0.9999,6.0
44633,mimiciii.INPUTEVENTS_CV,ns boluses,,Free Form Intake,,,,6,1,0,0,,,,,0.0,0.0,categorical,0.0001,0.9999,6.0
44294,mimiciii.INPUTEVENTS_CV,ice chips,,Free Form Intake,,,,6,1,0,0,,,,,0.0,0.0,categorical,0.0001,0.9999,6.0
45303,mimiciii.INPUTEVENTS_CV,NA PHOS  0mmol,,Free Form Intake,,,,6,1,0,0,,,,,0.0,0.0,categorical,0.0001,0.9999,6.0
45348,mimiciii.INPUTEVENTS_CV,NA PHOS (15MMOL),,Free Form Intake,,,,6,1,0,0,,,,,0.0,0.0,categorical,0.0001,0.9999,6.0
41765,mimiciii.INPUTEVENTS_CV,gastrograffin,,Free Form Intake,,,,6,2,0,0,,,,,0.0,0.0,categorical,0.0001,0.9999,3.0
45767,mimiciii.INPUTEVENTS_CV,SODIUM PO4,,Free Form Intake,,,,6,1,0,0,,,,,0.0,0.0,categorical,0.0001,0.9999,6.0
30092,mimiciii.INPUTEVENTS_CV,Autotransfusion,,,,,,6,4,0,0,,,,,0.0,0.0,categorical,0.0002,0.9998,1.5
44460,mimiciii.INPUTEVENTS_CV,Impact w/Fib 1/2 Str,,Free Form Intake,,,,6,1,0,0,,,,,0.0,0.0,categorical,0.0001,0.9999,6.0
42322,mimiciii.INPUTEVENTS_CV,er crystalloids,,Free Form Intake,,,,6,3,0,0,,,,,0.0,0.0,categorical,0.0002,0.9998,2.0
42836,mimiciii.INPUTEVENTS_CV,ANGIO IVF,,Free Form Intake,,,,6,2,0,0,,,,,0.0,0.0,categorical,0.0001,0.9999,3.0
44553,mimiciii.INPUTEVENTS_CV,thorocentisis,,,,,,6,3,0,0,,,,,0.0,0.0,categorical,0.0002,0.9998,2.0
42206,mimiciii.INPUTEVENTS_CV,.45ns w/ 20kcl,,Free Form Intake,,,,6,1,0,0,,,,,0.0,0.0,categorical,0.0001,0.9999,6.0
42307,mimiciii.INPUTEVENTS_CV,EW INTAKE,,Free Form Intake,,,,6,3,0,0,,,,,0.0,0.0,categorical,0.0002,0.9998,2.0
43674,mimiciii.INPUTEVENTS_CV,Sodium Phosphate IV,,Free Form Intake,,,,6,1,0,0,,,,,0.0,0.0,categorical,0.0001,0.9999,6.0
43951,mimiciii.INPUTEVENTS_CV,NA POSPHATE,,Free Form Intake,,,,6,1,0,0,,,,,0.0,0.0,categorical,0.0001,0.9999,6.0
45037,mimiciii.INPUTEVENTS_CV,CO,,Free Form Intake,,,,6,1,0,0,,,,,0.0,0.0,categorical,0.0001,0.9999,6.0
42448,mimiciii.INPUTEVENTS_CV,ABD wound bag,,,,,,6,1,0,0,,,,,0.0,0.0,categorical,0.0001,0.9999,6.0
44979,mimiciii.INPUTEVENTS_CV,500N/S 40meq K+,,Free Form Intake,,,,6,1,0,0,,,,,0.0,0.0,categorical,0.0001,0.9999,6.0
226504,mimiciii.CHARTEVENTS,Phenytoin (Free),Phenytoin (Free),Labs,None,Numeric,,5,4,5,5,ug/mL,1.3,1.7,2.1,1.0,1.0,numeric,0.0002,0.9998,1.25
3079,mimiciii.CHARTEVENTS,high volume,,,,,,5,1,5,0,,17.0,17.0,17.0,0.0,1.0,numeric,0.0001,0.9999,5.0
2404,mimiciii.CHARTEVENTS,.45%ns,,,,,,5,1,0,0,,,,,0.0,0.0,categorical,0.0001,0.9999,5.0
6819,mimiciii.CHARTEVENTS,drive p,,,,,,5,1,5,0,,23.0,23.0,23.0,0.0,1.0,numeric,0.0001,0.9999,5.0
782,mimiciii.CHARTEVENTS,Bleeding Time,,Coags,,,,5,5,4,5,sec,5.0,7.0,10.0,1.0,0.8,mixed,0.0003,0.9997,1.0
1497,mimiciii.CHARTEVENTS,High Vent Alarm,,,,,,5,1,5,0,,10.0,10.0,18.0,0.0,1.0,numeric,0.0001,0.9999,5.0
6144,mimiciii.CHARTEVENTS,ABD BINDR/THIGH HI'S,,,,,,5,1,0,0,,,,,0.0,0.0,categorical,0.0001,0.9999,5.0
6409,mimiciii.CHARTEVENTS,PR interval,,,,,,5,3,5,0,,0.17,0.22,0.38,0.0,1.0,numeric,0.0002,0.9998,1.667
1469,mimiciii.CHARTEVENTS,LLE circumference,,,,,,5,1,0,0,,,,,0.0,0.0,categorical,0.0001,0.9999,5.0
6859,mimiciii.CHARTEVENTS,Insp press mius PEEP,,,,,,5,1,5,0,,16.0,26.0,26.0,0.0,1.0,numeric,0.0001,0.9999,5.0
7798,mimiciii.CHARTEVENTS,Helioox nrb flow,,,,,,5,1,5,0,,2.0,6.0,11.0,0.0,1.0,numeric,0.0001,0.9999,5.0
2040,mimiciii.CHARTEVENTS,PLOW,,,,,,5,1,5,0,,0.0,0.0,0.0,0.0,1.0,numeric,0.0001,0.9999,5.0
225028,mimiciii.CHARTEVENTS,Dressing Status #2,Dressing Status #2,Skin - Incisions,,Text,,5,1,0,0,,,,,0.0,0.0,categorical,0.0001,0.9999,5.0
225048,mimiciii.CHARTEVENTS,Knee Location - Immobilizer,Knee Location - Immobilizer,Treatments,,Text,,5,1,0,0,,,,,0.0,0.0,categorical,0.0001,0.9999,5.0
6870,mimiciii.CHARTEVENTS,Pedal edema,,,,,,5,1,5,0,,2.0,3.0,3.0,0.0,1.0,numeric,0.0001,0.9999,5.0
1377,mimiciii.CHARTEVENTS,bivalirudin,,,,,,5,1,5,0,,0.0,0.0,15.0,0.0,1.0,numeric,0.0001,0.9999,5.0
6931,mimiciii.CHARTEVENTS,ECMO Flow L/min,,,,,,5,1,5,0,,1.8,1.8,1.8,0.0,1.0,numeric,0.0001,0.9999,5.0
3049,mimiciii.CHARTEVENTS,spont Ve,,,,,,5,1,5,0,,7.43,8.0,8.41,0.0,1.0,numeric,0.0001,0.9999,5.0
5716,mimiciii.CHARTEVENTS,bed exit alarm,,,,,,5,2,0,0,,,,,0.0,0.0,categorical,0.0001,0.9999,2.5
1389,mimiciii.CHARTEVENTS,egg crate,,,,,,5,1,0,0,,,,,0.0,0.0,categorical,0.0001,0.9999,5.0
1713,mimiciii.CHARTEVENTS,Dexmedetomine HCl,,,,,,5,1,1,0,,0.2,0.2,0.2,0.0,0.2,mixed,0.0001,0.9999,5.0
5656,mimiciii.CHARTEVENTS,phenylephrine,,,,,,5,1,0,0,,,,,0.0,0.0,categorical,0.0001,0.9999,5.0
1312,mimiciii.CHARTEVENTS,abductor pillow,,,,,,5,1,0,0,,,,,0.0,0.0,categorical,0.0001,0.9999,5.0
1326,mimiciii.CHARTEVENTS,chest tube drsgs.,,,,,,5,1,0,0,,,,,0.0,0.0,categorical,0.0001,0.9999,5.0
5931,mimiciii.CHARTEVENTS,ECMO,,,,,,5,1,0,0,,,,,0.0,0.0,categorical,0.0001,0.9999,5.0
6006,mimiciii.CHARTEVENTS,peripad,,,,,,5,1,0,0,,,,,0.0,0.0,categorical,0.0001,0.9999,5.0
5823,mimiciii.CHARTEVENTS,Bed Percussion,,,,,,5,1,0,0,,,,,0.0,0.0,categorical,0.0001,0.9999,5.0
6264,mimiciii.CHARTEVENTS,high NO alarm,,,,,,5,1,5,0,,45.0,60.0,90.0,0.0,1.0,numeric,0.0001,0.9999,5.0
6265,mimiciii.CHARTEVENTS,high NO2 alarm,,,,,,5,1,5,0,,3.0,3.0,3.0,0.0,1.0,numeric,0.0001,0.9999,5.0
7421,mimiciii.CHARTEVENTS,disconect alarm,,,,,,5,1,5,0,,20.0,25.0,25.0,0.0,1.0,numeric,0.0001,0.9999,5.0
1813,mimiciii.CHARTEVENTS,Morphine Sulfate,,,,,,5,2,0,0,,,,,0.0,0.0,categorical,0.0001,0.9999,2.5
2041,mimiciii.CHARTEVENTS,THIGH,,,,,,5,1,5,0,,2.5,3.0,3.0,0.0,1.0,numeric,0.0001,0.9999,5.0
224993,mimiciii.CHARTEVENTS,Incision Appearance #2,Incision Appearance #2,Skin - Incisions,,Text,,5,1,0,0,,,,,0.0,0.0,categorical,0.0001,0.9999,5.0
225018,mimiciii.CHARTEVENTS,Incision Drainage Amount #2,Incision Drainage Amount #2,Skin - Incisions,,Text,,5,1,0,0,,,,,0.0,0.0,categorical,0.0001,0.9999,5.0
1370,mimiciii.CHARTEVENTS,Demerol,,,,,,5,1,5,0,,27.0,55.0,55.0,0.0,1.0,numeric,0.0001,0.9999,5.0
1941,mimiciii.CHARTEVENTS,Total CIWA,,,,,,5,1,5,0,,5.0,11.0,15.0,0.0,1.0,numeric,0.0001,0.9999,5.0
7182,mimiciii.CHARTEVENTS,thigh circ,,,,,,5,1,5,0,,70.5,72.0,73.0,0.0,1.0,numeric,0.0001,0.9999,5.0
1416,mimiciii.CHARTEVENTS,picc,,,,,,5,1,0,0,,,,,0.0,0.0,categorical,0.0001,0.9999,5.0
5847,mimiciii.CHARTEVENTS,MV Hi,,,,,,5,1,5,0,,12.0,16.0,20.0,0.0,1.0,numeric,0.0001,0.9999,5.0
6128,mimiciii.CHARTEVENTS,time High,,,,,,5,1,5,0,,4.0,4.0,4.0,0.0,1.0,numeric,0.0001,0.9999,5.0
6129,mimiciii.CHARTEVENTS,time Lo,,,,,,5,1,5,0,,1.0,1.0,1.0,0.0,1.0,numeric,0.0001,0.9999,5.0
2659,mimiciii.CHARTEVENTS,Camino CPP,,,,,,5,1,5,0,,63.0,74.0,76.0,0.0,1.0,numeric,0.0001,0.9999,5.0
1740,mimiciii.CHARTEVENTS,R rad pulse,,,,,,5,1,0,0,,,,,0.0,0.0,categorical,0.0001,0.9999,5.0
225113,mimiciii.CHARTEVENTS,Currently experiencing pain,Currently experiencing pain,Adm History/FHPA,,Checkbox,,5,3,5,0,,0.0,0.0,1.0,0.0,1.0,numeric,0.0002,0.9998,1.667
226180,mimiciii.CHARTEVENTS,Sexuality / reproductive problems,Sexuality / reproductive problems,Adm History/FHPA,,Checkbox,,5,2,5,0,,0.0,0.0,0.0,0.0,1.0,numeric,0.0001,0.9999,2.5
6266,mimiciii.CHARTEVENTS,Low NO alarm,,,,,,5,1,5,0,,20.0,20.0,30.0,0.0,1.0,numeric,0.0001,0.9999,5.0
1221,mimiciii.CHARTEVENTS,RAD. ALINE,,,,,,5,1,0,0,,,,,0.0,0.0,categorical,0.0001,0.9999,5.0
2570,mimiciii.CHARTEVENTS,valproic acid,,,,,,5,4,5,0,,25.0,51.0,219.0,0.0,1.0,numeric,0.0002,0.9998,1.25
2750,mimiciii.CHARTEVENTS,NS w/20kcl,,,,,,5,1,3,0,,150.0,150.0,150.0,0.0,0.6,mixed,0.0001,0.9999,5.0
1626,mimiciii.CHARTEVENTS,CPT/VEST,,,,,,5,1,1,0,,0.6,0.6,0.6,0.0,0.2,mixed,0.0001,0.9999,5.0
5926,mimiciii.CHARTEVENTS,right arm sling,,,,,,5,1,0,0,,,,,0.0,0.0,categorical,0.0001,0.9999,5.0
224998,mimiciii.CHARTEVENTS,Incision Cleansing #2,Incision Cleansing #2,Skin - Incisions,,Text,,5,1,0,0,,,,,0.0,0.0,categorical,0.0001,0.9999,5.0
227473,mimiciii.CHARTEVENTS,Incision Site #2,Incision Site #2,Skin - Incisions,,Text,,5,1,0,0,,,,,0.0,0.0,categorical,0.0001,0.9999,5.0
1583,mimiciii.CHARTEVENTS,P lo,,,,,,5,1,5,0,,0.0,0.0,0.0,0.0,1.0,numeric,0.0001,0.9999,5.0
2661,mimiciii.CHARTEVENTS,ALCOHOL 5% DRIP G/HR,,,,,,5,1,5,0,,2.0,2.0,3.0,0.0,1.0,numeric,0.0001,0.9999,5.0
2998,mimiciii.CHARTEVENTS,Vt,,,,,,5,1,5,0,,410.0,474.0,610.0,0.0,1.0,numeric,0.0001,0.9999,5.0
1449,mimiciii.CHARTEVENTS,Arterial BP(Rad),,,,,,5,1,0,0,,,,,0.0,0.0,categorical,0.0001,0.9999,5.0
1310,mimiciii.CHARTEVENTS,FINGERSTICK GLUCOSE.,,,,,,5,3,5,0,,98.0,126.0,181.0,0.0,1.0,numeric,0.0002,0.9998,1.667
6952,mimiciii.CHARTEVENTS,Aprotinen,,,,,,5,1,4,0,,25.0,25.0,25.0,0.0,0.8,mixed,0.0001,0.9999,5.0
2673,mimiciii.CHARTEVENTS,aprotanin,,,,,,5,2,5,0,,25.0,25.0,200.0,0.0,1.0,numeric,0.0001,0.9999,2.5
50832,mimiciii.LABEVENTS,"pO2, Body Fluid",,Blood Gas,,2706-0,Other Body Fluid,5,5,5,3,mm Hg,29.0,93.0,187.0,0.6,1.0,numeric,0.0003,0.9997,1.0
51354,mimiciii.LABEVENTS,Metamyelocytes,,Hematology,,30366-9,Cerebrospinal Fluid (CSF),5,5,5,5,%,0.0,1.0,1.0,1.0,1.0,numeric,0.0003,0.9997,1.0
51024,mimiciii.LABEVENTS,"Total Protein, Joint Fluid",,Chemistry,,2886-0,Joint Fluid,5,5,5,5,g/dL,1.5,2.6,4.2,1.0,1.0,numeric,0.0003,0.9997,1.0
51021,mimiciii.LABEVENTS,"Creatinine, Joint Fluid",,Chemistry,,14401-4,Joint Fluid,5,4,5,5,mg/dL,0.7,0.7,8.4,1.0,1.0,numeric,0.0002,0.9998,1.25
51187,mimiciii.LABEVENTS,CD55,,Hematology,,17175-1,Blood,5,5,0,0,,,,,0.0,0.0,categorical,0.0003,0.9997,1.0
51036,mimiciii.LABEVENTS,"Lipase, Body Fluid",,Chemistry,,15212-4,Other Body Fluid,5,5,5,5,U/L,13.0,705.0,1691.0,1.0,1.0,numeric,0.0003,0.9997,1.0
51380,mimiciii.LABEVENTS,NRBC,,Hematology,,48040-0,Joint Fluid,5,4,5,5,%,1.0,2.0,4.0,1.0,1.0,numeric,0.0002,0.9998,1.25
51190,mimiciii.LABEVENTS,CD59,,Hematology,,17177-7,Blood,5,5,0,0,,,,,0.0,0.0,categorical,0.0003,0.9997,1.0
50916,mimiciii.LABEVENTS,DHEA-Sulfate,,Chemistry,,2191-5,Blood,5,5,5,5,ug/dL,14.0,22.0,118.0,1.0,1.0,numeric,0.0003,0.9997,1.0
51421,mimiciii.LABEVENTS,Glyco A,,Hematology,,57430-1,Other Body Fluid,5,5,0,0,,,,,0.0,0.0,categorical,0.0003,0.9997,1.0
51016,mimiciii.LABEVENTS,"Miscellaneous, CSF",,Chemistry,,,Cerebrospinal Fluid (CSF),5,5,0,0,,,,,0.0,0.0,categorical,0.0003,0.9997,1.0
51210,mimiciii.LABEVENTS,Factor XII,,Hematology,,3232-6,Blood,5,5,5,5,%,20.0,57.0,68.0,1.0,1.0,numeric,0.0003,0.9997,1.0
51364,mimiciii.LABEVENTS,Young,,Hematology,,,Cerebrospinal Fluid (CSF),5,5,5,5,%,0.0,1.0,2.0,1.0,1.0,numeric,0.0003,0.9997,1.0
51365,mimiciii.LABEVENTS,Atypical Lymphocytes,,Hematology,,33371-6,Joint Fluid,5,4,5,5,%,1.0,3.0,9.0,1.0,1.0,numeric,0.0002,0.9998,1.25
51161,mimiciii.LABEVENTS,CD16,,Hematology,,8115-8,Blood,5,5,0,0,,,,,0.0,0.0,categorical,0.0003,0.9997,1.0
6127,mimiciii.CHARTEVENTS,LO Press,,,,,,5,1,5,0,,5.0,5.0,5.0,0.0,1.0,numeric,0.0001,0.9999,5.0
505,mimiciii.CHARTEVENTS,PEEP,,,,,,5,1,5,5,cmH2O,12.0,12.0,12.0,1.0,1.0,numeric,0.0001,0.9999,5.0
1638,mimiciii.CHARTEVENTS,cortisol,,,,,,5,2,3,0,,25.1,57.1,58.7,0.0,0.6,mixed,0.0001,0.9999,2.5
1724,mimiciii.CHARTEVENTS,High exhaled MV,,,,,,5,1,5,0,,15.0,18.0,18.0,0.0,1.0,numeric,0.0001,0.9999,5.0
1664,mimiciii.CHARTEVENTS,Low exhaled min vol,,,,,,5,3,5,0,,4.0,12.0,24.0,0.0,1.0,numeric,0.0002,0.9998,1.667
1785,mimiciii.CHARTEVENTS,bed alarm on,,,,,,5,1,0,0,,,,,0.0,0.0,categorical,0.0001,0.9999,5.0
7263,mimiciii.CHARTEVENTS,Driving Press,,,,,,5,1,5,0,,20.0,20.0,20.0,0.0,1.0,numeric,0.0001,0.9999,5.0
225122,mimiciii.CHARTEVENTS,Special diet,Special diet,Adm History/FHPA,,Checkbox,,5,2,5,0,,0.0,1.0,1.0,0.0,1.0,numeric,0.0001,0.9999,2.5
225120,mimiciii.CHARTEVENTS,Appetite,Appetite,Adm History/FHPA,,Text,,5,2,0,0,,,,,0.0,0.0,categorical,0.0001,0.9999,2.5
225744,mimiciii.CHARTEVENTS,Multi Lumen Line Discontinued,Multi Lumen Line Discontinued,Access Lines - Invasive,,Text,,5,4,0,0,,,,,0.0,0.0,categorical,0.0002,0.9998,1.25
2367,mimiciii.CHARTEVENTS,HI LOW NEB,,,,,,5,1,5,0,,0.5,0.6,0.95,0.0,1.0,numeric,0.0001,0.9999,5.0
1592,mimiciii.CHARTEVENTS,Left Arm Girth (cm),,,,,,5,1,5,0,,36.0,36.5,37.0,0.0,1.0,numeric,0.0001,0.9999,5.0
6147,mimiciii.CHARTEVENTS,APNEA INT.,,,,,,5,2,5,0,,20.0,20.0,20.0,0.0,1.0,numeric,0.0001,0.9999,2.5
2657,mimiciii.CHARTEVENTS,SOLUMEDROL CC/H,,,,,,5,1,5,0,,22.0,22.0,22.0,0.0,1.0,numeric,0.0001,0.9999,5.0
225004,mimiciii.CHARTEVENTS,Incision Closure #2,Incision Closure #2,Skin - Incisions,,Text,,5,1,0,0,,,,,0.0,0.0,categorical,0.0001,0.9999,5.0
225013,mimiciii.CHARTEVENTS,Incision Drainage #2,Incision Drainage #2,Skin - Incisions,,Text,,5,1,0,0,,,,,0.0,0.0,categorical,0.0001,0.9999,5.0
225023,mimiciii.CHARTEVENTS,Incision Dressing #2,Incision Dressing #2,Skin - Incisions,,Text,,5,1,0,0,,,,,0.0,0.0,categorical,0.0001,0.9999,5.0
1585,mimiciii.CHARTEVENTS,T lo,,,,,,5,1,5,0,,0.4,0.4,0.4,0.0,1.0,numeric,0.0001,0.9999,5.0
2825,mimiciii.CHARTEVENTS,Cough/Deep Breath,,,,,,5,1,0,0,,,,,0.0,0.0,categorical,0.0001,0.9999,5.0
2772,mimiciii.CHARTEVENTS,SJ CO2,,,,,,5,1,3,0,,38.0,41.0,43.0,0.0,0.6,mixed,0.0001,0.9999,5.0
2775,mimiciii.CHARTEVENTS,sjph,,,,,,5,1,5,0,,7.39,7.43,7.48,0.0,1.0,numeric,0.0001,0.9999,5.0
6933,mimiciii.CHARTEVENTS,exh. vt,,,,,,5,1,5,0,,0.485,347.0,650.0,0.0,1.0,numeric,0.0001,0.9999,5.0
221456,mimiciii.INPUTEVENTS_MV,Calcium Gluconate,Calcium Gluconate,Medications,grams,Solution,,5,4,0,0,,,,,0.0,0.0,categorical,0.0002,0.9998,1.25
220952,mimiciii.INPUTEVENTS_MV,Dextrose 50%,Dextrose 50%,Fluids/Intake,mL,Solution,,5,2,0,0,,,,,0.0,0.0,categorical,0.0001,0.9999,2.5
221468,mimiciii.INPUTEVENTS_MV,Diltiazem,Diltiazem,Medications,mg,Solution,,5,1,0,0,,,,,0.0,0.0,categorical,0.0001,0.9999,5.0
225860,mimiciii.INPUTEVENTS_MV,Clindamycin,Clindamycin,Antibiotics,dose,Solution,,5,1,0,0,,,,,0.0,0.0,categorical,0.0001,0.9999,5.0
44815,mimiciii.INPUTEVENTS_CV,LR BOLUS,,Free Form Intake,,,,5,1,0,0,,,,,0.0,0.0,categorical,0.0001,0.9999,5.0
44741,mimiciii.INPUTEVENTS_CV,NS FLUID BOLUS,,Free Form Intake,,,,5,1,0,0,,,,,0.0,0.0,categorical,0.0001,0.9999,5.0
42047,mimiciii.INPUTEVENTS_CV,ebl,,,,,,5,3,0,0,,,,,0.0,0.0,categorical,0.0002,0.9998,1.667
42735,mimiciii.INPUTEVENTS_CV,Intra-abd. Pressure,,Free Form Intake,,,,5,1,0,0,,,,,0.0,0.0,categorical,0.0001,0.9999,5.0
41413,mimiciii.INPUTEVENTS_CV,ready cat,,Free Form Intake,,,,5,2,0,0,,,,,0.0,0.0,categorical,0.0001,0.9999,2.5
43902,mimiciii.INPUTEVENTS_CV,PHERESIS,,Free Form Intake,,,,5,2,0,0,,,,,0.0,0.0,categorical,0.0001,0.9999,2.5
44287,mimiciii.INPUTEVENTS_CV,OR Cryo,,Free Form Intake,,,,5,1,0,0,,,,,0.0,0.0,categorical,0.0001,0.9999,5.0
41368,mimiciii.INPUTEVENTS_CV,er ivf,,Free Form Intake,,,,5,2,0,0,,,,,0.0,0.0,categorical,0.0001,0.9999,2.5
42896,mimiciii.INPUTEVENTS_CV,NS 150MEQ SOD BICARB,,Free Form Intake,,,,5,1,0,0,,,,,0.0,0.0,categorical,0.0001,0.9999,5.0
43939,mimiciii.INPUTEVENTS_CV,NS 500+40K,,Free Form Intake,,,,5,1,0,0,,,,,0.0,0.0,categorical,0.0001,0.9999,5.0
42645,mimiciii.INPUTEVENTS_CV,EW intake,,Free Form Intake,,,,5,2,0,0,,,,,0.0,0.0,categorical,0.0001,0.9999,2.5
41555,mimiciii.INPUTEVENTS_CV,hd removal,,,,,,5,1,0,0,,,,,0.0,0.0,categorical,0.0001,0.9999,5.0
44276,mimiciii.INPUTEVENTS_CV,ER IV fluid,,Free Form Intake,,,,5,1,0,0,,,,,0.0,0.0,categorical,0.0001,0.9999,5.0
45510,mimiciii.INPUTEVENTS_CV,Fleet Enema,,Free Form Intake,,,,5,1,0,0,,,,,0.0,0.0,categorical,0.0001,0.9999,5.0
41981,mimiciii.INPUTEVENTS_CV,THAM GTT,,Free Form Intake,,,,5,1,0,0,,,,,0.0,0.0,categorical,0.0001,0.9999,5.0
41389,mimiciii.INPUTEVENTS_CV,ct contrast,,Free Form Intake,,,,5,2,0,0,,,,,0.0,0.0,categorical,0.0001,0.9999,2.5
42599,mimiciii.INPUTEVENTS_CV,banana bag,,,,,,5,1,0,0,,,,,0.0,0.0,categorical,0.0001,0.9999,5.0
46536,mimiciii.INPUTEVENTS_CV,CT Contrast,,Free Form Intake,,,,5,1,0,0,,,,,0.0,0.0,categorical,0.0001,0.9999,5.0
43910,mimiciii.INPUTEVENTS_CV,Thoracentisis,,,,,,5,3,0,0,,,,,0.0,0.0,categorical,0.0002,0.9998,1.667
46323,mimiciii.INPUTEVENTS_CV,D5W w/30mmolNaPhos,,Free Form Intake,,,,5,1,0,0,,,,,0.0,0.0,categorical,0.0001,0.9999,5.0
42171,mimiciii.INPUTEVENTS_CV,ANGIO,,Free Form Intake,,,,5,1,0,0,,,,,0.0,0.0,categorical,0.0001,0.9999,5.0
42844,mimiciii.INPUTEVENTS_CV,NS fluid bolus,,Free Form Intake,,,,5,1,0,0,,,,,0.0,0.0,categorical,0.0001,0.9999,5.0
40586,mimiciii.INPUTEVENTS_CV,bowel movement,,,,,,5,1,0,0,,,,,0.0,0.0,categorical,0.0001,0.9999,5.0
41416,mimiciii.INPUTEVENTS_CV,free h2o boluses,,Free Form Intake,,,,5,1,0,0,,,,,0.0,0.0,categorical,0.0001,0.9999,5.0
42041,mimiciii.INPUTEVENTS_CV,barium sulfate,,Free Form Intake,,,,5,1,0,0,,,,,0.0,0.0,categorical,0.0001,0.9999,5.0
46227,mimiciii.INPUTEVENTS_CV,go lytely,,Free Form Intake,,,,5,1,0,0,,,,,0.0,0.0,categorical,0.0001,0.9999,5.0
40645,mimiciii.INPUTEVENTS_CV,magnesium,,Free Form Intake,,,,5,1,0,0,,,,,0.0,0.0,categorical,0.0001,0.9999,5.0
30024,mimiciii.INPUTEVENTS_CV,Ferrous Sulfate,,,,,,5,1,0,0,,,,,0.0,0.0,categorical,0.0001,0.9999,5.0
42589,mimiciii.INPUTEVENTS_CV,aprotanin,,Free Form Intake,,,,5,2,0,0,,,,,0.0,0.0,categorical,0.0001,0.9999,2.5
44265,mimiciii.INPUTEVENTS_CV,Enema,,Free Form Intake,,,,5,2,0,0,,,,,0.0,0.0,categorical,0.0001,0.9999,2.5
44537,mimiciii.INPUTEVENTS_CV,D5 .2,,Free Form Intake,,,,5,1,0,0,,,,,0.0,0.0,categorical,0.0001,0.9999,5.0
44916,mimiciii.INPUTEVENTS_CV,Readi-CAT 2,,Free Form Intake,,,,5,1,0,0,,,,,0.0,0.0,categorical,0.0001,0.9999,5.0
42900,mimiciii.INPUTEVENTS_CV,L FEM,,,,,,5,1,0,0,,,,,0.0,0.0,categorical,0.0001,0.9999,5.0
46313,mimiciii.INPUTEVENTS_CV,6% Hespan,,Free Form Intake,,,,5,1,0,0,,,,,0.0,0.0,categorical,0.0001,0.9999,5.0
43108,mimiciii.INPUTEVENTS_CV,contrast via ng,,Free Form Intake,,,,5,1,0,0,,,,,0.0,0.0,categorical,0.0001,0.9999,5.0
42899,mimiciii.INPUTEVENTS_CV,FLUCONAZOLE,,Free Form Intake,,,,5,1,0,0,,,,,0.0,0.0,categorical,0.0001,0.9999,5.0
42477,mimiciii.INPUTEVENTS_CV,PD 1.5%,,Free Form Intake,,,,5,1,0,0,,,,,0.0,0.0,categorical,0.0001,0.9999,5.0
41094,mimiciii.INPUTEVENTS_CV,bx site,,,,,,5,1,0,0,,,,,0.0,0.0,categorical,0.0001,0.9999,5.0
46138,mimiciii.INPUTEVENTS_CV,N/S +KCL 20MEQ,,Free Form Intake,,,,5,1,0,0,,,,,0.0,0.0,categorical,0.0001,0.9999,5.0
43950,mimiciii.INPUTEVENTS_CV,40 KCL/500 NS,,Free Form Intake,,,,5,1,0,0,,,,,0.0,0.0,categorical,0.0001,0.9999,5.0
42334,mimiciii.INPUTEVENTS_CV,APRTININ CC/HR,,Free Form Intake,,,,5,1,0,0,,,,,0.0,0.0,categorical,0.0001,0.9999,5.0
44971,mimiciii.INPUTEVENTS_CV,OGT,,Free Form Intake,,,,5,1,0,0,,,,,0.0,0.0,categorical,0.0001,0.9999,5.0
42391,mimiciii.INPUTEVENTS_CV,right hand bag,,,,,,5,1,0,0,,,,,0.0,0.0,categorical,0.0001,0.9999,5.0
42512,mimiciii.INPUTEVENTS_CV,1000NS/1000UHEPARIN,,Free Form Intake,,,,5,1,0,0,,,,,0.0,0.0,categorical,0.0001,0.9999,5.0
42062,mimiciii.INPUTEVENTS_CV,Precedex (mcg/kg/hr),,Free Form Intake,,,,5,1,0,0,,,,,0.0,0.0,categorical,0.0001,0.9999,5.0
45238,mimiciii.INPUTEVENTS_CV,vaginal staining,,,,,,5,1,0,0,,,,,0.0,0.0,categorical,0.0001,0.9999,5.0
42007,mimiciii.INPUTEVENTS_CV,GASTROGRAFIN,,Free Form Intake,,,,5,2,0,0,,,,,0.0,0.0,categorical,0.0001,0.9999,2.5
45662,mimiciii.INPUTEVENTS_CV,DYE,,Free Form Intake,,,,5,3,0,0,,,,,0.0,0.0,categorical,0.0002,0.9998,1.667
44695,mimiciii.INPUTEVENTS_CV,40mEq in 500cc.,,Free Form Intake,,,,5,1,0,0,,,,,0.0,0.0,categorical,0.0001,0.9999,5.0
44902,mimiciii.INPUTEVENTS_CV,Plasma-Lyte,,Free Form Intake,,,,5,1,0,0,,,,,0.0,0.0,categorical,0.0001,0.9999,5.0
44877,mimiciii.INPUTEVENTS_CV,RITUXIMAB,,Free Form Intake,,,,5,1,0,0,,,,,0.0,0.0,categorical,0.0001,0.9999,5.0
44568,mimiciii.INPUTEVENTS_CV,PR vanco,,Free Form Intake,,,,5,1,0,0,,,,,0.0,0.0,categorical,0.0001,0.9999,5.0
42521,mimiciii.INPUTEVENTS_CV,aprotinen,,Free Form Intake,,,,5,2,0,0,,,,,0.0,0.0,categorical,0.0001,0.9999,2.5
45166,mimiciii.INPUTEVENTS_CV,Groin,,,,,,5,1,0,0,,,,,0.0,0.0,categorical,0.0001,0.9999,5.0
46226,mimiciii.INPUTEVENTS_CV,D5W w/40meq K,,Free Form Intake,,,,5,1,0,0,,,,,0.0,0.0,categorical,0.0001,0.9999,5.0
40780,mimiciii.INPUTEVENTS_CV,cath lab,,,,,,5,3,0,0,,,,,0.0,0.0,categorical,0.0002,0.9998,1.667
42065,mimiciii.INPUTEVENTS_CV,ASCITIC FLUID,,,,,,5,1,0,0,,,,,0.0,0.0,categorical,0.0001,0.9999,5.0
42811,mimiciii.INPUTEVENTS_CV,Aprotinin cc/hr,,Free Form Intake,,,,5,1,0,0,,,,,0.0,0.0,categorical,0.0001,0.9999,5.0
42668,mimiciii.INPUTEVENTS_CV,aprotanine,,Free Form Intake,,,,5,1,0,0,,,,,0.0,0.0,categorical,0.0001,0.9999,5.0
42127,mimiciii.INPUTEVENTS_CV,C SCAN,,Free Form Intake,,,,5,2,0,0,,,,,0.0,0.0,categorical,0.0001,0.9999,2.5
51432,mimiciii.LABEVENTS,Myelocytes,,Hematology,,17800-4,Other Body Fluid,4,4,4,4,%,0.0,1.5,3.0,1.0,1.0,numeric,0.0002,0.9998,1.0
50875,mimiciii.LABEVENTS,Anti-Parietal Cell Antibody,,Chemistry,,26969-6,Blood,4,4,0,0,,,,,0.0,0.0,categorical,0.0002,0.9998,1.0
51083,mimiciii.LABEVENTS,"Ethanol, Urine",,Chemistry,,5644-0,Urine,4,4,0,0,,,,,0.0,0.0,categorical,0.0002,0.9998,1.0
51393,mimiciii.LABEVENTS,CD138,,Hematology,,42871-4,Other Body Fluid,4,4,0,0,,,,,0.0,0.0,categorical,0.0002,0.9998,1.0
51212,mimiciii.LABEVENTS,Fetal Hemoglobin,,Hematology,,4576-5,Blood,4,4,4,4,%,0.0,0.0,0.37,1.0,1.0,numeric,0.0002,0.9998,1.0
51031,mimiciii.LABEVENTS,"Cholesterol, Body Fluid",,Chemistry,,12183-0,Other Body Fluid,4,4,4,4,mg/dL,54.0,96.0,106.0,1.0,1.0,numeric,0.0002,0.9998,1.0
50845,mimiciii.LABEVENTS,"Miscellaneous, Ascites",,Chemistry,,,Ascites,4,3,0,0,,,,,0.0,0.0,categorical,0.0002,0.9998,1.333
51040,mimiciii.LABEVENTS,"Phosphate, Body Fluid",,Chemistry,,12242-4,Other Body Fluid,4,4,4,4,mg/dL,1.1,2.45,5.4,1.0,1.0,numeric,0.0002,0.9998,1.0
51020,mimiciii.LABEVENTS,"Amylase, Joint Fluid",,Chemistry,,14388-3,Joint Fluid,4,4,4,4,IU/L,7.0,17.0,19.0,1.0,1.0,numeric,0.0002,0.9998,1.0
50844,mimiciii.LABEVENTS,"Lipase, Ascites",,Chemistry,,32722-1,Ascites,4,3,4,4,U/L,103.0,568.5,122880.0,1.0,1.0,numeric,0.0002,0.9998,1.333
51056,mimiciii.LABEVENTS,"Miscellaneous, Pleural",,Chemistry,,,Pleural,4,3,0,0,,,,,0.0,0.0,categorical,0.0002,0.9998,1.333
51430,mimiciii.LABEVENTS,Metamyelocytes,,Hematology,,17801-2,Other Body Fluid,4,4,4,4,%,1.0,1.0,1.0,1.0,1.0,numeric,0.0002,0.9998,1.0
5858,mimiciii.CHARTEVENTS,bedside observer,,,,,,4,1,0,0,,,,,0.0,0.0,categorical,0.0001,0.9999,4.0
1842,mimiciii.CHARTEVENTS,IPPB,,,,,,4,1,0,0,,,,,0.0,0.0,categorical,0.0001,0.9999,4.0
8183,mimiciii.CHARTEVENTS,trach mark location,,,,,,4,1,4,0,,12.0,12.0,12.0,0.0,1.0,numeric,0.0001,0.9999,4.0
5595,mimiciii.CHARTEVENTS,factor ten,,,,,,4,1,4,0,,0.22,0.475,1.0,0.0,1.0,numeric,0.0001,0.9999,4.0
1202,mimiciii.CHARTEVENTS,bathed,,,,,,4,2,0,0,,,,,0.0,0.0,categorical,0.0001,0.9999,2.0
2437,mimiciii.CHARTEVENTS,Sod Bicarb/NS,,,,,,4,1,4,0,,250.0,250.0,250.0,0.0,1.0,numeric,0.0001,0.9999,4.0
6793,mimiciii.CHARTEVENTS,02 ANALYZED,,,,,,4,1,4,0,,94.0,94.0,94.0,0.0,1.0,numeric,0.0001,0.9999,4.0
2889,mimiciii.CHARTEVENTS,MIXED VENOUS,,,,,,4,1,4,0,,58.0,71.5,78.0,0.0,1.0,numeric,0.0001,0.9999,4.0
6429,mimiciii.CHARTEVENTS,Glucagon       mg/hr,,,,,,4,1,4,0,,0.0,0.5,1.0,0.0,1.0,numeric,0.0001,0.9999,4.0
3131,mimiciii.CHARTEVENTS,Shampoo,,,,,,4,3,0,0,,,,,0.0,0.0,categorical,0.0002,0.9998,1.333
225090,mimiciii.CHARTEVENTS,Interpreter,Interpreter,Adm History/FHPA,,Text,,4,2,0,0,,,,,0.0,0.0,categorical,0.0001,0.9999,2.0
223938,mimiciii.CHARTEVENTS,Ulnar Pulse R,Ulnar Pulse R,Cardiovascular (Pulses),,Text,,4,2,0,0,,,,,0.0,0.0,categorical,0.0001,0.9999,2.0
225182,mimiciii.CHARTEVENTS,PT Splint Status #2,PT Splint Status #2,Treatments,,Text,,4,2,0,0,,,,,0.0,0.0,categorical,0.0001,0.9999,2.0
5993,mimiciii.CHARTEVENTS,Peak exp flow rate,,,,,,4,1,3,0,,140.0,150.0,220.0,0.0,0.75,mixed,0.0001,0.9999,4.0
2706,mimiciii.CHARTEVENTS,TPA -right mg/hr,,,,,,4,1,0,0,,,,,0.0,0.0,categorical,0.0001,0.9999,4.0
8134,mimiciii.CHARTEVENTS,Tank press,,,,,,4,1,4,0,,500.0,575.0,700.0,0.0,1.0,numeric,0.0001,0.9999,4.0
1052,mimiciii.CHARTEVENTS,rocuronium,,,,,,4,1,2,0,,6.0,6.0,6.0,0.0,0.5,mixed,0.0001,0.9999,4.0
2386,mimiciii.CHARTEVENTS,passey muir,,,,,,4,1,0,0,,,,,0.0,0.0,categorical,0.0001,0.9999,4.0
2094,mimiciii.CHARTEVENTS,Spont VT,,,,,,4,1,4,0,,750.0,775.0,1000.0,0.0,1.0,numeric,0.0001,0.9999,4.0
7504,mimiciii.CHARTEVENTS,Driv pressure,,,,,,4,1,4,0,,20.0,25.0,25.0,0.0,1.0,numeric,0.0001,0.9999,4.0
8000,mimiciii.CHARTEVENTS,Mucamyst,,,,,,4,1,4,0,,0.0,47.5,47.5,0.0,1.0,numeric,0.0001,0.9999,4.0
227460,mimiciii.CHARTEVENTS,Phenobarbital,Phenobarbital,Labs,None,Numeric with tag,,4,3,4,4,ug/mL,4.3,17.8,23.3,1.0,1.0,numeric,0.0002,0.9998,1.333
1694,mimiciii.CHARTEVENTS,HI VE,,,,,,4,2,4,0,,15.0,20.0,25.0,0.0,1.0,numeric,0.0001,0.9999,2.0
1338,mimiciii.CHARTEVENTS,L stump dsg changed,,,,,,4,1,0,0,,,,,0.0,0.0,categorical,0.0001,0.9999,4.0
531,mimiciii.CHARTEVENTS,Peak Flow % (pred),,,,,,4,4,1,3,%,42.8571,42.8571,42.8571,0.75,0.25,mixed,0.0002,0.9998,1.0
3100,mimiciii.CHARTEVENTS,LOW MV,,,,,,4,2,4,0,,4.0,5.0,10.0,0.0,1.0,numeric,0.0001,0.9999,2.0
2481,mimiciii.CHARTEVENTS,Amicar cc/hr,,,,,,4,1,4,0,,20.0,20.0,20.0,0.0,1.0,numeric,0.0001,0.9999,4.0
2380,mimiciii.CHARTEVENTS,"APROTONIN 250,000U/",,,,,,4,1,4,0,,250000.0,250000.0,250000.0,0.0,1.0,numeric,0.0001,0.9999,4.0
7286,mimiciii.CHARTEVENTS,trache,,,,,,4,1,0,0,,,,,0.0,0.0,categorical,0.0001,0.9999,4.0
1745,mimiciii.CHARTEVENTS,Passey Muir valve,,,,,,4,1,0,0,,,,,0.0,0.0,categorical,0.0001,0.9999,4.0
438,mimiciii.CHARTEVENTS,MAP,,,,,,4,4,2,2,mmHg,60.0,80.5,101.0,0.5,0.5,mixed,0.0002,0.9998,1.0
8011,mimiciii.CHARTEVENTS,chest binder,,,,,,4,1,0,0,,,,,0.0,0.0,categorical,0.0001,0.9999,4.0
2823,mimiciii.CHARTEVENTS,incentive spirometry,,,,,,4,1,0,0,,,,,0.0,0.0,categorical,0.0001,0.9999,4.0
6230,mimiciii.CHARTEVENTS,Bath Care,,,,,,4,3,0,0,,,,,0.0,0.0,categorical,0.0002,0.9998,1.333
223942,mimiciii.CHARTEVENTS,Graft/Flap Pulse,Graft/Flap Pulse,Cardiovascular,,Text,,4,3,0,0,,,,,0.0,0.0,categorical,0.0002,0.9998,1.333
224025,mimiciii.CHARTEVENTS,Spiritual Support,Spiritual Support,Restraint/Support Systems,,Text,,4,3,0,0,,,,,0.0,0.0,categorical,0.0002,0.9998,1.333
2854,mimiciii.CHARTEVENTS,rectal tube,,,,,,4,1,0,0,,,,,0.0,0.0,categorical,0.0001,0.9999,4.0
2751,mimiciii.CHARTEVENTS,DVO2,,,,,,4,1,4,0,,8.03,532.0,883.0,0.0,1.0,numeric,0.0001,0.9999,4.0
1227,mimiciii.CHARTEVENTS,autopeep,,,,,,4,2,3,0,,2.0,4.0,9.0,0.0,0.75,mixed,0.0001,0.9999,2.0
1224,mimiciii.CHARTEVENTS,Heliox PSI,,,,,,4,1,3,0,,400.0,1500.0,2000.0,0.0,0.75,mixed,0.0001,0.9999,4.0
2760,mimiciii.CHARTEVENTS,aprotanine,,,,,,4,1,4,0,,25.0,25.0,25.0,0.0,1.0,numeric,0.0001,0.9999,4.0
1341,mimiciii.CHARTEVENTS,PULSE,,,,,,4,1,4,0,,92.0,104.5,116.0,0.0,1.0,numeric,0.0001,0.9999,4.0
2585,mimiciii.CHARTEVENTS,chest PT,,,,,,4,1,0,0,,,,,0.0,0.0,categorical,0.0001,0.9999,4.0
7325,mimiciii.CHARTEVENTS,aspirin level,,,,,,4,1,4,0,,28.0,41.5,57.0,0.0,1.0,numeric,0.0001,0.9999,4.0
2396,mimiciii.CHARTEVENTS,MIVED VENOUS O2 SAT,,,,,,4,1,4,0,,59.0,64.0,65.0,0.0,1.0,numeric,0.0001,0.9999,4.0
1809,mimiciii.CHARTEVENTS,PA sat,,,,,,4,2,4,0,,59.0,75.0,82.0,0.0,1.0,numeric,0.0001,0.9999,2.0
1855,mimiciii.CHARTEVENTS,TRACH care,,,,,,4,1,0,0,,,,,0.0,0.0,categorical,0.0001,0.9999,4.0
3268,mimiciii.CHARTEVENTS,INSP TIME,,,,,,4,1,4,0,,0.9,0.9,0.9,0.0,1.0,numeric,0.0001,0.9999,4.0
1036,mimiciii.CHARTEVENTS,protonics,,,,,,4,1,1,0,,8.0,8.0,8.0,0.0,0.25,mixed,0.0001,0.9999,4.0
6795,mimiciii.CHARTEVENTS,NO2 ANALYZED,,,,,,4,1,4,0,,35.0,35.0,35.0,0.0,1.0,numeric,0.0001,0.9999,4.0
5780,mimiciii.CHARTEVENTS,NT SX,,,,,,4,1,0,0,,,,,0.0,0.0,categorical,0.0001,0.9999,4.0
5755,mimiciii.CHARTEVENTS,Time Disconnect,,,,,,4,2,4,0,,10.0,10.0,30.0,0.0,1.0,numeric,0.0001,0.9999,2.0
2732,mimiciii.CHARTEVENTS,Femoral ABP (Mean),,,,,,4,1,4,0,,90.0,118.0,123.0,0.0,1.0,numeric,0.0001,0.9999,4.0
224418,mimiciii.CHARTEVENTS,Cuff Volume (mL),Cuff Volume (mL),Respiratory,mL,Numeric,,4,4,4,4,mL,6.0,6.5,8.0,1.0,1.0,numeric,0.0002,0.9998,1.0
2012,mimiciii.CHARTEVENTS,lo MV,,,,,,4,1,4,0,,6.0,6.0,6.0,0.0,1.0,numeric,0.0001,0.9999,4.0
2705,mimiciii.CHARTEVENTS,TPA - left   mg/hr,,,,,,4,1,0,0,,,,,0.0,0.0,categorical,0.0001,0.9999,4.0
1058,mimiciii.CHARTEVENTS,foley cath. care,,,,,,4,1,0,0,,,,,0.0,0.0,categorical,0.0001,0.9999,4.0
7351,mimiciii.CHARTEVENTS,residual,,,,,,4,2,4,0,,0.0,2.5,20.0,0.0,1.0,numeric,0.0001,0.9999,2.0
2965,mimiciii.CHARTEVENTS,INTRAABDOM. PRESSURE,,,,,,4,1,4,0,,0.0,4.0,16.0,0.0,1.0,numeric,0.0001,0.9999,4.0
2044,mimiciii.CHARTEVENTS,Tidal Vol (P Low),,,,,,4,1,4,0,,504.0,652.5,730.0,0.0,1.0,numeric,0.0001,0.9999,4.0
7128,mimiciii.CHARTEVENTS,He tank pressure,,,,,,4,1,4,0,,0.0,1250.0,2000.0,0.0,1.0,numeric,0.0001,0.9999,4.0
2511,mimiciii.CHARTEVENTS,CISATRACURIUM GTT,,,,,,4,1,4,0,,0.0,2.0,3.0,0.0,1.0,numeric,0.0001,0.9999,4.0
938,mimiciii.CHARTEVENTS,blood cultures,,,,,,4,2,0,0,,,,,0.0,0.0,categorical,0.0001,0.9999,2.0
1869,mimiciii.CHARTEVENTS,CIWA Scale,,,,,,4,1,4,0,,3.0,7.5,10.0,0.0,1.0,numeric,0.0001,0.9999,4.0
2967,mimiciii.CHARTEVENTS,APROTININ.,,,,,,4,1,4,0,,25.0,25.0,25.0,0.0,1.0,numeric,0.0001,0.9999,4.0
1110,mimiciii.CHARTEVENTS,drsg change,,,,,,4,1,0,0,,,,,0.0,0.0,categorical,0.0001,0.9999,4.0
6228,mimiciii.CHARTEVENTS,LEFT AV FISTULA,,,,,,4,1,0,0,,,,,0.0,0.0,categorical,0.0001,0.9999,4.0
2353,mimiciii.CHARTEVENTS,R FEM MAP,,,,,,4,1,4,0,,97.0,100.0,102.0,0.0,1.0,numeric,0.0001,0.9999,4.0
132,mimiciii.CHARTEVENTS,Compliance-Corrected,,,,,,4,3,2,2,ml/cmH,55.0,55.0,55.0,0.5,0.5,mixed,0.0002,0.9998,1.333
5925,mimiciii.CHARTEVENTS,Abdominal Hernia,,,,,,4,2,0,0,,,,,0.0,0.0,categorical,0.0001,0.9999,2.0
6084,mimiciii.CHARTEVENTS,TRACH SITE,,,,,,4,1,0,0,,,,,0.0,0.0,categorical,0.0001,0.9999,4.0
6794,mimiciii.CHARTEVENTS,NITRIC OXIDE PPM,,,,,,4,1,4,0,,40.0,40.0,40.0,0.0,1.0,numeric,0.0001,0.9999,4.0
6302,mimiciii.CHARTEVENTS,low press,,,,,,4,1,4,0,,5.0,5.0,5.0,0.0,1.0,numeric,0.0001,0.9999,4.0
224456,mimiciii.CHARTEVENTS,PT Splint Location #2,PT Splint Location #2,Treatments,,Text,,4,2,0,0,,,,,0.0,0.0,categorical,0.0001,0.9999,2.0
225180,mimiciii.CHARTEVENTS,PT Splint Status #1,PT Splint Status #1,Treatments,,Text,,4,2,0,0,,,,,0.0,0.0,categorical,0.0001,0.9999,2.0
7289,mimiciii.CHARTEVENTS,thigh measurement,,,,,,4,1,4,0,,21.5,22.0,22.0,0.0,1.0,numeric,0.0001,0.9999,4.0
2651,mimiciii.CHARTEVENTS,Abd Cmprtmnt Pressur,,,,,,4,1,4,0,,16.0,18.5,28.0,0.0,1.0,numeric,0.0001,0.9999,4.0
794,mimiciii.CHARTEVENTS,Differential-Atyps,,Hematology,,,,4,4,0,0,,,,,0.0,0.0,categorical,0.0002,0.9998,1.0
3014,mimiciii.CHARTEVENTS,bath/shampoo,,,,,,4,1,0,0,,,,,0.0,0.0,categorical,0.0001,0.9999,4.0
6281,mimiciii.CHARTEVENTS,LEFT LEG DRSG,,,,,,4,1,0,0,,,,,0.0,0.0,categorical,0.0001,0.9999,4.0
1824,mimiciii.CHARTEVENTS,C&DB,,,,,,4,2,0,0,,,,,0.0,0.0,categorical,0.0001,0.9999,2.0
1501,mimiciii.CHARTEVENTS,FOLEY CLAMPED,,,,,,4,1,0,0,,,,,0.0,0.0,categorical,0.0001,0.9999,4.0
1716,mimiciii.CHARTEVENTS,hand mitts,,,,,,4,1,0,0,,,,,0.0,0.0,categorical,0.0001,0.9999,4.0
8179,mimiciii.CHARTEVENTS,peak flow post rx,,,,,,4,1,4,0,,260.0,290.0,310.0,0.0,1.0,numeric,0.0001,0.9999,4.0
7070,mimiciii.CHARTEVENTS,P2,,,,,,4,1,4,0,,32.0,32.0,33.0,0.0,1.0,numeric,0.0001,0.9999,4.0
6935,mimiciii.CHARTEVENTS,insp. vt,,,,,,4,1,4,0,,452.0,512.0,870.0,0.0,1.0,numeric,0.0001,0.9999,4.0
225908,mimiciii.INPUTEVENTS_MV,Fondaparinux,Fondaparinux,Medications,dose,Solution,,4,1,0,0,,,,,0.0,0.0,categorical,0.0001,0.9999,4.0
44804,mimiciii.INPUTEVENTS_CV,ED crystalloid,,Free Form Intake,,,,4,2,0,0,,,,,0.0,0.0,categorical,0.0001,0.9999,2.0
46585,mimiciii.INPUTEVENTS_CV,D5W with 150MEQ HCO3,,Free Form Intake,,,,4,1,0,0,,,,,0.0,0.0,categorical,0.0001,0.9999,4.0
45756,mimiciii.INPUTEVENTS_CV,Golytely,,Free Form Intake,,,,4,1,0,0,,,,,0.0,0.0,categorical,0.0001,0.9999,4.0
45542,mimiciii.INPUTEVENTS_CV,IR Intake,,Free Form Intake,,,,4,2,0,0,,,,,0.0,0.0,categorical,0.0001,0.9999,2.0
41219,mimiciii.INPUTEVENTS_CV,pheresis intake,,Free Form Intake,,,,4,2,0,0,,,,,0.0,0.0,categorical,0.0001,0.9999,2.0
43924,mimiciii.INPUTEVENTS_CV,Vancomycin enema,,Free Form Intake,,,,4,1,0,0,,,,,0.0,0.0,categorical,0.0001,0.9999,4.0
44163,mimiciii.INPUTEVENTS_CV,enema,,Free Form Intake,,,,4,1,0,0,,,,,0.0,0.0,categorical,0.0001,0.9999,4.0
42758,mimiciii.INPUTEVENTS_CV,open chest suction,,,,,,4,1,0,0,,,,,0.0,0.0,categorical,0.0001,0.9999,4.0
42894,mimiciii.INPUTEVENTS_CV,iv contrast,,Free Form Intake,,,,4,2,0,0,,,,,0.0,0.0,categorical,0.0001,0.9999,2.0
42841,mimiciii.INPUTEVENTS_CV,vp shunt,,,,,,4,1,0,0,,,,,0.0,0.0,categorical,0.0001,0.9999,4.0
40953,mimiciii.INPUTEVENTS_CV,intake from paper,,Free Form Intake,,,,4,2,0,0,,,,,0.0,0.0,categorical,0.0001,0.9999,2.0
43986,mimiciii.INPUTEVENTS_CV,iv bolus,,Free Form Intake,,,,4,2,0,0,,,,,0.0,0.0,categorical,0.0001,0.9999,2.0
43942,mimiciii.INPUTEVENTS_CV,CHEMOTHERAPY,,Free Form Intake,,,,4,1,0,0,,,,,0.0,0.0,categorical,0.0001,0.9999,4.0
43008,mimiciii.INPUTEVENTS_CV,cryo or,,Free Form Intake,,,,4,1,0,0,,,,,0.0,0.0,categorical,0.0001,0.9999,4.0
42713,mimiciii.INPUTEVENTS_CV,carevue downtime,,Free Form Intake,,,,4,1,0,0,,,,,0.0,0.0,categorical,0.0001,0.9999,4.0
44583,mimiciii.INPUTEVENTS_CV,Pad change,,,,,,4,1,0,0,,,,,0.0,0.0,categorical,0.0001,0.9999,4.0
40873,mimiciii.INPUTEVENTS_CV,FREE H20 NG,,Free Form Intake,,,,4,1,0,0,,,,,0.0,0.0,categorical,0.0001,0.9999,4.0
44056,mimiciii.INPUTEVENTS_CV,Peritoneal Fluid,,,,,,4,2,0,0,,,,,0.0,0.0,categorical,0.0001,0.9999,2.0
44057,mimiciii.INPUTEVENTS_CV,OR/PACU,,Free Form Intake,,,,4,1,0,0,,,,,0.0,0.0,categorical,0.0001,0.9999,4.0
44184,mimiciii.INPUTEVENTS_CV,LR Bolus,,Free Form Intake,,,,4,2,0,0,,,,,0.0,0.0,categorical,0.0001,0.9999,2.0
42864,mimiciii.INPUTEVENTS_CV,ER CRYSTALLOID,,Free Form Intake,,,,4,2,0,0,,,,,0.0,0.0,categorical,0.0001,0.9999,2.0
43835,mimiciii.INPUTEVENTS_CV,EW IN,,Free Form Intake,,,,4,1,0,0,,,,,0.0,0.0,categorical,0.0001,0.9999,4.0
43136,mimiciii.INPUTEVENTS_CV,DEXMEDETOMIDINE,,Free Form Intake,,,,4,1,0,0,,,,,0.0,0.0,categorical,0.0001,0.9999,4.0
41187,mimiciii.INPUTEVENTS_CV,Neuro Angio Intake,,Free Form Intake,,,,4,2,0,0,,,,,0.0,0.0,categorical,0.0001,0.9999,2.0
40894,mimiciii.INPUTEVENTS_CV,hemopytsis,,,,,,4,1,0,0,,,,,0.0,0.0,categorical,0.0001,0.9999,4.0
42401,mimiciii.INPUTEVENTS_CV,vicu cryst,,Free Form Intake,,,,4,1,0,0,,,,,0.0,0.0,categorical,0.0001,0.9999,4.0
43010,mimiciii.INPUTEVENTS_CV,packed cells pacu,,Free Form Intake,,,,4,1,0,0,,,,,0.0,0.0,categorical,0.0001,0.9999,4.0
42406,mimiciii.INPUTEVENTS_CV,GASTROGRAFIN/NG,,Free Form Intake,,,,4,1,0,0,,,,,0.0,0.0,categorical,0.0001,0.9999,4.0
45079,mimiciii.INPUTEVENTS_CV,500 cc ns bolus,,Free Form Intake,,,,4,1,0,0,,,,,0.0,0.0,categorical,0.0001,0.9999,4.0
44344,mimiciii.INPUTEVENTS_CV,BLADDER PRESSURE FLD,,Free Form Intake,,,,4,1,0,0,,,,,0.0,0.0,categorical,0.0001,0.9999,4.0
45130,mimiciii.INPUTEVENTS_CV,C.O. INJECTATE,,Free Form Intake,,,,4,1,0,0,,,,,0.0,0.0,categorical,0.0001,0.9999,4.0
44642,mimiciii.INPUTEVENTS_CV,ER Intake,,Free Form Intake,,,,4,2,0,0,,,,,0.0,0.0,categorical,0.0001,0.9999,2.0
44430,mimiciii.INPUTEVENTS_CV,plasmalyte,,Free Form Intake,,,,4,2,0,0,,,,,0.0,0.0,categorical,0.0001,0.9999,2.0
42458,mimiciii.INPUTEVENTS_CV,PD4.5%,,Free Form Intake,,,,4,1,0,0,,,,,0.0,0.0,categorical,0.0001,0.9999,4.0
41941,mimiciii.INPUTEVENTS_CV,VAC DRESSING,,,,,,4,1,0,0,,,,,0.0,0.0,categorical,0.0001,0.9999,4.0
43928,mimiciii.INPUTEVENTS_CV,ECMO CRYSTALLOID,,Free Form Intake,,,,4,1,0,0,,,,,0.0,0.0,categorical,0.0001,0.9999,4.0
44367,mimiciii.INPUTEVENTS_CV,LR,,Free Form Intake,,,,4,2,0,0,,,,,0.0,0.0,categorical,0.0001,0.9999,2.0
45165,mimiciii.INPUTEVENTS_CV,Chest wound,,,,,,4,1,0,0,,,,,0.0,0.0,categorical,0.0001,0.9999,4.0
45395,mimiciii.INPUTEVENTS_CV,NG CONTRAST,,Free Form Intake,,,,4,1,0,0,,,,,0.0,0.0,categorical,0.0001,0.9999,4.0
42468,mimiciii.INPUTEVENTS_CV,angio crystalloids,,Free Form Intake,,,,4,2,0,0,,,,,0.0,0.0,categorical,0.0001,0.9999,2.0
43929,mimiciii.INPUTEVENTS_CV,Floor Intake,,Free Form Intake,,,,4,2,0,0,,,,,0.0,0.0,categorical,0.0001,0.9999,2.0
45013,mimiciii.INPUTEVENTS_CV,READI-CAT 2,,Free Form Intake,,,,4,1,0,0,,,,,0.0,0.0,categorical,0.0001,0.9999,4.0
42580,mimiciii.INPUTEVENTS_CV,hemovac hip,,,,,,4,1,0,0,,,,,0.0,0.0,categorical,0.0001,0.9999,4.0
42363,mimiciii.INPUTEVENTS_CV,angio crystalloid,,Free Form Intake,,,,4,2,0,0,,,,,0.0,0.0,categorical,0.0001,0.9999,2.0
45312,mimiciii.INPUTEVENTS_CV,pheresis net bal,,Free Form Intake,,,,4,1,0,0,,,,,0.0,0.0,categorical,0.0001,0.9999,4.0
41810,mimiciii.INPUTEVENTS_CV,plasmaphoresis,,,,,,4,2,0,0,,,,,0.0,0.0,categorical,0.0001,0.9999,2.0
46322,mimiciii.INPUTEVENTS_CV,Bicarb Drip,,Free Form Intake,,,,4,1,0,0,,,,,0.0,0.0,categorical,0.0001,0.9999,4.0
45092,mimiciii.INPUTEVENTS_CV,PAD UNDER PACKING,,,,,,4,1,0,0,,,,,0.0,0.0,categorical,0.0001,0.9999,4.0
42030,mimiciii.INPUTEVENTS_CV,angio ebl,,,,,,4,2,0,0,,,,,0.0,0.0,categorical,0.0001,0.9999,2.0
43009,mimiciii.INPUTEVENTS_CV,ffp pacu,,Free Form Intake,,,,4,1,0,0,,,,,0.0,0.0,categorical,0.0001,0.9999,4.0
41549,mimiciii.INPUTEVENTS_CV,thermoldilution,,Free Form Intake,,,,4,1,0,0,,,,,0.0,0.0,categorical,0.0001,0.9999,4.0
44263,mimiciii.INPUTEVENTS_CV,fluid bolus ns,,Free Form Intake,,,,4,1,0,0,,,,,0.0,0.0,categorical,0.0001,0.9999,4.0
41387,mimiciii.INPUTEVENTS_CV,CATH LAB DYE,,Free Form Intake,,,,4,1,0,0,,,,,0.0,0.0,categorical,0.0001,0.9999,4.0
46039,mimiciii.INPUTEVENTS_CV,from beverely hosp t,,Free Form Intake,,,,4,1,0,0,,,,,0.0,0.0,categorical,0.0001,0.9999,4.0
44165,mimiciii.INPUTEVENTS_CV,APROTININ ML,,Free Form Intake,,,,4,1,0,0,,,,,0.0,0.0,categorical,0.0001,0.9999,4.0
44486,mimiciii.INPUTEVENTS_CV,ed ivf,,Free Form Intake,,,,4,3,0,0,,,,,0.0,0.0,categorical,0.0002,0.9998,1.333
44515,mimiciii.INPUTEVENTS_CV,PLASMAPHERESIS IN,,Free Form Intake,,,,4,1,0,0,,,,,0.0,0.0,categorical,0.0001,0.9999,4.0
42110,mimiciii.INPUTEVENTS_CV,ANGIO EBL,,,,,,4,2,0,0,,,,,0.0,0.0,categorical,0.0001,0.9999,2.0
44270,mimiciii.INPUTEVENTS_CV,HD removal,,,,,,4,2,0,0,,,,,0.0,0.0,categorical,0.0001,0.9999,2.0
46700,mimiciii.INPUTEVENTS_CV,rt. fem site,,,,,,4,1,0,0,,,,,0.0,0.0,categorical,0.0001,0.9999,4.0
44240,mimiciii.INPUTEVENTS_CV,kayexelate enema,,Free Form Intake,,,,4,1,0,0,,,,,0.0,0.0,categorical,0.0001,0.9999,4.0
43861,mimiciii.INPUTEVENTS_CV,PD Intake,,,,,,4,1,0,0,,,,,0.0,0.0,categorical,0.0001,0.9999,4.0
40955,mimiciii.INPUTEVENTS_CV,Left Hip Aspiration,,,,,,4,1,0,0,,,,,0.0,0.0,categorical,0.0001,0.9999,4.0
46078,mimiciii.INPUTEVENTS_CV,OR cell saver,,Free Form Intake,,,,4,1,0,0,,,,,0.0,0.0,categorical,0.0001,0.9999,4.0
44000,mimiciii.INPUTEVENTS_CV,floor in,,Free Form Intake,,,,4,3,0,0,,,,,0.0,0.0,categorical,0.0002,0.9998,1.333
42274,mimiciii.INPUTEVENTS_CV,gastrogavin in h20,,Free Form Intake,,,,4,1,0,0,,,,,0.0,0.0,categorical,0.0001,0.9999,4.0
45354,mimiciii.INPUTEVENTS_CV,OR Cryoprecipitate,,Free Form Intake,,,,4,2,0,0,,,,,0.0,0.0,categorical,0.0001,0.9999,2.0
41652,mimiciii.INPUTEVENTS_CV,GO-LYTELY,,Free Form Intake,,,,4,1,0,0,,,,,0.0,0.0,categorical,0.0001,0.9999,4.0
42286,mimiciii.INPUTEVENTS_CV,calicium gluc gtt,,Free Form Intake,,,,4,1,0,0,,,,,0.0,0.0,categorical,0.0001,0.9999,4.0
45944,mimiciii.INPUTEVENTS_CV,Bari-Cat,,Free Form Intake,,,,4,1,0,0,,,,,0.0,0.0,categorical,0.0001,0.9999,4.0
41726,mimiciii.INPUTEVENTS_CV,ascites,,,,,,4,2,0,0,,,,,0.0,0.0,categorical,0.0001,0.9999,2.0
45700,mimiciii.INPUTEVENTS_CV,REPLETE/FIBER TFEED,,Free Form Intake,,,,4,1,0,0,,,,,0.0,0.0,categorical,0.0001,0.9999,4.0
45609,mimiciii.INPUTEVENTS_CV,readi-cat,,Free Form Intake,,,,4,1,0,0,,,,,0.0,0.0,categorical,0.0001,0.9999,4.0
42610,mimiciii.INPUTEVENTS_CV,IR U/O,,,,,,4,2,0,0,,,,,0.0,0.0,categorical,0.0001,0.9999,2.0
42944,mimiciii.INPUTEVENTS_CV,dextran,,Free Form Intake,,,,4,1,0,0,,,,,0.0,0.0,categorical,0.0001,0.9999,4.0
44774,mimiciii.INPUTEVENTS_CV,500cc NS w/40meq kcl,,Free Form Intake,,,,4,1,0,0,,,,,0.0,0.0,categorical,0.0001,0.9999,4.0
42924,mimiciii.INPUTEVENTS_CV,IR CRYST.,,Free Form Intake,,,,4,2,0,0,,,,,0.0,0.0,categorical,0.0001,0.9999,2.0
42839,mimiciii.INPUTEVENTS_CV,other,,,,,,4,2,0,0,,,,,0.0,0.0,categorical,0.0001,0.9999,2.0
42565,mimiciii.INPUTEVENTS_CV,TROMETHAMINE CC/HR,,Free Form Intake,,,,4,1,0,0,,,,,0.0,0.0,categorical,0.0001,0.9999,4.0
41383,mimiciii.INPUTEVENTS_CV,PLASMAPHORESIS,,,,,,4,1,0,0,,,,,0.0,0.0,categorical,0.0001,0.9999,4.0
42221,mimiciii.INPUTEVENTS_CV,ER CRYST,,Free Form Intake,,,,4,2,0,0,,,,,0.0,0.0,categorical,0.0001,0.9999,2.0
41048,mimiciii.INPUTEVENTS_CV,EMERGENCY DEPT,,Free Form Intake,,,,4,1,0,0,,,,,0.0,0.0,categorical,0.0001,0.9999,4.0
42180,mimiciii.INPUTEVENTS_CV,CISATRICURIUM,,Free Form Intake,,,,4,1,0,0,,,,,0.0,0.0,categorical,0.0001,0.9999,4.0
44329,mimiciii.INPUTEVENTS_CV,ED CRYST.,,Free Form Intake,,,,4,2,0,0,,,,,0.0,0.0,categorical,0.0001,0.9999,2.0
41474,mimiciii.INPUTEVENTS_CV,capd,,Free Form Intake,,,,4,1,0,0,,,,,0.0,0.0,categorical,0.0001,0.9999,4.0
45286,mimiciii.INPUTEVENTS_CV,.9%NS w/30mml NaPhos,,Free Form Intake,,,,4,1,0,0,,,,,0.0,0.0,categorical,0.0001,0.9999,4.0
41747,mimiciii.INPUTEVENTS_CV,i&o by paper,,Free Form Intake,,,,4,1,0,0,,,,,0.0,0.0,categorical,0.0001,0.9999,4.0
45567,mimiciii.INPUTEVENTS_CV,LACTULOSE/Kayexalate,,Free Form Intake,,,,4,1,0,0,,,,,0.0,0.0,categorical,0.0001,0.9999,4.0
46754,mimiciii.INPUTEVENTS_CV,net pheresis intake,,Free Form Intake,,,,4,1,0,0,,,,,0.0,0.0,categorical,0.0001,0.9999,4.0
42381,mimiciii.INPUTEVENTS_CV,CC6 INTAKE,,Free Form Intake,,,,4,2,0,0,,,,,0.0,0.0,categorical,0.0001,0.9999,2.0
42856,mimiciii.INPUTEVENTS_CV,CALCIUM GLUGOANTE,,Free Form Intake,,,,4,1,0,0,,,,,0.0,0.0,categorical,0.0001,0.9999,4.0
40833,mimiciii.INPUTEVENTS_CV,readi cat,,Free Form Intake,,,,4,2,0,0,,,,,0.0,0.0,categorical,0.0001,0.9999,2.0
42857,mimiciii.INPUTEVENTS_CV,SODIUM BICARBOANTE,,Free Form Intake,,,,4,1,0,0,,,,,0.0,0.0,categorical,0.0001,0.9999,4.0
41354,mimiciii.INPUTEVENTS_CV,PD fluid retained,,Free Form Intake,,,,4,1,0,0,,,,,0.0,0.0,categorical,0.0001,0.9999,4.0
41388,mimiciii.INPUTEVENTS_CV,CATH LAB FLUID,,Free Form Intake,,,,4,1,0,0,,,,,0.0,0.0,categorical,0.0001,0.9999,4.0
44645,mimiciii.INPUTEVENTS_CV,GO LYTLE,,Free Form Intake,,,,4,1,0,0,,,,,0.0,0.0,categorical,0.0001,0.9999,4.0
45021,mimiciii.INPUTEVENTS_CV,Mushroom cath,,,,,,4,1,0,0,,,,,0.0,0.0,categorical,0.0001,0.9999,4.0
51285,mimiciii.LABEVENTS,"Reticulocyte, Cellular Hemoglobin",,Hematology,,,Blood,3,3,3,3,pg,28.0,34.1,34.5,1.0,1.0,numeric,0.0002,0.9998,1.0
51435,mimiciii.LABEVENTS,Plasma,,Hematology,,17803-8,Other Body Fluid,3,3,3,3,%,0.0,0.0,1.0,1.0,1.0,numeric,0.0002,0.9998,1.0
51179,mimiciii.LABEVENTS,CD38,,Hematology,,8126-5,Blood,3,3,0,0,,,,,0.0,0.0,categorical,0.0002,0.9998,1.0
51066,mimiciii.LABEVENTS,24 hr Calcium,,Chemistry,,6874-2,Urine,3,3,3,3,mg/24hr,99.0,265.0,754.0,1.0,1.0,numeric,0.0002,0.9998,1.0
51500,mimiciii.LABEVENTS,Sulfonamides,,Hematology,,5812-3,Urine,3,3,0,0,,,,,0.0,0.0,categorical,0.0002,0.9998,1.0
51480,mimiciii.LABEVENTS,Hematocrit,,Hematology,,17809-5,Urine,3,3,3,3,%,0.0,0.0,5.0,1.0,1.0,numeric,0.0002,0.9998,1.0
50921,mimiciii.LABEVENTS,Estradiol,,Chemistry,,2243-4,Blood,3,3,3,3,pg/mL,24.0,34.0,42.0,1.0,1.0,numeric,0.0002,0.9998,1.0
51057,mimiciii.LABEVENTS,"Potassium, Pleural",,Chemistry,,,Pleural,3,3,3,3,mEq/L,3.2,4.1,5.6,1.0,1.0,numeric,0.0002,0.9998,1.0
51058,mimiciii.LABEVENTS,"Sodium, Pleural",,Chemistry,,,Pleural,3,3,3,3,mEq/L,126.0,136.0,139.0,1.0,1.0,numeric,0.0002,0.9998,1.0
6947,mimiciii.CHARTEVENTS,mvo2,,,,,,3,2,3,0,,66.0,66.0,70.0,0.0,1.0,numeric,0.0001,0.9999,1.5
3108,mimiciii.CHARTEVENTS,PA PRESSURE,,,,,,3,1,3,0,,59.0,66.0,69.0,0.0,1.0,numeric,0.0001,0.9999,3.0
8099,mimiciii.CHARTEVENTS,dPaw,,,,,,3,1,3,0,,16.8,20.0,25.0,0.0,1.0,numeric,0.0001,0.9999,3.0
8101,mimiciii.CHARTEVENTS,esoph press,,,,,,3,1,3,0,,-6.1,-4.6,0.0,0.0,1.0,numeric,0.0001,0.9999,3.0
5576,mimiciii.CHARTEVENTS,Ti,,,,,,3,1,3,0,,0.7,0.7,0.7,0.0,1.0,numeric,0.0001,0.9999,3.0
6303,mimiciii.CHARTEVENTS,Pigtail dressing,,,,,,3,1,0,0,,,,,0.0,0.0,categorical,0.0001,0.9999,3.0
6044,mimiciii.CHARTEVENTS,Trn of 4,,,,,,3,1,0,0,,,,,0.0,0.0,categorical,0.0001,0.9999,3.0
5836,mimiciii.CHARTEVENTS,mask/sz,,,,,,3,1,0,0,,,,,0.0,0.0,categorical,0.0001,0.9999,3.0
225722,mimiciii.CHARTEVENTS,Arterial Line Tip Cultured,Arterial Line Tip Cultured,Access Lines - Invasive,,Checkbox,,3,2,3,0,,0.0,0.0,1.0,0.0,1.0,numeric,0.0001,0.9999,1.5
225310,mimiciii.CHARTEVENTS,ART BP Diastolic,ART BP Diastolic,Routine Vital Signs,mmHg,Numeric,,3,1,3,3,mmHg,46.0,49.0,52.0,1.0,1.0,numeric,0.0001,0.9999,3.0
5724,mimiciii.CHARTEVENTS,TEA BAGS TO R EYE.,,,,,,3,1,0,0,,,,,0.0,0.0,categorical,0.0001,0.9999,3.0
2461,mimiciii.CHARTEVENTS,APROTANIN ML/HR,,,,,,3,1,3,0,,25.0,25.0,25.0,0.0,1.0,numeric,0.0001,0.9999,3.0
5995,mimiciii.CHARTEVENTS,Peak flow post tx.,,,,,,3,1,3,0,,160.0,200.0,200.0,0.0,1.0,numeric,0.0001,0.9999,3.0
1554,mimiciii.CHARTEVENTS,nephr. tubes irrig.,,,,,,3,1,0,0,,,,,0.0,0.0,categorical,0.0001,0.9999,3.0
2929,mimiciii.CHARTEVENTS,sputum culture,,,,,,3,1,0,0,,,,,0.0,0.0,categorical,0.0001,0.9999,3.0
7394,mimiciii.CHARTEVENTS,disconnect time,,,,,,3,1,3,0,,35.0,35.0,35.0,0.0,1.0,numeric,0.0001,0.9999,3.0
5561,mimiciii.CHARTEVENTS,INEXSUFF,,,,,,3,1,0,0,,,,,0.0,0.0,categorical,0.0001,0.9999,3.0
1039,mimiciii.CHARTEVENTS,MDI #4,,,,,,3,2,0,0,,,,,0.0,0.0,categorical,0.0001,0.9999,1.5
6820,mimiciii.CHARTEVENTS,SSI HumR #units,,,,,,3,2,3,0,,4.0,6.0,6.0,0.0,1.0,numeric,0.0001,0.9999,1.5
225347,mimiciii.CHARTEVENTS,Midline Site Appear,Midline Site Appear,Access Lines - Invasive,,Text,,3,1,0,0,,,,,0.0,0.0,categorical,0.0001,0.9999,3.0
6291,mimiciii.CHARTEVENTS,NITRIC TANK PRESSURE,,,,,,3,1,3,0,,600.0,600.0,700.0,0.0,1.0,numeric,0.0001,0.9999,3.0
6344,mimiciii.CHARTEVENTS,CUFF PRESS.,,,,,,3,3,3,0,,14.0,20.0,20.0,0.0,1.0,numeric,0.0002,0.9998,1.0
5999,mimiciii.CHARTEVENTS,prone/supine,,,,,,3,1,0,0,,,,,0.0,0.0,categorical,0.0001,0.9999,3.0
3190,mimiciii.CHARTEVENTS,high  minute vol,,,,,,3,1,3,0,,20.0,20.0,20.0,0.0,1.0,numeric,0.0001,0.9999,3.0
5708,mimiciii.CHARTEVENTS,MgSO4,,,,,,3,1,2,0,,2.0,2.0,2.0,0.0,0.6667,mixed,0.0001,0.9999,3.0
2273,mimiciii.CHARTEVENTS,vanco level,,,,,,3,1,3,0,,12.7,16.3,19.6,0.0,1.0,numeric,0.0001,0.9999,3.0
2080,mimiciii.CHARTEVENTS,high NO,,,,,,3,1,3,0,,25.0,25.0,25.0,0.0,1.0,numeric,0.0001,0.9999,3.0
2081,mimiciii.CHARTEVENTS,high NO2,,,,,,3,1,3,0,,3.0,3.0,3.0,0.0,1.0,numeric,0.0001,0.9999,3.0
226152,mimiciii.CHARTEVENTS,Required documentation,Required documentation,Case Management,,Text,,3,1,0,0,,,,,0.0,0.0,categorical,0.0001,0.9999,3.0
1727,mimiciii.CHARTEVENTS,TDISCONNECT,,,,,,3,1,3,0,,5.0,5.0,5.0,0.0,1.0,numeric,0.0001,0.9999,3.0
1059,mimiciii.CHARTEVENTS,shampoo hair,,,,,,3,2,0,0,,,,,0.0,0.0,categorical,0.0001,0.9999,1.5
2402,mimiciii.CHARTEVENTS,sp tidal volumes,,,,,,3,1,3,0,,450.0,460.0,550.0,0.0,1.0,numeric,0.0001,0.9999,3.0
1061,mimiciii.CHARTEVENTS,mulitpodis boots,,,,,,3,1,0,0,,,,,0.0,0.0,categorical,0.0001,0.9999,3.0
5934,mimiciii.CHARTEVENTS,R arm sensation,,,,,,3,1,0,0,,,,,0.0,0.0,categorical,0.0001,0.9999,3.0
2780,mimiciii.CHARTEVENTS,stv,,,,,,3,1,3,0,,350.0,370.0,420.0,0.0,1.0,numeric,0.0001,0.9999,3.0
5548,mimiciii.CHARTEVENTS,Dressing change,,,,,,3,1,0,0,,,,,0.0,0.0,categorical,0.0001,0.9999,3.0
225118,mimiciii.CHARTEVENTS,Difficulty swallowing,Difficulty swallowing,Adm History/FHPA,,Checkbox,,3,1,3,0,,0.0,0.0,0.0,0.0,1.0,numeric,0.0001,0.9999,3.0
227418,mimiciii.CHARTEVENTS,Midline Dressing Occlusive,Midline Dressing Occlusive,Access Lines - Invasive,,Checkbox,,3,1,3,0,,1.0,1.0,1.0,0.0,1.0,numeric,0.0001,0.9999,3.0
227672,mimiciii.CHARTEVENTS,Violent Restraints Ordered,Violent Restraints Ordered,Restraint/Support Systems,,Text,,3,1,0,0,,,,,0.0,0.0,categorical,0.0001,0.9999,3.0
226183,mimiciii.CHARTEVENTS,Estimated Energy Needs/Kg,Estimated Energy Needs/Kg,General,kcal/kg,Numeric,,3,3,3,3,kcal/kg,25.0,25.0,27.0,1.0,1.0,numeric,0.0002,0.9998,1.0
225309,mimiciii.CHARTEVENTS,ART BP Systolic,ART BP Systolic,Routine Vital Signs,mmHg,Numeric,,3,1,3,3,mmHg,155.0,157.0,158.0,1.0,1.0,numeric,0.0001,0.9999,3.0
1678,mimiciii.CHARTEVENTS,Time disconnect,,,,,,3,2,3,0,,10.0,15.0,15.0,0.0,1.0,numeric,0.0001,0.9999,1.5
1907,mimiciii.CHARTEVENTS,PAsat,,,,,,3,1,3,0,,62.0,68.0,73.0,0.0,1.0,numeric,0.0001,0.9999,3.0
5731,mimiciii.CHARTEVENTS,FEMORAL ABP MEAN,,,,,,3,1,3,0,,68.0,84.0,87.0,0.0,1.0,numeric,0.0001,0.9999,3.0
1067,mimiciii.CHARTEVENTS,apnea test,,,,,,3,2,0,0,,,,,0.0,0.0,categorical,0.0001,0.9999,1.5
3045,mimiciii.CHARTEVENTS,SPONT VT,,,,,,3,1,3,0,,300.0,346.0,377.0,0.0,1.0,numeric,0.0001,0.9999,3.0
8360,mimiciii.CHARTEVENTS,Trans pul exp.,,,,,,3,1,3,0,,-4.8,0.0,2.3,0.0,1.0,numeric,0.0001,0.9999,3.0
6032,mimiciii.CHARTEVENTS,TRACH CUFF TAKENDOWN,,,,,,3,1,0,0,,,,,0.0,0.0,categorical,0.0001,0.9999,3.0
7799,mimiciii.CHARTEVENTS,Heliox tank psi,,,,,,3,1,3,0,,1700.0,1800.0,2000.0,0.0,1.0,numeric,0.0001,0.9999,3.0
6292,mimiciii.CHARTEVENTS,APRV HIGH,,,,,,3,1,3,0,,55.0,55.0,55.0,0.0,1.0,numeric,0.0001,0.9999,3.0
6293,mimiciii.CHARTEVENTS,APRV LOW,,,,,,3,1,3,0,,10.0,10.0,10.0,0.0,1.0,numeric,0.0001,0.9999,3.0
6579,mimiciii.CHARTEVENTS,IR Sheath MAP,,,,,,3,1,3,0,,63.0,76.0,78.0,0.0,1.0,numeric,0.0001,0.9999,3.0
3195,mimiciii.CHARTEVENTS,P insp,,,,,,3,1,3,0,,22.0,22.0,28.0,0.0,1.0,numeric,0.0001,0.9999,3.0
1971,mimiciii.CHARTEVENTS,Oral drng,,,,,,3,1,0,0,,,,,0.0,0.0,categorical,0.0001,0.9999,3.0
2748,mimiciii.CHARTEVENTS,D02,,,,,,3,1,3,0,,565.0,724.0,789.0,0.0,1.0,numeric,0.0001,0.9999,3.0
8170,mimiciii.CHARTEVENTS,trach postion/stoma,,,,,,3,1,3,0,,8.0,8.0,8.0,0.0,1.0,numeric,0.0001,0.9999,3.0
5989,mimiciii.CHARTEVENTS,Right heel drsg chae,,,,,,3,1,0,0,,,,,0.0,0.0,categorical,0.0001,0.9999,3.0
7262,mimiciii.CHARTEVENTS,Urine PH,,,,,,3,1,3,0,,5.5,7.0,7.0,0.0,1.0,numeric,0.0001,0.9999,3.0
8033,mimiciii.CHARTEVENTS,NC,,,,,,3,1,3,0,,4.0,4.0,4.0,0.0,1.0,numeric,0.0001,0.9999,3.0
6091,mimiciii.CHARTEVENTS,leg dressings,,,,,,3,1,0,0,,,,,0.0,0.0,categorical,0.0001,0.9999,3.0
7650,mimiciii.CHARTEVENTS,Salicylate,,,,,,3,1,3,0,,16.0,16.0,33.0,0.0,1.0,numeric,0.0001,0.9999,3.0
1618,mimiciii.CHARTEVENTS,high tidal vol,,,,,,3,1,3,0,,0.99,1.25,1.25,0.0,1.0,numeric,0.0001,0.9999,3.0
225124,mimiciii.CHARTEVENTS,Unintentional weight loss >10 lbs.,Unintentional weight loss >10 lbs.,Adm History/FHPA,,Checkbox,,3,1,3,0,,1.0,1.0,1.0,0.0,1.0,numeric,0.0001,0.9999,3.0
226184,mimiciii.CHARTEVENTS,Estimated Protein Needs/Kg,Estimated Protein Needs/Kg,General,g/kg,Numeric,,3,3,3,3,g/kg,1.2,1.3,1.5,1.0,1.0,numeric,0.0002,0.9998,1.0
225312,mimiciii.CHARTEVENTS,ART BP mean,ART BP mean,Routine Vital Signs,mmHg,Numeric,,3,1,3,3,mmHg,77.0,80.0,81.0,1.0,1.0,numeric,0.0001,0.9999,3.0
7600,mimiciii.CHARTEVENTS,NECK GIRTH (cm),,,,,,3,1,3,0,,47.0,53.0,53.0,0.0,1.0,numeric,0.0001,0.9999,3.0
5940,mimiciii.CHARTEVENTS,Ileostomy care,,,,,,3,1,0,0,,,,,0.0,0.0,categorical,0.0001,0.9999,3.0
2076,mimiciii.CHARTEVENTS,HI(GH MV,,,,,,3,1,3,0,,18.0,18.0,22.0,0.0,1.0,numeric,0.0001,0.9999,3.0
1617,mimiciii.CHARTEVENTS,peripad change,,,,,,3,1,0,0,,,,,0.0,0.0,categorical,0.0001,0.9999,3.0
6729,mimiciii.CHARTEVENTS,Act CPP,,,,,,3,1,3,0,,24.0,35.0,45.0,0.0,1.0,numeric,0.0001,0.9999,3.0
5987,mimiciii.CHARTEVENTS,Abd drsg change,,,,,,3,1,0,0,,,,,0.0,0.0,categorical,0.0001,0.9999,3.0
7453,mimiciii.CHARTEVENTS,bear hugger,,,,,,3,1,0,0,,,,,0.0,0.0,categorical,0.0001,0.9999,3.0
6248,mimiciii.CHARTEVENTS,d51/2NSc 20meq kcl,,,,,,3,1,3,0,,60.0,60.0,60.0,0.0,1.0,numeric,0.0001,0.9999,3.0
3175,mimiciii.CHARTEVENTS,BEAR HUGGER,,,,,,3,1,0,0,,,,,0.0,0.0,categorical,0.0001,0.9999,3.0
8361,mimiciii.CHARTEVENTS,Trans pul insp,,,,,,3,1,3,0,,4.8,10.0,13.0,0.0,1.0,numeric,0.0001,0.9999,3.0
7571,mimiciii.CHARTEVENTS,QTC measurement,,,,,,3,1,3,0,,0.36,0.43,0.45,0.0,1.0,numeric,0.0001,0.9999,3.0
6199,mimiciii.CHARTEVENTS,L. lower abd. kidney,,,,,,3,1,0,0,,,,,0.0,0.0,categorical,0.0001,0.9999,3.0
3260,mimiciii.CHARTEVENTS,high minnute volume,,,,,,3,1,3,0,,15.0,15.0,18.0,0.0,1.0,numeric,0.0001,0.9999,3.0
1569,mimiciii.CHARTEVENTS,high min vol.,,,,,,3,1,3,0,,10.0,15.0,15.0,0.0,1.0,numeric,0.0001,0.9999,3.0
2043,mimiciii.CHARTEVENTS,Tidal Vol (P High),,,,,,3,1,3,0,,200.0,200.0,200.0,0.0,1.0,numeric,0.0001,0.9999,3.0
5953,mimiciii.CHARTEVENTS,CRITICAID,,,,,,3,1,0,0,,,,,0.0,0.0,categorical,0.0001,0.9999,3.0
225087,mimiciii.CHARTEVENTS,Visual / hearing deficit,Visual / hearing deficit,Adm History/FHPA,,Checkbox,,3,2,3,0,,0.0,1.0,1.0,0.0,1.0,numeric,0.0001,0.9999,1.5
5646,mimiciii.CHARTEVENTS,trach ties,,,,,,3,1,0,0,,,,,0.0,0.0,categorical,0.0001,0.9999,3.0
7585,mimiciii.CHARTEVENTS,inexsufflator,,,,,,3,1,0,0,,,,,0.0,0.0,categorical,0.0001,0.9999,3.0
1219,mimiciii.CHARTEVENTS,PASat,,,,,,3,1,3,0,,71.0,74.0,78.0,0.0,1.0,numeric,0.0001,0.9999,3.0
1376,mimiciii.CHARTEVENTS,NEB,,,,,,3,2,0,0,,,,,0.0,0.0,categorical,0.0001,0.9999,1.5
8100,mimiciii.CHARTEVENTS,dPes,,,,,,3,1,3,0,,9.0,22.9,24.7,0.0,1.0,numeric,0.0001,0.9999,3.0
6489,mimiciii.CHARTEVENTS,auto-peep,,,,,,3,1,3,0,,11.4,11.4,14.9,0.0,1.0,numeric,0.0001,0.9999,3.0
6019,mimiciii.CHARTEVENTS,Left arm Edema,,,,,,3,1,0,0,,,,,0.0,0.0,categorical,0.0001,0.9999,3.0
1579,mimiciii.CHARTEVENTS,CORNEAL REFLEXES,,,,,,3,1,0,0,,,,,0.0,0.0,categorical,0.0001,0.9999,3.0
3254,mimiciii.CHARTEVENTS,High minute Vent.,,,,,,3,1,3,0,,15.0,15.0,15.0,0.0,1.0,numeric,0.0001,0.9999,3.0
1547,mimiciii.CHARTEVENTS,fundus,,,,,,3,1,0,0,,,,,0.0,0.0,categorical,0.0001,0.9999,3.0
7597,mimiciii.CHARTEVENTS,PRBC,,,,,,3,1,3,0,,100.0,100.0,100.0,0.0,1.0,numeric,0.0001,0.9999,3.0
2752,mimiciii.CHARTEVENTS,DVO2I,,,,,,3,1,3,0,,337.0,418.0,461.0,0.0,1.0,numeric,0.0001,0.9999,3.0
225209,mimiciii.CHARTEVENTS,Cash amount,Cash amount,Adm History/FHPA,None,Numeric,,3,2,3,0,,25.0,61.0,61.0,0.0,1.0,numeric,0.0001,0.9999,1.5
6283,mimiciii.CHARTEVENTS,Nitric Tank Pressure,,,,,,3,1,2,0,,800.0,812.5,825.0,0.0,0.6667,mixed,0.0001,0.9999,3.0
7308,mimiciii.CHARTEVENTS,FS,,,,,,3,1,3,0,,159.0,193.0,252.0,0.0,1.0,numeric,0.0001,0.9999,3.0
2773,mimiciii.CHARTEVENTS,sjlactate,,,,,,3,1,3,0,,1.6,1.9,2.1,0.0,1.0,numeric,0.0001,0.9999,3.0
1811,mimiciii.CHARTEVENTS,Mouth Care,,,,,,3,1,0,0,,,,,0.0,0.0,categorical,0.0001,0.9999,3.0
224814,mimiciii.CHARTEVENTS,GI #1 Tube Place Method,GI #1 Tube Place Method,GI/GU,,Text,,3,1,0,0,,,,,0.0,0.0,categorical,0.0001,0.9999,3.0
6932,mimiciii.CHARTEVENTS,exh. ve,,,,,,3,1,3,0,,0.068,0.153,0.185,0.0,1.0,numeric,0.0001,0.9999,3.0
6934,mimiciii.CHARTEVENTS,inhaled ve,,,,,,3,1,3,0,,1.29,2.06,2.72,0.0,1.0,numeric,0.0001,0.9999,3.0
225899,mimiciii.INPUTEVENTS_MV,Bactrim (SMX/TMP),Bactrim (SMX/TMP),Antibiotics,dose,Solution,,3,1,0,0,,,,,0.0,0.0,categorical,0.0001,0.9999,3.0
222011,mimiciii.INPUTEVENTS_MV,Magnesium Sulfate,Magnesium Sulfate,Medications,grams,Solution,,3,3,0,0,,,,,0.0,0.0,categorical,0.0002,0.9998,1.0
221623,mimiciii.INPUTEVENTS_MV,Diazepam (Valium),Diazepam (Valium),Medications,mg,Solution,,3,1,0,0,,,,,0.0,0.0,categorical,0.0001,0.9999,3.0
46641,mimiciii.INPUTEVENTS_CV,ANGIO INTIAKE,,Free Form Intake,,,,3,1,0,0,,,,,0.0,0.0,categorical,0.0001,0.9999,3.0
45480,mimiciii.INPUTEVENTS_CV,500cc ns bolus,,Free Form Intake,,,,3,1,0,0,,,,,0.0,0.0,categorical,0.0001,0.9999,3.0
46169,mimiciii.INPUTEVENTS_CV,free water bolus.,,Free Form Intake,,,,3,1,0,0,,,,,0.0,0.0,categorical,0.0001,0.9999,3.0
44164,mimiciii.INPUTEVENTS_CV,OR INTAKE,,Free Form Intake,,,,3,1,0,0,,,,,0.0,0.0,categorical,0.0001,0.9999,3.0
43855,mimiciii.INPUTEVENTS_CV,Vaginal and Back Wnd,,,,,,3,1,0,0,,,,,0.0,0.0,categorical,0.0001,0.9999,3.0
45716,mimiciii.INPUTEVENTS_CV,REPLETE TF,,Free Form Intake,,,,3,1,0,0,,,,,0.0,0.0,categorical,0.0001,0.9999,3.0
42897,mimiciii.INPUTEVENTS_CV,D5W 300MEQ BICARB,,Free Form Intake,,,,3,1,0,0,,,,,0.0,0.0,categorical,0.0001,0.9999,3.0
42614,mimiciii.INPUTEVENTS_CV,Leg bag/serous drg,,,,,,3,1,0,0,,,,,0.0,0.0,categorical,0.0001,0.9999,3.0
44379,mimiciii.INPUTEVENTS_CV,Mushroom catheter,,,,,,3,2,0,0,,,,,0.0,0.0,categorical,0.0001,0.9999,1.5
42728,mimiciii.INPUTEVENTS_CV,POTASSIUM,,Free Form Intake,,,,3,1,0,0,,,,,0.0,0.0,categorical,0.0001,0.9999,3.0
44323,mimiciii.INPUTEVENTS_CV,ED IVF,,Free Form Intake,,,,3,2,0,0,,,,,0.0,0.0,categorical,0.0001,0.9999,1.5
45216,mimiciii.INPUTEVENTS_CV,Mannitol 25GM,,Free Form Intake,,,,3,1,0,0,,,,,0.0,0.0,categorical,0.0001,0.9999,3.0
46538,mimiciii.INPUTEVENTS_CV,PD solution in,,Free Form Intake,,,,3,1,0,0,,,,,0.0,0.0,categorical,0.0001,0.9999,3.0
41580,mimiciii.INPUTEVENTS_CV,free h2o bolus,,Free Form Intake,,,,3,1,0,0,,,,,0.0,0.0,categorical,0.0001,0.9999,3.0
42079,mimiciii.INPUTEVENTS_CV,CONTRAST VIA NG.,,Free Form Intake,,,,3,1,0,0,,,,,0.0,0.0,categorical,0.0001,0.9999,3.0
42948,mimiciii.INPUTEVENTS_CV,CONTRAST VIA NG/FT,,Free Form Intake,,,,3,1,0,0,,,,,0.0,0.0,categorical,0.0001,0.9999,3.0
41373,mimiciii.INPUTEVENTS_CV,NS for BT,,Free Form Intake,,,,3,1,0,0,,,,,0.0,0.0,categorical,0.0001,0.9999,3.0
44150,mimiciii.INPUTEVENTS_CV,vag bld,,,,,,3,1,0,0,,,,,0.0,0.0,categorical,0.0001,0.9999,3.0
41237,mimiciii.INPUTEVENTS_CV,ns fluid boluses,,Free Form Intake,,,,3,1,0,0,,,,,0.0,0.0,categorical,0.0001,0.9999,3.0
30074,mimiciii.INPUTEVENTS_CV,Optimental,,,,,,3,1,0,0,,,,,0.0,0.0,categorical,0.0001,0.9999,3.0
46360,mimiciii.INPUTEVENTS_CV,ivf from osh,,Free Form Intake,,,,3,1,0,0,,,,,0.0,0.0,categorical,0.0001,0.9999,3.0
46305,mimiciii.INPUTEVENTS_CV,hemo dial ultrafil,,,,,,3,1,0,0,,,,,0.0,0.0,categorical,0.0001,0.9999,3.0
46694,mimiciii.INPUTEVENTS_CV,Abdominal VAC,,Free Form Intake,,,,3,1,0,0,,,,,0.0,0.0,categorical,0.0001,0.9999,3.0
40503,mimiciii.INPUTEVENTS_CV,readi - cat,,Free Form Intake,,,,3,1,0,0,,,,,0.0,0.0,categorical,0.0001,0.9999,3.0
40506,mimiciii.INPUTEVENTS_CV,rectal bag,,,,,,3,1,0,0,,,,,0.0,0.0,categorical,0.0001,0.9999,3.0
44791,mimiciii.INPUTEVENTS_CV,D5 150meq NA Bicarb,,Free Form Intake,,,,3,1,0,0,,,,,0.0,0.0,categorical,0.0001,0.9999,3.0
43118,mimiciii.INPUTEVENTS_CV,probalance tf,,Free Form Intake,,,,3,1,0,0,,,,,0.0,0.0,categorical,0.0001,0.9999,3.0
42845,mimiciii.INPUTEVENTS_CV,Angio In,,Free Form Intake,,,,3,1,0,0,,,,,0.0,0.0,categorical,0.0001,0.9999,3.0
42895,mimiciii.INPUTEVENTS_CV,MANNITOL 20 %.,,Free Form Intake,,,,3,1,0,0,,,,,0.0,0.0,categorical,0.0001,0.9999,3.0
43872,mimiciii.INPUTEVENTS_CV,Potassium 20meqIVPB,,Free Form Intake,,,,3,1,0,0,,,,,0.0,0.0,categorical,0.0001,0.9999,3.0
45923,mimiciii.INPUTEVENTS_CV,Vaginal,,,,,,3,1,0,0,,,,,0.0,0.0,categorical,0.0001,0.9999,3.0
42715,mimiciii.INPUTEVENTS_CV,CRYSTAL IN/DAY SHIFT,,Free Form Intake,,,,3,1,0,0,,,,,0.0,0.0,categorical,0.0001,0.9999,3.0
45313,mimiciii.INPUTEVENTS_CV,BARICAT,,Free Form Intake,,,,3,1,0,0,,,,,0.0,0.0,categorical,0.0001,0.9999,3.0
45265,mimiciii.INPUTEVENTS_CV,CONTRAST via NG,,Free Form Intake,,,,3,1,0,0,,,,,0.0,0.0,categorical,0.0001,0.9999,3.0
44766,mimiciii.INPUTEVENTS_CV,peri pad change,,,,,,3,1,0,0,,,,,0.0,0.0,categorical,0.0001,0.9999,3.0
46081,mimiciii.INPUTEVENTS_CV,IVF ON FLOOR,,Free Form Intake,,,,3,1,0,0,,,,,0.0,0.0,categorical,0.0001,0.9999,3.0
41425,mimiciii.INPUTEVENTS_CV,kayexalate pr,,Free Form Intake,,,,3,1,0,0,,,,,0.0,0.0,categorical,0.0001,0.9999,3.0
46670,mimiciii.INPUTEVENTS_CV,0.45% + 60 MEQ KCL,,Free Form Intake,,,,3,1,0,0,,,,,0.0,0.0,categorical,0.0001,0.9999,3.0
44059,mimiciii.INPUTEVENTS_CV,1/2st impact/fiber,,Free Form Intake,,,,3,1,0,0,,,,,0.0,0.0,categorical,0.0001,0.9999,3.0
44381,mimiciii.INPUTEVENTS_CV,NG residual,,,,,,3,1,0,0,,,,,0.0,0.0,categorical,0.0001,0.9999,3.0
43083,mimiciii.INPUTEVENTS_CV,g-t residual,,,,,,3,1,0,0,,,,,0.0,0.0,categorical,0.0001,0.9999,3.0
40957,mimiciii.INPUTEVENTS_CV,right abdomen,,,,,,3,1,0,0,,,,,0.0,0.0,categorical,0.0001,0.9999,3.0
44510,mimiciii.INPUTEVENTS_CV,pheresis pos balanc,,Free Form Intake,,,,3,1,0,0,,,,,0.0,0.0,categorical,0.0001,0.9999,3.0
42205,mimiciii.INPUTEVENTS_CV,contrast via ft,,Free Form Intake,,,,3,1,0,0,,,,,0.0,0.0,categorical,0.0001,0.9999,3.0
45097,mimiciii.INPUTEVENTS_CV,HD  liters taken off,,,,,,3,1,0,0,,,,,0.0,0.0,categorical,0.0001,0.9999,3.0
45935,mimiciii.INPUTEVENTS_CV,farr 9 intake,,Free Form Intake,,,,3,2,0,0,,,,,0.0,0.0,categorical,0.0001,0.9999,1.5
46509,mimiciii.INPUTEVENTS_CV,Tap Water Enema,,Free Form Intake,,,,3,1,0,0,,,,,0.0,0.0,categorical,0.0001,0.9999,3.0
45934,mimiciii.INPUTEVENTS_CV,F2,,Free Form Intake,,,,3,1,0,0,,,,,0.0,0.0,categorical,0.0001,0.9999,3.0
42527,mimiciii.INPUTEVENTS_CV,INR BLOOD PRODUCTS,,Free Form Intake,,,,3,1,0,0,,,,,0.0,0.0,categorical,0.0001,0.9999,3.0
40531,mimiciii.INPUTEVENTS_CV,kcl 20 meq ivpb,,Free Form Intake,,,,3,1,0,0,,,,,0.0,0.0,categorical,0.0001,0.9999,3.0
42326,mimiciii.INPUTEVENTS_CV,Kphos 15mmol. 250cc,,Free Form Intake,,,,3,1,0,0,,,,,0.0,0.0,categorical,0.0001,0.9999,3.0
42913,mimiciii.INPUTEVENTS_CV,angio,,Free Form Intake,,,,3,2,0,0,,,,,0.0,0.0,categorical,0.0001,0.9999,1.5
43869,mimiciii.INPUTEVENTS_CV,Peritoneal fluid,,,,,,3,1,0,0,,,,,0.0,0.0,categorical,0.0001,0.9999,3.0
43033,mimiciii.INPUTEVENTS_CV,CALSTAT,,Free Form Intake,,,,3,1,0,0,,,,,0.0,0.0,categorical,0.0001,0.9999,3.0
42621,mimiciii.INPUTEVENTS_CV,L GROIN HEMOVAC,,,,,,3,1,0,0,,,,,0.0,0.0,categorical,0.0001,0.9999,3.0
41392,mimiciii.INPUTEVENTS_CV,ns b,,Free Form Intake,,,,3,1,0,0,,,,,0.0,0.0,categorical,0.0001,0.9999,3.0
43739,mimiciii.INPUTEVENTS_CV,OR INPUT CRYSTALLOID,,Free Form Intake,,,,3,1,0,0,,,,,0.0,0.0,categorical,0.0001,0.9999,3.0
44426,mimiciii.INPUTEVENTS_CV,bolus ns,,Free Form Intake,,,,3,1,0,0,,,,,0.0,0.0,categorical,0.0001,0.9999,3.0
44491,mimiciii.INPUTEVENTS_CV,.9NS bolus,,Free Form Intake,,,,3,1,0,0,,,,,0.0,0.0,categorical,0.0001,0.9999,3.0
42995,mimiciii.INPUTEVENTS_CV,F6 IV MEDS,,Free Form Intake,,,,3,1,0,0,,,,,0.0,0.0,categorical,0.0001,0.9999,3.0
42996,mimiciii.INPUTEVENTS_CV,F6 PO INTAKE,,Free Form Intake,,,,3,1,0,0,,,,,0.0,0.0,categorical,0.0001,0.9999,3.0
41526,mimiciii.INPUTEVENTS_CV,1/2 ns bolus,,Free Form Intake,,,,3,1,0,0,,,,,0.0,0.0,categorical,0.0001,0.9999,3.0
44471,mimiciii.INPUTEVENTS_CV,barocat,,Free Form Intake,,,,3,1,0,0,,,,,0.0,0.0,categorical,0.0001,0.9999,3.0
44345,mimiciii.INPUTEVENTS_CV,methodone,,Free Form Intake,,,,3,1,0,0,,,,,0.0,0.0,categorical,0.0001,0.9999,3.0
42175,mimiciii.INPUTEVENTS_CV,CONTRAST VIA OG,,Free Form Intake,,,,3,1,0,0,,,,,0.0,0.0,categorical,0.0001,0.9999,3.0
42495,mimiciii.INPUTEVENTS_CV,nepro with promod,,Free Form Intake,,,,3,1,0,0,,,,,0.0,0.0,categorical,0.0001,0.9999,3.0
42474,mimiciii.INPUTEVENTS_CV,blake,,,,,,3,1,0,0,,,,,0.0,0.0,categorical,0.0001,0.9999,3.0
42301,mimiciii.INPUTEVENTS_CV,NG RESIDUAL,,,,,,3,1,0,0,,,,,0.0,0.0,categorical,0.0001,0.9999,3.0
42785,mimiciii.INPUTEVENTS_CV,OR CRYO,,Free Form Intake,,,,3,1,0,0,,,,,0.0,0.0,categorical,0.0001,0.9999,3.0
45646,mimiciii.INPUTEVENTS_CV,Angio Intake,,Free Form Intake,,,,3,2,0,0,,,,,0.0,0.0,categorical,0.0001,0.9999,1.5
43923,mimiciii.INPUTEVENTS_CV,Oral Contrast,,Free Form Intake,,,,3,1,0,0,,,,,0.0,0.0,categorical,0.0001,0.9999,3.0
42369,mimiciii.INPUTEVENTS_CV,CONTRAST IN ANGIO,,Free Form Intake,,,,3,1,0,0,,,,,0.0,0.0,categorical,0.0001,0.9999,3.0
42370,mimiciii.INPUTEVENTS_CV,CRYSTALLOID IN ANGIO,,Free Form Intake,,,,3,1,0,0,,,,,0.0,0.0,categorical,0.0001,0.9999,3.0
42931,mimiciii.INPUTEVENTS_CV,HD in,,Free Form Intake,,,,3,1,0,0,,,,,0.0,0.0,categorical,0.0001,0.9999,3.0
42640,mimiciii.INPUTEVENTS_CV,from flow sheet,,Free Form Intake,,,,3,1,0,0,,,,,0.0,0.0,categorical,0.0001,0.9999,3.0
41789,mimiciii.INPUTEVENTS_CV,thoracen fluid,,,,,,3,1,0,0,,,,,0.0,0.0,categorical,0.0001,0.9999,3.0
44212,mimiciii.INPUTEVENTS_CV,Ascites,,,,,,3,2,0,0,,,,,0.0,0.0,categorical,0.0001,0.9999,1.5
45003,mimiciii.INPUTEVENTS_CV,Left arm,,,,,,3,1,0,0,,,,,0.0,0.0,categorical,0.0001,0.9999,3.0
42329,mimiciii.INPUTEVENTS_CV,er u/o,,,,,,3,2,0,0,,,,,0.0,0.0,categorical,0.0001,0.9999,1.5
45223,mimiciii.INPUTEVENTS_CV,bowel prep,,Free Form Intake,,,,3,1,0,0,,,,,0.0,0.0,categorical,0.0001,0.9999,3.0
44878,mimiciii.INPUTEVENTS_CV,Pheresis Intake,,Free Form Intake,,,,3,1,0,0,,,,,0.0,0.0,categorical,0.0001,0.9999,3.0
44442,mimiciii.INPUTEVENTS_CV,PLASMALYTE,,Free Form Intake,,,,3,1,0,0,,,,,0.0,0.0,categorical,0.0001,0.9999,3.0
43773,mimiciii.INPUTEVENTS_CV,barium prep,,Free Form Intake,,,,3,1,0,0,,,,,0.0,0.0,categorical,0.0001,0.9999,3.0
41695,mimiciii.INPUTEVENTS_CV,NS fluid boluses,,Free Form Intake,,,,3,1,0,0,,,,,0.0,0.0,categorical,0.0001,0.9999,3.0
42232,mimiciii.INPUTEVENTS_CV,THYMOGLOBLIN,,Free Form Intake,,,,3,1,0,0,,,,,0.0,0.0,categorical,0.0001,0.9999,3.0
44667,mimiciii.INPUTEVENTS_CV,floor iv intake,,Free Form Intake,,,,3,1,0,0,,,,,0.0,0.0,categorical,0.0001,0.9999,3.0
44521,mimiciii.INPUTEVENTS_CV,LR bolus,,Free Form Intake,,,,3,1,0,0,,,,,0.0,0.0,categorical,0.0001,0.9999,3.0
44488,mimiciii.INPUTEVENTS_CV,Readi-Cat 2,,Free Form Intake,,,,3,1,0,0,,,,,0.0,0.0,categorical,0.0001,0.9999,3.0
44605,mimiciii.INPUTEVENTS_CV,mushroom cath,,,,,,3,1,0,0,,,,,0.0,0.0,categorical,0.0001,0.9999,3.0
43733,mimiciii.INPUTEVENTS_CV,D5W & 40Gm CaGluc,,Free Form Intake,,,,3,1,0,0,,,,,0.0,0.0,categorical,0.0001,0.9999,3.0
41520,mimiciii.INPUTEVENTS_CV,paracentsis,,,,,,3,1,0,0,,,,,0.0,0.0,categorical,0.0001,0.9999,3.0
42453,mimiciii.INPUTEVENTS_CV,Fluid Bolus,,Free Form Intake,,,,3,1,0,0,,,,,0.0,0.0,categorical,0.0001,0.9999,3.0
51119,mimiciii.LABEVENTS,Metamyelocytes,,Hematology,,,Ascites,2,2,2,2,%,1.0,1.5,2.0,1.0,1.0,numeric,0.0001,0.9999,1.0
51401,mimiciii.LABEVENTS,CD22,,Hematology,,42875-5,Other Body Fluid,2,2,0,0,,,,,0.0,0.0,categorical,0.0001,0.9999,1.0
51293,mimiciii.LABEVENTS,Sugar Water Test,,Hematology,,12260-6,Blood,2,2,0,0,,,,,0.0,0.0,categorical,0.0001,0.9999,1.0
51171,mimiciii.LABEVENTS,CD22,,Hematology,,14017-8,Blood,2,2,0,0,,,,,0.0,0.0,categorical,0.0001,0.9999,1.0
51201,mimiciii.LABEVENTS,Epinepherine,,Hematology,,,Blood,2,2,0,0,,,,,0.0,0.0,categorical,0.0001,0.9999,1.0
51135,mimiciii.LABEVENTS,ADP,,Hematology,,,Blood,2,2,0,0,,,,,0.0,0.0,categorical,0.0001,0.9999,1.0
51023,mimiciii.LABEVENTS,"LD, Joint Fluid",,Chemistry,,2533-8,Joint Fluid,2,2,2,2,IU/L,521.0,1623.5,2726.0,1.0,1.0,numeric,0.0001,0.9999,1.0
51282,mimiciii.LABEVENTS,"Reticulocyte Count, Absolute",,Hematology,,14196-0,Blood,2,2,2,2,/mm3,52.7,84.45,116.2,1.0,1.0,numeric,0.0001,0.9999,1.0
51286,mimiciii.LABEVENTS,Ristocetin,,Hematology,,,Blood,2,2,0,0,,,,,0.0,0.0,categorical,0.0001,0.9999,1.0
51308,mimiciii.LABEVENTS,CD138,,Hematology,,,Bone Marrow,2,2,0,0,,,,,0.0,0.0,categorical,0.0001,0.9999,1.0
51195,mimiciii.LABEVENTS,Collagen,,Hematology,,,Blood,2,2,0,0,,,,,0.0,0.0,categorical,0.0001,0.9999,1.0
51449,mimiciii.LABEVENTS,Metamyelocytes,,Hematology,,,Pleural,2,2,2,2,%,1.0,2.5,4.0,1.0,1.0,numeric,0.0001,0.9999,1.0
50833,mimiciii.LABEVENTS,Potassium,,Blood Gas,,2821-7,Other Body Fluid,2,2,2,1,mEq/L,4.4,50.7,97.0,0.5,1.0,numeric,0.0001,0.9999,1.0
51050,mimiciii.LABEVENTS,"Chloride, Pleural",,Chemistry,,53627-6,Pleural,2,2,2,2,mEq/L,110.0,112.5,115.0,1.0,1.0,numeric,0.0001,0.9999,1.0
51456,mimiciii.LABEVENTS,Promyelocytes,,Hematology,,,Pleural,2,2,2,2,%,1.0,1.0,1.0,1.0,1.0,numeric,0.0001,0.9999,1.0
50959,mimiciii.LABEVENTS,Macro Prolactin,,Chemistry,,,Blood,2,2,0,0,,,,,0.0,0.0,categorical,0.0001,0.9999,1.0
51189,mimiciii.LABEVENTS,CD57,,Hematology,,,Blood,2,2,0,0,,,,,0.0,0.0,categorical,0.0001,0.9999,1.0
51304,mimiciii.LABEVENTS,CD103,,Hematology,,51221-0,Bone Marrow,2,2,0,0,,,,,0.0,0.0,categorical,0.0001,0.9999,1.0
51037,mimiciii.LABEVENTS,"Magnesium, Body Fluid",,Chemistry,,29365-4,Other Body Fluid,2,2,2,2,mg/dL,1.3,1.95,2.6,1.0,1.0,numeric,0.0001,0.9999,1.0
51142,mimiciii.LABEVENTS,Arachadonic Acid,,Hematology,,,Blood,2,2,0,0,,,,,0.0,0.0,categorical,0.0001,0.9999,1.0
1415,mimiciii.CHARTEVENTS,robinul,,,,,,2,1,0,0,,,,,0.0,0.0,categorical,0.0001,0.9999,2.0
1103,mimiciii.CHARTEVENTS,cvp,,,,,,2,2,2,0,,13.0,16.0,19.0,0.0,1.0,numeric,0.0001,0.9999,1.0
6285,mimiciii.CHARTEVENTS,right nephrost irrig,,,,,,2,1,0,0,,,,,0.0,0.0,categorical,0.0001,0.9999,2.0
6470,mimiciii.CHARTEVENTS,CA GLUCONATE,,,,,,2,1,2,0,,1.4,1.4,1.4,0.0,1.0,numeric,0.0001,0.9999,2.0
6216,mimiciii.CHARTEVENTS,hi flow O2,,,,,,2,1,2,0,,0.6,40.3,80.0,0.0,1.0,numeric,0.0001,0.9999,2.0
2338,mimiciii.CHARTEVENTS,finger stick glucose,,,,,,2,2,2,0,,146.0,161.0,176.0,0.0,1.0,numeric,0.0001,0.9999,1.0
1314,mimiciii.CHARTEVENTS,r leg drsg change,,,,,,2,1,0,0,,,,,0.0,0.0,categorical,0.0001,0.9999,2.0
5978,mimiciii.CHARTEVENTS,qtc,,,,,,2,1,2,0,,0.41,0.41,0.41,0.0,1.0,numeric,0.0001,0.9999,2.0
1448,mimiciii.CHARTEVENTS,Vd/Vt:,,,,,,2,1,1,0,,0.89,0.89,0.89,0.0,0.5,mixed,0.0001,0.9999,2.0
7300,mimiciii.CHARTEVENTS,hairwashed,,,,,,2,2,0,0,,,,,0.0,0.0,categorical,0.0001,0.9999,1.0
225192,mimiciii.CHARTEVENTS,Collar Care,Collar Care,Treatments,,Checkbox,,2,2,2,0,,1.0,1.0,1.0,0.0,1.0,numeric,0.0001,0.9999,1.0
227670,mimiciii.CHARTEVENTS,Violent Restraints,Violent Restraints,Restraint/Support Systems,,Text,,2,1,0,0,,,,,0.0,0.0,categorical,0.0001,0.9999,2.0
227679,mimiciii.CHARTEVENTS,Restraint Device (Violent),Restraint Device (Violent),Restraint/Support Systems,,Text,,2,1,0,0,,,,,0.0,0.0,categorical,0.0001,0.9999,2.0
227586,mimiciii.CHARTEVENTS,GI pH,GI pH,GI/GU,None,Numeric,,2,2,2,0,,2.0,4.0,6.0,0.0,1.0,numeric,0.0001,0.9999,1.0
1838,mimiciii.CHARTEVENTS,Lithium level,,,,,,2,1,2,0,,1.5,2.0,2.5,0.0,1.0,numeric,0.0001,0.9999,2.0
6895,mimiciii.CHARTEVENTS,hepatic drain,,,,,,2,1,0,0,,,,,0.0,0.0,categorical,0.0001,0.9999,2.0
7608,mimiciii.CHARTEVENTS,Transpul. End Exhal.,,,,,,2,1,2,0,,-11.0,-7.5,0.0,0.0,1.0,numeric,0.0001,0.9999,2.0
5659,mimiciii.CHARTEVENTS,D5W & 40Gm CaGluc,,,,,,2,1,0,0,,,,,0.0,0.0,categorical,0.0001,0.9999,2.0
1606,mimiciii.CHARTEVENTS,spinal precautions,,,,,,2,1,0,0,,,,,0.0,0.0,categorical,0.0001,0.9999,2.0
1387,mimiciii.CHARTEVENTS,Multipodus Splints,,,,,,2,1,0,0,,,,,0.0,0.0,categorical,0.0001,0.9999,2.0
6039,mimiciii.CHARTEVENTS,Bath.,,,,,,2,1,0,0,,,,,0.0,0.0,categorical,0.0001,0.9999,2.0
5696,mimiciii.CHARTEVENTS,p Hi,,,,,,2,1,2,0,,0.5,20.25,40.0,0.0,1.0,numeric,0.0001,0.9999,2.0
1555,mimiciii.CHARTEVENTS,Apnea Interval,,,,,,2,2,2,0,,20.0,20.0,20.0,0.0,1.0,numeric,0.0001,0.9999,1.0
2497,mimiciii.CHARTEVENTS,cisatricurium/mc/k/m,,,,,,2,1,2,0,,0.08,0.08,0.08,0.0,1.0,numeric,0.0001,0.9999,2.0
225101,mimiciii.CHARTEVENTS,Use of assistive devices,Use of assistive devices,Adm History/FHPA,,Text,,2,1,0,0,,,,,0.0,0.0,categorical,0.0001,0.9999,2.0
226713,mimiciii.CHARTEVENTS,Incontinent (estimate),Incontinent (estimate),Output,,Text,,2,1,0,0,,,,,0.0,0.0,categorical,0.0001,0.9999,2.0
225233,mimiciii.CHARTEVENTS,18 Gauge Reason Discontinued,18 Gauge Reason Discontinued,Access Lines - Peripheral,,Text,,2,2,0,0,,,,,0.0,0.0,categorical,0.0001,0.9999,1.0
227539,mimiciii.CHARTEVENTS,ART Blood Pressure Alarm Source,ART BP Alarm Source,Alarms,,Text,,2,2,0,0,,,,,0.0,0.0,categorical,0.0001,0.9999,1.0
1887,mimiciii.CHARTEVENTS,Neo 120mg/250ml,,,,,,2,1,2,0,,3.5,3.5,3.5,0.0,1.0,numeric,0.0001,0.9999,2.0
6306,mimiciii.CHARTEVENTS,Sclera,,,,,,2,1,0,0,,,,,0.0,0.0,categorical,0.0001,0.9999,2.0
7364,mimiciii.CHARTEVENTS,I/S,,,,,,2,1,2,0,,100.0,175.0,250.0,0.0,1.0,numeric,0.0001,0.9999,2.0
5722,mimiciii.CHARTEVENTS,AV fistula T/B,,,,,,2,1,0,0,,,,,0.0,0.0,categorical,0.0001,0.9999,2.0
5964,mimiciii.CHARTEVENTS,Autopeep,,,,,,2,1,2,0,,3.0,3.0,3.0,0.0,1.0,numeric,0.0001,0.9999,2.0
2767,mimiciii.CHARTEVENTS,Mixed Venous SaO2,,,,,,2,1,1,0,,77.0,77.0,77.0,0.0,0.5,mixed,0.0001,0.9999,2.0
224121,mimiciii.CHARTEVENTS,22 Gauge Reason Discontinued,22 Gauge Reason Discontinued,Access Lines - Peripheral,,Text,,2,2,0,0,,,,,0.0,0.0,categorical,0.0001,0.9999,1.0
6028,mimiciii.CHARTEVENTS,abdominal girth,,,,,,2,1,0,0,,,,,0.0,0.0,categorical,0.0001,0.9999,2.0
1364,mimiciii.CHARTEVENTS,ALCOHOL BATH,,,,,,2,2,0,0,,,,,0.0,0.0,categorical,0.0001,0.9999,1.0
1034,mimiciii.CHARTEVENTS,RA SAT,,,,,,2,1,2,0,,75.0,77.0,79.0,0.0,1.0,numeric,0.0001,0.9999,2.0
1035,mimiciii.CHARTEVENTS,WEDGE SAT,,,,,,2,1,2,0,,74.0,81.5,89.0,0.0,1.0,numeric,0.0001,0.9999,2.0
6725,mimiciii.CHARTEVENTS,SSI HumR #u,,,,,,2,1,2,0,,10.0,10.0,10.0,0.0,1.0,numeric,0.0001,0.9999,2.0
223801,mimiciii.CHARTEVENTS,NMB Medication,NMB Medication,Pain/Sedation,,Text,,2,1,0,0,,,,,0.0,0.0,categorical,0.0001,0.9999,2.0
1946,mimiciii.CHARTEVENTS,fsbs,,,,,,2,1,2,0,,124.0,128.5,133.0,0.0,1.0,numeric,0.0001,0.9999,2.0
5852,mimiciii.CHARTEVENTS,Multi-Podus,,,,,,2,1,0,0,,,,,0.0,0.0,categorical,0.0001,0.9999,2.0
2064,mimiciii.CHARTEVENTS,in-exsufflator,,,,,,2,1,0,0,,,,,0.0,0.0,categorical,0.0001,0.9999,2.0
6889,mimiciii.CHARTEVENTS,PEEP Sigh level,,,,,,2,1,2,0,,18.0,18.0,18.0,0.0,1.0,numeric,0.0001,0.9999,2.0
2319,mimiciii.CHARTEVENTS,low exhaled min. vol,,,,,,2,1,2,0,,4.0,4.0,4.0,0.0,1.0,numeric,0.0001,0.9999,2.0
2684,mimiciii.CHARTEVENTS,Cisat mcg/kg/hr,,,,,,2,1,0,0,,,,,0.0,0.0,categorical,0.0001,0.9999,2.0
2225,mimiciii.CHARTEVENTS,URINE NA,,,,,,2,1,1,0,,124.0,124.0,124.0,0.0,0.5,mixed,0.0001,0.9999,2.0
225142,mimiciii.CHARTEVENTS,Money given to hospital cashier,Hospital cashier,Adm History/FHPA,,Checkbox,,2,1,2,0,,1.0,1.0,1.0,0.0,1.0,numeric,0.0001,0.9999,2.0
1680,mimiciii.CHARTEVENTS,flush catheter,,,,,,2,1,0,0,,,,,0.0,0.0,categorical,0.0001,0.9999,2.0
2030,mimiciii.CHARTEVENTS,automatic tube comp,,,,,,2,1,0,0,,,,,0.0,0.0,categorical,0.0001,0.9999,2.0
227687,mimiciii.CHARTEVENTS,Tobacco Use History,Tobacco Use History,Adm History/FHPA,,Text,,2,1,0,0,,,,,0.0,0.0,categorical,0.0001,0.9999,2.0
227589,mimiciii.CHARTEVENTS,GI #2 Tube Place Method,GI #2 Tube Place Method,GI/GU,,Text,,2,2,0,0,,,,,0.0,0.0,categorical,0.0001,0.9999,1.0
224662,mimiciii.CHARTEVENTS,Current Used/mA,Current Used/mA,Pain/Sedation,mA,Numeric,,2,1,2,2,mA,10.0,15.0,20.0,1.0,1.0,numeric,0.0001,0.9999,2.0
1069,mimiciii.CHARTEVENTS,seizure activity,,,,,,2,1,0,0,,,,,0.0,0.0,categorical,0.0001,0.9999,2.0
5793,mimiciii.CHARTEVENTS,DTR,,,,,,2,1,0,0,,,,,0.0,0.0,categorical,0.0001,0.9999,2.0
2027,mimiciii.CHARTEVENTS,Low pressure,,,,,,2,1,2,0,,10.0,10.0,10.0,0.0,1.0,numeric,0.0001,0.9999,2.0
7440,mimiciii.CHARTEVENTS,walking o2 sat,,,,,,2,1,2,0,,95.0,95.0,95.0,0.0,1.0,numeric,0.0001,0.9999,2.0
3194,mimiciii.CHARTEVENTS,lab svo2,,,,,,2,1,2,0,,62.0,64.0,66.0,0.0,1.0,numeric,0.0001,0.9999,2.0
6183,mimiciii.CHARTEVENTS,aorta axillary graft,,,,,,2,1,0,0,,,,,0.0,0.0,categorical,0.0001,0.9999,2.0
227487,mimiciii.CHARTEVENTS,GU Irrigant Type,GU Irrigant Type,Output,,Text,,2,2,0,0,,,,,0.0,0.0,categorical,0.0001,0.9999,1.0
2972,mimiciii.CHARTEVENTS,LOW MIN VOL,,,,,,2,1,2,0,,5.0,5.0,5.0,0.0,1.0,numeric,0.0001,0.9999,2.0
224414,mimiciii.CHARTEVENTS,TOF Twitch,TOF Twitch,Pain/Sedation,,Text,,2,1,0,0,,,,,0.0,0.0,categorical,0.0001,0.9999,2.0
1225,mimiciii.CHARTEVENTS,check bruit l arm,,,,,,2,1,0,0,,,,,0.0,0.0,categorical,0.0001,0.9999,2.0
7158,mimiciii.CHARTEVENTS,AMIODARONE CC/HR,,,,,,2,1,2,0,,25.0,25.0,25.0,0.0,1.0,numeric,0.0001,0.9999,2.0
1360,mimiciii.CHARTEVENTS,face mask 02%,,,,,,2,1,2,0,,95.0,97.5,100.0,0.0,1.0,numeric,0.0001,0.9999,2.0
227677,mimiciii.CHARTEVENTS,Reason for Restraint/Seclusion (Violent),Reason for Restraint/Seclusion (Violent),Restraint/Support Systems,,Text,,2,1,0,0,,,,,0.0,0.0,categorical,0.0001,0.9999,2.0
223949,mimiciii.CHARTEVENTS,Ulnar Pulse L,Ulnar Pulse L,Cardiovascular (Pulses),,Text,,2,1,0,0,,,,,0.0,0.0,categorical,0.0001,0.9999,2.0
7607,mimiciii.CHARTEVENTS,Tranpul. Insp Hold,,,,,,2,1,2,0,,0.0,16.0,32.0,0.0,1.0,numeric,0.0001,0.9999,2.0
1096,mimiciii.CHARTEVENTS,Auto-PEEP level,,,,,,2,1,2,0,,0.0,0.0,0.0,0.0,1.0,numeric,0.0001,0.9999,2.0
6817,mimiciii.CHARTEVENTS,mixed venous,,,,,,2,1,2,0,,69.0,72.5,76.0,0.0,1.0,numeric,0.0001,0.9999,2.0
6275,mimiciii.CHARTEVENTS,GI tube #3,,,,,,2,1,0,0,,,,,0.0,0.0,categorical,0.0001,0.9999,2.0
1732,mimiciii.CHARTEVENTS,Hair washed,,,,,,2,2,0,0,,,,,0.0,0.0,categorical,0.0001,0.9999,1.0
1455,mimiciii.CHARTEVENTS,fingerstick glucose,,,,,,2,1,2,0,,94.0,112.0,130.0,0.0,1.0,numeric,0.0001,0.9999,2.0
225082,mimiciii.CHARTEVENTS,Pregnant,Pregnant,Adm History/FHPA,,Checkbox,,2,1,2,0,,0.0,0.0,0.0,0.0,1.0,numeric,0.0001,0.9999,2.0
224661,mimiciii.CHARTEVENTS,Baseline Current/mA,Baseline Current/mA,Pain/Sedation,mA,Numeric,,2,1,2,2,mA,0.0,0.0,0.0,1.0,1.0,numeric,0.0001,0.9999,2.0
2131,mimiciii.CHARTEVENTS,Nitric oxide,,,,,,2,1,1,0,,40.0,40.0,40.0,0.0,0.5,mixed,0.0001,0.9999,2.0
7063,mimiciii.CHARTEVENTS,VENOUS SAT,,,,,,2,2,2,0,,68.0,68.5,69.0,0.0,1.0,numeric,0.0001,0.9999,1.0
819,mimiciii.CHARTEVENTS,Lidocaine,,Drug Level,,,,2,2,1,1,mcg,5.6,5.6,5.6,0.5,0.5,mixed,0.0001,0.9999,1.0
1332,mimiciii.CHARTEVENTS,pulse,,,,,,2,1,2,0,,80.0,83.0,86.0,0.0,1.0,numeric,0.0001,0.9999,2.0
5898,mimiciii.CHARTEVENTS,urine na,,,,,,2,2,2,0,,19.0,71.0,123.0,0.0,1.0,numeric,0.0001,0.9999,1.0
7777,mimiciii.CHARTEVENTS,Ptp Exp.,,,,,,2,1,2,0,,2.5,3.6,4.7,0.0,1.0,numeric,0.0001,0.9999,2.0
7088,mimiciii.CHARTEVENTS,Right Fem site,,,,,,2,1,0,0,,,,,0.0,0.0,categorical,0.0001,0.9999,2.0
3097,mimiciii.CHARTEVENTS,lf flap pulse,,,,,,2,1,0,0,,,,,0.0,0.0,categorical,0.0001,0.9999,2.0
227133,mimiciii.CHARTEVENTS,Small Volume Neb Drug #2,SV Neb Drug #2,Respiratory,,Text,,2,1,0,0,,,,,0.0,0.0,categorical,0.0001,0.9999,2.0
2647,mimiciii.CHARTEVENTS,art mean,,,,,,2,1,2,0,,60.0,66.0,72.0,0.0,1.0,numeric,0.0001,0.9999,2.0
8177,mimiciii.CHARTEVENTS,Ionized calcium,,,,,,2,1,1,0,,1.04,1.04,1.04,0.0,0.5,mixed,0.0001,0.9999,2.0
2368,mimiciii.CHARTEVENTS,fem abp,,,,,,2,1,0,0,,,,,0.0,0.0,categorical,0.0001,0.9999,2.0
223802,mimiciii.CHARTEVENTS,Nerve Stimulated,Nerve Stimulated,Pain/Sedation,,Text,,2,1,0,0,,,,,0.0,0.0,categorical,0.0001,0.9999,2.0
6294,mimiciii.CHARTEVENTS,FETAL HR BY L&D RN,,,,,,2,1,0,0,,,,,0.0,0.0,categorical,0.0001,0.9999,2.0
7638,mimiciii.CHARTEVENTS,Driving Pressure:,,,,,,2,1,2,0,,21.0,21.0,21.0,0.0,1.0,numeric,0.0001,0.9999,2.0
587,mimiciii.CHARTEVENTS,Qs/Qt,,,,,,2,2,2,2,%,16.4693,20.6883,24.9074,1.0,1.0,numeric,0.0001,0.9999,1.0
5704,mimiciii.CHARTEVENTS,g-tube flush,,,,,,2,1,0,0,,,,,0.0,0.0,categorical,0.0001,0.9999,2.0
1543,mimiciii.CHARTEVENTS,chest tube drsg.,,,,,,2,1,0,0,,,,,0.0,0.0,categorical,0.0001,0.9999,2.0
2934,mimiciii.CHARTEVENTS,high minute ven    n,,,,,,2,1,2,0,,20.0,20.0,20.0,0.0,1.0,numeric,0.0001,0.9999,2.0
8364,mimiciii.CHARTEVENTS,ABP [Diastolic],,,,,,2,2,2,2,mmHg,47.0,59.0,71.0,1.0,1.0,numeric,0.0001,0.9999,1.0
225747,mimiciii.CHARTEVENTS,PICC Line Discontinued,PICC Line Discontinued,Access Lines - Invasive,,Text,,2,1,0,0,,,,,0.0,0.0,categorical,0.0001,0.9999,2.0
225732,mimiciii.CHARTEVENTS,PICC Line Tip Cultured,PICC Line Tip Cultured,Access Lines - Invasive,,Checkbox,,2,1,2,0,,0.0,0.0,0.0,0.0,1.0,numeric,0.0001,0.9999,2.0
223939,mimiciii.CHARTEVENTS,Brachial Pulse R,Brachial Pulse R,Cardiovascular (Pulses),,Text,,2,1,0,0,,,,,0.0,0.0,categorical,0.0001,0.9999,2.0
223944,mimiciii.CHARTEVENTS,Brachial Pulse L,Brachial Pulse L,Cardiovascular (Pulses),,Text,,2,1,0,0,,,,,0.0,0.0,categorical,0.0001,0.9999,2.0
6011,mimiciii.CHARTEVENTS,P Hi,,,,,,2,1,2,0,,25.0,25.0,25.0,0.0,1.0,numeric,0.0001,0.9999,2.0
2989,mimiciii.CHARTEVENTS,APOTININ CC/HR,,,,,,2,1,2,0,,25.0,25.0,25.0,0.0,1.0,numeric,0.0001,0.9999,2.0
6319,mimiciii.CHARTEVENTS,bronched,,,,,,2,1,1,0,,2000.0,2000.0,2000.0,0.0,0.5,mixed,0.0001,0.9999,2.0
3107,mimiciii.CHARTEVENTS,INS time,,,,,,2,1,2,0,,0.9,0.9,0.9,0.0,1.0,numeric,0.0001,0.9999,2.0
3111,mimiciii.CHARTEVENTS,cpap level,,,,,,2,2,1,0,,10.0,10.0,10.0,0.0,0.5,mixed,0.0001,0.9999,1.0
5967,mimiciii.CHARTEVENTS,PROM,,,,,,2,1,0,0,,,,,0.0,0.0,categorical,0.0001,0.9999,2.0
1494,mimiciii.CHARTEVENTS,r nare-saline irrign,,,,,,2,1,0,0,,,,,0.0,0.0,categorical,0.0001,0.9999,2.0
1948,mimiciii.CHARTEVENTS,Trache Care,,,,,,2,1,0,0,,,,,0.0,0.0,categorical,0.0001,0.9999,2.0
7765,mimiciii.CHARTEVENTS,bladder scanner,,,,,,2,1,2,0,,376.0,413.0,450.0,0.0,1.0,numeric,0.0001,0.9999,2.0
6423,mimiciii.CHARTEVENTS,Octreotide mcg/hr,,,,,,2,1,2,0,,50.0,50.0,50.0,0.0,1.0,numeric,0.0001,0.9999,2.0
225813,mimiciii.CHARTEVENTS,Baseline pain level,Baseline pain level,Adm History/FHPA,,Text,,2,1,2,0,,0.0,0.0,0.0,0.0,1.0,numeric,0.0001,0.9999,2.0
7124,mimiciii.CHARTEVENTS,Low pressure Alarm,,,,,,2,1,2,0,,10.0,12.5,15.0,0.0,1.0,numeric,0.0001,0.9999,2.0
7435,mimiciii.CHARTEVENTS,Cyclosporine   mg/hr,,,,,,2,1,2,0,,7.0,7.0,7.0,0.0,1.0,numeric,0.0001,0.9999,2.0
1228,mimiciii.CHARTEVENTS,aerosol mask,,,,,,2,2,1,0,,0.5,0.5,0.5,0.0,0.5,mixed,0.0001,0.9999,1.0
2434,mimiciii.CHARTEVENTS,CAGLUCONATE2GMS/L.,,,,,,2,1,0,0,,,,,0.0,0.0,categorical,0.0001,0.9999,2.0
7720,mimiciii.CHARTEVENTS,FBS,,,,,,2,1,2,0,,179.0,199.0,219.0,0.0,1.0,numeric,0.0001,0.9999,2.0
3105,mimiciii.CHARTEVENTS,HIGH MIN.VOL.,,,,,,2,1,2,0,,14.0,14.5,15.0,0.0,1.0,numeric,0.0001,0.9999,2.0
1317,mimiciii.CHARTEVENTS,DEMEROL,,,,,,2,1,2,0,,0.0,12.5,25.0,0.0,1.0,numeric,0.0001,0.9999,2.0
7570,mimiciii.CHARTEVENTS,FIO2 SET,,,,,,2,1,2,0,,0.6,0.8,1.0,0.0,1.0,numeric,0.0001,0.9999,2.0
2421,mimiciii.CHARTEVENTS,QT interval,,,,,,2,1,2,0,,0.4,0.41,0.42,0.0,1.0,numeric,0.0001,0.9999,2.0
225850,mimiciii.INPUTEVENTS_MV,Cefazolin,Cefazolin,Antibiotics,dose,Solution,,2,2,0,0,,,,,0.0,0.0,categorical,0.0001,0.9999,1.0
225944,mimiciii.INPUTEVENTS_MV,Sterile Water,Sterile Water,Fluids/Intake,mL,Solution,,2,1,2,2,mL/hour,50.0,50.0,50.0,1.0,1.0,numeric,0.0001,0.9999,2.0
44702,mimiciii.INPUTEVENTS_CV,IVF IN ERCP,,Free Form Intake,,,,2,1,0,0,,,,,0.0,0.0,categorical,0.0001,0.9999,2.0
44818,mimiciii.INPUTEVENTS_CV,ouput angio,,,,,,2,1,0,0,,,,,0.0,0.0,categorical,0.0001,0.9999,2.0
46406,mimiciii.INPUTEVENTS_CV,ed crystalloids,,Free Form Intake,,,,2,1,0,0,,,,,0.0,0.0,categorical,0.0001,0.9999,2.0
45207,mimiciii.INPUTEVENTS_CV,dye first cath,,Free Form Intake,,,,2,1,0,0,,,,,0.0,0.0,categorical,0.0001,0.9999,2.0
44917,mimiciii.INPUTEVENTS_CV,Ascitic fluid OR,,,,,,2,1,0,0,,,,,0.0,0.0,categorical,0.0001,0.9999,2.0
46233,mimiciii.INPUTEVENTS_CV,i/o adjustment,,,,,,2,1,0,0,,,,,0.0,0.0,categorical,0.0001,0.9999,2.0
44517,mimiciii.INPUTEVENTS_CV,pheresis ivf,,Free Form Intake,,,,2,1,0,0,,,,,0.0,0.0,categorical,0.0001,0.9999,2.0
45912,mimiciii.INPUTEVENTS_CV,R side pleuracent,,,,,,2,1,0,0,,,,,0.0,0.0,categorical,0.0001,0.9999,2.0
44102,mimiciii.INPUTEVENTS_CV,Plasmalyte,,Free Form Intake,,,,2,1,0,0,,,,,0.0,0.0,categorical,0.0001,0.9999,2.0
45694,mimiciii.INPUTEVENTS_CV,CA GLUCONATE 40GM,,Free Form Intake,,,,2,1,0,0,,,,,0.0,0.0,categorical,0.0001,0.9999,2.0
44825,mimiciii.INPUTEVENTS_CV,crystalloid- ed,,Free Form Intake,,,,2,1,0,0,,,,,0.0,0.0,categorical,0.0001,0.9999,2.0
44918,mimiciii.INPUTEVENTS_CV,Rituximab,,Free Form Intake,,,,2,1,0,0,,,,,0.0,0.0,categorical,0.0001,0.9999,2.0
46494,mimiciii.INPUTEVENTS_CV,IR cerbral Fluid,,,,,,2,1,0,0,,,,,0.0,0.0,categorical,0.0001,0.9999,2.0
44438,mimiciii.INPUTEVENTS_CV,l&d uo,,,,,,2,1,0,0,,,,,0.0,0.0,categorical,0.0001,0.9999,2.0
44850,mimiciii.INPUTEVENTS_CV,BARI-CAT,,Free Form Intake,,,,2,1,0,0,,,,,0.0,0.0,categorical,0.0001,0.9999,2.0
44479,mimiciii.INPUTEVENTS_CV,potassium phospate,,Free Form Intake,,,,2,1,0,0,,,,,0.0,0.0,categorical,0.0001,0.9999,2.0
44043,mimiciii.INPUTEVENTS_CV,Angio in,,Free Form Intake,,,,2,1,0,0,,,,,0.0,0.0,categorical,0.0001,0.9999,2.0
43972,mimiciii.INPUTEVENTS_CV,k phos 15 mmol,,Free Form Intake,,,,2,1,0,0,,,,,0.0,0.0,categorical,0.0001,0.9999,2.0
41358,mimiciii.INPUTEVENTS_CV,EBL(OR),,,,,,2,1,0,0,,,,,0.0,0.0,categorical,0.0001,0.9999,2.0
42295,mimiciii.INPUTEVENTS_CV,STURDY HOSP,,Free Form Intake,,,,2,1,0,0,,,,,0.0,0.0,categorical,0.0001,0.9999,2.0
42756,mimiciii.INPUTEVENTS_CV,anti-thomocyte glob.,,Free Form Intake,,,,2,1,0,0,,,,,0.0,0.0,categorical,0.0001,0.9999,2.0
46524,mimiciii.INPUTEVENTS_CV,ED CRYSTALLOID,,Free Form Intake,,,,2,1,0,0,,,,,0.0,0.0,categorical,0.0001,0.9999,2.0
41432,mimiciii.INPUTEVENTS_CV,ns pr              e,,,,,,2,1,0,0,,,,,0.0,0.0,categorical,0.0001,0.9999,2.0
42360,mimiciii.INPUTEVENTS_CV,CATH LAB IV INTAKE,,Free Form Intake,,,,2,1,0,0,,,,,0.0,0.0,categorical,0.0001,0.9999,2.0
44986,mimiciii.INPUTEVENTS_CV,PACU intake,,Free Form Intake,,,,2,1,0,0,,,,,0.0,0.0,categorical,0.0001,0.9999,2.0
44094,mimiciii.INPUTEVENTS_CV,Lactulose enema,,Free Form Intake,,,,2,1,0,0,,,,,0.0,0.0,categorical,0.0001,0.9999,2.0
42238,mimiciii.INPUTEVENTS_CV,CC7 CRYSTALLOIDS,,Free Form Intake,,,,2,1,0,0,,,,,0.0,0.0,categorical,0.0001,0.9999,2.0
41780,mimiciii.INPUTEVENTS_CV,Paracentisis,,,,,,2,1,0,0,,,,,0.0,0.0,categorical,0.0001,0.9999,2.0
42024,mimiciii.INPUTEVENTS_CV,angio fluids /anes,,Free Form Intake,,,,2,1,0,0,,,,,0.0,0.0,categorical,0.0001,0.9999,2.0
43036,mimiciii.INPUTEVENTS_CV,na phosp 15 mmol,,Free Form Intake,,,,2,1,0,0,,,,,0.0,0.0,categorical,0.0001,0.9999,2.0
44856,mimiciii.INPUTEVENTS_CV,plasmaphersis,,Free Form Intake,,,,2,1,0,0,,,,,0.0,0.0,categorical,0.0001,0.9999,2.0
40802,mimiciii.INPUTEVENTS_CV,IGG,,Free Form Intake,,,,2,1,0,0,,,,,0.0,0.0,categorical,0.0001,0.9999,2.0
45957,mimiciii.INPUTEVENTS_CV,vanco enema,,Free Form Intake,,,,2,1,0,0,,,,,0.0,0.0,categorical,0.0001,0.9999,2.0
41746,mimiciii.INPUTEVENTS_CV,input from midnight,,Free Form Intake,,,,2,1,0,0,,,,,0.0,0.0,categorical,0.0001,0.9999,2.0
30153,mimiciii.INPUTEVENTS_CV,Morphine,,Meds,,,,2,1,0,0,,,,,0.0,0.0,categorical,0.0001,0.9999,2.0
43798,mimiciii.INPUTEVENTS_CV,FARR 10 INTAKE,,Free Form Intake,,,,2,1,0,0,,,,,0.0,0.0,categorical,0.0001,0.9999,2.0
42587,mimiciii.INPUTEVENTS_CV,VICU IVF,,Free Form Intake,,,,2,1,0,0,,,,,0.0,0.0,categorical,0.0001,0.9999,2.0
44907,mimiciii.INPUTEVENTS_CV,Barocat,,Free Form Intake,,,,2,1,0,0,,,,,0.0,0.0,categorical,0.0001,0.9999,2.0
46617,mimiciii.INPUTEVENTS_CV,Plasmalyte A,,Free Form Intake,,,,2,1,0,0,,,,,0.0,0.0,categorical,0.0001,0.9999,2.0
46618,mimiciii.INPUTEVENTS_CV,Emema,,Free Form Intake,,,,2,1,0,0,,,,,0.0,0.0,categorical,0.0001,0.9999,2.0
42469,mimiciii.INPUTEVENTS_CV,GASTROGAVIN,,Free Form Intake,,,,2,1,0,0,,,,,0.0,0.0,categorical,0.0001,0.9999,2.0
41757,mimiciii.INPUTEVENTS_CV,FLOOR INTAKE,,Free Form Intake,,,,2,1,0,0,,,,,0.0,0.0,categorical,0.0001,0.9999,2.0
45378,mimiciii.INPUTEVENTS_CV,Angiography Intake,,Free Form Intake,,,,2,1,0,0,,,,,0.0,0.0,categorical,0.0001,0.9999,2.0
42492,mimiciii.INPUTEVENTS_CV,farr 7 u/o,,,,,,2,1,0,0,,,,,0.0,0.0,categorical,0.0001,0.9999,2.0
42375,mimiciii.INPUTEVENTS_CV,U/O IN ANGIO,,,,,,2,1,0,0,,,,,0.0,0.0,categorical,0.0001,0.9999,2.0
42038,mimiciii.INPUTEVENTS_CV,er crystalloid,,Free Form Intake,,,,2,1,0,0,,,,,0.0,0.0,categorical,0.0001,0.9999,2.0
42588,mimiciii.INPUTEVENTS_CV,VICU PRBC,,Free Form Intake,,,,2,1,0,0,,,,,0.0,0.0,categorical,0.0001,0.9999,2.0
43952,mimiciii.INPUTEVENTS_CV,OR Cyroprecipatate,,Free Form Intake,,,,2,1,0,0,,,,,0.0,0.0,categorical,0.0001,0.9999,2.0
42665,mimiciii.INPUTEVENTS_CV,GOLYTELY,,Free Form Intake,,,,2,1,0,0,,,,,0.0,0.0,categorical,0.0001,0.9999,2.0
42324,mimiciii.INPUTEVENTS_CV,er prbc,,Free Form Intake,,,,2,1,0,0,,,,,0.0,0.0,categorical,0.0001,0.9999,2.0
46061,mimiciii.INPUTEVENTS_CV,D5 0.45N/S+NAHCO3,,Free Form Intake,,,,2,1,0,0,,,,,0.0,0.0,categorical,0.0001,0.9999,2.0
42142,mimiciii.INPUTEVENTS_CV,FREE WATER/OR D5W,,Free Form Intake,,,,2,1,0,0,,,,,0.0,0.0,categorical,0.0001,0.9999,2.0
44011,mimiciii.INPUTEVENTS_CV,ENDOSCOPY,,,,,,2,1,0,0,,,,,0.0,0.0,categorical,0.0001,0.9999,2.0
42702,mimiciii.INPUTEVENTS_CV,ns with 40kcl,,Free Form Intake,,,,2,1,0,0,,,,,0.0,0.0,categorical,0.0001,0.9999,2.0
42194,mimiciii.INPUTEVENTS_CV,CC7 FLUIDS,,Free Form Intake,,,,2,1,0,0,,,,,0.0,0.0,categorical,0.0001,0.9999,2.0
42197,mimiciii.INPUTEVENTS_CV,CC7 HUO,,,,,,2,1,0,0,,,,,0.0,0.0,categorical,0.0001,0.9999,2.0
43107,mimiciii.INPUTEVENTS_CV,intake from floor,,Free Form Intake,,,,2,1,0,0,,,,,0.0,0.0,categorical,0.0001,0.9999,2.0
42608,mimiciii.INPUTEVENTS_CV,Cisat mcg/kg/hr,,Free Form Intake,,,,2,1,0,0,,,,,0.0,0.0,categorical,0.0001,0.9999,2.0
42993,mimiciii.INPUTEVENTS_CV,10 mea KCL/100cc NS,,Free Form Intake,,,,2,1,0,0,,,,,0.0,0.0,categorical,0.0001,0.9999,2.0
42820,mimiciii.INPUTEVENTS_CV,ed crystalloid,,Free Form Intake,,,,2,1,0,0,,,,,0.0,0.0,categorical,0.0001,0.9999,2.0
40691,mimiciii.INPUTEVENTS_CV,paracentisis,,,,,,2,1,0,0,,,,,0.0,0.0,categorical,0.0001,0.9999,2.0
42938,mimiciii.INPUTEVENTS_CV,IR INTAKE,,Free Form Intake,,,,2,1,0,0,,,,,0.0,0.0,categorical,0.0001,0.9999,2.0
45713,mimiciii.INPUTEVENTS_CV,OR Fluid,,Free Form Intake,,,,2,1,0,0,,,,,0.0,0.0,categorical,0.0001,0.9999,2.0
42108,mimiciii.INPUTEVENTS_CV,ANGIO CRYS,,Free Form Intake,,,,2,1,0,0,,,,,0.0,0.0,categorical,0.0001,0.9999,2.0
46122,mimiciii.INPUTEVENTS_CV,ER in FFP,,Free Form Intake,,,,2,1,0,0,,,,,0.0,0.0,categorical,0.0001,0.9999,2.0
45669,mimiciii.INPUTEVENTS_CV,ED FFP,,Free Form Intake,,,,2,1,0,0,,,,,0.0,0.0,categorical,0.0001,0.9999,2.0
46404,mimiciii.INPUTEVENTS_CV,crystalloid from f10,,Free Form Intake,,,,2,1,0,0,,,,,0.0,0.0,categorical,0.0001,0.9999,2.0
45232,mimiciii.INPUTEVENTS_CV,bladder pres. saline,,Free Form Intake,,,,2,1,0,0,,,,,0.0,0.0,categorical,0.0001,0.9999,2.0
44990,mimiciii.INPUTEVENTS_CV,acites,,,,,,2,1,0,0,,,,,0.0,0.0,categorical,0.0001,0.9999,2.0
46407,mimiciii.INPUTEVENTS_CV,ED PRBC,,Free Form Intake,,,,2,1,0,0,,,,,0.0,0.0,categorical,0.0001,0.9999,2.0
45676,mimiciii.INPUTEVENTS_CV,IVF from metrowest,,Free Form Intake,,,,2,1,0,0,,,,,0.0,0.0,categorical,0.0001,0.9999,2.0
46785,mimiciii.INPUTEVENTS_CV,ct insertion site,,,,,,2,1,0,0,,,,,0.0,0.0,categorical,0.0001,0.9999,2.0
46684,mimiciii.INPUTEVENTS_CV,ER FFP,,Free Form Intake,,,,2,1,0,0,,,,,0.0,0.0,categorical,0.0001,0.9999,2.0
45695,mimiciii.INPUTEVENTS_CV,K 10MEQ,,Free Form Intake,,,,2,1,0,0,,,,,0.0,0.0,categorical,0.0001,0.9999,2.0
45046,mimiciii.INPUTEVENTS_CV,menses,,,,,,2,1,0,0,,,,,0.0,0.0,categorical,0.0001,0.9999,2.0
46238,mimiciii.INPUTEVENTS_CV,paracentisis fluid,,,,,,2,1,0,0,,,,,0.0,0.0,categorical,0.0001,0.9999,2.0
46495,mimiciii.INPUTEVENTS_CV,IR EBL,,,,,,2,1,0,0,,,,,0.0,0.0,categorical,0.0001,0.9999,2.0
42534,mimiciii.INPUTEVENTS_CV,c-scan,,Free Form Intake,,,,2,1,0,0,,,,,0.0,0.0,categorical,0.0001,0.9999,2.0
44310,mimiciii.INPUTEVENTS_CV,f10 in,,Free Form Intake,,,,2,1,0,0,,,,,0.0,0.0,categorical,0.0001,0.9999,2.0
42235,mimiciii.INPUTEVENTS_CV,HUO ANGIO,,,,,,2,1,0,0,,,,,0.0,0.0,categorical,0.0001,0.9999,2.0
43701,mimiciii.INPUTEVENTS_CV,ns with 2 amps bicab,,Free Form Intake,,,,2,1,0,0,,,,,0.0,0.0,categorical,0.0001,0.9999,2.0
40504,mimiciii.INPUTEVENTS_CV,IV MEDS,,Free Form Intake,,,,2,1,0,0,,,,,0.0,0.0,categorical,0.0001,0.9999,2.0
40533,mimiciii.INPUTEVENTS_CV,procedure,,Free Form Intake,,,,2,1,0,0,,,,,0.0,0.0,categorical,0.0001,0.9999,2.0
40535,mimiciii.INPUTEVENTS_CV,hemodyalysis,,,,,,2,2,0,0,,,,,0.0,0.0,categorical,0.0001,0.9999,1.0
45532,mimiciii.INPUTEVENTS_CV,IR Lactated ringers,,Free Form Intake,,,,2,1,0,0,,,,,0.0,0.0,categorical,0.0001,0.9999,2.0
43975,mimiciii.INPUTEVENTS_CV,FREE H20 BOLUSES,,Free Form Intake,,,,2,1,0,0,,,,,0.0,0.0,categorical,0.0001,0.9999,2.0
45289,mimiciii.INPUTEVENTS_CV,ivf on floor,,Free Form Intake,,,,2,1,0,0,,,,,0.0,0.0,categorical,0.0001,0.9999,2.0
41610,mimiciii.INPUTEVENTS_CV,ER,,Free Form Intake,,,,2,1,0,0,,,,,0.0,0.0,categorical,0.0001,0.9999,2.0
45230,mimiciii.INPUTEVENTS_CV,medical floor ivf,,Free Form Intake,,,,2,1,0,0,,,,,0.0,0.0,categorical,0.0001,0.9999,2.0
41367,mimiciii.INPUTEVENTS_CV,iv fluid from osh,,Free Form Intake,,,,2,1,0,0,,,,,0.0,0.0,categorical,0.0001,0.9999,2.0
42613,mimiciii.INPUTEVENTS_CV,gastrogavin,,Free Form Intake,,,,2,1,0,0,,,,,0.0,0.0,categorical,0.0001,0.9999,2.0
46493,mimiciii.INPUTEVENTS_CV,RESCUE LINE,,Free Form Intake,,,,2,1,0,0,,,,,0.0,0.0,categorical,0.0001,0.9999,2.0
40958,mimiciii.INPUTEVENTS_CV,cardiac ouput fluid,,,,,,2,1,0,0,,,,,0.0,0.0,categorical,0.0001,0.9999,2.0
46599,mimiciii.INPUTEVENTS_CV,OR Cell Saver,,Free Form Intake,,,,2,1,0,0,,,,,0.0,0.0,categorical,0.0001,0.9999,2.0
42768,mimiciii.INPUTEVENTS_CV,R groin bag,,,,,,2,1,0,0,,,,,0.0,0.0,categorical,0.0001,0.9999,2.0
41466,mimiciii.INPUTEVENTS_CV,before icu ns,,Free Form Intake,,,,2,1,0,0,,,,,0.0,0.0,categorical,0.0001,0.9999,2.0
44948,mimiciii.INPUTEVENTS_CV,Flushpack,,Free Form Intake,,,,2,1,0,0,,,,,0.0,0.0,categorical,0.0001,0.9999,2.0
45649,mimiciii.INPUTEVENTS_CV,PO CONTRAST,,Free Form Intake,,,,2,1,0,0,,,,,0.0,0.0,categorical,0.0001,0.9999,2.0
45402,mimiciii.INPUTEVENTS_CV,Amiodorone,,Free Form Intake,,,,2,1,0,0,,,,,0.0,0.0,categorical,0.0001,0.9999,2.0
40713,mimiciii.INPUTEVENTS_CV,po contrast,,Free Form Intake,,,,2,1,0,0,,,,,0.0,0.0,categorical,0.0001,0.9999,2.0
42489,mimiciii.INPUTEVENTS_CV,farr 7 crystalloid,,Free Form Intake,,,,2,1,0,0,,,,,0.0,0.0,categorical,0.0001,0.9999,2.0
42250,mimiciii.INPUTEVENTS_CV,CC7 BRBPR,,,,,,2,1,0,0,,,,,0.0,0.0,categorical,0.0001,0.9999,2.0
44855,mimiciii.INPUTEVENTS_CV,Calcium,,Free Form Intake,,,,2,1,0,0,,,,,0.0,0.0,categorical,0.0001,0.9999,2.0
42064,mimiciii.INPUTEVENTS_CV,bladder press irrig,,Free Form Intake,,,,2,1,0,0,,,,,0.0,0.0,categorical,0.0001,0.9999,2.0
42213,mimiciii.INPUTEVENTS_CV,OR ABDOMINAL DNG,,,,,,2,1,0,0,,,,,0.0,0.0,categorical,0.0001,0.9999,2.0
41740,mimiciii.INPUTEVENTS_CV,iv fluid since mn,,Free Form Intake,,,,2,1,0,0,,,,,0.0,0.0,categorical,0.0001,0.9999,2.0
41744,mimiciii.INPUTEVENTS_CV,total intake since n,,Free Form Intake,,,,2,1,0,0,,,,,0.0,0.0,categorical,0.0001,0.9999,2.0
42658,mimiciii.INPUTEVENTS_CV,gastroview,,Free Form Intake,,,,2,1,0,0,,,,,0.0,0.0,categorical,0.0001,0.9999,2.0
46792,mimiciii.INPUTEVENTS_CV,Plasmalyte-A,,Free Form Intake,,,,2,1,0,0,,,,,0.0,0.0,categorical,0.0001,0.9999,2.0
46762,mimiciii.INPUTEVENTS_CV,ED UOP,,,,,,2,1,0,0,,,,,0.0,0.0,categorical,0.0001,0.9999,2.0
41733,mimiciii.INPUTEVENTS_CV,phenobarbital,,Free Form Intake,,,,2,1,0,0,,,,,0.0,0.0,categorical,0.0001,0.9999,2.0
45379,mimiciii.INPUTEVENTS_CV,OR CELL Saver,,Free Form Intake,,,,2,1,0,0,,,,,0.0,0.0,categorical,0.0001,0.9999,2.0
41352,mimiciii.INPUTEVENTS_CV,ER FLUIDS,,Free Form Intake,,,,2,1,0,0,,,,,0.0,0.0,categorical,0.0001,0.9999,2.0
44503,mimiciii.INPUTEVENTS_CV,1/2NS CC:CC,,Free Form Intake,,,,2,1,0,0,,,,,0.0,0.0,categorical,0.0001,0.9999,2.0
45091,mimiciii.INPUTEVENTS_CV,BRBPR in EW,,,,,,2,1,0,0,,,,,0.0,0.0,categorical,0.0001,0.9999,2.0
41808,mimiciii.INPUTEVENTS_CV,sodium bicarb IVP,,Free Form Intake,,,,2,1,0,0,,,,,0.0,0.0,categorical,0.0001,0.9999,2.0
44242,mimiciii.INPUTEVENTS_CV,or cryo,,Free Form Intake,,,,2,1,0,0,,,,,0.0,0.0,categorical,0.0001,0.9999,2.0
42323,mimiciii.INPUTEVENTS_CV,er ffp,,Free Form Intake,,,,2,1,0,0,,,,,0.0,0.0,categorical,0.0001,0.9999,2.0
46354,mimiciii.INPUTEVENTS_CV,phenytoin,,Free Form Intake,,,,2,1,0,0,,,,,0.0,0.0,categorical,0.0001,0.9999,2.0
41246,mimiciii.INPUTEVENTS_CV,bladder irrigation,,Free Form Intake,,,,2,1,0,0,,,,,0.0,0.0,categorical,0.0001,0.9999,2.0
45326,mimiciii.INPUTEVENTS_CV,from cc7,,,,,,2,1,0,0,,,,,0.0,0.0,categorical,0.0001,0.9999,2.0
44277,mimiciii.INPUTEVENTS_CV,water flush,,Free Form Intake,,,,2,1,0,0,,,,,0.0,0.0,categorical,0.0001,0.9999,2.0
43998,mimiciii.INPUTEVENTS_CV,anigo intake,,Free Form Intake,,,,2,1,0,0,,,,,0.0,0.0,categorical,0.0001,0.9999,2.0
42050,mimiciii.INPUTEVENTS_CV,promote with fiber,,Free Form Intake,,,,2,1,0,0,,,,,0.0,0.0,categorical,0.0001,0.9999,2.0
44387,mimiciii.INPUTEVENTS_CV,Gu irrigant,,Free Form Intake,,,,2,1,0,0,,,,,0.0,0.0,categorical,0.0001,0.9999,2.0
41216,mimiciii.INPUTEVENTS_CV,go-lytely,,Free Form Intake,,,,2,1,0,0,,,,,0.0,0.0,categorical,0.0001,0.9999,2.0
42606,mimiciii.INPUTEVENTS_CV,IR CRYSTALLOID,,Free Form Intake,,,,2,1,0,0,,,,,0.0,0.0,categorical,0.0001,0.9999,2.0
41194,mimiciii.INPUTEVENTS_CV,OB pad,,,,,,2,1,0,0,,,,,0.0,0.0,categorical,0.0001,0.9999,2.0
40929,mimiciii.INPUTEVENTS_CV,radiographin,,Free Form Intake,,,,2,1,0,0,,,,,0.0,0.0,categorical,0.0001,0.9999,2.0
40692,mimiciii.INPUTEVENTS_CV,ebl cath lab,,,,,,2,1,0,0,,,,,0.0,0.0,categorical,0.0001,0.9999,2.0
42941,mimiciii.INPUTEVENTS_CV,I.R. EBL,,Free Form Intake,,,,2,1,0,0,,,,,0.0,0.0,categorical,0.0001,0.9999,2.0
46124,mimiciii.INPUTEVENTS_CV,er in prbc,,Free Form Intake,,,,2,1,0,0,,,,,0.0,0.0,categorical,0.0001,0.9999,2.0
40471,mimiciii.INPUTEVENTS_CV,r femoral puncture,,,,,,2,1,0,0,,,,,0.0,0.0,categorical,0.0001,0.9999,2.0
42053,mimiciii.INPUTEVENTS_CV,GASTROGAVIN IN H20,,Free Form Intake,,,,2,1,0,0,,,,,0.0,0.0,categorical,0.0001,0.9999,2.0
40803,mimiciii.INPUTEVENTS_CV,paracenthesis,,,,,,2,1,0,0,,,,,0.0,0.0,categorical,0.0001,0.9999,2.0
44765,mimiciii.INPUTEVENTS_CV,Imp with fiber 1/2st,,Free Form Intake,,,,2,1,0,0,,,,,0.0,0.0,categorical,0.0001,0.9999,2.0
45214,mimiciii.INPUTEVENTS_CV,OR cellsaver,,Free Form Intake,,,,2,1,0,0,,,,,0.0,0.0,categorical,0.0001,0.9999,2.0
45308,mimiciii.INPUTEVENTS_CV,left knee aspirate,,,,,,2,1,0,0,,,,,0.0,0.0,categorical,0.0001,0.9999,2.0
45213,mimiciii.INPUTEVENTS_CV,cath lab contrast,,Free Form Intake,,,,2,1,0,0,,,,,0.0,0.0,categorical,0.0001,0.9999,2.0
42954,mimiciii.INPUTEVENTS_CV,Angio IN,,Free Form Intake,,,,2,1,0,0,,,,,0.0,0.0,categorical,0.0001,0.9999,2.0
45228,mimiciii.INPUTEVENTS_CV,GI unit Intake,,Free Form Intake,,,,2,1,0,0,,,,,0.0,0.0,categorical,0.0001,0.9999,2.0
44166,mimiciii.INPUTEVENTS_CV,BICARBONATE-HCO3,,Free Form Intake,,,,2,1,0,0,,,,,0.0,0.0,categorical,0.0001,0.9999,2.0
44169,mimiciii.INPUTEVENTS_CV,Blood from oral sx,,,,,,2,1,0,0,,,,,0.0,0.0,categorical,0.0001,0.9999,2.0
44627,mimiciii.INPUTEVENTS_CV,Factor VII,,Free Form Intake,,,,2,1,0,0,,,,,0.0,0.0,categorical,0.0001,0.9999,2.0
46294,mimiciii.INPUTEVENTS_CV,THORACENTEIS,,,,,,2,1,0,0,,,,,0.0,0.0,categorical,0.0001,0.9999,2.0
45159,mimiciii.INPUTEVENTS_CV,ER IV NS,,Free Form Intake,,,,2,1,0,0,,,,,0.0,0.0,categorical,0.0001,0.9999,2.0
42978,mimiciii.INPUTEVENTS_CV,D5LR 20KCL,,Free Form Intake,,,,2,1,0,0,,,,,0.0,0.0,categorical,0.0001,0.9999,2.0
44722,mimiciii.INPUTEVENTS_CV,EW crystalloids,,Free Form Intake,,,,2,1,0,0,,,,,0.0,0.0,categorical,0.0001,0.9999,2.0
46418,mimiciii.INPUTEVENTS_CV,ER ffp,,Free Form Intake,,,,2,1,0,0,,,,,0.0,0.0,categorical,0.0001,0.9999,2.0
44897,mimiciii.INPUTEVENTS_CV,Insensible Losses,,,,,,2,1,0,0,,,,,0.0,0.0,categorical,0.0001,0.9999,2.0
45346,mimiciii.INPUTEVENTS_CV,DYE IV contrast CT n,,Free Form Intake,,,,2,1,0,0,,,,,0.0,0.0,categorical,0.0001,0.9999,2.0
46166,mimiciii.INPUTEVENTS_CV,iv intake- farr 9,,Free Form Intake,,,,2,1,0,0,,,,,0.0,0.0,categorical,0.0001,0.9999,2.0
45298,mimiciii.INPUTEVENTS_CV,ED NS,,Free Form Intake,,,,2,1,0,0,,,,,0.0,0.0,categorical,0.0001,0.9999,2.0
44683,mimiciii.INPUTEVENTS_CV,floor crystalloid,,Free Form Intake,,,,2,1,0,0,,,,,0.0,0.0,categorical,0.0001,0.9999,2.0
42528,mimiciii.INPUTEVENTS_CV,crystalloid farr 5,,Free Form Intake,,,,2,1,0,0,,,,,0.0,0.0,categorical,0.0001,0.9999,2.0
43772,mimiciii.INPUTEVENTS_CV,thoracentisis,,,,,,2,1,0,0,,,,,0.0,0.0,categorical,0.0001,0.9999,2.0
42224,mimiciii.INPUTEVENTS_CV,FARR 5 IN,,Free Form Intake,,,,2,1,0,0,,,,,0.0,0.0,categorical,0.0001,0.9999,2.0
42102,mimiciii.INPUTEVENTS_CV,ER U/O,,,,,,2,1,0,0,,,,,0.0,0.0,categorical,0.0001,0.9999,2.0
45623,mimiciii.INPUTEVENTS_CV,soap suds enema,,Free Form Intake,,,,2,1,0,0,,,,,0.0,0.0,categorical,0.0001,0.9999,2.0
42926,mimiciii.INPUTEVENTS_CV,IR UO,,,,,,2,1,0,0,,,,,0.0,0.0,categorical,0.0001,0.9999,2.0
42920,mimiciii.INPUTEVENTS_CV,EW FLUID,,Free Form Intake,,,,2,1,0,0,,,,,0.0,0.0,categorical,0.0001,0.9999,2.0
44630,mimiciii.INPUTEVENTS_CV,Procedure Suction,,,,,,2,1,0,0,,,,,0.0,0.0,categorical,0.0001,0.9999,2.0
41380,mimiciii.INPUTEVENTS_CV,nsbolus,,Free Form Intake,,,,2,1,0,0,,,,,0.0,0.0,categorical,0.0001,0.9999,2.0
43750,mimiciii.INPUTEVENTS_CV,ANGIO CRYSTTALOID,,Free Form Intake,,,,2,1,0,0,,,,,0.0,0.0,categorical,0.0001,0.9999,2.0
41697,mimiciii.INPUTEVENTS_CV,bal cctn,,,,,,2,1,0,0,,,,,0.0,0.0,categorical,0.0001,0.9999,2.0
41409,mimiciii.INPUTEVENTS_CV,ED Intake,,Free Form Intake,,,,2,1,0,0,,,,,0.0,0.0,categorical,0.0001,0.9999,2.0
46074,mimiciii.INPUTEVENTS_CV,VICU IN,,Free Form Intake,,,,2,1,0,0,,,,,0.0,0.0,categorical,0.0001,0.9999,2.0
43041,mimiciii.INPUTEVENTS_CV,FA6 IVF,,Free Form Intake,,,,2,1,0,0,,,,,0.0,0.0,categorical,0.0001,0.9999,2.0
42234,mimiciii.INPUTEVENTS_CV,HD REMOVAL,,,,,,2,2,0,0,,,,,0.0,0.0,categorical,0.0001,0.9999,1.0
44145,mimiciii.INPUTEVENTS_CV,paracenitis,,,,,,2,1,0,0,,,,,0.0,0.0,categorical,0.0001,0.9999,2.0
42082,mimiciii.INPUTEVENTS_CV,ANGIO CRYSTALLOIDS,,Free Form Intake,,,,2,1,0,0,,,,,0.0,0.0,categorical,0.0001,0.9999,2.0
42083,mimiciii.INPUTEVENTS_CV,PRE ANGIO(PACU)CRYST,,Free Form Intake,,,,2,1,0,0,,,,,0.0,0.0,categorical,0.0001,0.9999,2.0
44590,mimiciii.INPUTEVENTS_CV,ed intake,,Free Form Intake,,,,2,1,0,0,,,,,0.0,0.0,categorical,0.0001,0.9999,2.0
44751,mimiciii.INPUTEVENTS_CV,str. cath,,,,,,2,1,0,0,,,,,0.0,0.0,categorical,0.0001,0.9999,2.0
42239,mimiciii.INPUTEVENTS_CV,CC7 PRBC,,Free Form Intake,,,,2,1,0,0,,,,,0.0,0.0,categorical,0.0001,0.9999,2.0
42714,mimiciii.INPUTEVENTS_CV,while carevue down,,Free Form Intake,,,,2,1,0,0,,,,,0.0,0.0,categorical,0.0001,0.9999,2.0
42716,mimiciii.INPUTEVENTS_CV,angio site,,,,,,2,1,0,0,,,,,0.0,0.0,categorical,0.0001,0.9999,2.0
43901,mimiciii.INPUTEVENTS_CV,blood loss,,,,,,2,1,0,0,,,,,0.0,0.0,categorical,0.0001,0.9999,2.0
44712,mimiciii.INPUTEVENTS_CV,OSH input,,Free Form Intake,,,,2,1,0,0,,,,,0.0,0.0,categorical,0.0001,0.9999,2.0
42404,mimiciii.INPUTEVENTS_CV,vicu u/o,,,,,,2,1,0,0,,,,,0.0,0.0,categorical,0.0001,0.9999,2.0
41524,mimiciii.INPUTEVENTS_CV,IVF AT OSH,,Free Form Intake,,,,2,1,0,0,,,,,0.0,0.0,categorical,0.0001,0.9999,2.0
42629,mimiciii.INPUTEVENTS_CV,CELL SAVER IN OR,,Free Form Intake,,,,2,1,0,0,,,,,0.0,0.0,categorical,0.0001,0.9999,2.0
42648,mimiciii.INPUTEVENTS_CV,VASOTEC IV,,Free Form Intake,,,,2,1,0,0,,,,,0.0,0.0,categorical,0.0001,0.9999,2.0
46770,mimiciii.INPUTEVENTS_CV,OSH IVF,,Free Form Intake,,,,2,1,0,0,,,,,0.0,0.0,categorical,0.0001,0.9999,2.0
45752,mimiciii.INPUTEVENTS_CV,floor,,Free Form Intake,,,,2,1,0,0,,,,,0.0,0.0,categorical,0.0001,0.9999,2.0
42215,mimiciii.INPUTEVENTS_CV,CRYS CC7,,Free Form Intake,,,,2,1,0,0,,,,,0.0,0.0,categorical,0.0001,0.9999,2.0
42830,mimiciii.INPUTEVENTS_CV,OR CELL SAVER,,Free Form Intake,,,,2,1,0,0,,,,,0.0,0.0,categorical,0.0001,0.9999,2.0
42723,mimiciii.INPUTEVENTS_CV,cryo,,Free Form Intake,,,,2,1,0,0,,,,,0.0,0.0,categorical,0.0001,0.9999,2.0
46490,mimiciii.INPUTEVENTS_CV,Contrast Dye,,Free Form Intake,,,,2,1,0,0,,,,,0.0,0.0,categorical,0.0001,0.9999,2.0
41492,mimiciii.INPUTEVENTS_CV,plueral fluid,,Free Form Intake,,,,2,1,0,0,,,,,0.0,0.0,categorical,0.0001,0.9999,2.0
45355,mimiciii.INPUTEVENTS_CV,OR Plasyalyte,,Free Form Intake,,,,2,1,0,0,,,,,0.0,0.0,categorical,0.0001,0.9999,2.0
43002,mimiciii.INPUTEVENTS_CV,F6 U/O,,,,,,2,1,0,0,,,,,0.0,0.0,categorical,0.0001,0.9999,2.0
40895,mimiciii.INPUTEVENTS_CV,L neck mass aspirate,,,,,,2,1,0,0,,,,,0.0,0.0,categorical,0.0001,0.9999,2.0
42193,mimiciii.INPUTEVENTS_CV,CONTRAST CATH LAB,,Free Form Intake,,,,2,1,0,0,,,,,0.0,0.0,categorical,0.0001,0.9999,2.0
43883,mimiciii.INPUTEVENTS_CV,Hemoccult,,,,,,2,1,0,0,,,,,0.0,0.0,categorical,0.0001,0.9999,2.0
42710,mimiciii.INPUTEVENTS_CV,PHERESIS EBL,,,,,,2,1,0,0,,,,,0.0,0.0,categorical,0.0001,0.9999,2.0
44419,mimiciii.INPUTEVENTS_CV,ew ivf,,Free Form Intake,,,,2,1,0,0,,,,,0.0,0.0,categorical,0.0001,0.9999,2.0
42554,mimiciii.INPUTEVENTS_CV,FREE WATER INTAKE,,Free Form Intake,,,,2,1,0,0,,,,,0.0,0.0,categorical,0.0001,0.9999,2.0
42380,mimiciii.INPUTEVENTS_CV,er intake,,Free Form Intake,,,,2,1,0,0,,,,,0.0,0.0,categorical,0.0001,0.9999,2.0
41234,mimiciii.INPUTEVENTS_CV,floor intake,,Free Form Intake,,,,2,1,0,0,,,,,0.0,0.0,categorical,0.0001,0.9999,2.0
46200,mimiciii.INPUTEVENTS_CV,12 resiman ivf,,Free Form Intake,,,,2,1,0,0,,,,,0.0,0.0,categorical,0.0001,0.9999,2.0
46780,mimiciii.INPUTEVENTS_CV,Bladdar pressure,,,,,,2,1,0,0,,,,,0.0,0.0,categorical,0.0001,0.9999,2.0
42959,mimiciii.INPUTEVENTS_CV,FS PROBALANCE,,Free Form Intake,,,,2,1,0,0,,,,,0.0,0.0,categorical,0.0001,0.9999,2.0
45140,mimiciii.INPUTEVENTS_CV,IV DYE,,Free Form Intake,,,,2,1,0,0,,,,,0.0,0.0,categorical,0.0001,0.9999,2.0
45537,mimiciii.INPUTEVENTS_CV,Ascites in IR,,,,,,2,1,0,0,,,,,0.0,0.0,categorical,0.0001,0.9999,2.0
45239,mimiciii.INPUTEVENTS_CV,iv upon arrival,,Free Form Intake,,,,2,1,0,0,,,,,0.0,0.0,categorical,0.0001,0.9999,2.0
45980,mimiciii.INPUTEVENTS_CV,ew-iv fliud,,Free Form Intake,,,,2,1,0,0,,,,,0.0,0.0,categorical,0.0001,0.9999,2.0
44168,mimiciii.INPUTEVENTS_CV,cath lab our,,,,,,2,1,0,0,,,,,0.0,0.0,categorical,0.0001,0.9999,2.0
45854,mimiciii.INPUTEVENTS_CV,farr 2 ivf,,Free Form Intake,,,,2,1,0,0,,,,,0.0,0.0,categorical,0.0001,0.9999,2.0
46654,mimiciii.INPUTEVENTS_CV,Flexiseal Irrigant,,Free Form Intake,,,,2,1,0,0,,,,,0.0,0.0,categorical,0.0001,0.9999,2.0
44016,mimiciii.INPUTEVENTS_CV,THOROCENTISIS,,,,,,2,1,0,0,,,,,0.0,0.0,categorical,0.0001,0.9999,2.0
46410,mimiciii.INPUTEVENTS_CV,angio FFP,,Free Form Intake,,,,2,1,0,0,,,,,0.0,0.0,categorical,0.0001,0.9999,2.0
42529,mimiciii.INPUTEVENTS_CV,po intake farr5,,Free Form Intake,,,,2,1,0,0,,,,,0.0,0.0,categorical,0.0001,0.9999,2.0
42531,mimiciii.INPUTEVENTS_CV,farr 5 u/o,,,,,,2,1,0,0,,,,,0.0,0.0,categorical,0.0001,0.9999,2.0
42538,mimiciii.INPUTEVENTS_CV,cell saver/or,,Free Form Intake,,,,2,1,0,0,,,,,0.0,0.0,categorical,0.0001,0.9999,2.0
44077,mimiciii.INPUTEVENTS_CV,Floor ouput,,,,,,2,1,0,0,,,,,0.0,0.0,categorical,0.0001,0.9999,2.0
43051,mimiciii.INPUTEVENTS_CV,L. GROIN PUNCTURE,,,,,,2,1,0,0,,,,,0.0,0.0,categorical,0.0001,0.9999,2.0
44396,mimiciii.INPUTEVENTS_CV,Rectal gastrograffi.,,Free Form Intake,,,,2,1,0,0,,,,,0.0,0.0,categorical,0.0001,0.9999,2.0
42506,mimiciii.INPUTEVENTS_CV,OR ASCITES,,,,,,2,1,0,0,,,,,0.0,0.0,categorical,0.0001,0.9999,2.0
42574,mimiciii.INPUTEVENTS_CV,INTERVENTIONAL RADIY,,Free Form Intake,,,,2,1,0,0,,,,,0.0,0.0,categorical,0.0001,0.9999,2.0
44244,mimiciii.INPUTEVENTS_CV,LACTULOSE ENEMA,,Free Form Intake,,,,2,1,0,0,,,,,0.0,0.0,categorical,0.0001,0.9999,2.0
41381,mimiciii.INPUTEVENTS_CV,PLASMAPHERESIS,,Free Form Intake,,,,2,1,0,0,,,,,0.0,0.0,categorical,0.0001,0.9999,2.0
43740,mimiciii.INPUTEVENTS_CV,EBL FROM OR,,,,,,2,1,0,0,,,,,0.0,0.0,categorical,0.0001,0.9999,2.0
45397,mimiciii.INPUTEVENTS_CV,KAYEXALATE,,Free Form Intake,,,,2,1,0,0,,,,,0.0,0.0,categorical,0.0001,0.9999,2.0
44023,mimiciii.INPUTEVENTS_CV,READICAT,,Free Form Intake,,,,2,1,0,0,,,,,0.0,0.0,categorical,0.0001,0.9999,2.0
46369,mimiciii.INPUTEVENTS_CV,vac cannister,,,,,,2,1,0,0,,,,,0.0,0.0,categorical,0.0001,0.9999,2.0
41121,mimiciii.INPUTEVENTS_CV,C.O. fluid,,,,,,2,1,0,0,,,,,0.0,0.0,categorical,0.0001,0.9999,2.0
41951,mimiciii.INPUTEVENTS_CV,ANGIO U/O,,,,,,2,1,0,0,,,,,0.0,0.0,categorical,0.0001,0.9999,2.0
41693,mimiciii.INPUTEVENTS_CV,Verapamil,,Free Form Intake,,,,2,1,0,0,,,,,0.0,0.0,categorical,0.0001,0.9999,2.0
46600,mimiciii.INPUTEVENTS_CV,OR Plasmalyte,,Free Form Intake,,,,2,1,0,0,,,,,0.0,0.0,categorical,0.0001,0.9999,2.0
41089,mimiciii.INPUTEVENTS_CV,PERI PAD,,,,,,2,1,0,0,,,,,0.0,0.0,categorical,0.0001,0.9999,2.0
42791,mimiciii.INPUTEVENTS_CV,Pheresis - In,,Free Form Intake,,,,2,1,0,0,,,,,0.0,0.0,categorical,0.0001,0.9999,2.0
42769,mimiciii.INPUTEVENTS_CV,Rectal Irrigation,,Free Form Intake,,,,2,1,0,0,,,,,0.0,0.0,categorical,0.0001,0.9999,2.0
46090,mimiciii.INPUTEVENTS_CV,IV Plasmalyte,,Free Form Intake,,,,2,1,0,0,,,,,0.0,0.0,categorical,0.0001,0.9999,2.0
42231,mimiciii.INPUTEVENTS_CV,CRYST ANGIO,,Free Form Intake,,,,2,1,0,0,,,,,0.0,0.0,categorical,0.0001,0.9999,2.0
42088,mimiciii.INPUTEVENTS_CV,METROWEST INTAKE,,Free Form Intake,,,,2,1,0,0,,,,,0.0,0.0,categorical,0.0001,0.9999,2.0
41676,mimiciii.INPUTEVENTS_CV,EW,,Free Form Intake,,,,2,1,0,0,,,,,0.0,0.0,categorical,0.0001,0.9999,2.0
41752,mimiciii.INPUTEVENTS_CV,uo since mn,,,,,,2,1,0,0,,,,,0.0,0.0,categorical,0.0001,0.9999,2.0
44584,mimiciii.INPUTEVENTS_CV,Dialysate IN,,Free Form Intake,,,,2,1,0,0,,,,,0.0,0.0,categorical,0.0001,0.9999,2.0
44763,mimiciii.INPUTEVENTS_CV,IVF from floor,,Free Form Intake,,,,2,1,0,0,,,,,0.0,0.0,categorical,0.0001,0.9999,2.0
43044,mimiciii.INPUTEVENTS_CV,BYPASS REMOVAL,,,,,,2,1,0,0,,,,,0.0,0.0,categorical,0.0001,0.9999,2.0
44437,mimiciii.INPUTEVENTS_CV,l&d intake,,Free Form Intake,,,,2,1,0,0,,,,,0.0,0.0,categorical,0.0001,0.9999,2.0
44534,mimiciii.INPUTEVENTS_CV,Angio contrast,,Free Form Intake,,,,2,1,0,0,,,,,0.0,0.0,categorical,0.0001,0.9999,2.0
46229,mimiciii.INPUTEVENTS_CV,belly fluid.,,,,,,2,1,0,0,,,,,0.0,0.0,categorical,0.0001,0.9999,2.0
40866,mimiciii.INPUTEVENTS_CV,Cath Lab Ouput,,,,,,2,1,0,0,,,,,0.0,0.0,categorical,0.0001,0.9999,2.0
42039,mimiciii.INPUTEVENTS_CV,ANGIO CRYSTALL,,Free Form Intake,,,,2,1,0,0,,,,,0.0,0.0,categorical,0.0001,0.9999,2.0
46669,mimiciii.INPUTEVENTS_CV,0.45%NS +40meq kcl,,Free Form Intake,,,,2,1,0,0,,,,,0.0,0.0,categorical,0.0001,0.9999,2.0
42976,mimiciii.INPUTEVENTS_CV,CATH LAB,,Free Form Intake,,,,2,1,0,0,,,,,0.0,0.0,categorical,0.0001,0.9999,2.0
44224,mimiciii.INPUTEVENTS_CV,PEROTONEAL FLUID,,,,,,2,1,0,0,,,,,0.0,0.0,categorical,0.0001,0.9999,2.0
42784,mimiciii.INPUTEVENTS_CV,cell saver OR,,Free Form Intake,,,,2,1,0,0,,,,,0.0,0.0,categorical,0.0001,0.9999,2.0
46736,mimiciii.INPUTEVENTS_CV,ER intake NS,,Free Form Intake,,,,2,1,0,0,,,,,0.0,0.0,categorical,0.0001,0.9999,2.0
44219,mimiciii.INPUTEVENTS_CV,diaphoresis,,,,,,2,1,0,0,,,,,0.0,0.0,categorical,0.0001,0.9999,2.0
40423,mimiciii.INPUTEVENTS_CV,Bolus,,Free Form Intake,,,,2,1,0,0,,,,,0.0,0.0,categorical,0.0001,0.9999,2.0
44385,mimiciii.INPUTEVENTS_CV,pre admission intake,,Free Form Intake,,,,2,1,0,0,,,,,0.0,0.0,categorical,0.0001,0.9999,2.0
42192,mimiciii.INPUTEVENTS_CV,CATH LAB CRYST,,Free Form Intake,,,,2,1,0,0,,,,,0.0,0.0,categorical,0.0001,0.9999,2.0
41761,mimiciii.INPUTEVENTS_CV,READYCAT,,Free Form Intake,,,,2,1,0,0,,,,,0.0,0.0,categorical,0.0001,0.9999,2.0
45372,mimiciii.INPUTEVENTS_CV,ERCP IV intake,,Free Form Intake,,,,2,1,0,0,,,,,0.0,0.0,categorical,0.0001,0.9999,2.0
42242,mimiciii.INPUTEVENTS_CV,ANGIO CRYSTALLOID,,Free Form Intake,,,,2,1,0,0,,,,,0.0,0.0,categorical,0.0001,0.9999,2.0
42471,mimiciii.INPUTEVENTS_CV,Other,,,,,,2,1,0,0,,,,,0.0,0.0,categorical,0.0001,0.9999,2.0
41427,mimiciii.INPUTEVENTS_CV,1/2 nsfluidbolus,,Free Form Intake,,,,2,1,0,0,,,,,0.0,0.0,categorical,0.0001,0.9999,2.0
45377,mimiciii.INPUTEVENTS_CV,PACU IN,,Free Form Intake,,,,2,1,0,0,,,,,0.0,0.0,categorical,0.0001,0.9999,2.0
42413,mimiciii.INPUTEVENTS_CV,NEURO-RAD IN,,Free Form Intake,,,,2,1,0,0,,,,,0.0,0.0,categorical,0.0001,0.9999,2.0
42762,mimiciii.INPUTEVENTS_CV,FARR 6 IN IVF,,Free Form Intake,,,,2,1,0,0,,,,,0.0,0.0,categorical,0.0001,0.9999,2.0
42418,mimiciii.INPUTEVENTS_CV,INTAKE ON FLOOR,,Free Form Intake,,,,2,1,0,0,,,,,0.0,0.0,categorical,0.0001,0.9999,2.0
42942,mimiciii.INPUTEVENTS_CV,I.R. intake,,Free Form Intake,,,,2,1,0,0,,,,,0.0,0.0,categorical,0.0001,0.9999,2.0
46123,mimiciii.INPUTEVENTS_CV,ER in NS,,Free Form Intake,,,,2,1,0,0,,,,,0.0,0.0,categorical,0.0001,0.9999,2.0
42866,mimiciii.INPUTEVENTS_CV,cell saver in OR,,Free Form Intake,,,,2,1,0,0,,,,,0.0,0.0,categorical,0.0001,0.9999,2.0
45668,mimiciii.INPUTEVENTS_CV,ED crystal,,Free Form Intake,,,,2,1,0,0,,,,,0.0,0.0,categorical,0.0001,0.9999,2.0
45972,mimiciii.INPUTEVENTS_CV,l arm abrasion,,,,,,2,1,0,0,,,,,0.0,0.0,categorical,0.0001,0.9999,2.0
41517,mimiciii.INPUTEVENTS_CV,talc in ct,,Free Form Intake,,,,2,1,0,0,,,,,0.0,0.0,categorical,0.0001,0.9999,2.0
45134,mimiciii.INPUTEVENTS_CV,OR Cryocipretate,,Free Form Intake,,,,2,1,0,0,,,,,0.0,0.0,categorical,0.0001,0.9999,2.0
45182,mimiciii.INPUTEVENTS_CV,ns ivfin ed,,Free Form Intake,,,,2,1,0,0,,,,,0.0,0.0,categorical,0.0001,0.9999,2.0
42981,mimiciii.INPUTEVENTS_CV,Bladder transd.,,Free Form Intake,,,,2,1,0,0,,,,,0.0,0.0,categorical,0.0001,0.9999,2.0
50947,mimiciii.LABEVENTS,I,,Chemistry,,,Blood,1,1,1,1,U,0.0,0.0,0.0,1.0,1.0,numeric,0.0001,0.9999,1.0
51029,mimiciii.LABEVENTS,"Calcium, Body Fluid",,Chemistry,,15155-5,Other Body Fluid,1,1,1,1,mg/dL,5.1,5.1,5.1,1.0,1.0,numeric,0.0001,0.9999,1.0
51346,mimiciii.LABEVENTS,Blasts,,Hematology,,26447-3,Cerebrospinal Fluid (CSF),1,1,1,1,%,67.0,67.0,67.0,1.0,1.0,numeric,0.0001,0.9999,1.0
51475,mimiciii.LABEVENTS,Epithelial Casts,,Hematology,,,Urine,1,1,0,1,#/lpf,,,,1.0,0.0,categorical,0.0001,0.9999,1.0
51311,mimiciii.LABEVENTS,CD16,,Hematology,,,Bone Marrow,1,1,0,0,,,,,0.0,0.0,categorical,0.0001,0.9999,1.0
51327,mimiciii.LABEVENTS,CD55,,Hematology,,51344-0,Bone Marrow,1,1,0,0,,,,,0.0,0.0,categorical,0.0001,0.9999,1.0
51318,mimiciii.LABEVENTS,CD25,,Hematology,,,Bone Marrow,1,1,0,0,,,,,0.0,0.0,categorical,0.0001,0.9999,1.0
51378,mimiciii.LABEVENTS,Metamyelocytes,,Hematology,,,Joint Fluid,1,1,1,1,%,0.0,0.0,0.0,1.0,1.0,numeric,0.0001,0.9999,1.0
51121,mimiciii.LABEVENTS,Myelocytes,,Hematology,,,Ascites,1,1,1,1,%,6.0,6.0,6.0,1.0,1.0,numeric,0.0001,0.9999,1.0
51437,mimiciii.LABEVENTS,Promyelocytes,,Hematology,,17799-8,Other Body Fluid,1,1,1,1,%,1.0,1.0,1.0,1.0,1.0,numeric,0.0001,0.9999,1.0
51316,mimiciii.LABEVENTS,CD22,,Hematology,,,Bone Marrow,1,1,0,0,,,,,0.0,0.0,categorical,0.0001,0.9999,1.0
51012,mimiciii.LABEVENTS,"Bilirubin, Total, CSF",,Chemistry,,1973-7,Cerebrospinal Fluid (CSF),1,1,1,1,mg/dL,0.0,0.0,0.0,1.0,1.0,numeric,0.0001,0.9999,1.0
50858,mimiciii.LABEVENTS,Acid Phosphatase,,Chemistry,,1715-2,Blood,1,1,0,1,IU/L,,,,1.0,0.0,categorical,0.0001,0.9999,1.0
51242,mimiciii.LABEVENTS,LUC,,Hematology,,,Blood,1,1,0,1,%,,,,1.0,0.0,categorical,0.0001,0.9999,1.0
51330,mimiciii.LABEVENTS,CD59,,Hematology,,51358-0,Bone Marrow,1,1,0,0,,,,,0.0,0.0,categorical,0.0001,0.9999,1.0
51157,mimiciii.LABEVENTS,CD138,,Hematology,,42869-8,Blood,1,1,0,0,,,,,0.0,0.0,categorical,0.0001,0.9999,1.0
51253,mimiciii.LABEVENTS,Monocyte Count,,Hematology,,26484-6,Blood,1,1,1,1,#/uL,200.0,200.0,200.0,1.0,1.0,numeric,0.0001,0.9999,1.0
50859,mimiciii.LABEVENTS,"Acid Phosphatase, Non-Prostatic",,Chemistry,,,Blood,1,1,0,1,IU/L,,,,1.0,0.0,categorical,0.0001,0.9999,1.0
50870,mimiciii.LABEVENTS,"Anti-Gliadin Antibody, IgA",,Chemistry,,7893-1,Blood,1,1,1,1,units,0.0,0.0,0.0,1.0,1.0,numeric,0.0001,0.9999,1.0
51520,mimiciii.LABEVENTS,ANTI-MC,,CHEMISTRY,,32042-4,BLOOD,1,1,0,0,,,,,0.0,0.0,categorical,0.0001,0.9999,1.0
51409,mimiciii.LABEVENTS,CD4/CD8 Ratio,,Hematology,,18266-7,Other Body Fluid,1,1,0,0,,,,,0.0,0.0,categorical,0.0001,0.9999,1.0
51349,mimiciii.LABEVENTS,Hypersegmented Neutrophils,,Hematology,,26506-6,Cerebrospinal Fluid (CSF),1,1,1,1,%,0.0,0.0,0.0,1.0,1.0,numeric,0.0001,0.9999,1.0
51367,mimiciii.LABEVENTS,Basophils,,Hematology,,17833-5,Joint Fluid,1,1,1,1,%,0.0,0.0,0.0,1.0,1.0,numeric,0.0001,0.9999,1.0
51477,mimiciii.LABEVENTS,Free Fat,,Hematology,,53359-6,Urine,1,1,0,0,,,,,0.0,0.0,categorical,0.0001,0.9999,1.0
51472,mimiciii.LABEVENTS,Cholesterol Crystals,,Hematology,,5777-8,Urine,1,1,0,0,,,,,0.0,0.0,categorical,0.0001,0.9999,1.0
51468,mimiciii.LABEVENTS,Calcium Carbonate Crystals,,Hematology,,5773-7,Urine,1,1,0,0,,,,,0.0,0.0,categorical,0.0001,0.9999,1.0
50834,mimiciii.LABEVENTS,"Sodium, Body Fluid",,Blood Gas,,2950-4,Other Body Fluid,1,1,1,1,mEq/L,125.0,125.0,125.0,1.0,1.0,numeric,0.0001,0.9999,1.0
51055,mimiciii.LABEVENTS,"Lipase, Pleural",,Chemistry,,,Pleural,1,1,1,1,U/L,51460.0,51460.0,51460.0,1.0,1.0,numeric,0.0001,0.9999,1.0
51136,mimiciii.LABEVENTS,Alpha Antiplasmin,,Hematology,,,Blood,1,1,1,1,%,107.0,107.0,107.0,1.0,1.0,numeric,0.0001,0.9999,1.0
51467,mimiciii.LABEVENTS,Broad Casts,,Hematology,,18487-9,Urine,1,1,0,1,#/lpf,,,,1.0,0.0,categorical,0.0001,0.9999,1.0
50934,mimiciii.LABEVENTS,H,,Chemistry,,,Blood,1,1,1,1,U,78.0,78.0,78.0,1.0,1.0,numeric,0.0001,0.9999,1.0
51504,mimiciii.LABEVENTS,Tyrosine Crystals,,Hematology,,5815-6,Urine,1,1,0,0,,,,,0.0,0.0,categorical,0.0001,0.9999,1.0
51473,mimiciii.LABEVENTS,Cysteine Crystals,,Hematology,,5782-8,Urine,1,1,0,0,,,,,0.0,0.0,categorical,0.0001,0.9999,1.0
2562,mimiciii.CHARTEVENTS,INTRA ABD PRESSURE,,,,,,1,1,1,0,,12.0,12.0,12.0,0.0,1.0,numeric,0.0001,0.9999,1.0
7516,mimiciii.CHARTEVENTS,t discon,,,,,,1,1,1,0,,20.0,20.0,20.0,0.0,1.0,numeric,0.0001,0.9999,1.0
6618,mimiciii.CHARTEVENTS,HumR #Units,,,,,,1,1,1,0,,8.0,8.0,8.0,0.0,1.0,numeric,0.0001,0.9999,1.0
2347,mimiciii.CHARTEVENTS,BLADDER PRESSURE.,,,,,,1,1,1,0,,20.0,20.0,20.0,0.0,1.0,numeric,0.0001,0.9999,1.0
2978,mimiciii.CHARTEVENTS,peritoneal amylase,,,,,,1,1,1,0,,81.0,81.0,81.0,0.0,1.0,numeric,0.0001,0.9999,1.0
5585,mimiciii.CHARTEVENTS,MINUTE VOL. HIGH,,,,,,1,1,1,0,,15.0,15.0,15.0,0.0,1.0,numeric,0.0001,0.9999,1.0
6086,mimiciii.CHARTEVENTS,Micro-Neb tx,,,,,,1,1,0,0,,,,,0.0,0.0,categorical,0.0001,0.9999,1.0
5968,mimiciii.CHARTEVENTS,AF fistula T/B,,,,,,1,1,0,0,,,,,0.0,0.0,categorical,0.0001,0.9999,1.0
1818,mimiciii.CHARTEVENTS,PECO2,,,,,,1,1,1,0,,16.0,16.0,16.0,0.0,1.0,numeric,0.0001,0.9999,1.0
2416,mimiciii.CHARTEVENTS,finger stick glucos.,,,,,,1,1,1,0,,153.0,153.0,153.0,0.0,1.0,numeric,0.0001,0.9999,1.0
6185,mimiciii.CHARTEVENTS,Hi Min vent,,,,,,1,1,1,0,,15.0,15.0,15.0,0.0,1.0,numeric,0.0001,0.9999,1.0
1460,mimiciii.CHARTEVENTS,D5W 100meq NaHC03,,,,,,1,1,1,0,,150.0,150.0,150.0,0.0,1.0,numeric,0.0001,0.9999,1.0
6024,mimiciii.CHARTEVENTS,venous o2 sat,,,,,,1,1,1,0,,79.0,79.0,79.0,0.0,1.0,numeric,0.0001,0.9999,1.0
2126,mimiciii.CHARTEVENTS,Hi/Minute/Vol,,,,,,1,1,1,0,,15.0,15.0,15.0,0.0,1.0,numeric,0.0001,0.9999,1.0
7746,mimiciii.CHARTEVENTS,valproate Level,,,,,,1,1,1,0,,71.0,71.0,71.0,0.0,1.0,numeric,0.0001,0.9999,1.0
5709,mimiciii.CHARTEVENTS,TOX SCREEN,,,,,,1,1,0,0,,,,,0.0,0.0,categorical,0.0001,0.9999,1.0
1458,mimiciii.CHARTEVENTS,L ankle dsg change,,,,,,1,1,0,0,,,,,0.0,0.0,categorical,0.0001,0.9999,1.0
2692,mimiciii.CHARTEVENTS,URINE SODIUM,,,,,,1,1,1,0,,161.0,161.0,161.0,0.0,1.0,numeric,0.0001,0.9999,1.0
6300,mimiciii.CHARTEVENTS,methylene blue test,,,,,,1,1,0,0,,,,,0.0,0.0,categorical,0.0001,0.9999,1.0
7671,mimiciii.CHARTEVENTS,foley size,,,,,,1,1,1,0,,16.0,16.0,16.0,0.0,1.0,numeric,0.0001,0.9999,1.0
3174,mimiciii.CHARTEVENTS,Labetalol mcg/kg/min,,,,,,1,1,0,0,,,,,0.0,0.0,categorical,0.0001,0.9999,1.0
8225,mimiciii.CHARTEVENTS,Effluent Cr,,,,,,1,1,1,0,,2.9,2.9,2.9,0.0,1.0,numeric,0.0001,0.9999,1.0
7121,mimiciii.CHARTEVENTS,TUBE feed sugar levl,,,,,,1,1,1,0,,67.0,67.0,67.0,0.0,1.0,numeric,0.0001,0.9999,1.0
5778,mimiciii.CHARTEVENTS,low mv,,,,,,1,1,1,0,,5.0,5.0,5.0,0.0,1.0,numeric,0.0001,0.9999,1.0
227583,mimiciii.CHARTEVENTS,Autoset/CPAP,Autoset/CPAP,Respiratory,,Text,,1,1,0,0,,,,,0.0,0.0,categorical,0.0001,0.9999,1.0
227537,mimiciii.CHARTEVENTS,ART Blood Pressure Alarm - High,ART BP Alarm - High,Alarms,mmHg,Numeric,,1,1,1,1,mmHg,160.0,160.0,160.0,1.0,1.0,numeric,0.0001,0.9999,1.0
6481,mimiciii.CHARTEVENTS,p lo,,,,,,1,1,1,0,,15.0,15.0,15.0,0.0,1.0,numeric,0.0001,0.9999,1.0
3088,mimiciii.CHARTEVENTS,DEXTRAN 40%,,,,,,1,1,1,0,,30.0,30.0,30.0,0.0,1.0,numeric,0.0001,0.9999,1.0
5743,mimiciii.CHARTEVENTS,NT suction,,,,,,1,1,0,0,,,,,0.0,0.0,categorical,0.0001,0.9999,1.0
6590,mimiciii.CHARTEVENTS,arterial mean #2,,,,,,1,1,1,0,,57.0,57.0,57.0,0.0,1.0,numeric,0.0001,0.9999,1.0
7969,mimiciii.CHARTEVENTS,ATC size,,,,,,1,1,1,0,,7.5,7.5,7.5,0.0,1.0,numeric,0.0001,0.9999,1.0
6466,mimiciii.CHARTEVENTS,P-Low,,,,,,1,1,1,0,,13.0,13.0,13.0,0.0,1.0,numeric,0.0001,0.9999,1.0
1053,mimiciii.CHARTEVENTS,bed/bath linen,,,,,,1,1,0,0,,,,,0.0,0.0,categorical,0.0001,0.9999,1.0
1107,mimiciii.CHARTEVENTS,DEMEROL DRIP,,,,,,1,1,1,0,,50.0,50.0,50.0,0.0,1.0,numeric,0.0001,0.9999,1.0
3140,mimiciii.CHARTEVENTS,Urine Cl-,,,,,,1,1,1,0,,130.0,130.0,130.0,0.0,1.0,numeric,0.0001,0.9999,1.0
1334,mimiciii.CHARTEVENTS,MDI # 4 (drug/puffs),,,,,,1,1,0,0,,,,,0.0,0.0,categorical,0.0001,0.9999,1.0
226892,mimiciii.CHARTEVENTS,Re-admit < 48 hours,Re-admit < 48 hours,General,,Checkbox,,1,1,1,0,,1.0,1.0,1.0,0.0,1.0,numeric,0.0001,0.9999,1.0
227582,mimiciii.CHARTEVENTS,BiPap O2 Flow,BiPap O2 Flow,Respiratory,L/min,Numeric,,1,1,1,1,L/min,2.0,2.0,2.0,1.0,1.0,numeric,0.0001,0.9999,1.0
2988,mimiciii.CHARTEVENTS,ORAL AIRWAY,,,,,,1,1,1,0,,7.5,7.5,7.5,0.0,1.0,numeric,0.0001,0.9999,1.0
6112,mimiciii.CHARTEVENTS,left vent drain,,,,,,1,1,0,0,,,,,0.0,0.0,categorical,0.0001,0.9999,1.0
1726,mimiciii.CHARTEVENTS,HIGH MIN VENT,,,,,,1,1,1,0,,14.0,14.0,14.0,0.0,1.0,numeric,0.0001,0.9999,1.0
8044,mimiciii.CHARTEVENTS,HeliOx press,,,,,,1,1,1,0,,1400.0,1400.0,1400.0,0.0,1.0,numeric,0.0001,0.9999,1.0
2903,mimiciii.CHARTEVENTS,TSH  (NML 0.27-4.2),,,,,,1,1,1,0,,4.7,4.7,4.7,0.0,1.0,numeric,0.0001,0.9999,1.0
1350,mimiciii.CHARTEVENTS,ionized calcium,,,,,,1,1,1,0,,0.86,0.86,0.86,0.0,1.0,numeric,0.0001,0.9999,1.0
7694,mimiciii.CHARTEVENTS,fliud bolus,,,,,,1,1,1,0,,250.0,250.0,250.0,0.0,1.0,numeric,0.0001,0.9999,1.0
5697,mimiciii.CHARTEVENTS,CORTISOL LEVEL PRE,,,,,,1,1,1,0,,20.0,20.0,20.0,0.0,1.0,numeric,0.0001,0.9999,1.0
6170,mimiciii.CHARTEVENTS,Actual PEFR,,,,,,1,1,1,0,,230.0,230.0,230.0,0.0,1.0,numeric,0.0001,0.9999,1.0
3220,mimiciii.CHARTEVENTS,tbili,,,,,,1,1,1,0,,3.6,3.6,3.6,0.0,1.0,numeric,0.0001,0.9999,1.0
7642,mimiciii.CHARTEVENTS,RV DIAST,,,,,,1,1,1,0,,30.0,30.0,30.0,0.0,1.0,numeric,0.0001,0.9999,1.0
7643,mimiciii.CHARTEVENTS,RVSYSTOLIC,,,,,,1,1,1,0,,6.0,6.0,6.0,0.0,1.0,numeric,0.0001,0.9999,1.0
3059,mimiciii.CHARTEVENTS,REE,,,,,,1,1,1,0,,2016.0,2016.0,2016.0,0.0,1.0,numeric,0.0001,0.9999,1.0
2563,mimiciii.CHARTEVENTS,abd girth,,,,,,1,1,1,0,,64.0,64.0,64.0,0.0,1.0,numeric,0.0001,0.9999,1.0
2372,mimiciii.CHARTEVENTS,FICK CO,,,,,,1,1,1,0,,4.67,4.67,4.67,0.0,1.0,numeric,0.0001,0.9999,1.0
1410,mimiciii.CHARTEVENTS,IS,,,,,,1,1,0,0,,,,,0.0,0.0,categorical,0.0001,0.9999,1.0
1220,mimiciii.CHARTEVENTS,Psa02,,,,,,1,1,0,0,,,,,0.0,0.0,categorical,0.0001,0.9999,1.0
6149,mimiciii.CHARTEVENTS,PeCO2,,,,,,1,1,1,0,,20.0,20.0,20.0,0.0,1.0,numeric,0.0001,0.9999,1.0
7958,mimiciii.CHARTEVENTS,Amiodorone mg/hr,,,,,,1,1,0,0,,,,,0.0,0.0,categorical,0.0001,0.9999,1.0
6186,mimiciii.CHARTEVENTS,Paw,,,,,,1,1,1,0,,45.0,45.0,45.0,0.0,1.0,numeric,0.0001,0.9999,1.0
2756,mimiciii.CHARTEVENTS,KETAMINE,,,,,,1,1,0,0,,,,,0.0,0.0,categorical,0.0001,0.9999,1.0
5779,mimiciii.CHARTEVENTS,high    mv,,,,,,1,1,1,0,,16.0,16.0,16.0,0.0,1.0,numeric,0.0001,0.9999,1.0
1918,mimiciii.CHARTEVENTS,Urine Osm,,,,,,1,1,1,0,,399.0,399.0,399.0,0.0,1.0,numeric,0.0001,0.9999,1.0
2686,mimiciii.CHARTEVENTS,TPA MG/MIN,,,,,,1,1,0,0,,,,,0.0,0.0,categorical,0.0001,0.9999,1.0
2688,mimiciii.CHARTEVENTS,URINE CL.,,,,,,1,1,1,0,,145.0,145.0,145.0,0.0,1.0,numeric,0.0001,0.9999,1.0
7111,mimiciii.CHARTEVENTS,papaperine,,,,,,1,1,0,0,,,,,0.0,0.0,categorical,0.0001,0.9999,1.0
7000,mimiciii.CHARTEVENTS,ideal body weight,,,,,,1,1,1,0,,66.1,66.1,66.1,0.0,1.0,numeric,0.0001,0.9999,1.0
2050,mimiciii.CHARTEVENTS,Low MV,,,,,,1,1,1,0,,4.0,4.0,4.0,0.0,1.0,numeric,0.0001,0.9999,1.0
3200,mimiciii.CHARTEVENTS,High Minute Volume m,,,,,,1,1,1,0,,10.5,10.5,10.5,0.0,1.0,numeric,0.0001,0.9999,1.0
2693,mimiciii.CHARTEVENTS,LEPIRUDIN,,,,,,1,1,0,0,,,,,0.0,0.0,categorical,0.0001,0.9999,1.0
7540,mimiciii.CHARTEVENTS,expir pressure,,,,,,1,1,1,0,,35.0,35.0,35.0,0.0,1.0,numeric,0.0001,0.9999,1.0
1553,mimiciii.CHARTEVENTS,flank drsg change,,,,,,1,1,0,0,,,,,0.0,0.0,categorical,0.0001,0.9999,1.0
7961,mimiciii.CHARTEVENTS,T-DISCONNECT,,,,,,1,1,1,0,,0.0,0.0,0.0,0.0,1.0,numeric,0.0001,0.9999,1.0
6014,mimiciii.CHARTEVENTS,PHENYFREE (1.0-2.0),,,,,,1,1,0,0,,,,,0.0,0.0,categorical,0.0001,0.9999,1.0
8014,mimiciii.CHARTEVENTS,T-discon,,,,,,1,1,1,0,,0.0,0.0,0.0,0.0,1.0,numeric,0.0001,0.9999,1.0
1627,mimiciii.CHARTEVENTS,Muco lavg,,,,,,1,1,0,0,,,,,0.0,0.0,categorical,0.0001,0.9999,1.0
6430,mimiciii.CHARTEVENTS,Multipodis Boot,,,,,,1,1,0,0,,,,,0.0,0.0,categorical,0.0001,0.9999,1.0
8220,mimiciii.CHARTEVENTS,Effluent BUN,,,,,,1,1,1,0,,71.0,71.0,71.0,0.0,1.0,numeric,0.0001,0.9999,1.0
7120,mimiciii.CHARTEVENTS,OGT Sugar level,,,,,,1,1,1,0,,308.0,308.0,308.0,0.0,1.0,numeric,0.0001,0.9999,1.0
7639,mimiciii.CHARTEVENTS,T disconnect,,,,,,1,1,1,0,,0.0,0.0,0.0,0.0,1.0,numeric,0.0001,0.9999,1.0
224445,mimiciii.CHARTEVENTS,GI #2 Tube Drainage,GI #2 Tube Drainage,GI/GU,,Text,,1,1,0,0,,,,,0.0,0.0,categorical,0.0001,0.9999,1.0
227577,mimiciii.CHARTEVENTS,BiPap Mode,BiPap Mode,Respiratory,,Text,,1,1,0,0,,,,,0.0,0.0,categorical,0.0001,0.9999,1.0
224715,mimiciii.CHARTEVENTS,SBT Started,SBT Started,Respiratory,,Text,,1,1,0,0,,,,,0.0,0.0,categorical,0.0001,0.9999,1.0
227538,mimiciii.CHARTEVENTS,ART Blood Pressure Alarm - Low,ART BP Alarm - Low,Alarms,mmHg,Numeric,,1,1,1,1,mmHg,90.0,90.0,90.0,1.0,1.0,numeric,0.0001,0.9999,1.0
6483,mimiciii.CHARTEVENTS,t lo,,,,,,1,1,1,0,,0.5,0.5,0.5,0.0,1.0,numeric,0.0001,0.9999,1.0
2974,mimiciii.CHARTEVENTS,FEM LINE MAP,,,,,,1,1,1,0,,135.0,135.0,135.0,0.0,1.0,numeric,0.0001,0.9999,1.0
7778,mimiciii.CHARTEVENTS,Ptp Insp.,,,,,,1,1,1,0,,21.0,21.0,21.0,0.0,1.0,numeric,0.0001,0.9999,1.0
6467,mimiciii.CHARTEVENTS,T-High,,,,,,1,1,1,0,,1.4,1.4,1.4,0.0,1.0,numeric,0.0001,0.9999,1.0
941,mimiciii.CHARTEVENTS,urine culture,,,,,,1,1,0,0,,,,,0.0,0.0,categorical,0.0001,0.9999,1.0
6896,mimiciii.CHARTEVENTS,Rapamycin,,,,,,1,1,1,0,,14.3,14.3,14.3,0.0,1.0,numeric,0.0001,0.9999,1.0
1748,mimiciii.CHARTEVENTS,sse's and fleets,,,,,,1,1,0,0,,,,,0.0,0.0,categorical,0.0001,0.9999,1.0
7948,mimiciii.CHARTEVENTS,30mmol NAPHOS,,,,,,1,1,0,0,,,,,0.0,0.0,categorical,0.0001,0.9999,1.0
1636,mimiciii.CHARTEVENTS,Lavage,,,,,,1,1,0,0,,,,,0.0,0.0,categorical,0.0001,0.9999,1.0
7260,mimiciii.CHARTEVENTS,venous 02sat,,,,,,1,1,1,0,,69.0,69.0,69.0,0.0,1.0,numeric,0.0001,0.9999,1.0
225236,mimiciii.CHARTEVENTS,16 Gauge Reason Discontinued,16 Gauge Reason Discontinued,Access Lines - Peripheral,,Text,,1,1,0,0,,,,,0.0,0.0,categorical,0.0001,0.9999,1.0
223763,mimiciii.CHARTEVENTS,Bladder Pressure,Bladder Pressure,Routine Vital Signs,mmHg,Numeric,,1,1,1,1,mmHg,13.0,13.0,13.0,1.0,1.0,numeric,0.0001,0.9999,1.0
2459,mimiciii.CHARTEVENTS,osomolarity,,,,,,1,1,1,0,,308.0,308.0,308.0,0.0,1.0,numeric,0.0001,0.9999,1.0
2901,mimiciii.CHARTEVENTS,T3   (NML 80-200),,,,,,1,1,1,0,,149.0,149.0,149.0,0.0,1.0,numeric,0.0001,0.9999,1.0
1456,mimiciii.CHARTEVENTS,popliteal pulse r/l,,,,,,1,1,0,0,,,,,0.0,0.0,categorical,0.0001,0.9999,1.0
5771,mimiciii.CHARTEVENTS,Heliox PSI pressure,,,,,,1,1,1,0,,2000.0,2000.0,2000.0,0.0,1.0,numeric,0.0001,0.9999,1.0
2597,mimiciii.CHARTEVENTS,intrathecal cath,,,,,,1,1,1,0,,14.0,14.0,14.0,0.0,1.0,numeric,0.0001,0.9999,1.0
6349,mimiciii.CHARTEVENTS,AUTOPeeP,,,,,,1,1,1,0,,1.5,1.5,1.5,0.0,1.0,numeric,0.0001,0.9999,1.0
5740,mimiciii.CHARTEVENTS,Active ROM RUE/LUE,,,,,,1,1,0,0,,,,,0.0,0.0,categorical,0.0001,0.9999,1.0
5741,mimiciii.CHARTEVENTS,Passive ROM RUE/LUE,,,,,,1,1,0,0,,,,,0.0,0.0,categorical,0.0001,0.9999,1.0
6055,mimiciii.CHARTEVENTS,Peg Care,,,,,,1,1,0,0,,,,,0.0,0.0,categorical,0.0001,0.9999,1.0
5695,mimiciii.CHARTEVENTS,CORTISOL LEVEL 30 MN,,,,,,1,1,1,0,,36.8,36.8,36.8,0.0,1.0,numeric,0.0001,0.9999,1.0
2581,mimiciii.CHARTEVENTS,bladder pres.,,,,,,1,1,1,0,,12.0,12.0,12.0,0.0,1.0,numeric,0.0001,0.9999,1.0
6171,mimiciii.CHARTEVENTS,Pred PEFR,,,,,,1,1,0,0,,,,,0.0,0.0,categorical,0.0001,0.9999,1.0
1747,mimiciii.CHARTEVENTS,l.heel drsg change E,,,,,,1,1,0,0,,,,,0.0,0.0,categorical,0.0001,0.9999,1.0
6122,mimiciii.CHARTEVENTS,PRE OP PREP,,,,,,1,1,0,0,,,,,0.0,0.0,categorical,0.0001,0.9999,1.0
7229,mimiciii.CHARTEVENTS,low Vt,,,,,,1,1,1,0,,400.0,400.0,400.0,0.0,1.0,numeric,0.0001,0.9999,1.0
1490,mimiciii.CHARTEVENTS,oob to chair,,,,,,1,1,0,0,,,,,0.0,0.0,categorical,0.0001,0.9999,1.0
3061,mimiciii.CHARTEVENTS,VCO2,,,,,,1,1,1,0,,238.0,238.0,238.0,0.0,1.0,numeric,0.0001,0.9999,1.0
6238,mimiciii.CHARTEVENTS,propofol,,,,,,1,1,1,0,,0.0,0.0,0.0,0.0,1.0,numeric,0.0001,0.9999,1.0
225417,mimiciii.CHARTEVENTS,Assisted living,Assisted living,Case Management,,Checkbox,,1,1,1,0,,0.0,0.0,0.0,0.0,1.0,numeric,0.0001,0.9999,1.0
225418,mimiciii.CHARTEVENTS,VA hospital,VA hospital,Case Management,,Checkbox,,1,1,1,0,,0.0,0.0,0.0,0.0,1.0,numeric,0.0001,0.9999,1.0
225419,mimiciii.CHARTEVENTS,Hospice inpatient,Hospice inpatient,Case Management,,Checkbox,,1,1,1,0,,0.0,0.0,0.0,0.0,1.0,numeric,0.0001,0.9999,1.0
225411,mimiciii.CHARTEVENTS,Patient on vent,Patient on vent,Case Management,,Text,,1,1,0,0,,,,,0.0,0.0,categorical,0.0001,0.9999,1.0
7850,mimiciii.CHARTEVENTS,Heliox tank PSI,,,,,,1,1,1,0,,1700.0,1700.0,1700.0,0.0,1.0,numeric,0.0001,0.9999,1.0
5768,mimiciii.CHARTEVENTS,Left nephro. tube,,,,,,1,1,0,0,,,,,0.0,0.0,categorical,0.0001,0.9999,1.0
7610,mimiciii.CHARTEVENTS,cardiac index      o,,,,,,1,1,1,0,,2.9,2.9,2.9,0.0,1.0,numeric,0.0001,0.9999,1.0
5649,mimiciii.CHARTEVENTS,PRBCS,,,,,,1,1,0,0,,,,,0.0,0.0,categorical,0.0001,0.9999,1.0
6790,mimiciii.CHARTEVENTS,SSRI #units,,,,,,1,1,0,0,,,,,0.0,0.0,categorical,0.0001,0.9999,1.0
2788,mimiciii.CHARTEVENTS,ABD GIRTH,,,,,,1,1,1,0,,53.0,53.0,53.0,0.0,1.0,numeric,0.0001,0.9999,1.0
5575,mimiciii.CHARTEVENTS,Tank pressure,,,,,,1,1,1,0,,1700.0,1700.0,1700.0,0.0,1.0,numeric,0.0001,0.9999,1.0
1686,mimiciii.CHARTEVENTS,Hi insp. pressure,,,,,,1,1,1,0,,35.0,35.0,35.0,0.0,1.0,numeric,0.0001,0.9999,1.0
8268,mimiciii.CHARTEVENTS,Disconnect Alarm,,,,,,1,1,1,0,,0.0,0.0,0.0,0.0,1.0,numeric,0.0001,0.9999,1.0
6081,mimiciii.CHARTEVENTS,straight cath,,,,,,1,1,0,0,,,,,0.0,0.0,categorical,0.0001,0.9999,1.0
6339,mimiciii.CHARTEVENTS,PRESSURE SUPPORT,,,,,,1,1,1,0,,15.0,15.0,15.0,0.0,1.0,numeric,0.0001,0.9999,1.0
6205,mimiciii.CHARTEVENTS,qt,,,,,,1,1,1,0,,0.33,0.33,0.33,0.0,1.0,numeric,0.0001,0.9999,1.0
1917,mimiciii.CHARTEVENTS,Urine Na+,,,,,,1,1,1,0,,148.0,148.0,148.0,0.0,1.0,numeric,0.0001,0.9999,1.0
1919,mimiciii.CHARTEVENTS,Urine creat,,,,,,1,1,1,0,,27.0,27.0,27.0,0.0,1.0,numeric,0.0001,0.9999,1.0
6434,mimiciii.CHARTEVENTS,RSBI,,,,,,1,1,0,0,,,,,0.0,0.0,categorical,0.0001,0.9999,1.0
2281,mimiciii.CHARTEVENTS,VENT DRAIN,,,,,,1,1,1,0,,12.0,12.0,12.0,0.0,1.0,numeric,0.0001,0.9999,1.0
1649,mimiciii.CHARTEVENTS,Hi MV Alarm Set,,,,,,1,1,1,0,,11.0,11.0,11.0,0.0,1.0,numeric,0.0001,0.9999,1.0
2690,mimiciii.CHARTEVENTS,URINE OSM,,,,,,1,1,1,0,,426.0,426.0,426.0,0.0,1.0,numeric,0.0001,0.9999,1.0
2691,mimiciii.CHARTEVENTS,URINE POTASSIUM,,,,,,1,1,1,0,,20.0,20.0,20.0,0.0,1.0,numeric,0.0001,0.9999,1.0
2398,mimiciii.CHARTEVENTS,MIXED VENOUS SAT,,,,,,1,1,1,0,,57.0,57.0,57.0,0.0,1.0,numeric,0.0001,0.9999,1.0
1042,mimiciii.CHARTEVENTS,acetomenophen,,,,,,1,1,1,0,,24.8,24.8,24.8,0.0,1.0,numeric,0.0001,0.9999,1.0
2681,mimiciii.CHARTEVENTS,FINGERSTICK,,,,,,1,1,1,0,,116.0,116.0,116.0,0.0,1.0,numeric,0.0001,0.9999,1.0
5674,mimiciii.CHARTEVENTS,vest,,,,,,1,1,0,0,,,,,0.0,0.0,categorical,0.0001,0.9999,1.0
3199,mimiciii.CHARTEVENTS,valpro acid,,,,,,1,1,1,0,,52.0,52.0,52.0,0.0,1.0,numeric,0.0001,0.9999,1.0
1099,mimiciii.CHARTEVENTS,tegretol,,,,,,1,1,1,0,,3.2,3.2,3.2,0.0,1.0,numeric,0.0001,0.9999,1.0
2358,mimiciii.CHARTEVENTS,ALBUMIN,,,,,,1,1,1,0,,3.1,3.1,3.1,0.0,1.0,numeric,0.0001,0.9999,1.0
6227,mimiciii.CHARTEVENTS,passy muir valve on,,,,,,1,1,0,0,,,,,0.0,0.0,categorical,0.0001,0.9999,1.0
1571,mimiciii.CHARTEVENTS,ABG,,,,,,1,1,0,0,,,,,0.0,0.0,categorical,0.0001,0.9999,1.0
4817,mimiciii.CHARTEVENTS,IVIG,,,,,,1,1,0,0,,,,,0.0,0.0,categorical,0.0001,0.9999,1.0
8301,mimiciii.CHARTEVENTS,Recruitment pressure,,,,,,1,1,1,0,,35.0,35.0,35.0,0.0,1.0,numeric,0.0001,0.9999,1.0
6480,mimiciii.CHARTEVENTS,p hi,,,,,,1,1,1,0,,35.0,35.0,35.0,0.0,1.0,numeric,0.0001,0.9999,1.0
6482,mimiciii.CHARTEVENTS,t hi,,,,,,1,1,1,0,,2.5,2.5,2.5,0.0,1.0,numeric,0.0001,0.9999,1.0
6058,mimiciii.CHARTEVENTS,uric acid,,,,,,1,1,1,0,,2.6,2.6,2.6,0.0,1.0,numeric,0.0001,0.9999,1.0
6307,mimiciii.CHARTEVENTS,Scleral jaundice,,,,,,1,1,0,0,,,,,0.0,0.0,categorical,0.0001,0.9999,1.0
5947,mimiciii.CHARTEVENTS,NEBS,,,,,,1,1,0,0,,,,,0.0,0.0,categorical,0.0001,0.9999,1.0
1888,mimiciii.CHARTEVENTS,pitressin u/hr,,,,,,1,1,1,0,,2.4,2.4,2.4,0.0,1.0,numeric,0.0001,0.9999,1.0
7041,mimiciii.CHARTEVENTS,vapotherm fio2,,,,,,1,1,1,0,,1.0,1.0,1.0,0.0,1.0,numeric,0.0001,0.9999,1.0
2304,mimiciii.CHARTEVENTS,aprotamine,,,,,,1,1,0,0,,,,,0.0,0.0,categorical,0.0001,0.9999,1.0
7337,mimiciii.CHARTEVENTS,Insp. time,,,,,,1,1,1,0,,1.3,1.3,1.3,0.0,1.0,numeric,0.0001,0.9999,1.0
5855,mimiciii.CHARTEVENTS,t diconnect,,,,,,1,1,1,0,,5.0,5.0,5.0,0.0,1.0,numeric,0.0001,0.9999,1.0
5075,mimiciii.CHARTEVENTS,Bicarb,,,,,,1,1,0,0,,,,,0.0,0.0,categorical,0.0001,0.9999,1.0
5738,mimiciii.CHARTEVENTS,Pericardial flush,,,,,,1,1,0,0,,,,,0.0,0.0,categorical,0.0001,0.9999,1.0
6214,mimiciii.CHARTEVENTS,AMMONIA/12-47 UMOL/L,,,,,,1,1,1,0,,33.0,33.0,33.0,0.0,1.0,numeric,0.0001,0.9999,1.0
3201,mimiciii.CHARTEVENTS,Methylhemaglobin,,,,,,1,1,1,0,,1.0,1.0,1.0,0.0,1.0,numeric,0.0001,0.9999,1.0
2363,mimiciii.CHARTEVENTS,CINA SCALE,,,,,,1,1,1,0,,7.0,7.0,7.0,0.0,1.0,numeric,0.0001,0.9999,1.0
6179,mimiciii.CHARTEVENTS,I TIME,,,,,,1,1,0,0,,,,,0.0,0.0,categorical,0.0001,0.9999,1.0
1124,mimiciii.CHARTEVENTS,NESIRITIDE,,,,,,1,1,0,0,,,,,0.0,0.0,categorical,0.0001,0.9999,1.0
7680,mimiciii.CHARTEVENTS,IoCa,,,,,,1,1,1,0,,1.16,1.16,1.16,0.0,1.0,numeric,0.0001,0.9999,1.0
227458,mimiciii.CHARTEVENTS,Procan,Procan,Labs,None,Numeric with tag,,1,1,1,1,ug/mL,0.4,0.4,0.4,1.0,1.0,numeric,0.0001,0.9999,1.0
227459,mimiciii.CHARTEVENTS,Procan Napa,Procan Napa,Labs,None,Numeric with tag,,1,1,1,1,ug/mL,0.6,0.6,0.6,1.0,1.0,numeric,0.0001,0.9999,1.0
6135,mimiciii.CHARTEVENTS,Ptp exp,,,,,,1,1,1,0,,2.0,2.0,2.0,0.0,1.0,numeric,0.0001,0.9999,1.0
7246,mimiciii.CHARTEVENTS,Cuff pres.,,,,,,1,1,1,0,,10.0,10.0,10.0,0.0,1.0,numeric,0.0001,0.9999,1.0
1545,mimiciii.CHARTEVENTS,hand drsg change,,,,,,1,1,0,0,,,,,0.0,0.0,categorical,0.0001,0.9999,1.0
2582,mimiciii.CHARTEVENTS,uvp,,,,,,1,1,1,0,,12.0,12.0,12.0,0.0,1.0,numeric,0.0001,0.9999,1.0
1165,mimiciii.CHARTEVENTS,Hgb,,,,,,1,1,1,0,,10.2,10.2,10.2,0.0,1.0,numeric,0.0001,0.9999,1.0
7797,mimiciii.CHARTEVENTS,helioox neb flow,,,,,,1,1,1,0,,0.0,0.0,0.0,0.0,1.0,numeric,0.0001,0.9999,1.0
6366,mimiciii.CHARTEVENTS,P HI,,,,,,1,1,1,0,,40.0,40.0,40.0,0.0,1.0,numeric,0.0001,0.9999,1.0
6368,mimiciii.CHARTEVENTS,T HI,,,,,,1,1,1,0,,3.0,3.0,3.0,0.0,1.0,numeric,0.0001,0.9999,1.0
6369,mimiciii.CHARTEVENTS,T LO,,,,,,1,1,1,0,,0.8,0.8,0.8,0.0,1.0,numeric,0.0001,0.9999,1.0
7774,mimiciii.CHARTEVENTS,peak flow pre neb,,,,,,1,1,1,0,,270.0,270.0,270.0,0.0,1.0,numeric,0.0001,0.9999,1.0
1812,mimiciii.CHARTEVENTS,abg: glucose,,,,,,1,1,1,0,,181.0,181.0,181.0,0.0,1.0,numeric,0.0001,0.9999,1.0
225423,mimiciii.CHARTEVENTS,Free care pharmacy ,Free care pharmacy ,Case Management,,Checkbox,,1,1,1,0,,0.0,0.0,0.0,0.0,1.0,numeric,0.0001,0.9999,1.0
225410,mimiciii.CHARTEVENTS,Acute rehab,Acute rehab,Case Management,,Text,,1,1,0,0,,,,,0.0,0.0,categorical,0.0001,0.9999,1.0
224680,mimiciii.CHARTEVENTS,Cuff Volume/units,Units,Respiratory,,Text,,1,1,0,0,,,,,0.0,0.0,categorical,0.0001,0.9999,1.0
3047,mimiciii.CHARTEVENTS,BEDBATH/SHAVED,,,,,,1,1,0,0,,,,,0.0,0.0,categorical,0.0001,0.9999,1.0
6134,mimiciii.CHARTEVENTS,esoph balloon,,,,,,1,1,0,0,,,,,0.0,0.0,categorical,0.0001,0.9999,1.0
7407,mimiciii.CHARTEVENTS,Incentive spir,,,,,,1,1,1,0,,1250.0,1250.0,1250.0,0.0,1.0,numeric,0.0001,0.9999,1.0
7146,mimiciii.CHARTEVENTS,Oxygen #3,,,,,,1,1,1,0,,10.0,10.0,10.0,0.0,1.0,numeric,0.0001,0.9999,1.0
5766,mimiciii.CHARTEVENTS,High mv,,,,,,1,1,1,0,,15.0,15.0,15.0,0.0,1.0,numeric,0.0001,0.9999,1.0
6443,mimiciii.CHARTEVENTS,AMONIA,,,,,,1,1,1,0,,48.0,48.0,48.0,0.0,1.0,numeric,0.0001,0.9999,1.0
2561,mimiciii.CHARTEVENTS,VASOPRESSIN U/HR,,,,,,1,1,1,0,,24.0,24.0,24.0,0.0,1.0,numeric,0.0001,0.9999,1.0
1315,mimiciii.CHARTEVENTS,T-pice,,,,,,1,1,1,0,,15.0,15.0,15.0,0.0,1.0,numeric,0.0001,0.9999,1.0
7919,mimiciii.CHARTEVENTS,Tdisconnect,,,,,,1,1,1,0,,0.0,0.0,0.0,0.0,1.0,numeric,0.0001,0.9999,1.0
1447,mimiciii.CHARTEVENTS,Transpulmonary Pres,,,,,,1,1,0,0,,,,,0.0,0.0,categorical,0.0001,0.9999,1.0
6647,mimiciii.CHARTEVENTS,50% Dextrose gm,,,,,,1,1,1,0,,12.5,12.5,12.5,0.0,1.0,numeric,0.0001,0.9999,1.0
2412,mimiciii.CHARTEVENTS,lipase,,,,,,1,1,1,0,,1415.0,1415.0,1415.0,0.0,1.0,numeric,0.0001,0.9999,1.0
1984,mimiciii.CHARTEVENTS,abd/bldr press,,,,,,1,1,1,0,,9.0,9.0,9.0,0.0,1.0,numeric,0.0001,0.9999,1.0
6940,mimiciii.CHARTEVENTS,BLADDER SCAN AMOUNT,,,,,,1,1,1,0,,65.0,65.0,65.0,0.0,1.0,numeric,0.0001,0.9999,1.0
1189,mimiciii.CHARTEVENTS,finger stick,,,,,,1,1,1,0,,84.0,84.0,84.0,0.0,1.0,numeric,0.0001,0.9999,1.0
2351,mimiciii.CHARTEVENTS,GROIN BP,,,,,,1,1,0,0,,,,,0.0,0.0,categorical,0.0001,0.9999,1.0
6083,mimiciii.CHARTEVENTS,OGT Placement,,,,,,1,1,0,0,,,,,0.0,0.0,categorical,0.0001,0.9999,1.0
6236,mimiciii.CHARTEVENTS,high pip,,,,,,1,1,1,0,,45.0,45.0,45.0,0.0,1.0,numeric,0.0001,0.9999,1.0
7541,mimiciii.CHARTEVENTS,insp pressure      e,,,,,,1,1,1,0,,32.0,32.0,32.0,0.0,1.0,numeric,0.0001,0.9999,1.0
1552,mimiciii.CHARTEVENTS,d5w 10gm ca+ glucon,,,,,,1,1,1,0,,0.0,0.0,0.0,0.0,1.0,numeric,0.0001,0.9999,1.0
6257,mimiciii.CHARTEVENTS,Heated Humid,,,,,,1,1,0,0,,,,,0.0,0.0,categorical,0.0001,0.9999,1.0
7966,mimiciii.CHARTEVENTS,pleural fluid pH,,,,,,1,1,1,0,,7.45,7.45,7.45,0.0,1.0,numeric,0.0001,0.9999,1.0
3253,mimiciii.CHARTEVENTS,Sigh Breath/Pressure,,,,,,1,1,1,0,,4.0,4.0,4.0,0.0,1.0,numeric,0.0001,0.9999,1.0
5984,mimiciii.CHARTEVENTS,TSH NML(0.27-4.2),,,,,,1,1,1,0,,8.8,8.8,8.8,0.0,1.0,numeric,0.0001,0.9999,1.0
1114,mimiciii.CHARTEVENTS,FOLLOWS CONSISTENTLY,,,,,,1,1,0,0,,,,,0.0,0.0,categorical,0.0001,0.9999,1.0
6601,mimiciii.CHARTEVENTS,Auto PeeP,,,,,,1,1,1,0,,1.7,1.7,1.7,0.0,1.0,numeric,0.0001,0.9999,1.0
227578,mimiciii.CHARTEVENTS,BiPap Mask,BiPap Mask,Respiratory,,Text,,1,1,0,0,,,,,0.0,0.0,categorical,0.0001,0.9999,1.0
227452,mimiciii.CHARTEVENTS,Tobramycin (Trough),Tobramycin (Trough),Labs,None,Numeric with tag,,1,1,1,1,ug/mL,0.7,0.7,0.7,1.0,1.0,numeric,0.0001,0.9999,1.0
2880,mimiciii.CHARTEVENTS,A GAP,,,,,,1,1,1,0,,16.0,16.0,16.0,0.0,1.0,numeric,0.0001,0.9999,1.0
7837,mimiciii.CHARTEVENTS,Femoral Compartment,,,,,,1,1,1,0,,15.0,15.0,15.0,0.0,1.0,numeric,0.0001,0.9999,1.0
1646,mimiciii.CHARTEVENTS,RLE drsg change,,,,,,1,1,0,0,,,,,0.0,0.0,categorical,0.0001,0.9999,1.0
7385,mimiciii.CHARTEVENTS,bivona trach measure,,,,,,1,1,1,0,,8.0,8.0,8.0,0.0,1.0,numeric,0.0001,0.9999,1.0
1011,mimiciii.CHARTEVENTS,urine osmolarity,,,,,,1,1,1,0,,320.0,320.0,320.0,0.0,1.0,numeric,0.0001,0.9999,1.0
6826,mimiciii.CHARTEVENTS,mixed venous 02,,,,,,1,1,1,0,,73.0,73.0,73.0,0.0,1.0,numeric,0.0001,0.9999,1.0
2014,mimiciii.CHARTEVENTS,lithium level,,,,,,1,1,1,0,,0.9,0.9,0.9,0.0,1.0,numeric,0.0001,0.9999,1.0
6465,mimiciii.CHARTEVENTS,P-High,,,,,,1,1,1,0,,42.0,42.0,42.0,0.0,1.0,numeric,0.0001,0.9999,1.0
1471,mimiciii.CHARTEVENTS,left leg measurement,,,,,,1,1,0,0,,,,,0.0,0.0,categorical,0.0001,0.9999,1.0
7439,mimiciii.CHARTEVENTS,walking hr,,,,,,1,1,1,0,,80.0,80.0,80.0,0.0,1.0,numeric,0.0001,0.9999,1.0
6045,mimiciii.CHARTEVENTS,1-10 ML 20% MUCOMYST,,,,,,1,1,0,0,,,,,0.0,0.0,categorical,0.0001,0.9999,1.0
224691,mimiciii.CHARTEVENTS,Flow Rate (L/min),Flow Rate (L/min),Respiratory,L/min,Numeric,,1,1,1,1,L/min,0.0,0.0,0.0,1.0,1.0,numeric,0.0001,0.9999,1.0
1095,mimiciii.CHARTEVENTS,cuff leak present,,,,,,1,1,0,0,,,,,0.0,0.0,categorical,0.0001,0.9999,1.0
6008,mimiciii.CHARTEVENTS,SPUTUM INDUCTION,,,,,,1,1,0,0,,,,,0.0,0.0,categorical,0.0001,0.9999,1.0
6540,mimiciii.CHARTEVENTS,IntraABd pressure,,,,,,1,1,1,0,,18.0,18.0,18.0,0.0,1.0,numeric,0.0001,0.9999,1.0
942,mimiciii.CHARTEVENTS,BLOOD CULTURES,,,,,,1,1,0,0,,,,,0.0,0.0,categorical,0.0001,0.9999,1.0
7787,mimiciii.CHARTEVENTS,RLEcomp.pressure,,,,,,1,1,1,0,,68.0,68.0,68.0,0.0,1.0,numeric,0.0001,0.9999,1.0
7293,mimiciii.CHARTEVENTS,VENOUS O2 SAT,,,,,,1,1,1,0,,78.0,78.0,78.0,0.0,1.0,numeric,0.0001,0.9999,1.0
2856,mimiciii.CHARTEVENTS,Potassium phosphate,,,,,,1,1,1,0,,250.0,250.0,250.0,0.0,1.0,numeric,0.0001,0.9999,1.0
2902,mimiciii.CHARTEVENTS,T4  (NML 4.6- 12.0),,,,,,1,1,1,0,,11.0,11.0,11.0,0.0,1.0,numeric,0.0001,0.9999,1.0
6350,mimiciii.CHARTEVENTS,total PeeP,,,,,,1,1,1,0,,6.5,6.5,6.5,0.0,1.0,numeric,0.0001,0.9999,1.0
5880,mimiciii.CHARTEVENTS,low rr,,,,,,1,1,1,0,,8.0,8.0,8.0,0.0,1.0,numeric,0.0001,0.9999,1.0
6047,mimiciii.CHARTEVENTS,Hi insp press,,,,,,1,1,1,0,,45.0,45.0,45.0,0.0,1.0,numeric,0.0001,0.9999,1.0
1628,mimiciii.CHARTEVENTS,Percussive vest,,,,,,1,1,0,0,,,,,0.0,0.0,categorical,0.0001,0.9999,1.0
5562,mimiciii.CHARTEVENTS,Breath Sounds,,,,,,1,1,0,0,,,,,0.0,0.0,categorical,0.0001,0.9999,1.0
6448,mimiciii.CHARTEVENTS,P Lo,,,,,,1,1,1,0,,10.0,10.0,10.0,0.0,1.0,numeric,0.0001,0.9999,1.0
3060,mimiciii.CHARTEVENTS,RQ,,,,,,1,1,1,0,,0.83,0.83,0.83,0.0,1.0,numeric,0.0001,0.9999,1.0
225420,mimiciii.CHARTEVENTS,Hospice home,Hospice home,Case Management,,Checkbox,,1,1,1,0,,0.0,0.0,0.0,0.0,1.0,numeric,0.0001,0.9999,1.0
225421,mimiciii.CHARTEVENTS,DME,DME,Case Management,,Checkbox,,1,1,1,0,,0.0,0.0,0.0,0.0,1.0,numeric,0.0001,0.9999,1.0
225422,mimiciii.CHARTEVENTS,Transportation,Transportation,Case Management,,Checkbox,,1,1,1,0,,0.0,0.0,0.0,0.0,1.0,numeric,0.0001,0.9999,1.0
225413,mimiciii.CHARTEVENTS,Skilled nursing facility,Skilled nursing facility,Case Management,,Text,,1,1,0,0,,,,,0.0,0.0,categorical,0.0001,0.9999,1.0
225415,mimiciii.CHARTEVENTS,Home with services,Home with services,Case Management,,Text,,1,1,0,0,,,,,0.0,0.0,categorical,0.0001,0.9999,1.0
226144,mimiciii.CHARTEVENTS,Case Management discharge plan,Discharge plan,Case Management,,Text,,1,1,0,0,,,,,0.0,0.0,categorical,0.0001,0.9999,1.0
224413,mimiciii.CHARTEVENTS,TOF Response,TOF Response,Pain/Sedation,,Text,,1,1,0,0,,,,,0.0,0.0,categorical,0.0001,0.9999,1.0
226364,mimiciii.INPUTEVENTS_MV,OR Crystalloid Intake,OR Crystalloid Intake,Fluids/Intake,mL,Solution,,1,1,0,0,,,,,0.0,0.0,categorical,0.0001,0.9999,1.0
225855,mimiciii.INPUTEVENTS_MV,Ceftriaxone,Ceftriaxone,Antibiotics,dose,Solution,,1,1,0,0,,,,,0.0,0.0,categorical,0.0001,0.9999,1.0
227523,mimiciii.INPUTEVENTS_MV,Magnesium Sulfate (Bolus),Magnesium Sulfate (Bolus),Medications,mL,Solution,,1,1,1,1,mL/hour,50.0,50.0,50.0,1.0,1.0,numeric,0.0001,0.9999,1.0
225931,mimiciii.INPUTEVENTS_MV,Nutren 2.0 (Full),Nutren 2.0 (Full),Nutrition - Enteral,mL,Solution,,1,1,1,1,mL/hour,55.0,55.0,55.0,1.0,1.0,numeric,0.0001,0.9999,1.0
225851,mimiciii.INPUTEVENTS_MV,Cefepime,Cefepime,Antibiotics,dose,Solution,,1,1,0,0,,,,,0.0,0.0,categorical,0.0001,0.9999,1.0
226875,mimiciii.INPUTEVENTS_MV,Ensure (3/4),Ensure (3/4),Nutrition - Enteral,mL,Solution,,1,1,1,1,mL/hour,90.0901,90.0901,90.0901,1.0,1.0,numeric,0.0001,0.9999,1.0
225825,mimiciii.INPUTEVENTS_MV,D5NS,D5NS,Fluids/Intake,mL,Solution,,1,1,1,1,mL/hour,100.0,100.0,100.0,1.0,1.0,numeric,0.0001,0.9999,1.0
220970,mimiciii.INPUTEVENTS_MV,Fresh Frozen Plasma,FFP,Blood Products/Colloids,mL,Solution,,1,1,1,1,mL/hour,266.0,266.0,266.0,1.0,1.0,numeric,0.0001,0.9999,1.0
225889,mimiciii.INPUTEVENTS_MV,Oxacillin,Oxacillin,Antibiotics,dose,Solution,,1,1,0,0,,,,,0.0,0.0,categorical,0.0001,0.9999,1.0
225834,mimiciii.INPUTEVENTS_MV,K Phos,K Phos,Medications,mmol,Solution,,1,1,0,0,,,,,0.0,0.0,categorical,0.0001,0.9999,1.0
227535,mimiciii.INPUTEVENTS_MV,Vitamin K (Phytonadione),Vitamin K (Phytonadione),Medications,mg,Solution,,1,1,0,0,,,,,0.0,0.0,categorical,0.0001,0.9999,1.0
225892,mimiciii.INPUTEVENTS_MV,Piperacillin,Piperacillin,Antibiotics,dose,Solution,,1,1,0,0,,,,,0.0,0.0,categorical,0.0001,0.9999,1.0
221662,mimiciii.INPUTEVENTS_MV,Dopamine,Dopamine,Medications,mg,Solution,,1,1,1,1,mcg/kg/min,5.0005,5.0005,5.0005,1.0,1.0,numeric,0.0001,0.9999,1.0
46250,mimiciii.INPUTEVENTS_CV,EBL  CVVH,,,,,,1,1,0,0,,,,,0.0,0.0,categorical,0.0001,0.9999,1.0
41164,mimiciii.INPUTEVENTS_CV,CATH LAB U.O.,,,,,,1,1,0,0,,,,,0.0,0.0,categorical,0.0001,0.9999,1.0
44777,mimiciii.INPUTEVENTS_CV,procedure EBL,,,,,,1,1,0,0,,,,,0.0,0.0,categorical,0.0001,0.9999,1.0
44423,mimiciii.INPUTEVENTS_CV,Totals from midnight,,Free Form Intake,,,,1,1,0,0,,,,,0.0,0.0,categorical,0.0001,0.9999,1.0
44048,mimiciii.INPUTEVENTS_CV,Floor cryst,,Free Form Intake,,,,1,1,0,0,,,,,0.0,0.0,categorical,0.0001,0.9999,1.0
44838,mimiciii.INPUTEVENTS_CV,pharesis fluids,,Free Form Intake,,,,1,1,0,0,,,,,0.0,0.0,categorical,0.0001,0.9999,1.0
45486,mimiciii.INPUTEVENTS_CV,Hemo,,,,,,1,1,0,0,,,,,0.0,0.0,categorical,0.0001,0.9999,1.0
44912,mimiciii.INPUTEVENTS_CV,pheresis.,,,,,,1,1,0,0,,,,,0.0,0.0,categorical,0.0001,0.9999,1.0
40989,mimiciii.INPUTEVENTS_CV,Thorancentisis,,,,,,1,1,0,0,,,,,0.0,0.0,categorical,0.0001,0.9999,1.0
41807,mimiciii.INPUTEVENTS_CV,Calcium chloride IVP,,Free Form Intake,,,,1,1,0,0,,,,,0.0,0.0,categorical,0.0001,0.9999,1.0
40404,mimiciii.INPUTEVENTS_CV,endoscopy,,,,,,1,1,0,0,,,,,0.0,0.0,categorical,0.0001,0.9999,1.0
44498,mimiciii.INPUTEVENTS_CV,er ns,,Free Form Intake,,,,1,1,0,0,,,,,0.0,0.0,categorical,0.0001,0.9999,1.0
42947,mimiciii.INPUTEVENTS_CV,ER in,,Free Form Intake,,,,1,1,0,0,,,,,0.0,0.0,categorical,0.0001,0.9999,1.0
45094,mimiciii.INPUTEVENTS_CV,IV CONTRAST,,Free Form Intake,,,,1,1,0,0,,,,,0.0,0.0,categorical,0.0001,0.9999,1.0
42955,mimiciii.INPUTEVENTS_CV,PLASMAKYTE,,Free Form Intake,,,,1,1,0,0,,,,,0.0,0.0,categorical,0.0001,0.9999,1.0
46528,mimiciii.INPUTEVENTS_CV,Floor PO's,,Free Form Intake,,,,1,1,0,0,,,,,0.0,0.0,categorical,0.0001,0.9999,1.0
44924,mimiciii.INPUTEVENTS_CV,3/4str impact w/fib,,Free Form Intake,,,,1,1,0,0,,,,,0.0,0.0,categorical,0.0001,0.9999,1.0
45732,mimiciii.INPUTEVENTS_CV,HD off,,,,,,1,1,0,0,,,,,0.0,0.0,categorical,0.0001,0.9999,1.0
44919,mimiciii.INPUTEVENTS_CV,Plasmaphoresis,,Free Form Intake,,,,1,1,0,0,,,,,0.0,0.0,categorical,0.0001,0.9999,1.0
45787,mimiciii.INPUTEVENTS_CV,uo on floor,,,,,,1,1,0,0,,,,,0.0,0.0,categorical,0.0001,0.9999,1.0
43704,mimiciii.INPUTEVENTS_CV,er in,,Free Form Intake,,,,1,1,0,0,,,,,0.0,0.0,categorical,0.0001,0.9999,1.0
45751,mimiciii.INPUTEVENTS_CV,iv fluids on floor.,,Free Form Intake,,,,1,1,0,0,,,,,0.0,0.0,categorical,0.0001,0.9999,1.0
42671,mimiciii.INPUTEVENTS_CV,free h2o,,Free Form Intake,,,,1,1,0,0,,,,,0.0,0.0,categorical,0.0001,0.9999,1.0
41779,mimiciii.INPUTEVENTS_CV,CSF needle aspirate,,,,,,1,1,0,0,,,,,0.0,0.0,categorical,0.0001,0.9999,1.0
46529,mimiciii.INPUTEVENTS_CV,Floor crystalloid,,Free Form Intake,,,,1,1,0,0,,,,,0.0,0.0,categorical,0.0001,0.9999,1.0
42745,mimiciii.INPUTEVENTS_CV,Pigtail irrigant,,,,,,1,1,0,0,,,,,0.0,0.0,categorical,0.0001,0.9999,1.0
43845,mimiciii.INPUTEVENTS_CV,ascites fld,,,,,,1,1,0,0,,,,,0.0,0.0,categorical,0.0001,0.9999,1.0
46530,mimiciii.INPUTEVENTS_CV,Floor FFP,,Free Form Intake,,,,1,1,0,0,,,,,0.0,0.0,categorical,0.0001,0.9999,1.0
46359,mimiciii.INPUTEVENTS_CV,NS in angio,,Free Form Intake,,,,1,1,0,0,,,,,0.0,0.0,categorical,0.0001,0.9999,1.0
42109,mimiciii.INPUTEVENTS_CV,REPLACEMENT FLUID,,Free Form Intake,,,,1,1,0,0,,,,,0.0,0.0,categorical,0.0001,0.9999,1.0
45339,mimiciii.INPUTEVENTS_CV,CT instill-> talc,,Free Form Intake,,,,1,1,0,0,,,,,0.0,0.0,categorical,0.0001,0.9999,1.0
42186,mimiciii.INPUTEVENTS_CV,Pre admit PRBC,,Free Form Intake,,,,1,1,0,0,,,,,0.0,0.0,categorical,0.0001,0.9999,1.0
45714,mimiciii.INPUTEVENTS_CV,OR EBL,,,,,,1,1,0,0,,,,,0.0,0.0,categorical,0.0001,0.9999,1.0
44397,mimiciii.INPUTEVENTS_CV,cath lab u/o,,,,,,1,1,0,0,,,,,0.0,0.0,categorical,0.0001,0.9999,1.0
42249,mimiciii.INPUTEVENTS_CV,BRBPR,,,,,,1,1,0,0,,,,,0.0,0.0,categorical,0.0001,0.9999,1.0
41677,mimiciii.INPUTEVENTS_CV,Angio IVF,,Free Form Intake,,,,1,1,0,0,,,,,0.0,0.0,categorical,0.0001,0.9999,1.0
46677,mimiciii.INPUTEVENTS_CV,Flush,,Free Form Intake,,,,1,1,0,0,,,,,0.0,0.0,categorical,0.0001,0.9999,1.0
42704,mimiciii.INPUTEVENTS_CV,corlopam,,Free Form Intake,,,,1,1,0,0,,,,,0.0,0.0,categorical,0.0001,0.9999,1.0
42188,mimiciii.INPUTEVENTS_CV,REDI-CAT,,Free Form Intake,,,,1,1,0,0,,,,,0.0,0.0,categorical,0.0001,0.9999,1.0
41739,mimiciii.INPUTEVENTS_CV,TOTAL IN FROM PAPERT,,Free Form Intake,,,,1,1,0,0,,,,,0.0,0.0,categorical,0.0001,0.9999,1.0
45020,mimiciii.INPUTEVENTS_CV,RBC waste,,,,,,1,1,0,0,,,,,0.0,0.0,categorical,0.0001,0.9999,1.0
30147,mimiciii.INPUTEVENTS_CV,Haldol,,,,,,1,1,0,0,,,,,0.0,0.0,categorical,0.0001,0.9999,1.0
42185,mimiciii.INPUTEVENTS_CV,Pre admit FFP,,Free Form Intake,,,,1,1,0,0,,,,,0.0,0.0,categorical,0.0001,0.9999,1.0
44049,mimiciii.INPUTEVENTS_CV,angio cryst,,Free Form Intake,,,,1,1,0,0,,,,,0.0,0.0,categorical,0.0001,0.9999,1.0
41508,mimiciii.INPUTEVENTS_CV,plural fluid,,,,,,1,1,0,0,,,,,0.0,0.0,categorical,0.0001,0.9999,1.0
44873,mimiciii.INPUTEVENTS_CV,plasmapharesis,,Free Form Intake,,,,1,1,0,0,,,,,0.0,0.0,categorical,0.0001,0.9999,1.0
46758,mimiciii.INPUTEVENTS_CV,OR Intake,,Free Form Intake,,,,1,1,0,0,,,,,0.0,0.0,categorical,0.0001,0.9999,1.0
46668,mimiciii.INPUTEVENTS_CV,0.45%ns + 20 meq kcl,,Free Form Intake,,,,1,1,0,0,,,,,0.0,0.0,categorical,0.0001,0.9999,1.0
