db,src_table,label,field_key,evidence,reason
eicu,eicu.lab,MPV,MPV,adjudicated:both_agree,mean platelet volume has no counterpart in the concept catalog
eicu,eicu.lab,magnesium,magnesium,adjudicated:both_agree,serum magnesium is absent from the concept catalog
eicu,eicu.lab,phosphate,phosphate,adjudicated:both_agree,serum phosphate is absent from the concept catalog
eicu,eicu.lab,troponin - I,troponin - I,adjudicated:both_agree,troponin I is a different analyte/assay from the catalog's troponin_t
eicu,eicu.lab,ionized calcium,ionized calcium,adjudicated:both_agree,"ionized fraction, p50 4.46 mg/dL implausible for total calcium which is already eICU-covered"
eicu,eicu.lab,urinary specific gravity,urinary specific gravity,adjudicated:both_agree,urine specific gravity has no counterpart in the concept catalog
eicu,eicu.lab,O2 Content,O2 Content,adjudicated:both_agree,arterial oxygen content (mls/dL) is a derived quantity absent from the catalog
eicu,eicu.lab,triglycerides,triglycerides,adjudicated:both_agree,triglycerides absent from the concept catalog
eicu,eicu.lab,BNP,BNP,adjudicated:both_agree,BNP is a different peptide/assay from ntprobnp; p50 573 pg/mL not interchangeable
eicu,eicu.lab,TSH,TSH,adjudicated:both_agree,thyroid stimulating hormone absent from the concept catalog
eicu,eicu.lab,lipase,lipase,adjudicated:both_agree,lipase absent from the catalog; amylase is a different enzyme
eicu,eicu.lab,Vancomycin - trough,Vancomycin - trough,adjudicated:both_agree,"therapeutic drug level, no corresponding concept"
eicu,eicu.lab,Oxyhemoglobin,Oxyhemoglobin,adjudicated:adjudicated,"fractional O2Hb by co-oximetry, reported alongside a separate O2 Sat (%) analyte in the same table, and the catalog carries its siblings carboxyhemoglobin/methemoglobin but has no oxyhemoglobin entry"
eicu,eicu.lab,total cholesterol,total cholesterol,adjudicated:both_agree,lipid panel analyte absent from the concept catalog
eicu,eicu.lab,HDL,HDL,adjudicated:both_agree,lipid panel analyte absent from the concept catalog
eicu,eicu.lab,serum osmolality,serum osmolality,adjudicated:both_agree,serum osmolality absent from the concept catalog
eicu,eicu.lab,CPK-MB INDEX,CPK-MB INDEX,adjudicated:both_agree,"relative index (%) is a derived ratio, not the ck_mb mass concentration"
eicu,eicu.lab,ammonia,ammonia,adjudicated:both_agree,plasma ammonia absent from the concept catalog
eicu,eicu.lab,Pressure Support,Pressure Support,adjudicated:both_agree,pressure support level has no catalog concept; distinct from peep and plateau_pressure
eicu,eicu.lab,WBC's in urine,WBC's in urine,adjudicated:both_agree,"urine microscopy WBC, different specimen from blood wbc"
eicu,eicu.lab,LDL,LDL,adjudicated:both_agree,lipid panel analyte absent from the concept catalog
eicu,eicu.lab,Vancomycin - random,Vancomycin - random,adjudicated:both_agree,"therapeutic drug level, no corresponding concept"
eicu,eicu.lab,prealbumin,prealbumin,adjudicated:both_agree,prealbumin/transthyretin is a different protein from albumin and absent from the catalog
eicu,eicu.lab,Fe,Fe,adjudicated:both_agree,serum iron absent from the concept catalog
eicu,eicu.lab,urinary sodium,urinary sodium,adjudicated:both_agree,"urine specimen sodium, distinct from serum sodium concept"
eicu,eicu.lab,Ferritin,Ferritin,adjudicated:both_agree,ferritin absent from the concept catalog
eicu,eicu.lab,TIBC,TIBC,adjudicated:both_agree,total iron binding capacity absent from the concept catalog
eicu,eicu.lab,Vitamin B12,Vitamin B12,adjudicated:both_agree,vitamin B12 absent from the concept catalog
eicu,eicu.lab,urinary creatinine,urinary creatinine,adjudicated:both_agree,"urine specimen creatinine, distinct from serum creatinine concept"
eicu,eicu.lab,free T4,free T4,adjudicated:both_agree,thyroid hormone absent from the concept catalog
eicu,eicu.lab,ESR,ESR,adjudicated:both_agree,erythrocyte sedimentation rate absent from the concept catalog
eicu,eicu.lab,ethanol,ethanol,adjudicated:both_agree,toxicology analyte absent from the concept catalog
eicu,eicu.lab,folate,folate,adjudicated:both_agree,serum folate absent from the concept catalog
eicu,eicu.lab,Fe/TIBC Ratio,Fe/TIBC Ratio,adjudicated:both_agree,"iron saturation ratio, derived, absent from the concept catalog"
eicu,eicu.lab,cortisol,cortisol,adjudicated:both_agree,serum cortisol absent from the concept catalog
eicu,eicu.nurseCharting,Vital Signs|CVP|CVP,Vital Signs|CVP|CVP,adjudicated:both_agree,central venous pressure has no concept in the catalog (cpp is cerebral perfusion pressure)
eicu,eicu.nurseCharting,Other Vital Signs and Infusions|Pain Assessment|Value,Other Vital Signs and Infusions|Pain Assessment|Value,adjudicated:both_agree,"categorical nursing pain assessment text, part of the free-text assessment family; no pain_scale concept exists"
eicu,eicu.nurseCharting,Other Vital Signs and Infusions|Pulse Ox  Mode|Value,Other Vital Signs and Infusions|Pulse Ox  Mode|Value,adjudicated:both_agree,"categorical device mode attribute, not a measured quantity"
eicu,eicu.nurseCharting,Other Vital Signs and Infusions|Level of Assistance|Value,Other Vital Signs and Infusions|Level of Assistance|Value,adjudicated:both_agree,"nursing functional-assistance assessment, no catalog concept"
eicu,eicu.nurseCharting,Other Vital Signs and Infusions|P.O.|Value,Other Vital Signs and Infusions|P.O.|Value,adjudicated:both_agree,"oral intake volume (0-781 mL) is fluid intake, not in the concept catalog"
eicu,eicu.nurseCharting,Other Vital Signs and Infusions|Mental Status Assessment|Value,Other Vital Signs and Infusions|Mental Status Assessment|Value,adjudicated:both_agree,"categorical nursing mental-status assessment text, no catalog concept"
eicu,eicu.nurseCharting,Other Vital Signs and Infusions|Respiratory Assessment|Value,Other Vital Signs and Infusions|Respiratory Assessment|Value,adjudicated:both_agree,categorical nursing system assessment free text
eicu,eicu.nurseCharting,Other Vital Signs and Infusions|Neurological Assessment|Value,Other Vital Signs and Infusions|Neurological Assessment|Value,adjudicated:both_agree,categorical nursing system assessment free text
eicu,eicu.nurseCharting,Other Vital Signs and Infusions|CV/ PV Assessment|Value,Other Vital Signs and Infusions|CV/ PV Assessment|Value,adjudicated:both_agree,categorical nursing cardiovascular assessment free text
eicu,eicu.nurseCharting,Other Vital Signs and Infusions|Gastrointestinal Assessment|Value,Other Vital Signs and Infusions|Gastrointestinal Assessment|Value,adjudicated:both_agree,categorical nursing system assessment free text
eicu,eicu.nurseCharting,Other Vital Signs and Infusions|Genitourinary Assessment|Value,Other Vital Signs and Infusions|Genitourinary Assessment|Value,adjudicated:both_agree,categorical nursing system assessment free text
eicu,eicu.nurseCharting,Other Vital Signs and Infusions|Integumentary Assessment|Value,Other Vital Signs and Infusions|Integumentary Assessment|Value,adjudicated:both_agree,"skin assessment, explicitly outside the concept catalog"
eicu,eicu.nurseCharting,Other Vital Signs and Infusions|Musculoskeletal Assessment|Value,Other Vital Signs and Infusions|Musculoskeletal Assessment|Value,adjudicated:both_agree,categorical nursing system assessment free text
eicu,eicu.nurseCharting,"Other Vital Signs and Infusions|Eye, Ear, Nose, Throat Assessment|Value","Other Vital Signs and Infusions|Eye, Ear, Nose, Throat Assessment|Value",adjudicated:both_agree,categorical nursing system assessment free text
eicu,eicu.nurseCharting,Other Vital Signs and Infusions|Symptoms of Delirium Present|Value,Other Vital Signs and Infusions|Symptoms of Delirium Present|Value,adjudicated:adjudicated,"pure Yes/No nursing-assessment flag with no numeric values, distinct from the 0-7 ordinal delirium_score already filled by Scores|Delirium Scale/Score|Delirium Score"
eicu,eicu.respiratoryCharting,respFlowSettings|TV/kg IBW,respFlowSettings|TV/kg IBW,adjudicated:both_agree,"tidal volume normalized to ideal body weight (mL/kg, p50 7.6) is a derived index, not the tidal_volume quantity"
eicu,eicu.respiratoryCharting,respFlowPtVentData|Mean Airway Pressure,respFlowPtVentData|Mean Airway Pressure,adjudicated:both_agree,mean airway pressure has no catalog concept and differs from peep and plateau_pressure
eicu,eicu.respiratoryCharting,respFlowPtVentData|Peak Insp. Pressure,respFlowPtVentData|Peak Insp. Pressure,adjudicated:both_agree,peak inspiratory pressure (p50 23) is distinct from plateau_pressure and absent from the catalog
eicu,eicu.respiratoryCharting,respFlowSettings|Pressure Support,respFlowSettings|Pressure Support,adjudicated:both_agree,"Pressure support ventilator setting (cmH2O, p50~10) has no counterpart concept in the catalog; peep/plateau_pressure are distinct pressures."
eicu,eicu.respiratoryCharting,respFlowSettings|Flow Sensitivity,respFlowSettings|Flow Sensitivity,adjudicated:both_agree,Ventilator trigger flow-sensitivity setting (p50 3 L/min); no matching concept in the catalog.
eicu,eicu.respiratoryCharting,respFlowCareData|Head of Bed Elevation,respFlowCareData|Head of Bed Elevation,adjudicated:both_agree,"Categorical nursing care/positioning documentation, not a measured physiologic concept in the catalog."
eicu,eicu.respiratoryCharting,respFlowPtVentData|Humidifier Temp,respFlowPtVentData|Humidifier Temp,adjudicated:both_agree,"Circuit humidifier device temperature, not patient body temperature; despite mixed C/F range it is a device attribute, so it must not map to temperature."
eicu,eicu.respiratoryCharting,respFlowPtVentData|Compliance,respFlowPtVentData|Compliance,adjudicated:both_agree,"Respiratory system compliance (mL/cmH2O, p50 37) has no corresponding base_concept in the catalog."
eicu,eicu.vitalPeriodic,st2,st2,adjudicated:both_agree,ECG lead ST-segment deviation from the bedside monitor; no ST-segment concept exists in the catalog.
eicu,eicu.vitalPeriodic,st1,st1,adjudicated:both_agree,ECG lead ST-segment deviation from the bedside monitor; no ST-segment concept exists in the catalog.
eicu,eicu.vitalPeriodic,st3,st3,adjudicated:both_agree,ECG lead ST-segment deviation from the bedside monitor; no ST-segment concept exists in the catalog.
eicu,eicu.vitalPeriodic,cvp,cvp,adjudicated:both_agree,"Central venous pressure has no base_concept in the catalog, and the p99 of 332 mmHg further shows an unfiltered artifact-laden channel."
mimic-iii,mimiciii.CHARTEVENTS,Abdominal Assessment,27,adjudicated:both_agree,"abdominal exam assessment, no catalog concept"
mimic-iii,mimiciii.CHARTEVENTS,Activity,31,adjudicated:both_agree,"nursing mobility/activity assessment, no catalog concept"
mimic-iii,mimiciii.CHARTEVENTS,Activity Tolerance,32,adjudicated:both_agree,"tolerance of activity nursing assessment, no catalog concept"
mimic-iii,mimiciii.CHARTEVENTS,Airway Size,39,adjudicated:both_agree,"airway tube size, equipment attribute with no catalog concept"
mimic-iii,mimiciii.CHARTEVENTS,Airway Type,40,adjudicated:both_agree,"artificial airway device type (ETT/trach), distinct from o2_device and ventilator_type"
mimic-iii,mimiciii.CHARTEVENTS,Anti-Embolism [Device],49,adjudicated:both_agree,"DVT prophylaxis device type, no catalog concept"
mimic-iii,mimiciii.CHARTEVENTS,Assistance Device,54,adjudicated:both_agree,"mobility assistance device, no catalog concept"
mimic-iii,mimiciii.CHARTEVENTS,Behavior,77,adjudicated:both_agree,"behavioral status nursing assessment, no catalog concept"
mimic-iii,mimiciii.CHARTEVENTS,Bowel Sounds,80,adjudicated:both_agree,"bowel sounds auscultation finding, no catalog concept"
mimic-iii,mimiciii.CHARTEVENTS,CVP,113,adjudicated:both_agree,central venous pressure; no CVP concept exists in the catalog
mimic-iii,mimiciii.CHARTEVENTS,Circulation/SkinInt,127,adjudicated:both_agree,"circulation/skin integrity composite nursing assessment, no catalog concept"
mimic-iii,mimiciii.CHARTEVENTS,Code Status,128,adjudicated:both_agree,"resuscitation/code status administrative attribute, no catalog concept"
mimic-iii,mimiciii.CHARTEVENTS,Diet Type,154,adjudicated:both_agree,"prescribed diet type, no catalog concept"
mimic-iii,mimiciii.CHARTEVENTS,Dorsal PedPulse [Right],156,adjudicated:both_agree,"right dorsalis pedis pulse palpation finding, no catalog concept"
mimic-iii,mimiciii.CHARTEVENTS,ETT [Mark],157,adjudicated:both_agree,"endotracheal tube depth marking, device attribute with no catalog concept"
mimic-iii,mimiciii.CHARTEVENTS,Education Topic #1,171,adjudicated:both_agree,"patient education topic, no catalog concept"
mimic-iii,mimiciii.CHARTEVENTS,Follows Commands,197,adjudicated:both_agree,"follows-commands neuro screening item, not a GCS subscale value"
mimic-iii,mimiciii.CHARTEVENTS,GI Intub #1 [Type],200,adjudicated:both_agree,"GI tube type, device attribute with no catalog concept"
mimic-iii,mimiciii.CHARTEVENTS,GI#1 Tube [Status],203,adjudicated:both_agree,"GI tube status, device attribute with no catalog concept"
mimic-iii,mimiciii.CHARTEVENTS,HOB,210,adjudicated:both_agree,"head-of-bed positioning, nursing care attribute with no catalog concept"
mimic-iii,mimiciii.CHARTEVENTS,Heart Rhythm,212,adjudicated:both_agree,cardiac rhythm category; no rhythm concept in catalog (ectopy_type is a different attribute)
mimic-iii,mimiciii.CHARTEVENTS,High Insp. Pressure,218,adjudicated:both_agree,"high inspiratory pressure alarm limit (p01 25, p50 exactly 40 cmH2O), not a measured airway pressure and no alarm concept exists"
mimic-iii,mimiciii.CHARTEVENTS,High Resp. Rate,219,adjudicated:both_agree,"high respiratory-rate alarm limit (p50 exactly 35), an alarm bound not a measured respiratory rate"
mimic-iii,mimiciii.CHARTEVENTS,INV Line#1 [Type],229,adjudicated:both_agree,"invasive line type, catheter attribute with no catalog concept"
mimic-iii,mimiciii.CHARTEVENTS,INV Line#1SiteAppear,232,adjudicated:both_agree,"invasive line site appearance assessment, no catalog concept"
mimic-iii,mimiciii.CHARTEVENTS,INV Line#2 [Type],235,adjudicated:both_agree,"second invasive line type, catheter attribute with no catalog concept"
mimic-iii,mimiciii.CHARTEVENTS,Incision/Wound #1,411,adjudicated:both_agree,"incision/wound assessment free text, explicitly outside the catalog"
mimic-iii,mimiciii.CHARTEVENTS,LL Strength/Movement,423,adjudicated:both_agree,"left lower extremity strength assessment, no catalog concept"
mimic-iii,mimiciii.CHARTEVENTS,LLL Lung Sounds,425,adjudicated:both_agree,"auscultation finding for left lower lobe, no catalog concept"
mimic-iii,mimiciii.CHARTEVENTS,LU Strength/Movement,426,adjudicated:both_agree,"left upper extremity strength assessment, no catalog concept"
mimic-iii,mimiciii.CHARTEVENTS,LUL Lung Sounds,428,adjudicated:both_agree,"auscultation finding for left upper lobe, no catalog concept"
mimic-iii,mimiciii.CHARTEVENTS,Level of Conscious,432,adjudicated:both_agree,"nursing level-of-consciousness assessment, distinct from GCS components or delirium scales"
mimic-iii,mimiciii.CHARTEVENTS,Low Exhaled Min Vol,434,adjudicated:both_agree,"low exhaled minute-volume alarm limit (p50 4.4 L/min), an alarm bound rather than measured or set minute ventilation"
mimic-iii,mimiciii.CHARTEVENTS,Mean Airway Pressure,444,adjudicated:both_agree,"mean airway pressure; catalog contains only peep and plateau_pressure, which are different quantities"
mimic-iii,mimiciii.CHARTEVENTS,Oral Care,477,adjudicated:both_agree,"oral care nursing intervention, no catalog concept"
mimic-iii,mimiciii.CHARTEVENTS,Oral Cavity,478,adjudicated:both_agree,"oral cavity inspection finding, no catalog concept"
mimic-iii,mimiciii.CHARTEVENTS,Orientation,479,adjudicated:both_agree,"orientation assessment (oriented x N), no catalog concept"
mimic-iii,mimiciii.CHARTEVENTS,Pain Location,525,adjudicated:both_agree,"anatomic pain location, modifier attribute with no catalog concept"
mimic-iii,mimiciii.CHARTEVENTS,Position,547,adjudicated:both_agree,"body position category, no catalog concept"
mimic-iii,mimiciii.CHARTEVENTS,Position Change,548,adjudicated:both_agree,"repositioning care item, no catalog concept"
mimic-iii,mimiciii.CHARTEVENTS,PostTib. Pulses [Right],549,adjudicated:both_agree,"right posterior tibial pulse palpation finding, no catalog concept"
mimic-iii,mimiciii.CHARTEVENTS,Precautions,550,adjudicated:both_agree,"nursing isolation/safety precautions, no catalog concept"
mimic-iii,mimiciii.CHARTEVENTS,Pupil Response [Right],584,adjudicated:both_agree,"right pupil reactivity neuro exam item, no catalog concept"
mimic-iii,mimiciii.CHARTEVENTS,Pupil Size [Right],585,adjudicated:both_agree,"right pupil size neuro exam item, no catalog concept"
mimic-iii,mimiciii.CHARTEVENTS,RL Strength/Movement,590,adjudicated:both_agree,"right lower extremity strength assessment, no catalog concept"
mimic-iii,mimiciii.CHARTEVENTS,RLL Lung Sounds,593,adjudicated:both_agree,"auscultation finding for right lower lobe, no catalog concept"
mimic-iii,mimiciii.CHARTEVENTS,RU Strength/Movement,596,adjudicated:both_agree,"right upper extremity strength assessment, no catalog concept"
mimic-iii,mimiciii.CHARTEVENTS,RUL Lung Sounds,599,adjudicated:both_agree,"auscultation finding for right upper lobe, no catalog concept"
mimic-iii,mimiciii.CHARTEVENTS,Reason For Restraint,605,adjudicated:both_agree,"documented indication for restraints, no catalog concept"
mimic-iii,mimiciii.CHARTEVENTS,Removed x 5 Mins,610,adjudicated:both_agree,"restraint-release documentation item, no catalog concept"
mimic-iii,mimiciii.CHARTEVENTS,Respiratory Pattern,617,adjudicated:both_agree,"qualitative breathing pattern description, no catalog concept"
mimic-iii,mimiciii.CHARTEVENTS,Restraint Location,621,adjudicated:both_agree,"anatomic location of restraints, modifier attribute with no catalog concept"
mimic-iii,mimiciii.CHARTEVENTS,Restraint Type,622,adjudicated:both_agree,"restraint device type, no catalog concept"
mimic-iii,mimiciii.CHARTEVENTS,Restraints Evaluated,623,adjudicated:both_agree,"restraint reevaluation documentation, no catalog concept"
mimic-iii,mimiciii.CHARTEVENTS,Sensitivity-Vent,631,adjudicated:both_agree,"ventilator trigger sensitivity setting, no corresponding catalog concept"
mimic-iii,mimiciii.CHARTEVENTS,Side Rails,637,adjudicated:both_agree,"bed side-rail safety item, no catalog concept"
mimic-iii,mimiciii.CHARTEVENTS,Skin Integrity,644,adjudicated:both_agree,"skin integrity assessment, explicitly outside the concept catalog"
mimic-iii,mimiciii.CHARTEVENTS,Spontaneous Movement,655,adjudicated:both_agree,"spontaneous movement neuro assessment, no catalog concept"
mimic-iii,mimiciii.CHARTEVENTS,Sputum [Color],656,adjudicated:both_agree,"sputum color descriptor, no catalog concept"
mimic-iii,mimiciii.CHARTEVENTS,Sputum Source,657,adjudicated:both_agree,"sputum collection source, no catalog concept"
mimic-iii,mimiciii.CHARTEVENTS,Support Systems,663,adjudicated:both_agree,"psychosocial support-systems assessment, no catalog concept"
mimic-iii,mimiciii.CHARTEVENTS,Therapeutic Bed,680,adjudicated:both_agree,"specialty bed/support surface equipment, no catalog concept"
mimic-iii,mimiciii.CHARTEVENTS,Turn,704,adjudicated:both_agree,"patient turning/repositioning care item, no catalog concept"
mimic-iii,mimiciii.CHARTEVENTS,Urine [Color],706,adjudicated:both_agree,"urine color descriptor, no catalog concept"
mimic-iii,mimiciii.CHARTEVENTS,Urine Source,707,adjudicated:both_agree,"urine collection source (catheter/void), no catalog concept"
mimic-iii,mimiciii.CHARTEVENTS,calprevflg,742,adjudicated:both_agree,"opaque CareVue flag (constant 1.0, spurious kg unit), not a clinical measurement"
mimic-iii,mimiciii.CHARTEVENTS,Pain Present,1046,adjudicated:both_agree,"binary presence-of-pain flag, not the 0-10 intensity concept pain_score"
mimic-iii,mimiciii.CHARTEVENTS,Range of Motion,1047,adjudicated:both_agree,"range-of-motion mobility assessment, no catalog concept"
mimic-iii,mimiciii.CHARTEVENTS,Pain Assess Method,1087,adjudicated:both_agree,which pain assessment tool was used; catalog has only pain_score and pain_goal
mimic-iii,mimiciii.CHARTEVENTS,Service Type,1125,adjudicated:both_agree,"hospital service line, not the ICU care unit concept first_careunit"
mimic-iii,mimiciii.CHARTEVENTS,GI Prophylaxis [Drug #1],1427,adjudicated:both_agree,"GI prophylaxis drug name; catalog covers only vasoactive drugs, not prophylaxis"
mimic-iii,mimiciii.CHARTEVENTS,Risk for Falls,1484,adjudicated:both_agree,"fall-risk nursing screening, no catalog concept"
mimic-iii,mimiciii.CHARTEVENTS,Alarms,1622,adjudicated:both_agree,"generic alarm-status nursing item, no catalog concept"
mimic-iii,mimiciii.CHARTEVENTS,Parameters Checked,1623,adjudicated:both_agree,"documentation checklist item, no catalog concept"
mimic-iii,mimiciii.CHARTEVENTS,Health Care Proxy,1703,adjudicated:both_agree,"healthcare-proxy administrative field, no catalog concept"
mimic-iii,mimiciii.CHARTEVENTS,ABP Alarm [Low],5813,adjudicated:both_agree,"arterial-line low alarm threshold, device limit not a pressure measurement"
mimic-iii,mimiciii.CHARTEVENTS,CVP Alarm [Low],5814,adjudicated:both_agree,CVP low alarm threshold; neither alarms nor CVP itself exist in the catalog
mimic-iii,mimiciii.CHARTEVENTS,HR Alarm [Low],5815,adjudicated:both_agree,"monitor low-HR alarm threshold, a device limit rather than a measured heart rate"
mimic-iii,mimiciii.CHARTEVENTS,NBP Alarm [Low],5817,adjudicated:both_agree,"NBP low alarm threshold, device limit not a blood-pressure measurement"
mimic-iii,mimiciii.CHARTEVENTS,Resp Alarm [Low],5819,adjudicated:both_agree,"low respiratory-rate alarm threshold, device limit not a measured rate"
mimic-iii,mimiciii.CHARTEVENTS,SpO2 Alarm [Low],5820,adjudicated:both_agree,"low SpO2 alarm threshold, device limit not an oximetry reading"
mimic-iii,mimiciii.CHARTEVENTS,Anti-Embolism [Status],8367,adjudicated:both_agree,"anti-embolism device status, no catalog concept"
mimic-iii,mimiciii.CHARTEVENTS,Dorsal PedPulse [Left],8381,adjudicated:both_agree,"left dorsalis pedis pulse palpation finding, no catalog concept"
mimic-iii,mimiciii.CHARTEVENTS,ETT [Location],8382,adjudicated:both_agree,"endotracheal tube position/location, device attribute with no catalog concept"
mimic-iii,mimiciii.CHARTEVENTS,GI Intub #1 [Site],8388,adjudicated:both_agree,"GI tube insertion site, device attribute with no catalog concept"
mimic-iii,mimiciii.CHARTEVENTS,INV Line#1 [Site],8392,adjudicated:both_agree,"invasive line insertion site, explicitly outside the concept catalog"
mimic-iii,mimiciii.CHARTEVENTS,PostTib. Pulses [Left],8456,adjudicated:both_agree,"left posterior tibial pulse palpation finding, no catalog concept"
mimic-iii,mimiciii.CHARTEVENTS,Pupil Response [Left],8466,adjudicated:both_agree,"left pupil reactivity neuro exam item, no catalog concept"
mimic-iii,mimiciii.CHARTEVENTS,Pupil Size [Left],8467,adjudicated:both_agree,"left pupil size neuro exam item, no catalog concept"
mimic-iii,mimiciii.CHARTEVENTS,Sputum Consistency,8476,adjudicated:both_agree,"sputum consistency descriptor, no catalog concept"
mimic-iii,mimiciii.CHARTEVENTS,Sputum [Amount],8477,adjudicated:both_agree,"sputum amount descriptor, no catalog concept"
mimic-iii,mimiciii.CHARTEVENTS,Urine [Appearance],8480,adjudicated:both_agree,"urine appearance descriptor, no catalog concept"
mimic-iii,mimiciii.CHARTEVENTS,ABP Alarm [High],8547,adjudicated:both_agree,"arterial-line high alarm threshold, device limit not a pressure measurement"
mimic-iii,mimiciii.CHARTEVENTS,CVP Alarm [High],8548,adjudicated:both_agree,CVP high alarm threshold; neither alarms nor CVP itself exist in the catalog
mimic-iii,mimiciii.CHARTEVENTS,HR Alarm [High],8549,adjudicated:both_agree,"monitor high-HR alarm threshold (discretized at 120), device limit not a measurement"
mimic-iii,mimiciii.CHARTEVENTS,NBP Alarm [High],8551,adjudicated:both_agree,"NBP high alarm threshold (discretized at 160), device limit not a measurement"
mimic-iii,mimiciii.CHARTEVENTS,Resp Alarm [High],8553,adjudicated:both_agree,"high respiratory-rate alarm threshold, device limit not a measured rate"
mimic-iii,mimiciii.CHARTEVENTS,SpO2 Alarm [High],8554,adjudicated:both_agree,"high SpO2 alarm threshold (pinned at 100), device limit not a measurement"
mimic-iii,mimiciii.CHARTEVENTS,Apnea Time Interval,50,adjudicated:both_agree,"ventilator apnea alarm time interval, no matching concept"
mimic-iii,mimiciii.CHARTEVENTS,Back Care,72,adjudicated:both_agree,nursing care intervention documentation
mimic-iii,mimiciii.CHARTEVENTS,Braden Activity,82,adjudicated:both_agree,"Braden pressure-ulcer subscale, skin risk assessment"
mimic-iii,mimiciii.CHARTEVENTS,Braden Frict/Shear,83,adjudicated:both_agree,"Braden pressure-ulcer subscale, skin risk assessment"
mimic-iii,mimiciii.CHARTEVENTS,Braden Mobility,84,adjudicated:both_agree,"Braden pressure-ulcer subscale, skin risk assessment"
mimic-iii,mimiciii.CHARTEVENTS,Braden Moisture,85,adjudicated:both_agree,"Braden pressure-ulcer subscale, skin risk assessment"
mimic-iii,mimiciii.CHARTEVENTS,Braden Nutrition,86,adjudicated:both_agree,"Braden pressure-ulcer subscale, skin risk assessment"
mimic-iii,mimiciii.CHARTEVENTS,Braden Score,87,adjudicated:both_agree,"Braden total score 8-21, no pressure-ulcer risk concept in catalog"
mimic-iii,mimiciii.CHARTEVENTS,Braden SensoryPercep,88,adjudicated:both_agree,"Braden pressure-ulcer subscale, skin risk assessment"
mimic-iii,mimiciii.CHARTEVENTS,CT #1 Dressing,95,adjudicated:both_agree,"chest tube dressing status, device site documentation"
mimic-iii,mimiciii.CHARTEVENTS,Communication,130,adjudicated:both_agree,patient communication ability assessment
mimic-iii,mimiciii.CHARTEVENTS,Compliance (40-60ml),131,adjudicated:both_agree,"respiratory system compliance mL/cmH2O, no compliance concept in catalog"
mimic-iii,mimiciii.CHARTEVENTS,Cough Reflex,137,adjudicated:both_agree,"bedside cough reflex assessment, no catalog concept"
mimic-iii,mimiciii.CHARTEVENTS,Education Learner,167,adjudicated:both_agree,"patient education learner identification, nursing documentation"
mimic-iii,mimiciii.CHARTEVENTS,Education Readiness,169,adjudicated:both_agree,"education readiness assessment, nursing documentation"
mimic-iii,mimiciii.CHARTEVENTS,Eye Care,183,adjudicated:both_agree,nursing eye care intervention documentation
mimic-iii,mimiciii.CHARTEVENTS,Family Communication,187,adjudicated:both_agree,family communication event documentation
mimic-iii,mimiciii.CHARTEVENTS,GI#1 Tube PlaceCheck,202,adjudicated:both_agree,"enteral tube placement verification, nursing procedure check"
mimic-iii,mimiciii.CHARTEVENTS,Gag Reflex,208,adjudicated:both_agree,"bedside gag reflex assessment, no catalog concept"
mimic-iii,mimiciii.CHARTEVENTS,I:E Ratio,221,adjudicated:both_agree,"inspiratory:expiratory ratio, no I:E concept in catalog"
mimic-iii,mimiciii.CHARTEVENTS,INV Line#1 Zero/Cal,230,adjudicated:both_agree,transducer zero/calibration event for arterial line
mimic-iii,mimiciii.CHARTEVENTS,INV Line#2 Zero/Cal,236,adjudicated:both_agree,transducer zero/calibration event for second invasive line
mimic-iii,mimiciii.CHARTEVENTS,INV Line#2SiteAppear,238,adjudicated:both_agree,"invasive line site appearance, catheter site assessment"
mimic-iii,mimiciii.CHARTEVENTS,INV Line#3 [Type],241,adjudicated:both_agree,"invasive line type, categorical device attribute"
mimic-iii,mimiciii.CHARTEVENTS,INV Line#3SiteAppear,244,adjudicated:both_agree,invasive line site appearance assessment
mimic-iii,mimiciii.CHARTEVENTS,INV#1 WaveformAppear,283,adjudicated:both_agree,arterial line waveform quality assessment
mimic-iii,mimiciii.CHARTEVENTS,INV#2 WaveformAppear,284,adjudicated:both_agree,second arterial line waveform quality assessment
mimic-iii,mimiciii.CHARTEVENTS,IV #1 [Site],294,adjudicated:both_agree,"peripheral IV site descriptor, not a clinical measurement"
mimic-iii,mimiciii.CHARTEVENTS,IV #2 [Site],297,adjudicated:both_agree,second peripheral IV site descriptor
mimic-iii,mimiciii.CHARTEVENTS,IV Site Appear #1,324,adjudicated:both_agree,"IV site appearance assessment, not a measurement"
mimic-iii,mimiciii.CHARTEVENTS,IV Site Appear #2,325,adjudicated:both_agree,IV site appearance assessment
mimic-iii,mimiciii.CHARTEVENTS,ImpSkin Treatment #1,356,adjudicated:both_agree,"impaired skin treatment, wound care intervention"
mimic-iii,mimiciii.CHARTEVENTS,Impaired Skin Site#1,374,adjudicated:both_agree,"impaired skin site, skin assessment"
mimic-iii,mimiciii.CHARTEVENTS,Impaired Skin Site#2,375,adjudicated:both_agree,"second impaired skin site, skin assessment"
mimic-iii,mimiciii.CHARTEVENTS,Inc #1 [Closure],386,adjudicated:both_agree,"incision closure method, wound assessment"
mimic-iii,mimiciii.CHARTEVENTS,Inc #1 [Drainage],392,adjudicated:both_agree,"incision drainage description, wound assessment"
mimic-iii,mimiciii.CHARTEVENTS,Inc #1 [Dressing],398,adjudicated:both_agree,"incision dressing status, wound care documentation"
mimic-iii,mimiciii.CHARTEVENTS,Inc #2 [Dressing],399,adjudicated:both_agree,"incision dressing status, wound care documentation"
mimic-iii,mimiciii.CHARTEVENTS,Incision/Wound #2,412,adjudicated:both_agree,"incision/wound descriptor, wound assessment"
mimic-iii,mimiciii.CHARTEVENTS,Inspired Gas Temp,417,adjudicated:both_agree,"ventilator circuit inspired gas temperature, not patient body temperature"
mimic-iii,mimiciii.CHARTEVENTS,LCW,421,adjudicated:both_agree,"left cardiac work, no corresponding concept in catalog"
mimic-iii,mimiciii.CHARTEVENTS,LCWI,422,adjudicated:both_agree,"left cardiac work index, no corresponding concept in catalog"
mimic-iii,mimiciii.CHARTEVENTS,LVSW,430,adjudicated:both_agree,"left ventricular stroke work, no corresponding concept in catalog"
mimic-iii,mimiciii.CHARTEVENTS,LVSWI,431,adjudicated:both_agree,"left ventricular stroke work index, no corresponding concept"
mimic-iii,mimiciii.CHARTEVENTS,MDI #1 [Puff],439,adjudicated:both_agree,"metered dose inhaler puff count, medication dosing detail"
mimic-iii,mimiciii.CHARTEVENTS,Neuro Symptoms,465,adjudicated:both_agree,"neurologic symptom checklist, no catalog concept"
mimic-iii,mimiciii.CHARTEVENTS,Pain Cause,522,adjudicated:both_agree,"pain etiology category, descriptor not intensity"
mimic-iii,mimiciii.CHARTEVENTS,Pain Management [Route/Status #1],526,adjudicated:both_agree,"analgesia route/status, medication administration attribute"
mimic-iii,mimiciii.CHARTEVENTS,Pain Type,527,adjudicated:both_agree,"pain quality/type category, a descriptor rather than pain intensity"
mimic-iii,mimiciii.CHARTEVENTS,Peak Insp. Pressure,535,adjudicated:both_agree,peak inspiratory pressure; distinct from plateau_pressure and absent from catalog
mimic-iii,mimiciii.CHARTEVENTS,Pressure Support,578,adjudicated:both_agree,pressure support level cmH2O; no pressure_support concept and not PEEP or plateau pressure
mimic-iii,mimiciii.CHARTEVENTS,Responds to Stimuli [Type],620,adjudicated:both_agree,"nursing neuro responsiveness type, no catalog concept"
mimic-iii,mimiciii.CHARTEVENTS,SVI,625,adjudicated:both_agree,stroke volume index; catalog has sv but no indexed variant
mimic-iii,mimiciii.CHARTEVENTS,Seizure Activity,629,adjudicated:both_agree,"seizure activity observation, no catalog concept"
mimic-iii,mimiciii.CHARTEVENTS,Skin Care,642,adjudicated:both_agree,nursing skin care intervention documentation
mimic-iii,mimiciii.CHARTEVENTS,Speech,648,adjudicated:both_agree,"speech assessment free-text category, no catalog concept"
mimic-iii,mimiciii.CHARTEVENTS,Waveform-Vent,732,adjudicated:both_agree,"ventilator waveform appearance, device display attribute"
mimic-iii,mimiciii.CHARTEVENTS,Magnesium (1.6-2.6),821,adjudicated:both_agree,serum magnesium; no magnesium concept in catalog
mimic-iii,mimiciii.CHARTEVENTS,Phosphorous(2.7-4.5),827,adjudicated:both_agree,serum phosphorus; no phosphate concept in catalog
mimic-iii,mimiciii.CHARTEVENTS,Less Restrict Meas.,1043,adjudicated:both_agree,"less restrictive measures for restraints, nursing documentation"
mimic-iii,mimiciii.CHARTEVENTS,Daily Wake Up,1425,adjudicated:both_agree,"sedation-interruption protocol event, not a sedation score/scale/goal"
mimic-iii,mimiciii.CHARTEVENTS,Magnesium,1532,adjudicated:both_agree,serum magnesium; no magnesium concept in catalog
mimic-iii,mimiciii.CHARTEVENTS,GI Tube #1 [Site],1698,adjudicated:both_agree,"enteral tube insertion site, device attribute"
mimic-iii,mimiciii.CHARTEVENTS,PA line cm Mark,1704,adjudicated:both_agree,"PA catheter insertion depth in cm, device position not a physiologic measure"
mimic-iii,mimiciii.CHARTEVENTS,PAP Alarm [Low],5818,adjudicated:both_agree,"PA pressure low alarm limit, an alarm threshold not a measurement"
mimic-iii,mimiciii.CHARTEVENTS,Ve High,6208,adjudicated:both_agree,"minute ventilation high alarm limit, an alarm threshold rather than measured minute volume"
mimic-iii,mimiciii.CHARTEVENTS,Pt./Family Informed,7915,adjudicated:both_agree,"patient/family informed documentation, communication event"
mimic-iii,mimiciii.CHARTEVENTS,GI#1 Tube [Drain],8390,adjudicated:both_agree,"GI tube drainage description, free-text output documentation"
mimic-iii,mimiciii.CHARTEVENTS,INV Line#2 [Site],8393,adjudicated:both_agree,"invasive line insertion site, a catheter attribute not a measured concept"
mimic-iii,mimiciii.CHARTEVENTS,INV Line#3 [Site],8394,adjudicated:both_agree,"invasive line insertion site, device attribute"
mimic-iii,mimiciii.CHARTEVENTS,IV #1 [Size],8400,adjudicated:both_agree,"IV catheter gauge/size, device attribute"
mimic-iii,mimiciii.CHARTEVENTS,IV #2 [Size],8401,adjudicated:both_agree,"IV catheter gauge/size, device attribute"
mimic-iii,mimiciii.CHARTEVENTS,Inc #1 [Status],8428,adjudicated:both_agree,"incision status descriptor, wound assessment"
mimic-iii,mimiciii.CHARTEVENTS,MDI #1 [Drug],8437,adjudicated:both_agree,"inhaler drug name, medication identifier not a measured concept"
mimic-iii,mimiciii.CHARTEVENTS,Responds to Stimuli [Value],8474,adjudicated:both_agree,"nursing stimulus-response assessment, not GCS or sedation scale"
mimic-iii,mimiciii.CHARTEVENTS,GI Tube #1 [Site],8492,adjudicated:both_agree,"enteral tube insertion site, device attribute"
mimic-iii,mimiciii.CHARTEVENTS,PAP Alarm [High],8552,adjudicated:both_agree,"PA pressure high alarm limit, an alarm threshold not a measurement"
mimic-iii,mimiciii.CHARTEVENTS,Angio Appearance #1 [Attribute 1],43,adjudicated:both_agree,angiography site appearance assessment
mimic-iii,mimiciii.CHARTEVENTS,Angio Dressing #1,45,adjudicated:both_agree,angiography site dressing documentation
mimic-iii,mimiciii.CHARTEVENTS,Angio Site #1,47,adjudicated:both_agree,angiography access site descriptor
mimic-iii,mimiciii.CHARTEVENTS,Atrial Pacemaker [mA],58,adjudicated:both_agree,"atrial pacing output in mA, a pacer device setting"
mimic-iii,mimiciii.CHARTEVENTS,CT #1 Crepitus,93,adjudicated:both_agree,subcutaneous crepitus assessment at chest tube site
mimic-iii,mimiciii.CHARTEVENTS,CT #1 Drainage,94,adjudicated:both_agree,chest tube drainage description
mimic-iii,mimiciii.CHARTEVENTS,CT #1 [Fluctuate],96,adjudicated:both_agree,chest tube fluctuation assessment
mimic-iii,mimiciii.CHARTEVENTS,CT #1 Suction Amount,97,adjudicated:both_agree,"chest tube suction amount, drain attribute"
mimic-iii,mimiciii.CHARTEVENTS,CaO2,114,adjudicated:both_agree,arterial oxygen content ml/dL; no oxygen-content concept in catalog
mimic-iii,mimiciii.CHARTEVENTS,Cerv Collar Status,118,adjudicated:both_agree,"cervical collar status, device attribute"
mimic-iii,mimiciii.CHARTEVENTS,Cervical Collar Type,119,adjudicated:both_agree,"cervical collar type, device attribute"
mimic-iii,mimiciii.CHARTEVENTS,Chest Tube Site #1,122,adjudicated:both_agree,"chest tube site descriptor, a device attribute"
mimic-iii,mimiciii.CHARTEVENTS,Chest Tube Site #2,123,adjudicated:both_agree,chest tube site descriptor
mimic-iii,mimiciii.CHARTEVENTS,Corneal Reflex [Right],135,adjudicated:both_agree,"corneal reflex neuro exam finding, no matching concept"
mimic-iii,mimiciii.CHARTEVENTS,Cough Effort,136,adjudicated:both_agree,cough effort qualitative assessment
mimic-iii,mimiciii.CHARTEVENTS,Cough Type,138,adjudicated:both_agree,cough type qualitative description
mimic-iii,mimiciii.CHARTEVENTS,Cough/Deep Breathe,139,adjudicated:both_agree,cough/deep-breathe activity documentation
mimic-iii,mimiciii.CHARTEVENTS,Cuff Leak,140,adjudicated:both_agree,"cuff leak assessment, airway device attribute"
mimic-iii,mimiciii.CHARTEVENTS,Education Barrier,165,adjudicated:both_agree,patient education barrier documentation
mimic-iii,mimiciii.CHARTEVENTS,Education Handout,166,adjudicated:both_agree,education handout documentation
mimic-iii,mimiciii.CHARTEVENTS,Education Method,168,adjudicated:both_agree,"patient education documentation, not a clinical measure"
mimic-iii,mimiciii.CHARTEVENTS,Education Response,170,adjudicated:both_agree,patient education response documentation
mimic-iii,mimiciii.CHARTEVENTS,Education Topic #2,172,adjudicated:both_agree,education topic documentation
mimic-iii,mimiciii.CHARTEVENTS,GU Catheter Size,207,adjudicated:both_agree,"urinary catheter size, device attribute"
mimic-iii,mimiciii.CHARTEVENTS,Height of Bed,216,adjudicated:both_agree,"bed elevation setting, not patient height"
mimic-iii,mimiciii.CHARTEVENTS,INV Line#3 Zero/Cal,242,adjudicated:both_agree,transducer zero/calibration task documentation
mimic-iii,mimiciii.CHARTEVENTS,INV Line#4 [Type],247,adjudicated:both_agree,"invasive line type, categorical device attribute"
mimic-iii,mimiciii.CHARTEVENTS,INV Line#4SiteAppear,250,adjudicated:both_agree,invasive line site appearance assessment
mimic-iii,mimiciii.CHARTEVENTS,INV#3 WaveformAppear,285,adjudicated:both_agree,invasive line waveform appearance assessment
mimic-iii,mimiciii.CHARTEVENTS,IV #3 [Site],300,adjudicated:both_agree,"IV catheter insertion site, a line attribute not a clinical measurement"
mimic-iii,mimiciii.CHARTEVENTS,IV #4 [Site],303,adjudicated:both_agree,"IV catheter site, line attribute"
mimic-iii,mimiciii.CHARTEVENTS,IV Site Appear #3,326,adjudicated:both_agree,IV site appearance assessment
mimic-iii,mimiciii.CHARTEVENTS,Imp Skin Cleanse #1,338,adjudicated:both_agree,skin cleansing intervention documentation
mimic-iii,mimiciii.CHARTEVENTS,ImpSkin Character #1,344,adjudicated:both_agree,impaired-skin character free-text nursing assessment
mimic-iii,mimiciii.CHARTEVENTS,ImpSkin Character #2,345,adjudicated:both_agree,impaired skin character assessment
mimic-iii,mimiciii.CHARTEVENTS,ImpSkin #1 [Drain],352,adjudicated:both_agree,impaired skin drain description
mimic-iii,mimiciii.CHARTEVENTS,ImpSkin #2 [Drain],353,adjudicated:both_agree,impaired skin drain description
mimic-iii,mimiciii.CHARTEVENTS,ImpSkin Treatment #2,357,adjudicated:both_agree,skin treatment intervention documentation
mimic-iii,mimiciii.CHARTEVENTS,ImpSkin Wound Base#1,362,adjudicated:both_agree,wound base description in skin assessment
mimic-iii,mimiciii.CHARTEVENTS,ImpSkin Wound Base#2,363,adjudicated:both_agree,"wound base description, skin assessment"
mimic-iii,mimiciii.CHARTEVENTS,Impaired Skin Site#3,376,adjudicated:both_agree,"impaired skin site location, skin assessment attribute"
mimic-iii,mimiciii.CHARTEVENTS,Inc #2 [Closure],387,adjudicated:both_agree,"incision closure type, wound assessment"
mimic-iii,mimiciii.CHARTEVENTS,Inc #3 [Closure],388,adjudicated:both_agree,"incision closure type, wound assessment"
mimic-iii,mimiciii.CHARTEVENTS,Inc #2 [Drainage],393,adjudicated:both_agree,incision drainage description
mimic-iii,mimiciii.CHARTEVENTS,Inc #3 [Drainage],394,adjudicated:both_agree,incision drainage description
mimic-iii,mimiciii.CHARTEVENTS,Inc #3 [Dressing],400,adjudicated:both_agree,incision dressing documentation
mimic-iii,mimiciii.CHARTEVENTS,Incentive Spirometry,410,adjudicated:both_agree,"incentive spirometry activity documentation, no matching concept"
mimic-iii,mimiciii.CHARTEVENTS,Incision/Wound #3,413,adjudicated:both_agree,"incision/wound assessment, no matching concept"
mimic-iii,mimiciii.CHARTEVENTS,LLE [Temp],424,adjudicated:both_agree,"left lower extremity warmth assessment, not core temperature"
mimic-iii,mimiciii.CHARTEVENTS,Low Insp. Pressure,436,adjudicated:both_agree,low inspiratory pressure alarm limit; no alarm-threshold concept in catalog
mimic-iii,mimiciii.CHARTEVENTS,MDI #2 [Puff],440,adjudicated:both_agree,"metered-dose inhaler puff count, a medication administration detail"
mimic-iii,mimiciii.CHARTEVENTS,Pacemaker Mode,515,adjudicated:both_agree,"pacemaker mode, a device setting attribute"
mimic-iii,mimiciii.CHARTEVENTS,Pacemaker Type,516,adjudicated:both_agree,"pacemaker device type, a device attribute"
mimic-iii,mimiciii.CHARTEVENTS,Pacer Rate,517,adjudicated:adjudicated,"起搏器设定频率, 属临时心外膜起搏装置参数(邻近518/519/521起搏导线项), 按需起搏下与实测heart_rate不等价, 目录无对应概念"
mimic-iii,mimiciii.CHARTEVENTS,Pacer Wire Condition,518,adjudicated:both_agree,pacing wire condition assessment
mimic-iii,mimiciii.CHARTEVENTS,Pacer Wires Atrial,519,adjudicated:both_agree,"atrial pacing wire count/status, device attribute"
mimic-iii,mimiciii.CHARTEVENTS,Pacer Wires Vent,521,adjudicated:both_agree,"ventricular pacing wire count/status, device attribute"
mimic-iii,mimiciii.CHARTEVENTS,Peak Flow,530,adjudicated:both_agree,peak inspiratory/expiratory flow L/min; distinct from o2_flow and absent from catalog
mimic-iii,mimiciii.CHARTEVENTS,PressSoreTreatment#1,567,adjudicated:both_agree,pressure sore treatment intervention documentation
mimic-iii,mimiciii.CHARTEVENTS,Pressure Sore Site#1,576,adjudicated:both_agree,"pressure sore location, skin assessment attribute"
mimic-iii,mimiciii.CHARTEVENTS,PressureReduceDevice,579,adjudicated:both_agree,pressure-reducing device documentation
mimic-iii,mimiciii.CHARTEVENTS,Procedures,582,adjudicated:both_agree,free-text procedure documentation
mimic-iii,mimiciii.CHARTEVENTS,RCW,588,adjudicated:both_agree,right cardiac work (kg*m); no cardiac-work concept in catalog
mimic-iii,mimiciii.CHARTEVENTS,RCWI,589,adjudicated:both_agree,right cardiac work index; no cardiac-work concept in catalog
mimic-iii,mimiciii.CHARTEVENTS,RLE [Temperature],591,adjudicated:both_agree,"right lower extremity warmth assessment, not core temperature"
mimic-iii,mimiciii.CHARTEVENTS,RLE [Sensation],592,adjudicated:both_agree,extremity sensation neuro assessment
mimic-iii,mimiciii.CHARTEVENTS,RUE [Sensation],598,adjudicated:both_agree,extremity sensation neuro assessment
mimic-iii,mimiciii.CHARTEVENTS,RVSW,601,adjudicated:both_agree,right ventricular stroke work (g*m); no stroke-work concept in catalog
mimic-iii,mimiciii.CHARTEVENTS,RVSWI,602,adjudicated:both_agree,right ventricular stroke work index; no such concept in catalog
mimic-iii,mimiciii.CHARTEVENTS,Radiologic Study,604,adjudicated:both_agree,"radiologic study documentation, no matching concept"
mimic-iii,mimiciii.CHARTEVENTS,Respiratory Effort,616,adjudicated:both_agree,"qualitative respiratory effort description, not respiratory_rate"
mimic-iii,mimiciii.CHARTEVENTS,Significant Events,640,adjudicated:both_agree,free-text significant events narrative
mimic-iii,mimiciii.CHARTEVENTS,Skin Color,643,adjudicated:both_agree,"skin color assessment, categorical nursing observation"
mimic-iii,mimiciii.CHARTEVENTS,Skin [Temperature],645,adjudicated:both_agree,"categorical skin warmth assessment, not the temperature measurement or its site"
mimic-iii,mimiciii.CHARTEVENTS,Stool [Color],659,adjudicated:both_agree,stool color nursing assessment
mimic-iii,mimiciii.CHARTEVENTS,Stool Guaiac,660,adjudicated:both_agree,"stool guaiac occult blood test, no matching lab concept"
mimic-iii,mimiciii.CHARTEVENTS,Stool Management,661,adjudicated:both_agree,stool management/containment device documentation
mimic-iii,mimiciii.CHARTEVENTS,Trach Size,690,adjudicated:both_agree,"tracheostomy tube size, device attribute"
mimic-iii,mimiciii.CHARTEVENTS,Tracheostomy Cuff,691,adjudicated:both_agree,"tracheostomy cuff status, airway device attribute"
mimic-iii,mimiciii.CHARTEVENTS,Tracheostomy Type,692,adjudicated:both_agree,tracheostomy tube type; distinct from ventilator_type (machine)
mimic-iii,mimiciii.CHARTEVENTS,Ventilator No.,721,adjudicated:adjudicated,"单位#、整数1-29为床旁呼吸机设备编号(资产ID), 非通气状态或模式, 目录ventilator来自血气通气标志而非设备编号"
mimic-iii,mimiciii.CHARTEVENTS,Phosphorous,1534,adjudicated:both_agree,serum phosphorus lab; no phosphate concept exists in the catalog
mimic-iii,mimiciii.CHARTEVENTS,Tank A psi.,6206,adjudicated:both_agree,"oxygen cylinder pressure in psi, equipment status not patient data"
mimic-iii,mimiciii.CHARTEVENTS,Tank B psi.,6207,adjudicated:both_agree,"oxygen cylinder pressure in psi, equipment status not patient data"
mimic-iii,mimiciii.CHARTEVENTS,Atrial Pacemaker [Sensitivity],8371,adjudicated:both_agree,"atrial pacing sensitivity setting, device parameter not in catalog"
mimic-iii,mimiciii.CHARTEVENTS,CT #1 [Leak],8373,adjudicated:both_agree,chest tube air leak assessment
mimic-iii,mimiciii.CHARTEVENTS,Corneal Reflex [Left],8380,adjudicated:both_agree,corneal reflex neuro exam finding
mimic-iii,mimiciii.CHARTEVENTS,INV Line#4 [Site],8395,adjudicated:both_agree,"invasive line insertion site, device attribute"
mimic-iii,mimiciii.CHARTEVENTS,IV #3 [Size],8402,adjudicated:both_agree,"IV catheter gauge/size, a device attribute"
mimic-iii,mimiciii.CHARTEVENTS,IV #4 [Size],8403,adjudicated:both_agree,"IV catheter gauge/size, device attribute"
mimic-iii,mimiciii.CHARTEVENTS,Inc #1 [Appearance],8416,adjudicated:both_agree,incision appearance nursing assessment
mimic-iii,mimiciii.CHARTEVENTS,Inc #2 [Appearance],8417,adjudicated:both_agree,incision appearance assessment
mimic-iii,mimiciii.CHARTEVENTS,Inc #1 [Amount],8422,adjudicated:both_agree,"incision drainage amount, wound assessment"
mimic-iii,mimiciii.CHARTEVENTS,Inc #2 [Status],8429,adjudicated:both_agree,incision status nursing assessment
mimic-iii,mimiciii.CHARTEVENTS,Inc #3 [Status],8430,adjudicated:both_agree,incision status assessment
mimic-iii,mimiciii.CHARTEVENTS,LLE [Color],8435,adjudicated:both_agree,extremity color assessment
mimic-iii,mimiciii.CHARTEVENTS,MDI #2 [Drug],8438,adjudicated:both_agree,"inhaler drug name, a medication field"
mimic-iii,mimiciii.CHARTEVENTS,Pain Management [Route/Status #2],8454,adjudicated:both_agree,"analgesia route/status documentation, not a pain severity score"
mimic-iii,mimiciii.CHARTEVENTS,RLE [Color],8468,adjudicated:both_agree,extremity color assessment
mimic-iii,mimiciii.CHARTEVENTS,LLE [Sensation],8469,adjudicated:both_agree,extremity sensation neuro assessment
mimic-iii,mimiciii.CHARTEVENTS,LUE [Sensation],8472,adjudicated:both_agree,extremity sensation neuro assessment
mimic-iii,mimiciii.CHARTEVENTS,Skin Condition,8475,adjudicated:both_agree,skin condition nursing assessment
mimic-iii,mimiciii.CHARTEVENTS,Stool [Consistency],8478,adjudicated:both_agree,stool consistency nursing assessment
mimic-iii,mimiciii.CHARTEVENTS,Atrial Pacemaker [Sense],56,adjudicated:both_agree,"atrial pacemaker sensing status, device categorical attribute"
mimic-iii,mimiciii.CHARTEVENTS,Atrial Pacemaker Threshold [Unit],57,adjudicated:both_agree,"unit label for pacemaker threshold, a modifier attribute not a measurement"
mimic-iii,mimiciii.CHARTEVENTS,BSA,69,adjudicated:both_agree,body surface area (m2) has no corresponding base_concept
mimic-iii,mimiciii.CHARTEVENTS,BSA - English,70,adjudicated:both_agree,"body surface area variant, no BSA concept in catalog"
mimic-iii,mimiciii.CHARTEVENTS,BSA - Metric,71,adjudicated:both_agree,"body surface area variant, no BSA concept in catalog"
mimic-iii,mimiciii.CHARTEVENTS,Bath,76,adjudicated:both_agree,bathing/hygiene nursing intervention
mimic-iii,mimiciii.CHARTEVENTS,CT #2 Drainage,99,adjudicated:both_agree,"chest tube drainage description, device output assessment"
mimic-iii,mimiciii.CHARTEVENTS,CT #2 Dressing,100,adjudicated:both_agree,"chest tube dressing status, nursing device care"
mimic-iii,mimiciii.CHARTEVENTS,CT #2 [Fluctuate],101,adjudicated:both_agree,"chest tube fluctuation, device functional assessment"
mimic-iii,mimiciii.CHARTEVENTS,CT #2 Suction Amount,102,adjudicated:both_agree,"chest tube suction amount as free categorical, no catalog concept"
mimic-iii,mimiciii.CHARTEVENTS,Chest PT [Right],121,adjudicated:both_agree,"chest physiotherapy intervention, not a measurement"
mimic-iii,mimiciii.CHARTEVENTS,Collar Care,129,adjudicated:both_agree,"cervical collar care, nursing intervention"
mimic-iii,mimiciii.CHARTEVENTS,Cuff Pressure-Airway,141,adjudicated:both_agree,"endotracheal cuff pressure (cmH2O, p50 22) is an airway device pressure, not plateau/airway ventilator pressure"
mimic-iii,mimiciii.CHARTEVENTS,ETT Position Change,158,adjudicated:both_agree,"endotracheal tube repositioning event, airway device care"
mimic-iii,mimiciii.CHARTEVENTS,INV Line#4 Zero/Cal,248,adjudicated:both_agree,"invasive line zeroing/calibration event, device maintenance"
mimic-iii,mimiciii.CHARTEVENTS,INV#4 WaveformAppear,286,adjudicated:both_agree,"invasive line waveform appearance is a device/site assessment, not a measured quantity"
mimic-iii,mimiciii.CHARTEVENTS,IV Site Appear #4,327,adjudicated:both_agree,"IV catheter site appearance, a site assessment not a measurement"
mimic-iii,mimiciii.CHARTEVENTS,Imp Skin Cleanse #2,339,adjudicated:both_agree,"skin cleansing intervention, nursing care"
mimic-iii,mimiciii.CHARTEVENTS,ImpSkin Character #3,346,adjudicated:both_agree,"impaired-skin character, nursing skin assessment"
mimic-iii,mimiciii.CHARTEVENTS,ImpSkin #3 [Drain],350,adjudicated:both_agree,"impaired-skin drainage, skin assessment"
mimic-iii,mimiciii.CHARTEVENTS,ImpSkin Treatment #3,358,adjudicated:both_agree,"impaired-skin treatment description, nursing skin assessment"
mimic-iii,mimiciii.CHARTEVENTS,ImpSkin Wound Base#3,364,adjudicated:both_agree,"impaired-skin wound base, skin assessment"
mimic-iii,mimiciii.CHARTEVENTS,LUE [Temp],427,adjudicated:both_agree,"categorical left-upper-extremity warmth on nursing skin assessment, not body temperature"
mimic-iii,mimiciii.CHARTEVENTS,Micro-Neb Treatment,446,adjudicated:both_agree,"nebulizer treatment record with incoherent values (p99 2115), no matching concept"
mimic-iii,mimiciii.CHARTEVENTS,Nursing Consultation,466,adjudicated:both_agree,"nursing consultation record, workflow documentation"
mimic-iii,mimiciii.CHARTEVENTS,O2AV,472,adjudicated:both_agree,oxygen availability/delivery in ml/min; no such concept in catalog
mimic-iii,mimiciii.CHARTEVENTS,O2AVI,473,adjudicated:both_agree,"oxygen availability index (ml/min/m2), not in catalog"
mimic-iii,mimiciii.CHARTEVENTS,PCA 1 Hr Limit (mg),493,adjudicated:both_agree,"PCA hourly dose limit, a pump setting for analgesia"
mimic-iii,mimiciii.CHARTEVENTS,PCA Dose,496,adjudicated:both_agree,PCA analgesic dose; medication dosing not in the concept catalog
mimic-iii,mimiciii.CHARTEVENTS,Patient controlled analgesia (PCA) [Inject],497,adjudicated:both_agree,"PCA injection count, analgesia pump counter"
mimic-iii,mimiciii.CHARTEVENTS,PCA Lockout (Min),498,adjudicated:both_agree,"PCA lockout interval, analgesia pump setting"
mimic-iii,mimiciii.CHARTEVENTS,PCA Medication,499,adjudicated:both_agree,"PCA drug name, medication attribute"
mimic-iii,mimiciii.CHARTEVENTS,PCA Total Dose,500,adjudicated:both_agree,"cumulative PCA dose, medication total not in catalog"
mimic-iii,mimiciii.CHARTEVENTS,Pressure Sore #1 [Stage],551,adjudicated:both_agree,"pressure ulcer stage, skin/wound assessment"
mimic-iii,mimiciii.CHARTEVENTS,Pressure Sore #1 [Drainage],558,adjudicated:both_agree,"pressure ulcer drainage, wound assessment"
mimic-iii,mimiciii.CHARTEVENTS,PressSoreWoundBase#1,570,adjudicated:both_agree,"pressure sore wound base description, skin/wound assessment"
mimic-iii,mimiciii.CHARTEVENTS,RSBI (<200),595,adjudicated:both_agree,rapid shallow breathing index (RR/Vt ratio); no RSBI concept in catalog
mimic-iii,mimiciii.CHARTEVENTS,Untoward Effect,705,adjudicated:both_agree,"untoward/adverse effect narrative, no catalog concept"
mimic-iii,mimiciii.CHARTEVENTS,Ventricular Pacemaker [Sense],717,adjudicated:both_agree,"ventricular pacemaker sensing status, device attribute"
mimic-iii,mimiciii.CHARTEVENTS,Ventricular Pacemaker [mA],719,adjudicated:both_agree,"ventricular pacemaker output in mA, pacing device setting"
mimic-iii,mimiciii.CHARTEVENTS,Warming [Device],731,adjudicated:both_agree,"warming device type is an equipment attribute, no matching concept"
mimic-iii,mimiciii.CHARTEVENTS,Weight Change,733,adjudicated:both_agree,"a weight delta (p50 0, range -6.6 to +10 kg), not the weight measurement itself"
mimic-iii,mimiciii.CHARTEVENTS,Blood Products,783,adjudicated:both_agree,"blood product administration record with degenerate values, not a lab measurement"
mimic-iii,mimiciii.CHARTEVENTS,Allergy 1,916,adjudicated:both_agree,"allergy free text, no catalog concept"
mimic-iii,mimiciii.CHARTEVENTS,Diagnosis/op,917,adjudicated:both_agree,"admission diagnosis/operation free text, not admission_type"
mimic-iii,mimiciii.CHARTEVENTS,Service,919,adjudicated:both_agree,admitting hospital service is distinct from first_careunit (ICU unit)
mimic-iii,mimiciii.CHARTEVENTS,Readmission,924,adjudicated:both_agree,"readmission flag, administrative attribute not in catalog"
mimic-iii,mimiciii.CHARTEVENTS,Marital Status,925,adjudicated:both_agree,marital status demographic not represented in the catalog
mimic-iii,mimiciii.CHARTEVENTS,Religion,926,adjudicated:both_agree,religion is a demographic field absent from the concept catalog
mimic-iii,mimiciii.CHARTEVENTS,Allergy 2,927,adjudicated:both_agree,"allergy free text, no catalog concept"
mimic-iii,mimiciii.CHARTEVENTS,Ext,930,adjudicated:adjudicated,"CareVue admission-form categorical (itemid block 916-935: allergies, service, religion, marital status) with no unit or value distribution; every plausible expansion of 'Ext' lies outside the 136-concept catalog, whose admission-side concepts are already sourced from ADMISSIONS/PATIENTS/ICUSTAYS"
mimic-iii,mimiciii.CHARTEVENTS,Allergy 3,935,adjudicated:both_agree,"allergy free text, no catalog concept"
mimic-iii,mimiciii.CHARTEVENTS,DO2,1390,adjudicated:both_agree,oxygen delivery DO2 in ml/min; no DO2 concept in catalog
mimic-iii,mimiciii.CHARTEVENTS,DO2I,1391,adjudicated:both_agree,oxygen delivery index (ml/min/m2); no DO2I concept in catalog
mimic-iii,mimiciii.CHARTEVENTS,RSBI (<100),1397,adjudicated:both_agree,RSBI variant; no corresponding base_concept
mimic-iii,mimiciii.CHARTEVENTS,zzO2AV,1401,adjudicated:both_agree,"duplicate oxygen availability item (ml/min), no catalog concept"
mimic-iii,mimiciii.CHARTEVENTS,zzO2AVI,1402,adjudicated:both_agree,"duplicate oxygen availability index, no catalog concept"
mimic-iii,mimiciii.CHARTEVENTS,IV #1 Reason DC'D,1479,adjudicated:both_agree,"reason IV line discontinued, catheter management attribute"
mimic-iii,mimiciii.CHARTEVENTS,RSBI Not Completed,1483,adjudicated:both_agree,"flag that RSBI was not performed, a process attribute"
mimic-iii,mimiciii.CHARTEVENTS,Atr Sens Thresh mV,1695,adjudicated:both_agree,"atrial sensing threshold (mV), pacemaker parameter not in catalog"
mimic-iii,mimiciii.CHARTEVENTS,Atr Stim Thresh mA,1696,adjudicated:both_agree,"atrial stimulation threshold (mA), pacemaker parameter"
mimic-iii,mimiciii.CHARTEVENTS,Atrial Pacemaker Sense [mV],1697,adjudicated:both_agree,"atrial pacemaker sensing threshold in mV, pacing device parameter"
mimic-iii,mimiciii.CHARTEVENTS,Vent Sens Thresh mV,1705,adjudicated:both_agree,"ventricular (not ventilator) sensing threshold in mV, pacemaker parameter"
mimic-iii,mimiciii.CHARTEVENTS,Ventricular Pacemaker Sense [mV],1706,adjudicated:both_agree,"ventricular pacemaker sensing in mV, device parameter"
mimic-iii,mimiciii.CHARTEVENTS,Vent Stim Thresh mA,1707,adjudicated:both_agree,"ventricular stimulation threshold (mA), pacemaker parameter"
mimic-iii,mimiciii.CHARTEVENTS,Insulin Guideline,7914,adjudicated:both_agree,"insulin protocol/guideline selection, an order attribute"
mimic-iii,mimiciii.CHARTEVENTS,Angio Appearance #1 [Attribute 2],8365,adjudicated:both_agree,"angiocath site appearance attribute, catheter site assessment"
mimic-iii,mimiciii.CHARTEVENTS,Atrial Pacemaker [Capture],8369,adjudicated:both_agree,"atrial pacemaker capture status, device attribute"
mimic-iii,mimiciii.CHARTEVENTS,Atrial Pacemaker Threshold [Value],8370,adjudicated:both_agree,"pacemaker threshold value in V-mA, device parameter"
mimic-iii,mimiciii.CHARTEVENTS,CT #2 [Leak],8374,adjudicated:both_agree,"chest tube air leak, device assessment"
mimic-iii,mimiciii.CHARTEVENTS,Chest PT [Left],8378,adjudicated:both_agree,"chest physiotherapy intervention, not a measurement"
mimic-iii,mimiciii.CHARTEVENTS,ImpSkin #1 [Amount],8406,adjudicated:both_agree,"impaired-skin drainage amount as category, skin assessment"
mimic-iii,mimiciii.CHARTEVENTS,Inc #3 [Appearance],8418,adjudicated:both_agree,"surgical incision appearance, wound assessment"
mimic-iii,mimiciii.CHARTEVENTS,Inc #2 [Amount],8423,adjudicated:both_agree,"incision drainage amount, wound assessment"
mimic-iii,mimiciii.CHARTEVENTS,LUE [Color],8436,adjudicated:both_agree,"extremity skin color assessment, no catalog concept"
mimic-iii,mimiciii.CHARTEVENTS,Patient controlled analgesia (PCA) [Attempt],8449,adjudicated:both_agree,"PCA attempt count, analgesia pump counter"
mimic-iii,mimiciii.CHARTEVENTS,Pressure Sore #1 [Heal],8457,adjudicated:both_agree,"pressure ulcer healing status, wound assessment"
mimic-iii,mimiciii.CHARTEVENTS,Ventricular Pacemaker [Capture],8482,adjudicated:both_agree,"ventricular pacemaker capture status, device attribute"
mimic-iii,mimiciii.CHARTEVENTS,Ventricular Pacemaker [Sensitivity],8484,adjudicated:both_agree,"ventricular pacemaker sensitivity setting, device parameter"
mimic-iii,mimiciii.CHARTEVENTS,Warming [Status],8485,adjudicated:both_agree,"warming device status, equipment attribute"
mimic-iii,mimiciii.CHARTEVENTS,GI Prophylaxis [Drug #2],8488,adjudicated:both_agree,"GI prophylaxis drug name, medication attribute"
mimic-iii,mimiciii.CHARTEVENTS,Atrial Pacemaker Sense [mA],8491,adjudicated:both_agree,"atrial pacemaker sensing recorded in mA, device parameter"
mimic-iii,mimiciii.CHARTEVENTS,Ventricular Pacemaker Sense [mA],8495,adjudicated:both_agree,"ventricular pacemaker sensing in mA, device parameter"
mimic-iii,mimiciii.CHARTEVENTS,AV Interval,25,adjudicated:both_agree,"pacemaker AV interval in msec, no catalog concept"
mimic-iii,mimiciii.CHARTEVENTS,FIO2 Alarm-High,185,adjudicated:both_agree,"ventilator alarm high threshold, an alarm limit not an FiO2 value"
mimic-iii,mimiciii.CHARTEVENTS,FIO2 Alarm-Low,186,adjudicated:both_agree,"ventilator alarm threshold setting, not the delivered or measured FiO2"
mimic-iii,mimiciii.CHARTEVENTS,GI [Guaiac],199,adjudicated:both_agree,"stool guaiac occult blood test, no catalog concept"
mimic-iii,mimiciii.CHARTEVENTS,ImpSkin #1 [Width],368,adjudicated:both_agree,"skin impairment wound dimension, site assessment not in catalog"
mimic-iii,mimiciii.CHARTEVENTS,ImpSkin #2 [Width],369,adjudicated:both_agree,"wound width in skin assessment, no catalog concept"
mimic-iii,mimiciii.CHARTEVENTS,Inc Cleansing #1,380,adjudicated:both_agree,incision cleansing nursing intervention documentation
mimic-iii,mimiciii.CHARTEVENTS,Inc Cleansing #2,381,adjudicated:both_agree,incision cleansing nursing intervention documentation
mimic-iii,mimiciii.CHARTEVENTS,KneeImmobilizeLoc [Right],419,adjudicated:both_agree,"categorical device placement location, a modifier attribute not a measurement"
mimic-iii,mimiciii.CHARTEVENTS,Neg Insp Force(>-25),459,adjudicated:both_agree,"negative inspiratory force respiratory mechanic, no catalog concept"
mimic-iii,mimiciii.CHARTEVENTS,PressSoreCleansing#1,564,adjudicated:both_agree,"nursing pressure-sore wound care documentation, no catalog concept"
mimic-iii,mimiciii.CHARTEVENTS,Remote Alarm,609,adjudicated:both_agree,"monitor alarm device status, not a physiologic measurement"
mimic-iii,mimiciii.CHARTEVENTS,Spiritual Support,649,adjudicated:both_agree,spiritual support nursing/psychosocial documentation
mimic-iii,mimiciii.CHARTEVENTS,Vital Cap (>1.0)L,730,adjudicated:both_agree,"vital capacity in liters, distinct from tidal_volume and absent from catalog"
mimic-iii,mimiciii.CHARTEVENTS,ACT (102-142),768,adjudicated:both_agree,"activated clotting time, no ACT concept in catalog"
mimic-iii,mimiciii.CHARTEVENTS,Cholesterol (<200),789,adjudicated:both_agree,"total cholesterol, no cholesterol concept in catalog"
mimic-iii,mimiciii.CHARTEVENTS,Dilantin,802,adjudicated:both_agree,"phenytoin (Dilantin) drug level, no drug-level concept in catalog"
mimic-iii,mimiciii.CHARTEVENTS,Serum Osmolality,836,adjudicated:both_agree,"serum osmolality, no osmolality concept in catalog"
mimic-iii,mimiciii.CHARTEVENTS,Triglyceride (0-200),850,adjudicated:both_agree,"triglyceride lab, no triglyceride concept in catalog"
mimic-iii,mimiciii.CHARTEVENTS,Uric Acid (2.7-7.0),853,adjudicated:both_agree,"uric acid lab, no uric acid concept in catalog"
mimic-iii,mimiciii.CHARTEVENTS,Vancomycin/Random,855,adjudicated:both_agree,"vancomycin therapeutic drug level, no drug-level concept in catalog"
mimic-iii,mimiciii.CHARTEVENTS,bath,1063,adjudicated:both_agree,nursing hygiene/bath task documentation
mimic-iii,mimiciii.CHARTEVENTS,Cartridge/Bag Change,1328,adjudicated:both_agree,infusion cartridge/bag change task documentation
mimic-iii,mimiciii.CHARTEVENTS,Initials (2 RNs) [RN #1],1329,adjudicated:both_agree,"nurse initials for double-check, administrative identifier"
mimic-iii,mimiciii.CHARTEVENTS,Med Wasted [Drug],1330,adjudicated:both_agree,"medication waste documentation, administrative"
mimic-iii,mimiciii.CHARTEVENTS,IV #2 Reason DC'D,1480,adjudicated:both_agree,"IV line discontinuation reason, catheter administrative attribute"
mimic-iii,mimiciii.CHARTEVENTS,IV #3 Reason DC'D,1481,adjudicated:both_agree,"IV line discontinuation reason, catheter administrative attribute"
mimic-iii,mimiciii.CHARTEVENTS,IV #4 Reason DC'D,1482,adjudicated:both_agree,"IV line discontinuation reason, catheter administrative attribute"
mimic-iii,mimiciii.CHARTEVENTS,Readmit <48 hrs,1517,adjudicated:both_agree,"administrative readmission flag, not a clinical measurement"
mimic-iii,mimiciii.CHARTEVENTS,ACT,1520,adjudicated:both_agree,"activated clotting time, no ACT concept in catalog"
mimic-iii,mimiciii.CHARTEVENTS,Cholesterol,1524,adjudicated:both_agree,"total cholesterol, no cholesterol concept in catalog"
mimic-iii,mimiciii.CHARTEVENTS,Triglyceride,1540,adjudicated:both_agree,"triglyceride lab, no triglyceride concept in catalog"
mimic-iii,mimiciii.CHARTEVENTS,HOB Measurement,7151,adjudicated:both_agree,"head-of-bed elevation in degrees (unit label mmHg is spurious), no catalog concept"
mimic-iii,mimiciii.CHARTEVENTS,ImpSkin #2 [Amount],8407,adjudicated:both_agree,"skin impairment assessment free-text descriptor, not a measured quantity"
mimic-iii,mimiciii.CHARTEVENTS,ImpSkin #1 [Length],8410,adjudicated:both_agree,"wound length in skin assessment, no catalog concept"
mimic-iii,mimiciii.CHARTEVENTS,Inc #3 [Amount],8424,adjudicated:both_agree,incision drainage amount free-text nursing assessment
mimic-iii,mimiciii.LABEVENTS,SPECIMEN TYPE,50800,adjudicated:both_agree,"blood gas specimen type (arterial/venous) descriptor, a modifier not a measurement concept"
mimic-iii,mimiciii.LABEVENTS,Blue Top Hold,50887,adjudicated:both_agree,"specimen hold tube administrative record, not a measurement"
mimic-iii,mimiciii.LABEVENTS,CK-MB Index,50908,adjudicated:both_agree,"CK-MB relative index in %, a computed ratio distinct from ck_mb mass in ng/mL"
mimic-iii,mimiciii.LABEVENTS,Cortisol,50909,adjudicated:both_agree,"serum cortisol, no cortisol concept in catalog"
mimic-iii,mimiciii.LABEVENTS,Estimated GFR (MDRD equation),50920,adjudicated:both_agree,"estimated GFR (MDRD), a derived quantity absent from catalog"
mimic-iii,mimiciii.LABEVENTS,Green Top Hold (plasma),50933,adjudicated:both_agree,"specimen hold tube administrative record, not a measurement"
mimic-iii,mimiciii.LABEVENTS,Lipase,50956,adjudicated:both_agree,"serum lipase; catalog has amylase but not lipase, a distinct analyte"
mimic-iii,mimiciii.LABEVENTS,Magnesium,50960,adjudicated:both_agree,"serum magnesium, no magnesium concept in catalog"
mimic-iii,mimiciii.LABEVENTS,"Osmolality, Measured",50964,adjudicated:both_agree,"measured serum osmolality, no osmolality concept in catalog"
mimic-iii,mimiciii.LABEVENTS,Phenytoin,50967,adjudicated:both_agree,"phenytoin drug level, no drug-level concept in catalog"
mimic-iii,mimiciii.LABEVENTS,Phosphate,50970,adjudicated:both_agree,"serum phosphate, no phosphate concept in catalog"
mimic-iii,mimiciii.LABEVENTS,Red Top Hold,50979,adjudicated:both_agree,"specimen hold tube administrative record, not a measurement"
mimic-iii,mimiciii.LABEVENTS,Thyroid Stimulating Hormone,50993,adjudicated:both_agree,"thyroid stimulating hormone, no TSH concept in catalog"
mimic-iii,mimiciii.LABEVENTS,Triglycerides,51000,adjudicated:both_agree,"triglycerides, no triglyceride concept in catalog"
mimic-iii,mimiciii.LABEVENTS,Troponin I,51002,adjudicated:both_agree,troponin I is a distinct analyte from the catalog's troponin_t
mimic-iii,mimiciii.LABEVENTS,Uric Acid,51007,adjudicated:both_agree,"uric acid, no uric acid concept in catalog"
mimic-iii,mimiciii.LABEVENTS,Vancomycin,51009,adjudicated:both_agree,"vancomycin trough/level, no drug-level concept in catalog"
mimic-iii,mimiciii.LABEVENTS,"Creatinine, Urine",51082,adjudicated:both_agree,urine creatinine (p50 72 mg/dL) is a distinct analyte from serum creatinine
mimic-iii,mimiciii.LABEVENTS,Length of Urine Collection,51087,adjudicated:both_agree,"urine collection duration in hours, a specimen attribute not a measurement"
mimic-iii,mimiciii.LABEVENTS,"Osmolality, Urine",51093,adjudicated:both_agree,"urine osmolality, no osmolality concept in catalog"
mimic-iii,mimiciii.LABEVENTS,"Sodium, Urine",51100,adjudicated:both_agree,urine sodium (p50 49 mEq/L) is a distinct analyte from serum sodium
mimic-iii,mimiciii.LABEVENTS,Anisocytosis,51137,adjudicated:both_agree,"RBC size variation descriptor from smear, distinct from rdw"
mimic-iii,mimiciii.LABEVENTS,Hypochromia,51233,adjudicated:both_agree,"RBC morphology descriptor from smear, no catalog concept"
mimic-iii,mimiciii.LABEVENTS,Macrocytes,51246,adjudicated:both_agree,"RBC morphology descriptor from smear, no catalog concept"
mimic-iii,mimiciii.LABEVENTS,Microcytes,51252,adjudicated:both_agree,"RBC morphology descriptor from smear, no catalog concept"
mimic-iii,mimiciii.LABEVENTS,Myelocytes,51255,adjudicated:both_agree,myelocytes % is a distinct cell stage from catalog metamyelocytes
mimic-iii,mimiciii.LABEVENTS,Platelet Smear,51266,adjudicated:both_agree,"qualitative platelet smear estimate, distinct from quantitative platelets"
mimic-iii,mimiciii.LABEVENTS,Poikilocytosis,51267,adjudicated:both_agree,"RBC shape variation descriptor from smear, no catalog concept"
mimic-iii,mimiciii.LABEVENTS,Polychromasia,51268,adjudicated:both_agree,"RBC polychromasia descriptor from smear, no catalog concept"
mimic-iii,mimiciii.LABEVENTS,Bacteria,51463,adjudicated:both_agree,"urine bacteria on microscopy, no catalog concept"
mimic-iii,mimiciii.LABEVENTS,Bilirubin,51464,adjudicated:both_agree,"urine dipstick bilirubin in EU/dL, not serum bilirubin"
mimic-iii,mimiciii.LABEVENTS,Blood,51466,adjudicated:both_agree,"urine dipstick blood, urinalysis semiquantitative result"
mimic-iii,mimiciii.LABEVENTS,Epithelial Cells,51476,adjudicated:both_agree,"urine epithelial cells on microscopy, no catalog concept"
mimic-iii,mimiciii.LABEVENTS,Glucose,51478,adjudicated:both_agree,"urine dipstick glucose (p50 250 mg/dL, threshold values) is not serum glucose"
mimic-iii,mimiciii.LABEVENTS,Ketone,51484,adjudicated:both_agree,"urine ketone dipstick, no catalog concept"
mimic-iii,mimiciii.LABEVENTS,Leukocytes,51486,adjudicated:both_agree,"urine leukocyte esterase dipstick, not blood wbc"
mimic-iii,mimiciii.LABEVENTS,Nitrite,51487,adjudicated:both_agree,"urine nitrite dipstick, no catalog concept"
mimic-iii,mimiciii.LABEVENTS,pH,51491,adjudicated:both_agree,"urine dipstick pH (p50 5.6, range 5-8.8) is urinalysis, not the blood gas ph concept"
mimic-iii,mimiciii.LABEVENTS,Protein,51492,adjudicated:both_agree,"urine dipstick protein in mg/dL, not serum total_protein"
mimic-iii,mimiciii.LABEVENTS,RBC,51493,adjudicated:both_agree,"urine RBC per high-power field, microscopy count not blood rbc in m/uL"
mimic-iii,mimiciii.LABEVENTS,Specific Gravity,51498,adjudicated:both_agree,"urine specific gravity from urinalysis, no catalog concept"
mimic-iii,mimiciii.LABEVENTS,Urine Appearance,51506,adjudicated:both_agree,"urine appearance, urinalysis descriptive attribute"
mimic-iii,mimiciii.LABEVENTS,Urine Color,51508,adjudicated:both_agree,"urine color, urinalysis descriptive attribute"
mimic-iii,mimiciii.LABEVENTS,Urobilinogen,51514,adjudicated:both_agree,"urine urobilinogen, no catalog concept"
mimic-iii,mimiciii.LABEVENTS,WBC,51516,adjudicated:both_agree,"urine WBC per high-power field, microscopy count not blood wbc in K/uL"
mimic-iii,mimiciii.LABEVENTS,Yeast,51519,adjudicated:both_agree,"urine yeast on microscopy, no catalog concept"
mimic-iii,mimiciii.CHARTEVENTS,Magnesium,220635,adjudicated:both_agree,serum magnesium is a valid lab but magnesium is absent from the concept catalog
mimic-iii,mimiciii.CHARTEVENTS,Phosphorous,225677,adjudicated:both_agree,"serum phosphorus lab, no phosphate concept in catalog"
mimic-iii,mimiciii.CHARTEVENTS,Marital Status,226381,adjudicated:both_agree,marital status demographic not in catalog
mimic-iii,mimiciii.CHARTEVENTS,Religion,226543,adjudicated:both_agree,religion demographic attribute absent from catalog
mimic-iii,mimiciii.CHARTEVENTS,Language,226544,adjudicated:both_agree,primary language demographic not in catalog
mimic-iii,mimiciii.CHARTEVENTS,Patient Location,227378,adjudicated:both_agree,"current charted patient location, distinct from first_careunit admission attribute"
mimic-iii,mimiciii.LABEVENTS,% Hemoglobin A1c,50852,adjudicated:both_agree,"HbA1c is glycated fraction in %, a distinct concept from hemoglobin (g/dL) and glucose"
mimic-iii,mimiciii.LABEVENTS,Acetaminophen,50856,adjudicated:both_agree,"acetaminophen drug level, no toxicology concept in catalog"
mimic-iii,mimiciii.LABEVENTS,Barbiturate Screen,50879,adjudicated:both_agree,"qualitative barbiturate tox screen, not in catalog"
mimic-iii,mimiciii.LABEVENTS,Benzodiazepine Screen,50880,adjudicated:both_agree,"qualitative benzodiazepine tox screen, not in catalog"
mimic-iii,mimiciii.LABEVENTS,Cholesterol Ratio (Total/HDL),50903,adjudicated:both_agree,"derived lipid ratio, no catalog concept"
mimic-iii,mimiciii.LABEVENTS,"Cholesterol, HDL",50904,adjudicated:both_agree,HDL cholesterol; lipid panel not in catalog
mimic-iii,mimiciii.LABEVENTS,"Cholesterol, LDL, Calculated",50905,adjudicated:both_agree,calculated LDL cholesterol; lipid panel not in catalog
mimic-iii,mimiciii.LABEVENTS,"Cholesterol, Total",50907,adjudicated:both_agree,total cholesterol; lipid panel not in catalog
mimic-iii,mimiciii.LABEVENTS,Digoxin,50917,adjudicated:both_agree,"digoxin therapeutic drug level, no catalog concept"
mimic-iii,mimiciii.LABEVENTS,EDTA Hold,50919,adjudicated:both_agree,"EDTA specimen hold, administrative rather than measurement"
mimic-iii,mimiciii.LABEVENTS,Ethanol,50922,adjudicated:both_agree,"blood ethanol level, no toxicology concept available"
mimic-iii,mimiciii.LABEVENTS,Ferritin,50924,adjudicated:both_agree,ferritin not represented among catalog labs
mimic-iii,mimiciii.LABEVENTS,Folate,50925,adjudicated:both_agree,"folate level, no vitamin assay concept in catalog"
mimic-iii,mimiciii.LABEVENTS,Haptoglobin,50935,adjudicated:both_agree,haptoglobin hemolysis marker absent from catalog
mimic-iii,mimiciii.LABEVENTS,Hepatitis B Surface Antibody,50940,adjudicated:both_agree,"hepatitis B serology, no serology concept in catalog"
mimic-iii,mimiciii.LABEVENTS,Hepatitis B Surface Antigen,50941,adjudicated:both_agree,"hepatitis B serology, no serology concept in catalog"
mimic-iii,mimiciii.LABEVENTS,Hepatitis B Virus Core Antibody,50942,adjudicated:both_agree,"hepatitis B core antibody serology, not in catalog"
mimic-iii,mimiciii.LABEVENTS,Hepatitis C Virus Antibody,50943,adjudicated:both_agree,"hepatitis C antibody serology, not in catalog"
mimic-iii,mimiciii.LABEVENTS,Iron,50952,adjudicated:both_agree,serum iron; no iron-studies concept in catalog
mimic-iii,mimiciii.LABEVENTS,"Iron Binding Capacity, Total",50953,adjudicated:both_agree,total iron binding capacity has no catalog counterpart
mimic-iii,mimiciii.LABEVENTS,Salicylate,50981,adjudicated:both_agree,"salicylate drug level, no toxicology concept available"
mimic-iii,mimiciii.LABEVENTS,"Thyroxine (T4), Free",50995,adjudicated:both_agree,free T4 thyroid assay absent from catalog
mimic-iii,mimiciii.LABEVENTS,Transferrin,50998,adjudicated:both_agree,transferrin is an iron-study protein absent from catalog
mimic-iii,mimiciii.LABEVENTS,Tricyclic Antidepressant Screen,50999,adjudicated:both_agree,"qualitative TCA tox screen, not in catalog"
mimic-iii,mimiciii.LABEVENTS,Vitamin B12,51010,adjudicated:both_agree,vitamin B12 assay absent from catalog
mimic-iii,mimiciii.LABEVENTS,"Amphetamine Screen, Urine",51071,adjudicated:both_agree,"qualitative urine amphetamine screen, not in catalog"
mimic-iii,mimiciii.LABEVENTS,"Barbiturate Screen, Urine",51074,adjudicated:both_agree,"qualitative urine barbiturate screen, not in catalog"
mimic-iii,mimiciii.LABEVENTS,"Benzodiazepine Screen, Urine",51075,adjudicated:both_agree,"qualitative urine benzodiazepine screen, not in catalog"
mimic-iii,mimiciii.LABEVENTS,"Chloride, Urine",51078,adjudicated:adjudicated,"Label explicitly states urine specimen; catalog chloride is a serum analyte and no urine concept exists, with p50 53 and p99 204 mEq/L incompatible with serum chloride"
mimic-iii,mimiciii.LABEVENTS,"Cocaine, Urine",51079,adjudicated:both_agree,"qualitative urine cocaine screen, not in catalog"
mimic-iii,mimiciii.LABEVENTS,"Methadone, Urine",51090,adjudicated:both_agree,"qualitative urine methadone screen, not in catalog"
mimic-iii,mimiciii.LABEVENTS,"Opiate Screen, Urine",51092,adjudicated:both_agree,"qualitative urine opiate screen, not in catalog"
mimic-iii,mimiciii.LABEVENTS,"Potassium, Urine",51097,adjudicated:adjudicated,Label explicitly states urine specimen; p50 35.6 mEq/L is an order of magnitude above serum potassium and no urine potassium concept exists in the catalog
mimic-iii,mimiciii.LABEVENTS,"Total Protein, Urine",51102,adjudicated:adjudicated,"Urine total protein in mg/dL (p50 49.7) is a distinct proteinuria analyte from catalog total_protein, which is serum in g/dL"
mimic-iii,mimiciii.LABEVENTS,"Urea Nitrogen, Urine",51104,adjudicated:adjudicated,"Urine urea nitrogen with p50 450 mg/dL serves nitrogen balance assessment, a different concept from serum bun (7-20 mg/dL), and has no catalog entry"
mimic-iii,mimiciii.LABEVENTS,Basophilic Stippling,51145,adjudicated:both_agree,"basophilic stippling is a smear morphology finding, not the basophils count"
mimic-iii,mimiciii.LABEVENTS,Burr Cells,51151,adjudicated:both_agree,"RBC morphology finding on smear, not a catalog measurement"
mimic-iii,mimiciii.LABEVENTS,Fibrin Degradation Products,51213,adjudicated:both_agree,"FDP is a distinct assay from d_dimer and fibrinogen, no catalog match"
mimic-iii,mimiciii.LABEVENTS,Ovalocytes,51260,adjudicated:both_agree,"RBC morphology finding on smear, not a catalog measurement"
mimic-iii,mimiciii.LABEVENTS,Red Blood Cell Fragments,51278,adjudicated:both_agree,"RBC fragment morphology finding, no catalog concept"
mimic-iii,mimiciii.LABEVENTS,"Reticulocyte Count, Automated",51283,adjudicated:both_agree,reticulocyte percentage; no reticulocyte concept in catalog and distinct from rbc
mimic-iii,mimiciii.LABEVENTS,Schistocytes,51287,adjudicated:both_agree,"schistocyte morphology finding, no catalog concept"
mimic-iii,mimiciii.LABEVENTS,Sedimentation Rate,51288,adjudicated:both_agree,ESR in mm/hr has no catalog counterpart
mimic-iii,mimiciii.LABEVENTS,Teardrop Cells,51296,adjudicated:both_agree,"teardrop cell morphology finding, no catalog concept"
mimic-iii,mimiciii.LABEVENTS,Amorphous Crystals,51462,adjudicated:both_agree,"urine crystal sediment finding, no catalog concept"
mimic-iii,mimiciii.LABEVENTS,Granular Casts,51479,adjudicated:both_agree,"urine granular cast count per lpf, urinalysis microscopy not in catalog"
mimic-iii,mimiciii.LABEVENTS,Hyaline Casts,51482,adjudicated:both_agree,"urine cast count per lpf, urinalysis microscopy not in catalog"
mimic-iii,mimiciii.LABEVENTS,Transitional Epithelial Cells,51501,adjudicated:both_agree,"urine epithelial cell count per hpf, urinalysis microscopy not in catalog"
mimic-iii,mimiciii.LABEVENTS,Urine Mucous,51512,adjudicated:both_agree,"urine sediment mucous, qualitative urinalysis item not in catalog"
mimic-iii,mimiciii.LABEVENTS,GR HOLD,51523,adjudicated:both_agree,"specimen hold/administrative item, not a clinical measurement"
mimic-iv,mimiciv.hosp.labevents,% Hemoglobin A1c,50852,adjudicated:both_agree,"hemoglobin A1c % is a glycation marker, not hemoglobin concentration"
mimic-iv,mimiciv.hosp.labevents,Blue Top Hold,50887,adjudicated:both_agree,"specimen hold tube record, not a clinical measurement"
mimic-iv,mimiciv.hosp.labevents,Cholesterol Ratio (Total/HDL),50903,adjudicated:both_agree,"derived cholesterol ratio, no catalog concept"
mimic-iv,mimiciv.hosp.labevents,"Cholesterol, HDL",50904,adjudicated:both_agree,"HDL cholesterol, no catalog concept"
mimic-iv,mimiciv.hosp.labevents,"Cholesterol, LDL, Calculated",50905,adjudicated:both_agree,"calculated LDL cholesterol, no catalog concept"
mimic-iv,mimiciv.hosp.labevents,"Cholesterol, Total",50907,adjudicated:both_agree,"total cholesterol, no catalog concept"
mimic-iv,mimiciv.hosp.labevents,CK-MB Index,50908,adjudicated:both_agree,"CK-MB relative index in % is a derived ratio, not ck_mb mass in ng/mL"
mimic-iv,mimiciv.hosp.labevents,Cortisol,50909,adjudicated:both_agree,"cortisol, no catalog concept"
mimic-iv,mimiciv.hosp.labevents,EDTA Hold,50919,adjudicated:both_agree,"specimen hold tube record, not a clinical measurement"
mimic-iv,mimiciv.hosp.labevents,Estimated GFR (MDRD equation),50920,adjudicated:both_agree,"derived estimated GFR, no eGFR concept in the catalog"
mimic-iv,mimiciv.hosp.labevents,Ferritin,50924,adjudicated:both_agree,"ferritin, no catalog concept"
mimic-iv,mimiciv.hosp.labevents,Green Top Hold (plasma),50933,adjudicated:both_agree,"specimen hold tube record, not a clinical measurement"
mimic-iv,mimiciv.hosp.labevents,H,50934,adjudicated:both_agree,"hemolysis index (specimen quality flag), no catalog concept"
mimic-iv,mimiciv.hosp.labevents,Haptoglobin,50935,adjudicated:both_agree,"haptoglobin, no catalog concept"
mimic-iv,mimiciv.hosp.labevents,Hepatitis B Surface Antibody,50940,adjudicated:both_agree,"hepatitis B surface antibody serology, no catalog concept"
mimic-iv,mimiciv.hosp.labevents,Hepatitis B Surface Antigen,50941,adjudicated:both_agree,"hepatitis B surface antigen serology, no catalog concept"
mimic-iv,mimiciv.hosp.labevents,Hepatitis B Virus Core Antibody,50942,adjudicated:both_agree,"hepatitis B core antibody serology, no catalog concept"
mimic-iv,mimiciv.hosp.labevents,Hepatitis C Virus Antibody,50943,adjudicated:both_agree,"hepatitis C antibody serology, no catalog concept"
mimic-iv,mimiciv.hosp.labevents,I,50947,adjudicated:both_agree,"icterus index (specimen quality flag), no catalog concept"
mimic-iv,mimiciv.hosp.labevents,Iron,50952,adjudicated:both_agree,"serum iron, no catalog concept"
mimic-iv,mimiciv.hosp.labevents,"Iron Binding Capacity, Total",50953,adjudicated:both_agree,"total iron binding capacity, no catalog concept"
mimic-iv,mimiciv.hosp.labevents,Lipase,50956,adjudicated:both_agree,lipase is a distinct enzyme from amylase and absent from the catalog
mimic-iv,mimiciv.hosp.labevents,Magnesium,50960,adjudicated:both_agree,serum magnesium has no matching base_concept in the catalog
mimic-iv,mimiciv.hosp.labevents,"Osmolality, Measured",50964,adjudicated:both_agree,"serum osmolality mOsm/kg, no catalog concept"
mimic-iv,mimiciv.hosp.labevents,Phosphate,50970,adjudicated:both_agree,serum phosphate has no matching base_concept in the catalog
mimic-iv,mimiciv.hosp.labevents,Red Top Hold,50979,adjudicated:both_agree,"specimen hold tube record, not a clinical measurement"
mimic-iv,mimiciv.hosp.labevents,Thyroid Stimulating Hormone,50993,adjudicated:both_agree,"thyroid stimulating hormone, no catalog concept"
mimic-iv,mimiciv.hosp.labevents,Transferrin,50998,adjudicated:both_agree,"transferrin, no catalog concept"
mimic-iv,mimiciv.hosp.labevents,Triglycerides,51000,adjudicated:both_agree,"triglycerides, no catalog concept"
mimic-iv,mimiciv.hosp.labevents,Vancomycin,51009,adjudicated:both_agree,"vancomycin drug level, no catalog concept"
mimic-iv,mimiciv.hosp.labevents,Vitamin B12,51010,adjudicated:both_agree,"vitamin B12, no catalog concept"
mimic-iv,mimiciv.hosp.labevents,"Chloride, Urine",51078,adjudicated:both_agree,urine chloride (p50 52 mEq/L) is a different analyte from serum chloride
mimic-iv,mimiciv.hosp.labevents,"Creatinine, Urine",51082,adjudicated:both_agree,urine creatinine (p50 71 mg/dL) is a different analyte from serum creatinine
mimic-iv,mimiciv.hosp.labevents,Length of Urine Collection,51087,adjudicated:both_agree,"urine collection duration is a specimen attribute, not a clinical measure"
mimic-iv,mimiciv.hosp.labevents,"Osmolality, Urine",51093,adjudicated:both_agree,"urine osmolality, no catalog concept"
mimic-iv,mimiciv.hosp.labevents,"Potassium, Urine",51097,adjudicated:both_agree,urine potassium (p50 34 mEq/L) is a different analyte from serum potassium
mimic-iv,mimiciv.hosp.labevents,"Sodium, Urine",51100,adjudicated:both_agree,urine sodium (p50 53 mEq/L) is a different analyte from serum sodium (~140)
mimic-iv,mimiciv.hosp.labevents,Uhold,51103,adjudicated:both_agree,"urine specimen hold record, not a clinical measurement"
mimic-iv,mimiciv.hosp.labevents,"Urea Nitrogen, Urine",51104,adjudicated:both_agree,urine urea nitrogen (p50 444 mg/dL) is a different analyte from serum bun
mimic-iv,mimiciv.hosp.labevents,Anisocytosis,51137,adjudicated:both_agree,"RBC morphology descriptor (anisocytosis), no catalog concept"
mimic-iv,mimiciv.hosp.labevents,Hypochromia,51233,adjudicated:both_agree,"RBC morphology descriptor (hypochromia), no catalog concept"
mimic-iv,mimiciv.hosp.labevents,Macrocytes,51246,adjudicated:both_agree,"RBC morphology descriptor (macrocytes), no catalog concept"
mimic-iv,mimiciv.hosp.labevents,Microcytes,51252,adjudicated:both_agree,"RBC morphology descriptor (microcytes), no catalog concept"
mimic-iv,mimiciv.hosp.labevents,Myelocytes,51255,adjudicated:both_agree,myelocytes is a distinct differential stage absent from the catalog
mimic-iv,mimiciv.hosp.labevents,Ovalocytes,51260,adjudicated:both_agree,"RBC morphology descriptor (ovalocytes), no catalog concept"
mimic-iv,mimiciv.hosp.labevents,Platelet Smear,51266,adjudicated:both_agree,"qualitative platelet smear estimate, not a platelet count"
mimic-iv,mimiciv.hosp.labevents,Poikilocytosis,51267,adjudicated:both_agree,"RBC morphology descriptor (poikilocytosis), no catalog concept"
mimic-iv,mimiciv.hosp.labevents,Polychromasia,51268,adjudicated:both_agree,"RBC morphology descriptor (polychromasia), no catalog concept"
mimic-iv,mimiciv.hosp.labevents,"Reticulocyte Count, Automated",51283,adjudicated:both_agree,"reticulocyte count %, no catalog concept"
mimic-iv,mimiciv.hosp.labevents,Schistocytes,51287,adjudicated:both_agree,"RBC morphology descriptor (schistocytes), no catalog concept"
mimic-iv,mimiciv.hosp.labevents,Teardrop Cells,51296,adjudicated:both_agree,"RBC morphology descriptor (teardrop cells), no catalog concept"
mimic-iv,mimiciv.hosp.labevents,Amorphous Crystals,51462,adjudicated:both_agree,"urine amorphous crystals microscopy, no catalog concept"
mimic-iv,mimiciv.hosp.labevents,Bacteria,51463,adjudicated:both_agree,"urine microscopy bacteria /hpf, no catalog concept"
mimic-iv,mimiciv.hosp.labevents,Bilirubin,51464,adjudicated:both_agree,"urinalysis-panel bilirubin dipstick (categorical), not serum total bilirubin"
mimic-iv,mimiciv.hosp.labevents,Blood,51466,adjudicated:both_agree,"urine dipstick blood (urinalysis panel), no catalog concept"
mimic-iv,mimiciv.hosp.labevents,Epithelial Cells,51476,adjudicated:both_agree,"urine epithelial cells /hpf, no catalog concept"
mimic-iv,mimiciv.hosp.labevents,Glucose,51478,adjudicated:both_agree,"urine dipstick glucose (semiquantitative 100/250/500/1000), not blood glucose"
mimic-iv,mimiciv.hosp.labevents,Hyaline Casts,51482,adjudicated:both_agree,"urine hyaline casts /lpf, no catalog concept"
mimic-iv,mimiciv.hosp.labevents,Ketone,51484,adjudicated:both_agree,"urine ketones dipstick, no catalog concept"
mimic-iv,mimiciv.hosp.labevents,Leukocytes,51486,adjudicated:both_agree,"urine leukocyte esterase dipstick, not blood wbc count"
mimic-iv,mimiciv.hosp.labevents,Nitrite,51487,adjudicated:both_agree,"urine nitrite dipstick, no catalog concept"
mimic-iv,mimiciv.hosp.labevents,pH,51491,adjudicated:both_agree,"urine pH (p50 6.0, range 5-8.3) is not blood gas ph (~7.4)"
mimic-iv,mimiciv.hosp.labevents,Protein,51492,adjudicated:both_agree,urine protein mg/dL differs from serum total_protein (g/dL)
mimic-iv,mimiciv.hosp.labevents,RBC,51493,adjudicated:both_agree,"urine microscopy RBC in #/hpf, not blood rbc in m/uL"
mimic-iv,mimiciv.hosp.labevents,Specific Gravity,51498,adjudicated:both_agree,"urine specific gravity, no catalog concept"
mimic-iv,mimiciv.hosp.labevents,Transitional Epithelial Cells,51501,adjudicated:both_agree,"urine transitional epithelial cells /hpf, no catalog concept"
mimic-iv,mimiciv.hosp.labevents,Urine Appearance,51506,adjudicated:both_agree,urine appearance is a qualitative specimen descriptor
mimic-iv,mimiciv.hosp.labevents,Urine Color,51508,adjudicated:both_agree,urine color is a qualitative specimen descriptor
mimic-iv,mimiciv.hosp.labevents,Urine Mucous,51512,adjudicated:both_agree,"urine mucous microscopy, no catalog concept"
mimic-iv,mimiciv.hosp.labevents,Urobilinogen,51514,adjudicated:both_agree,"urine urobilinogen, no catalog concept"
mimic-iv,mimiciv.hosp.labevents,WBC,51516,adjudicated:both_agree,"urine microscopy WBC in #/hpf, not blood wbc in K/uL"
mimic-iv,mimiciv.hosp.labevents,Yeast,51519,adjudicated:both_agree,"urine microscopy yeast /hpf, no catalog concept"
mimic-iv,mimiciv.hosp.labevents,eAG,51613,adjudicated:both_agree,"estimated average glucose derived from HbA1c, not a measured glucose"
mimic-iv,mimiciv.hosp.labevents,L,51678,adjudicated:both_agree,"lipemia index (specimen quality flag), no catalog concept"
mimic-iv,mimiciv.hosp.labevents,Specimen Type,52033,adjudicated:both_agree,"categorical specimen source descriptor, not a measured quantity"
mimic-iv,mimiciv.hosp.labevents,Echinocytes,52111,adjudicated:both_agree,"RBC morphology descriptor (echinocytes), no catalog concept"
mimic-iv,mimiciv.hosp.labevents,RBC Morphology,52171,adjudicated:both_agree,"categorical RBC morphology summary, a descriptor rather than a measurement"
mimic-iv,mimiciv.hosp.labevents,XUCU,52425,adjudicated:both_agree,uninterpretable site-specific code with no clinical semantics
mimic-iv,mimiciv.hosp.labevents,Acetaminophen,50856,adjudicated:both_agree,"therapeutic drug level, no catalog concept"
mimic-iv,mimiciv.hosp.labevents,Ethanol,50922,adjudicated:both_agree,"blood ethanol level, no catalog concept"
mimic-iv,mimiciv.hosp.labevents,Folate,50925,adjudicated:both_agree,"serum folate, no catalog concept"
mimic-iv,mimiciv.hosp.labevents,Light Green Top Hold,50955,adjudicated:both_agree,"specimen tube hold flag, not a measurement"
mimic-iv,mimiciv.hosp.labevents,Salicylate,50981,adjudicated:both_agree,"salicylate drug level, no catalog concept"
mimic-iv,mimiciv.hosp.labevents,"Thyroxine (T4), Free",50995,adjudicated:both_agree,"free T4 thyroid assay, no catalog concept"
mimic-iv,mimiciv.hosp.labevents,Tricyclic Antidepressant Screen,50999,adjudicated:both_agree,"toxicology screen, no catalog concept"
mimic-iv,mimiciv.hosp.labevents,"Amphetamine Screen, Urine",51071,adjudicated:both_agree,"urine toxicology screen, no catalog concept"
mimic-iv,mimiciv.hosp.labevents,"Barbiturate Screen, Urine",51074,adjudicated:both_agree,"urine toxicology screen, no catalog concept"
mimic-iv,mimiciv.hosp.labevents,"Benzodiazepine Screen, Urine",51075,adjudicated:both_agree,"urine toxicology screen, no catalog concept"
mimic-iv,mimiciv.hosp.labevents,"Cocaine, Urine",51079,adjudicated:both_agree,"urine toxicology screen, no catalog concept"
mimic-iv,mimiciv.hosp.labevents,"Methadone, Urine",51090,adjudicated:both_agree,"urine toxicology screen, no catalog concept"
mimic-iv,mimiciv.hosp.labevents,"Opiate Screen, Urine",51092,adjudicated:both_agree,"urine toxicology screen, no catalog concept"
mimic-iv,mimiciv.hosp.labevents,"Total Protein, Urine",51102,adjudicated:both_agree,"urine protein in mg/dL, distinct from serum total_protein"
mimic-iv,mimiciv.hosp.labevents,"Urine tube, held",51107,adjudicated:both_agree,"specimen handling flag, not a clinical measurement"
mimic-iv,mimiciv.hosp.labevents,"Reticulocyte Count, Absolute",51282,adjudicated:both_agree,absolute reticulocyte count has no counterpart concept; not RBC
mimic-iv,mimiciv.hosp.labevents,Granular Casts,51479,adjudicated:both_agree,"urine microscopy cast count, no catalog concept"
mimic-iv,mimiciv.hosp.labevents,HPE1,51657,adjudicated:both_agree,site-specific opaque assay code with implausible range
mimic-iv,mimiciv.hosp.labevents,HPE2,51658,adjudicated:both_agree,"site-specific opaque assay code, no unit"
mimic-iv,mimiciv.hosp.labevents,HPE3,51659,adjudicated:both_agree,"site-specific opaque assay code, no unit"
mimic-iv,mimiciv.hosp.labevents,HPE7,51663,adjudicated:both_agree,"site-specific opaque assay code, no unit"
mimic-iv,mimiciv.hosp.labevents,Problem Specimen,51706,adjudicated:both_agree,"specimen quality flag, not a measurement"
mimic-iv,mimiciv.hosp.labevents,Voided Specimen,51752,adjudicated:both_agree,"specimen collection annotation, not a measurement"
mimic-iv,mimiciv.hosp.labevents,Voided Specimen,52036,adjudicated:both_agree,"specimen collection annotation in blood gas panel, not a measurement"
mimic-iv,mimiciv.hosp.labevents,HIV Screen,53153,adjudicated:both_agree,"serology screen result, no catalog concept"
mimic-iv,mimiciv.icu.chartevents,Heart Rhythm,220048,adjudicated:both_agree,cardiac rhythm category; distinct from heart_rate and from ectopy_type
mimic-iv,mimiciv.icu.chartevents,Central Venous Pressure,220074,adjudicated:both_agree,central venous pressure has no counterpart in the catalog; not paop or cpp
mimic-iv,mimiciv.icu.chartevents,Pain Present,223781,adjudicated:both_agree,"binary pain presence flag, distinct from numeric pain_score"
mimic-iv,mimiciv.icu.chartevents,Pain Location,223783,adjudicated:both_agree,"pain site attribute, not a pain magnitude measure"
mimic-iv,mimiciv.icu.chartevents,Pain Cause,223784,adjudicated:both_agree,"pain etiology attribute, not a pain magnitude measure"
mimic-iv,mimiciv.icu.chartevents,Pain Management,223792,adjudicated:both_agree,"pain management intervention, not a pain measurement"
mimic-iv,mimiciv.icu.chartevents,Pain Level Acceptable,223794,adjudicated:both_agree,"binary acceptability flag, not a numeric pain goal value"
mimic-iv,mimiciv.icu.chartevents,Pain Assessment Method,223795,adjudicated:both_agree,pain assessment tool used; no pain_scale concept in catalog
mimic-iv,mimiciv.icu.chartevents,Pupil Size Right,223907,adjudicated:both_agree,"pupil size neurological exam item, no catalog concept"
mimic-iv,mimiciv.icu.chartevents,Dorsal PedPulse R,223934,adjudicated:both_agree,"peripheral pulse palpation grade, no catalog concept"
mimic-iv,mimiciv.icu.chartevents,Dorsal PedPulse L,223943,adjudicated:both_agree,"peripheral pulse palpation grade, no catalog concept"
mimic-iv,mimiciv.icu.chartevents,RUL Lung Sounds,223986,adjudicated:both_agree,"regional lung auscultation finding, no catalog concept"
mimic-iv,mimiciv.icu.chartevents,RLL Lung Sounds,223987,adjudicated:both_agree,"regional lung auscultation finding, no catalog concept"
mimic-iv,mimiciv.icu.chartevents,LUL Lung Sounds,223988,adjudicated:both_agree,"regional lung auscultation finding, no catalog concept"
mimic-iv,mimiciv.icu.chartevents,LLL Lung Sounds,223989,adjudicated:both_agree,"regional lung auscultation finding, no catalog concept"
mimic-iv,mimiciv.icu.chartevents,Cough Effort,223991,adjudicated:both_agree,"cough effort assessment, no catalog concept"
mimic-iv,mimiciv.icu.chartevents,Oral Cavity,223999,adjudicated:both_agree,"oral cavity assessment, no catalog concept"
mimic-iv,mimiciv.icu.chartevents,Diet Type,224001,adjudicated:both_agree,"diet order category, not a clinical measurement"
mimic-iv,mimiciv.icu.chartevents,Abdominal Assessment,224003,adjudicated:both_agree,"nursing abdominal exam assessment, no catalog concept"
mimic-iv,mimiciv.icu.chartevents,Bowel Sounds,224004,adjudicated:both_agree,"bowel sounds auscultation finding, no catalog concept"
mimic-iv,mimiciv.icu.chartevents,Urine Source,224015,adjudicated:both_agree,"urine specimen source attribute, not a measurement"
mimic-iv,mimiciv.icu.chartevents,Urine Color,224016,adjudicated:both_agree,"urine color observation, no catalog concept"
mimic-iv,mimiciv.icu.chartevents,Skin Integrity,224026,adjudicated:both_agree,"skin assessment item, explicitly out of scope"
mimic-iv,mimiciv.icu.chartevents,Skin Temperature,224027,adjudicated:both_agree,"categorical skin warmth assessment, not thermometric temperature"
mimic-iv,mimiciv.icu.chartevents,Skin Color,224028,adjudicated:both_agree,"skin assessment item, explicitly out of scope"
mimic-iv,mimiciv.icu.chartevents,Edema Location,224031,adjudicated:both_agree,"edema site attribute, categorical modifier not a measure"
mimic-iv,mimiciv.icu.chartevents,Education Topic,224073,adjudicated:both_agree,"patient education topic, not a clinical measurement"
mimic-iv,mimiciv.icu.chartevents,Head of Bed,224080,adjudicated:both_agree,"bed positioning intervention, not a measurement"
mimic-iv,mimiciv.icu.chartevents,Turn,224082,adjudicated:both_agree,"repositioning nursing task, not a measurement"
mimic-iv,mimiciv.icu.chartevents,Activity,224084,adjudicated:both_agree,"activity level nursing item, no catalog concept"
mimic-iv,mimiciv.icu.chartevents,Activity Tolerance,224086,adjudicated:both_agree,"nursing activity tolerance assessment, no catalog concept"
mimic-iv,mimiciv.icu.chartevents,Therapeutic Bed,224087,adjudicated:both_agree,"bed equipment attribute, not a measurement"
mimic-iv,mimiciv.icu.chartevents,Pressure Reducing Device,224088,adjudicated:both_agree,"support surface device attribute, not a measurement"
mimic-iv,mimiciv.icu.chartevents,Anti Embolic Device,224089,adjudicated:both_agree,"device/equipment attribute, not a measurement"
mimic-iv,mimiciv.icu.chartevents,Position,224093,adjudicated:both_agree,"body position category, nursing care attribute"
mimic-iv,mimiciv.icu.chartevents,Parameters Checked,224168,adjudicated:both_agree,"alarm parameter check flag, not a clinical measurement"
mimic-iv,mimiciv.icu.chartevents,Alarms On,224641,adjudicated:both_agree,"monitor alarm status flag, not a clinical measurement"
mimic-iv,mimiciv.icu.chartevents,Pupil Size Left,224733,adjudicated:both_agree,"pupil size neurological exam item, no catalog concept"
mimic-iv,mimiciv.icu.chartevents,Skin Condition,224860,adjudicated:both_agree,"skin assessment item, explicitly out of scope"
mimic-iv,mimiciv.icu.chartevents,Urine Appearance,224876,adjudicated:both_agree,"urine appearance observation, no catalog concept"
mimic-iv,mimiciv.icu.chartevents,Anti Embolic Device Status,225054,adjudicated:both_agree,"device status attribute, not a measurement"
mimic-iv,mimiciv.icu.chartevents,Oral Care,226168,adjudicated:both_agree,"oral care nursing intervention, not a measurement"
mimic-iv,mimiciv.icu.chartevents,Pupil Response Right,227121,adjudicated:both_agree,"pupillary reactivity exam item, no catalog concept"
mimic-iv,mimiciv.icu.chartevents,Pupil Response Left,227288,adjudicated:both_agree,"pupillary reactivity exam item, no catalog concept"
mimic-iv,mimiciv.icu.chartevents,Side Rails,227944,adjudicated:both_agree,"side rail safety documentation, not a measurement"
mimic-iv,mimiciv.icu.chartevents,Restraint (Non-violent),227945,adjudicated:both_agree,"restraint use flag, not a clinical measurement"
mimic-iv,mimiciv.icu.chartevents,Reason for Restraint (Non-violent),227947,adjudicated:both_agree,"restraint justification documentation, not a measurement"
mimic-iv,mimiciv.icu.chartevents,Restraint Device (Non-violent),227948,adjudicated:both_agree,"restraint device type attribute, not a measurement"
mimic-iv,mimiciv.icu.chartevents,Restraint Location,227950,adjudicated:both_agree,"restraint site attribute, not a measurement"
mimic-iv,mimiciv.icu.chartevents,Circulation/Skin Integrity,227951,adjudicated:both_agree,"restraint-site circulation check, not a catalog measure"
mimic-iv,mimiciv.icu.chartevents,Position Change,227952,adjudicated:both_agree,"repositioning documentation, not a measurement"
mimic-iv,mimiciv.icu.chartevents,Range of Motion,227953,adjudicated:both_agree,"range of motion nursing documentation, no catalog concept"
mimic-iv,mimiciv.icu.chartevents,Status and Comfort,227954,adjudicated:both_agree,"restraint monitoring documentation, not a measurement"
mimic-iv,mimiciv.icu.chartevents,Food and Fluid,227955,adjudicated:both_agree,"restraint care documentation, not a measurement"
mimic-iv,mimiciv.icu.chartevents,Urinal/Bedpan,227956,adjudicated:both_agree,"toileting assistance documentation, not a measurement"
mimic-iv,mimiciv.icu.chartevents,Signs of Injury from Intervention,227957,adjudicated:both_agree,"restraint injury check documentation, not a measurement"
mimic-iv,mimiciv.icu.chartevents,Less Restrictive Measures,227958,adjudicated:both_agree,"restraint alternatives documentation, not a measurement"
mimic-iv,mimiciv.icu.chartevents,Restraints Evaluated,227959,adjudicated:both_agree,"restraint reevaluation documentation, not a measurement"
mimic-iv,mimiciv.icu.chartevents,Patient/Family Informed,227960,adjudicated:both_agree,"communication documentation, not a clinical measurement"
mimic-iv,mimiciv.icu.chartevents,Side  Rails,227961,adjudicated:both_agree,"side rail safety documentation, not a measurement"
mimic-iv,mimiciv.icu.chartevents,Safety Measures,227969,adjudicated:both_agree,"nursing restraint/safety intervention item, not a clinical measure"
mimic-iv,mimiciv.icu.chartevents,ST Segment Monitoring On,228305,adjudicated:both_agree,"monitoring status flag, not a clinical measurement"
mimic-iv,mimiciv.icu.chartevents,Commands Response,228397,adjudicated:both_agree,"command-following neurological item, no catalog concept"
mimic-iv,mimiciv.icu.chartevents,Commands,228398,adjudicated:both_agree,"command-following neurological item, no catalog concept"
mimic-iv,mimiciv.icu.chartevents,Strength L Arm,228409,adjudicated:both_agree,"limb motor strength grade 0-5, no catalog concept"
mimic-iv,mimiciv.icu.chartevents,Strength L Leg,228410,adjudicated:both_agree,"limb motor strength grade 0-5, no catalog concept"
mimic-iv,mimiciv.icu.chartevents,Strength R Leg,228411,adjudicated:both_agree,"limb motor strength grade 0-5, no catalog concept"
mimic-iv,mimiciv.icu.chartevents,Strength R Arm,228412,adjudicated:both_agree,"limb motor strength grade 0-5, no catalog concept"
mimic-iv,mimiciv.icu.chartevents,Speech,228414,adjudicated:both_agree,"speech assessment item, no catalog concept"
mimic-iv,mimiciv.icu.chartevents,Assistance,228868,adjudicated:both_agree,"level of assistance nursing item, no catalog concept"
mimic-iv,mimiciv.icu.chartevents,Pain NCP - Interventions,228890,adjudicated:both_agree,"nursing care plan intervention, no catalog concept"
mimic-iv,mimiciv.icu.chartevents,Impaired Fluid Balance NCP - Interventions,228898,adjudicated:both_agree,"nursing care plan intervention, no catalog concept"
mimic-iv,mimiciv.icu.chartevents,Altered Respiratory Status NCP - Interventions,228905,adjudicated:both_agree,"nursing care plan intervention free text, no catalog concept"
mimic-iv,mimiciv.icu.chartevents,Impaired Tissue Perfusion NCP - Expected outcomes,228924,adjudicated:both_agree,"nursing care plan expected outcomes, no catalog concept"
mimic-iv,mimiciv.icu.chartevents,Impaired Tissue Perfusion NCP - Interventions,228928,adjudicated:both_agree,"nursing care plan intervention, no catalog concept"
mimic-iv,mimiciv.icu.chartevents,Post-op Care NCP - Interventions,228937,adjudicated:both_agree,"nursing care plan intervention, no catalog concept"
mimic-iv,mimiciv.icu.chartevents,Infection NCP - Interventions,228947,adjudicated:both_agree,"nursing care plan intervention, no catalog concept"
mimic-iv,mimiciv.icu.chartevents,Altered Mental Status  NCP - Interventions,228977,adjudicated:both_agree,"nursing care plan intervention, no catalog concept"
mimic-iv,mimiciv.icu.chartevents,Safety Restraints NCP - Interventions,228988,adjudicated:both_agree,"nursing care plan intervention, no catalog concept"
mimic-iv,mimiciv.icu.chartevents,Activity / Mobility (JH-HLM),229321,adjudicated:both_agree,"JH-HLM mobility scale, no catalog concept"
mimic-iv,mimiciv.icu.chartevents,Orientation,229381,adjudicated:both_agree,"nursing orientation assessment flag, constant value 1, no catalog concept"
mimic-iv,mimiciv.icu.chartevents,Problem List,220001,adjudicated:both_agree,"问题列表自由文本, 非测量概念"
mimic-iv,mimiciv.icu.chartevents,Heart rate Alarm - High,220046,adjudicated:both_agree,"心率报警上限设定, 非患者心率测量值"
mimic-iv,mimiciv.icu.chartevents,Heart Rate Alarm - Low,220047,adjudicated:both_agree,"心率报警下限设定值(p50=50), 属监护仪报警阈值而非心率测量"
mimic-iv,mimiciv.icu.chartevents,Minute Volume Alarm - Low,220292,adjudicated:both_agree,"分钟通气量报警下限设定, 非实测分钟通气量"
mimic-iv,mimiciv.icu.chartevents,Minute Volume Alarm - High,220293,adjudicated:both_agree,"分钟通气量报警上限设定, 非实测值"
mimic-iv,mimiciv.icu.chartevents,Magnesium,220635,adjudicated:both_agree,"血镁化验, 概念目录中无镁对应概念"
mimic-iv,mimiciv.icu.chartevents,Non-Invasive Blood Pressure Alarm - High,223751,adjudicated:both_agree,"无创血压报警上限设定, 非血压测量值"
mimic-iv,mimiciv.icu.chartevents,Non-Invasive Blood Pressure Alarm - Low,223752,adjudicated:both_agree,"无创血压报警下限设定, 属报警阈值非血压测量值"
mimic-iv,mimiciv.icu.chartevents,O2 Saturation Pulseoxymetry Alarm - High,223769,adjudicated:both_agree,"血氧报警上限设定(恒为100), 非SpO2测量值"
mimic-iv,mimiciv.icu.chartevents,O2 Saturation Pulseoxymetry Alarm - Low,223770,adjudicated:both_agree,"血氧报警下限设定, 非SpO2测量值"
mimic-iv,mimiciv.icu.chartevents,Pain Type,223782,adjudicated:both_agree,"疼痛性质分类(修饰属性), 非pain_score强度值"
mimic-iv,mimiciv.icu.chartevents,Untoward Effect,223796,adjudicated:both_agree,"镇痛镇静不良反应记录, 目录外"
mimic-iv,mimiciv.icu.chartevents,ETT Size (ID),223837,adjudicated:both_agree,"气管插管内径型号, 器械属性, 目录外"
mimic-iv,mimiciv.icu.chartevents,ETT Location,223838,adjudicated:both_agree,"气管插管位置(分类修饰属性), 目录外"
mimic-iv,mimiciv.icu.chartevents,Inspired Gas Temp.,223872,adjudicated:both_agree,"呼吸机吸入气体温度(设备侧), 尽管p50=37°C也非患者体温"
mimic-iv,mimiciv.icu.chartevents,Paw High,223873,adjudicated:both_agree,"气道压高限报警设定, 非气道压测量概念"
mimic-iv,mimiciv.icu.chartevents,Vti High,223874,adjudicated:both_agree,"吸入潮气量高限报警设定, 且值域(p50≈2 mL)不符潮气量"
mimic-iv,mimiciv.icu.chartevents,Fspn High,223875,adjudicated:both_agree,"自主呼吸频率高限报警设定, 非呼吸频率测量值"
mimic-iv,mimiciv.icu.chartevents,Apnea Interval,223876,adjudicated:both_agree,"呼吸机窒息报警间隔(秒)设定, 目录外"
mimic-iv,mimiciv.icu.chartevents,Orientation,223898,adjudicated:both_agree,"定向力分类评估, 与gcs_verbal非同一概念, 目录外"
mimic-iv,mimiciv.icu.chartevents,Gag Reflex,223904,adjudicated:both_agree,"咽反射有无评估, 目录外"
mimic-iv,mimiciv.icu.chartevents,Cough Reflex,223905,adjudicated:both_agree,"咳嗽反射有无的神经评估, 目录外"
mimic-iv,mimiciv.icu.chartevents,PostTib. Pulses R,223935,adjudicated:both_agree,"右胫后动脉搏动强度分级, 目录内无对应"
mimic-iv,mimiciv.icu.chartevents,Radial Pulse R,223936,adjudicated:both_agree,"右桡动脉搏动强度分级(分类), 非heart_rate"
mimic-iv,mimiciv.icu.chartevents,PostTib. Pulses L,223947,adjudicated:both_agree,"左胫后动脉搏动强度分级, 目录外"
mimic-iv,mimiciv.icu.chartevents,Radial Pulse L,223948,adjudicated:both_agree,"左桡动脉搏动强度分级, 非心率"
mimic-iv,mimiciv.icu.chartevents,Capillary Refill R,223951,adjudicated:both_agree,"右侧毛细血管再充盈时间分级, 目录外"
mimic-iv,mimiciv.icu.chartevents,RUE Color,223976,adjudicated:both_agree,"右上肢肤色分类评估, 目录外"
mimic-iv,mimiciv.icu.chartevents,RLE Color,223979,adjudicated:both_agree,"右下肢肤色分类评估, 目录外"
mimic-iv,mimiciv.icu.chartevents,LUE Color,223982,adjudicated:both_agree,"左上肢肤色分类评估, 目录外"
mimic-iv,mimiciv.icu.chartevents,LLE Color,223983,adjudicated:both_agree,"左下肢肤色分类评估, 目录外"
mimic-iv,mimiciv.icu.chartevents,Respiratory Pattern,223985,adjudicated:both_agree,"呼吸型态分类评估, 非呼吸频率数值"
mimic-iv,mimiciv.icu.chartevents,Respiratory Effort,223990,adjudicated:both_agree,"呼吸费力程度定性评估, 目录外"
mimic-iv,mimiciv.icu.chartevents,Cough Type,223992,adjudicated:both_agree,"咳嗽性质分类, 目录外"
mimic-iv,mimiciv.icu.chartevents,Nares R,224000,adjudicated:both_agree,"右鼻孔置管/黏膜状况评估, 目录外"
mimic-iv,mimiciv.icu.chartevents,GI #1 Intub Site,224007,adjudicated:both_agree,"胃肠管置入部位, 置管部位属性, 目录外"
mimic-iv,mimiciv.icu.chartevents,GU Catheter Size,224017,adjudicated:both_agree,"导尿管型号, 器械属性非测量量"
mimic-iv,mimiciv.icu.chartevents,Support Systems,224023,adjudicated:both_agree,"社会支持系统记录, 目录外"
mimic-iv,mimiciv.icu.chartevents,Family Communication,224024,adjudicated:both_agree,"家属沟通记录, 目录外"
mimic-iv,mimiciv.icu.chartevents,Incision Closure #1,224040,adjudicated:both_agree,"切口闭合方式记录, 目录外"
mimic-iv,mimiciv.icu.chartevents,Braden Sensory Perception,224054,adjudicated:both_agree,"Braden压疮量表感知分项, 皮肤评估类, 目录外"
mimic-iv,mimiciv.icu.chartevents,Braden Moisture,224055,adjudicated:both_agree,"Braden潮湿分项, 皮肤评估量表, 目录外"
mimic-iv,mimiciv.icu.chartevents,Braden Activity,224056,adjudicated:both_agree,"Braden活动度分项, 目录外"
mimic-iv,mimiciv.icu.chartevents,Braden Mobility,224057,adjudicated:both_agree,"Braden移动力分项, 目录外"
mimic-iv,mimiciv.icu.chartevents,Braden Nutrition,224058,adjudicated:both_agree,"Braden营养分项, 目录外"
mimic-iv,mimiciv.icu.chartevents,Braden Friction/Shear,224059,adjudicated:both_agree,"Braden摩擦/剪切力分项, 目录外"
mimic-iv,mimiciv.icu.chartevents,Education Learner,224072,adjudicated:both_agree,"健康教育对象记录, 目录外"
mimic-iv,mimiciv.icu.chartevents,Education Barrier,224076,adjudicated:both_agree,"健康教育障碍记录, 目录外"
mimic-iv,mimiciv.icu.chartevents,Education Method,224077,adjudicated:both_agree,"健康教育方式记录, 目录外"
mimic-iv,mimiciv.icu.chartevents,Education Response,224079,adjudicated:both_agree,"健康教育反应记录, 目录外"
mimic-iv,mimiciv.icu.chartevents,Assistance Device,224085,adjudicated:both_agree,"辅助器具使用记录, 目录外"
mimic-iv,mimiciv.icu.chartevents,Resp Alarm - High,224161,adjudicated:both_agree,"呼吸频率报警上限设定, 非呼吸频率测量值"
mimic-iv,mimiciv.icu.chartevents,Resp Alarm - Low,224162,adjudicated:both_agree,"呼吸频率报警下限设定, 非测量值"
mimic-iv,mimiciv.icu.chartevents,Multi Lumen Site Appear,224281,adjudicated:both_agree,"多腔中心静脉置管部位外观评估, 目录外"
mimic-iv,mimiciv.icu.chartevents,Arterial line Site Appear,224289,adjudicated:both_agree,"动脉置管部位外观评估, 目录外"
mimic-iv,mimiciv.icu.chartevents,Arterial line Waveform Appear,224291,adjudicated:both_agree,"动脉波形形态定性评估, 非血压数值"
mimic-iv,mimiciv.icu.chartevents,Capillary Refill L,224308,adjudicated:both_agree,"左侧毛细血管再充盈分级, 目录外"
mimic-iv,mimiciv.icu.chartevents,Sputum Source,224372,adjudicated:both_agree,"痰标本来源分类, 目录外"
mimic-iv,mimiciv.icu.chartevents,Sputum Amount,224373,adjudicated:both_agree,"痰量分级描述, 目录外"
mimic-iv,mimiciv.icu.chartevents,ETT Mark (cm),224415,adjudicated:both_agree,"气管插管刻度深度, 器械属性, 目录外"
mimic-iv,mimiciv.icu.chartevents,Flow Pattern,224692,adjudicated:both_agree,"呼吸机流量波形类型, 设置属性, 目录外"
mimic-iv,mimiciv.icu.chartevents,Peak Insp. Pressure,224695,adjudicated:both_agree,"气道峰压, 与plateau_pressure非同一测量, 目录无对应"
mimic-iv,mimiciv.icu.chartevents,Mean Airway Pressure,224697,adjudicated:both_agree,"平均气道压, 概念目录中无对应(≠peep/plateau_pressure)"
mimic-iv,mimiciv.icu.chartevents,Flow Rate (variable/fixed),224735,adjudicated:both_agree,"呼吸机流量恒定/可变模式分类, 非o2_flow氧流量"
mimic-iv,mimiciv.icu.chartevents,RUE Temp,224767,adjudicated:both_agree,"右上肢皮温分类评估, 非体温概念"
mimic-iv,mimiciv.icu.chartevents,LUE Temp,224769,adjudicated:both_agree,"左上肢皮温分类评估, 非体温概念"
mimic-iv,mimiciv.icu.chartevents,RLE Temp,224771,adjudicated:both_agree,"右下肢皮温冷暖的分类护理评估, 非体温测量量"
mimic-iv,mimiciv.icu.chartevents,LLE Temp,224773,adjudicated:both_agree,"左下肢皮温冷暖分类评估, 属外周灌注评估而非体温"
mimic-iv,mimiciv.icu.chartevents,GI #1 Tube Type,224785,adjudicated:both_agree,"胃肠管类型, 器械属性, 目录外"
mimic-iv,mimiciv.icu.chartevents,GI #1 Tube Status,224786,adjudicated:both_agree,"胃肠管通畅状态记录, 目录外"
mimic-iv,mimiciv.icu.chartevents,ETT Type,224832,adjudicated:both_agree,"气管插管类型, 器械属性, 目录外(≠ventilator_type)"
mimic-iv,mimiciv.icu.chartevents,Edema Amount,224862,adjudicated:both_agree,"水肿程度分级评估, 目录外"
mimic-iv,mimiciv.icu.chartevents,Flow Sensitivity,224865,adjudicated:both_agree,"流量触发灵敏度设置, 目录外"
mimic-iv,mimiciv.icu.chartevents,Nares L,224879,adjudicated:both_agree,"左鼻孔状况评估, 目录外"
mimic-iv,mimiciv.icu.chartevents,Phosphorous,225677,adjudicated:both_agree,"血磷化验, 概念目录中无磷对应概念"
mimic-iv,mimiciv.icu.chartevents,Slope,225978,adjudicated:both_agree,"呼吸机压力上升斜率设置, 目录外"
mimic-iv,mimiciv.icu.chartevents,Level of Consciousness,226104,adjudicated:both_agree,"意识水平分类描述, 目录中无对应(≠GCS分项/镇静评分)"
mimic-iv,mimiciv.icu.chartevents,Arterial Line placed in outside facility,226107,adjudicated:both_agree,"外院置入动脉导管标记, 置管属性, 目录外"
mimic-iv,mimiciv.icu.chartevents,Multi Lumen placed in outside facility,226113,adjudicated:both_agree,"外院置入多腔导管标记, 置管属性, 目录外"
mimic-iv,mimiciv.icu.chartevents,20 Gauge placed in outside facility,226138,adjudicated:both_agree,"外院置入留置针标记, 置管属性, 目录外"
mimic-iv,mimiciv.icu.chartevents,Subglottal Suctioning,226169,adjudicated:both_agree,"声门下吸引执行记录, 治疗操作, 目录外"
mimic-iv,mimiciv.icu.chartevents,SpO2 Desat Limit,226253,adjudicated:both_agree,"血氧去饱和报警阈值设定, 非SpO2测量值"
mimic-iv,mimiciv.icu.chartevents,NBP Alarm Source,227240,adjudicated:both_agree,"无创血压报警来源(分类修饰属性), 目录外"
mimic-iv,mimiciv.icu.chartevents,History of falling (within 3 mnths),227341,adjudicated:both_agree,"Morse量表跌倒史分项, 目录外"
mimic-iv,mimiciv.icu.chartevents,Secondary diagnosis,227342,adjudicated:both_agree,"Morse跌倒风险量表'次要诊断'分项(0/15分), 目录外"
mimic-iv,mimiciv.icu.chartevents,Ambulatory aid,227343,adjudicated:both_agree,"Morse量表助行器分项, 目录外"
mimic-iv,mimiciv.icu.chartevents,IV/Saline lock,227344,adjudicated:both_agree,"Morse量表静脉通路分项, 目录外"
mimic-iv,mimiciv.icu.chartevents,Gait/Transferring,227345,adjudicated:both_agree,"Morse量表步态/转移分项, 目录外"
mimic-iv,mimiciv.icu.chartevents,Mental status,227346,adjudicated:both_agree,"Morse跌倒量表精神状态分项(0/15分), 非GCS或意识评估概念"
mimic-iv,mimiciv.icu.chartevents,20 Gauge Dressing Occlusive,227368,adjudicated:both_agree,"外周静脉留置针敷料状况, 置管护理记录, 目录外"
mimic-iv,mimiciv.icu.chartevents,Humidification,227517,adjudicated:both_agree,"湿化方式分类, 器械设置属性, 目录外"
mimic-iv,mimiciv.icu.chartevents,Restraint Ordered (Non-violent),227946,adjudicated:both_agree,"非暴力约束医嘱记录, 概念目录外"
mimic-iv,mimiciv.icu.chartevents,Face to Face Eval (Non-violent),227949,adjudicated:both_agree,"约束面对面评估记录, 目录外"
mimic-iv,mimiciv.icu.chartevents,All Medications Tolerated without Adverse Side Effects,227968,adjudicated:both_agree,"用药耐受性护理记录, 目录外"
mimic-iv,mimiciv.icu.chartevents,20 Gauge placed in the field,228100,adjudicated:both_agree,"院前置入留置针标记, 置管属性, 目录外"
mimic-iv,mimiciv.icu.chartevents,Daily Wake Up,228298,adjudicated:both_agree,"每日唤醒执行记录, 非镇静评分/量表/目标"
mimic-iv,mimiciv.icu.chartevents,Facial Droop,228399,adjudicated:both_agree,"面瘫体征分类评估, 目录外"
mimic-iv,mimiciv.icu.chartevents,Impaired Fluid Balance NCP - Expected outcomes,228894,adjudicated:both_agree,"体液平衡受损护理计划文本, 目录外"
mimic-iv,mimiciv.icu.chartevents,Altered Respiratory Status NCP - Expected outcomes,228902,adjudicated:both_agree,"护理计划(NCP)预期结局文本, 非测量量"
mimic-iv,mimiciv.icu.chartevents,Altered Skin Integrity NCP - Interventions,228914,adjudicated:both_agree,"皮肤完整性受损护理计划干预文本, 目录外"
mimic-iv,mimiciv.icu.chartevents,Post-op Care NCP - Expected outcomes,228933,adjudicated:both_agree,"术后护理计划预期结局文本, 目录外"
mimic-iv,mimiciv.icu.chartevents,Coping/Knowledge Deficit  NCP - Interventions,228957,adjudicated:both_agree,"护理计划干预条目文本, 目录外"
mimic-iv,mimiciv.icu.chartevents,Altered Mental Status  NCP - Expected outcomes,228973,adjudicated:both_agree,"意识改变护理计划预期结局文本, 目录外"
mimic-iv,mimiciv.icu.chartevents,Breathing pattern/effort,229322,adjudicated:both_agree,"呼吸型态/费力程度定性评估, 非respiratory_rate数值"
mimic-iv,mimiciv.icu.chartevents,Therapeutic Bed,229858,adjudicated:both_agree,"治疗性床垫使用记录, 目录外"
mimic-iv,mimiciv.icu.chartevents,Arterial Blood Pressure Alarm - Low,220056,adjudicated:both_agree,"monitor alarm threshold, not a patient blood pressure measurement"
mimic-iv,mimiciv.icu.chartevents,Arterial Blood Pressure Alarm - High,220058,adjudicated:both_agree,"monitor alarm threshold, not a patient blood pressure measurement"
mimic-iv,mimiciv.icu.chartevents,Speech,223902,adjudicated:both_agree,"neuro speech assessment, categorical, no catalog concept"
mimic-iv,mimiciv.icu.chartevents,Spontaneous Movement,223911,adjudicated:both_agree,"neuro movement assessment, no catalog concept"
mimic-iv,mimiciv.icu.chartevents,Response to Stimuli (Type),223916,adjudicated:both_agree,"neuro stimulus-response type, no catalog concept"
mimic-iv,mimiciv.icu.chartevents,RU Strength/Movement,223917,adjudicated:both_agree,"limb strength exam, no catalog concept"
mimic-iv,mimiciv.icu.chartevents,RL Strength/Movement,223918,adjudicated:both_agree,"limb strength exam, no catalog concept"
mimic-iv,mimiciv.icu.chartevents,LU Strength/Movement,223919,adjudicated:both_agree,"limb strength exam, no catalog concept"
mimic-iv,mimiciv.icu.chartevents,LL Strength/Movement,223920,adjudicated:both_agree,"limb strength exam, no catalog concept"
mimic-iv,mimiciv.icu.chartevents,Flatus,224005,adjudicated:both_agree,"GI flatus nursing assessment, no catalog concept"
mimic-iv,mimiciv.icu.chartevents,Stool Consistency,224011,adjudicated:both_agree,"stool consistency descriptor, no catalog concept"
mimic-iv,mimiciv.icu.chartevents,Impaired Skin Site #1,224032,adjudicated:both_agree,"skin impairment site, modifier attribute"
mimic-iv,mimiciv.icu.chartevents,Incision Drainage #1,224041,adjudicated:both_agree,"incision drainage description, wound assessment"
mimic-iv,mimiciv.icu.chartevents,PICC Line Site Appear,224188,adjudicated:both_agree,"PICC insertion site appearance, device attribute"
mimic-iv,mimiciv.icu.chartevents,Impaired Skin Wound Base #1,224226,adjudicated:both_agree,"wound base assessment, no catalog concept"
mimic-iv,mimiciv.icu.chartevents,Impaired Skin Drainage #1,224259,adjudicated:both_agree,"wound drainage description, skin assessment"
mimic-iv,mimiciv.icu.chartevents,Multi Lumen Waveform Appear,224283,adjudicated:both_agree,"central line waveform appearance, device attribute"
mimic-iv,mimiciv.icu.chartevents,Sputum Consistency,224369,adjudicated:both_agree,"sputum consistency descriptor, no catalog concept"
mimic-iv,mimiciv.icu.chartevents,Sputum Color,224370,adjudicated:both_agree,"sputum color descriptor, no catalog concept"
mimic-iv,mimiciv.icu.chartevents,Impaired Skin Odor #1,224564,adjudicated:both_agree,"wound odor assessment, skin assessment"
mimic-iv,mimiciv.icu.chartevents,Surrounding Tissue #1,224565,adjudicated:both_agree,"periwound tissue assessment, no catalog concept"
mimic-iv,mimiciv.icu.chartevents,PSV Level,224701,adjudicated:both_agree,pressure support level cmH2O; no pressure-support concept in catalog
mimic-iv,mimiciv.icu.chartevents,Inspiratory Time,224738,adjudicated:both_agree,ventilator inspiratory time in seconds; no catalog concept
mimic-iv,mimiciv.icu.chartevents,Response,224756,adjudicated:both_agree,"generic neuro response assessment, no catalog concept"
mimic-iv,mimiciv.icu.chartevents,Stool Color,224794,adjudicated:both_agree,"stool color descriptor, no catalog concept"
mimic-iv,mimiciv.icu.chartevents,Incision Appearance #1,224848,adjudicated:both_agree,"wound/incision appearance assessment, no catalog concept"
mimic-iv,mimiciv.icu.chartevents,Incision Drainage Amount #1,224850,adjudicated:both_agree,"incision drainage amount, wound assessment"
mimic-iv,mimiciv.icu.chartevents,Incision Appearance #2,224993,adjudicated:both_agree,"incision appearance assessment, no catalog concept"
mimic-iv,mimiciv.icu.chartevents,Incision Closure #2,225004,adjudicated:both_agree,"incision closure type, wound assessment"
mimic-iv,mimiciv.icu.chartevents,Eye Care,225184,adjudicated:both_agree,"nursing eye-care intervention, not a measurement"
mimic-iv,mimiciv.icu.chartevents,Skin Care,225185,adjudicated:both_agree,"nursing skin-care intervention, not a measurement"
mimic-iv,mimiciv.icu.chartevents,Back Care,225187,adjudicated:both_agree,"nursing back-care intervention, not a measurement"
mimic-iv,mimiciv.icu.chartevents,Cough/Deep Breath,225188,adjudicated:both_agree,"pulmonary hygiene intervention, not a measurement"
mimic-iv,mimiciv.icu.chartevents,Arterial Line Zero/Calibrate,225210,adjudicated:both_agree,"arterial line zeroing/calibration event, equipment task"
mimic-iv,mimiciv.icu.chartevents,PICC Line placed in outside facility,226115,adjudicated:both_agree,"PICC provenance flag, not a measurement"
mimic-iv,mimiciv.icu.chartevents,18 Gauge placed in outside facility,226137,adjudicated:both_agree,"IV line provenance flag, not a measurement"
mimic-iv,mimiciv.icu.chartevents,Known difficult intubation,226814,adjudicated:both_agree,"airway history flag, not the intubated-status concept"
mimic-iv,mimiciv.icu.chartevents,ABP Alarm Source,227239,adjudicated:both_agree,"alarm source label, monitor configuration attribute"
mimic-iv,mimiciv.icu.chartevents,Arterial Line Dressing Occlusive,227292,adjudicated:both_agree,"arterial line dressing status, line-care attribute"
mimic-iv,mimiciv.icu.chartevents,Multi Lumen Dressing Occlusive,227293,adjudicated:both_agree,"central line dressing status, line-care attribute"
mimic-iv,mimiciv.icu.chartevents,High risk (>51) interventions,227349,adjudicated:both_agree,"fall-risk intervention flag, not a clinical measurement"
mimic-iv,mimiciv.icu.chartevents,18 Gauge Dressing Occlusive,227367,adjudicated:both_agree,"peripheral IV dressing status, line-care attribute"
mimic-iv,mimiciv.icu.chartevents,Daily Wake Up,227375,adjudicated:both_agree,"sedation interruption protocol event, not a sedation score or goal"
mimic-iv,mimiciv.icu.chartevents,Multi Lumen Placement Confirmed by X-ray,227756,adjudicated:both_agree,"central line placement confirmation, device attribute"
mimic-iv,mimiciv.icu.chartevents,18 G Phlebitis Scale,228011,adjudicated:both_agree,"peripheral IV phlebitis scale, line-site assessment"
mimic-iv,mimiciv.icu.chartevents,18 G Infiltration Scale,228012,adjudicated:both_agree,"IV infiltration scale, line-site assessment"
mimic-iv,mimiciv.icu.chartevents,20 G Phlebitis Scale,228013,adjudicated:both_agree,"peripheral IV phlebitis scale, line-site assessment"
mimic-iv,mimiciv.icu.chartevents,20 G Infiltration Scale,228014,adjudicated:both_agree,"IV infiltration scale, line-site assessment"
mimic-iv,mimiciv.icu.chartevents,18 Gauge placed in the field,228099,adjudicated:both_agree,"IV line provenance flag, not a measurement"
mimic-iv,mimiciv.icu.chartevents,Assistance Device,228306,adjudicated:both_agree,"mobility assistive device type, not a measurement"
mimic-iv,mimiciv.icu.chartevents,GI #1 Tube Place Check,228307,adjudicated:both_agree,"enteral tube placement check, device attribute"
mimic-iv,mimiciv.icu.chartevents,Bath,228393,adjudicated:both_agree,"nursing hygiene intervention, not a measurement"
mimic-iv,mimiciv.icu.chartevents,Orientation to Person,228394,adjudicated:both_agree,"orientation-to-person item, distinct from GCS components"
mimic-iv,mimiciv.icu.chartevents,Orientation to Place,228395,adjudicated:both_agree,"orientation-to-place item, distinct from GCS components"
mimic-iv,mimiciv.icu.chartevents,Orientation to Time,228396,adjudicated:both_agree,"orientation-to-time item, distinct from GCS components"
mimic-iv,mimiciv.icu.chartevents,Visual Field Cut,228400,adjudicated:both_agree,"visual field deficit exam, no catalog concept"
mimic-iv,mimiciv.icu.chartevents,Pronator Drift,228401,adjudicated:both_agree,"pronator drift exam, no catalog concept"
mimic-iv,mimiciv.icu.chartevents,Motor L Arm,228404,adjudicated:both_agree,"focal motor exam of limb, no catalog concept"
mimic-iv,mimiciv.icu.chartevents,Motor L Leg,228405,adjudicated:both_agree,"focal motor exam of limb, no catalog concept"
mimic-iv,mimiciv.icu.chartevents,Motor R Arm,228406,adjudicated:both_agree,"focal motor exam of limb, no catalog concept"
mimic-iv,mimiciv.icu.chartevents,Motor R Leg,228407,adjudicated:both_agree,"focal motor exam of limb, no catalog concept"
mimic-iv,mimiciv.icu.chartevents,Corneal Reflex Left,228415,adjudicated:both_agree,"corneal reflex exam, no catalog concept"
mimic-iv,mimiciv.icu.chartevents,Corneal Reflex Right,228416,adjudicated:both_agree,"corneal reflex exam, no catalog concept"
mimic-iv,mimiciv.icu.chartevents,Impaired Skin #1- Location,228496,adjudicated:both_agree,"skin impairment location, modifier attribute"
mimic-iv,mimiciv.icu.chartevents,Incision #1- Location,228559,adjudicated:both_agree,"incision anatomic location, modifier attribute"
mimic-iv,mimiciv.icu.chartevents,Incision #1- Treatment,228571,adjudicated:both_agree,"incision treatment intervention, not a measurement"
mimic-iv,mimiciv.icu.chartevents,Incision #1- Dressing Status,228594,adjudicated:both_agree,"incision dressing status, wound-care attribute"
mimic-iv,mimiciv.icu.chartevents,Education Readiness/Motivation,228879,adjudicated:both_agree,"patient education readiness, not a clinical measurement"
mimic-iv,mimiciv.icu.chartevents,Education Existing Knowledge,228880,adjudicated:both_agree,"patient education knowledge item, not a clinical measurement"
mimic-iv,mimiciv.icu.chartevents,Altered Skin Integrity NCP - Expected outcomes,228911,adjudicated:both_agree,"skin integrity care-plan free text, not a measurement"
mimic-iv,mimiciv.icu.chartevents,Infection NCP - Expected outcomes,228943,adjudicated:both_agree,"nursing care-plan free text, not a clinical measurement"
mimic-iv,mimiciv.icu.chartevents,Coping/Knowledge Deficit  NCP - Expected outcomes,228953,adjudicated:both_agree,"nursing care-plan free text, not a clinical measurement"
mimic-iv,mimiciv.icu.chartevents,Safety Restraints NCP - Expected outcomes,228983,adjudicated:both_agree,"nursing care-plan free text, not a clinical measurement"
mimic-iv,mimiciv.icu.chartevents,Discharge NCP - Interventions,228997,adjudicated:both_agree,"discharge care-plan free text, not a clinical measurement"
mimic-iv,mimiciv.icu.chartevents,Humidifier Water Changed,229244,adjudicated:both_agree,"humidifier maintenance event, equipment status"
mimic-iv,mimiciv.icu.chartevents,Humidifier Water % Fill Level,229245,adjudicated:both_agree,"humidifier fill level, equipment status"
mimic-iv,mimiciv.icu.chartevents,Current Dyspnea Assessment,229323,adjudicated:both_agree,"dyspnea severity score, no catalog concept"
mimic-iv,mimiciv.icu.chartevents,Foley Cath Insertion Location,229354,adjudicated:both_agree,"urinary catheter insertion site, device attribute"
mimic-iv,mimiciv.icu.chartevents,Acuity Workload Question 1,229369,adjudicated:both_agree,"nursing workload acuity item, not a clinical measurement"
mimic-iv,mimiciv.icu.chartevents,Acuity Workload Question 2,229370,adjudicated:both_agree,"nursing workload acuity item, not a clinical measurement"
mimic-iv,mimiciv.icu.chartevents,Extraocular Movements,229383,adjudicated:both_agree,"extraocular movement exam, no catalog concept"
mimic-iv,mimiciv.icu.chartevents,Tongue,229384,adjudicated:both_agree,"cranial nerve tongue exam, no catalog concept"
mimic-iv,mimiciv.icu.chartevents,Shoulder Shrug,229385,adjudicated:both_agree,"cranial nerve shoulder shrug exam, no catalog concept"
mimic-iv,mimiciv.icu.chartevents,Line Type,229535,adjudicated:both_agree,"vascular line type, categorical device modifier"
mimic-iv,mimiciv.icu.chartevents,Therapeutic Bed,229604,adjudicated:both_agree,"support-surface equipment type, not a measurement"
mimic-iv,mimiciv.icu.chartevents,Pain Assessment Method,229687,adjudicated:both_agree,which pain tool was used; no pain_scale concept in catalog
mimic-iv,mimiciv.icu.chartevents,CPOT-Pain Assessment Method,229689,adjudicated:both_agree,"CPOT assessment method descriptor, not a score"
mimic-iv,mimiciv.icu.chartevents,CPOT-Muscle Tension (CPOTb),229691,adjudicated:both_agree,"CPOT muscle tension subitem (0-2), not the total pain score"
mimic-iv,mimiciv.icu.chartevents,CPOT-Vocalization (CPOTb),229695,adjudicated:both_agree,"CPOT vocalization subitem (0-2), not the total pain score"
mimic-iv,mimiciv.icu.chartevents,CPOT-Body Movements (CPOTb),229696,adjudicated:both_agree,"CPOT body movements subitem (0-2), not the total pain score"
mimic-iv,mimiciv.icu.chartevents,CPOT-Facial Expression (CPOTb),229698,adjudicated:both_agree,"CPOT facial expression subitem (0-2), not the total pain score"
mimic-iv,mimiciv.icu.chartevents,CPOT-Pain Management,229703,adjudicated:both_agree,"pain management intervention, not a score"
mimic-iv,mimiciv.icu.chartevents,NPT 30 mattress pump in use,229894,adjudicated:both_agree,"mattress pump in-use flag, equipment status"
mimic-iv,mimiciv.icu.chartevents,Risk for Falls,223754,adjudicated:both_agree,"fall-risk nursing screening, not in concept catalog"
mimic-iv,mimiciv.icu.chartevents,Daily Wake Up Deferred,223780,adjudicated:both_agree,"sedation-holiday process flag, not a sedation scale/score/goal"
mimic-iv,mimiciv.icu.chartevents,Communication,223903,adjudicated:both_agree,"communication ability assessment, no matching concept"
mimic-iv,mimiciv.icu.chartevents,Follows Commands,223910,adjudicated:both_agree,neuro command-following assessment; distinct from GCS motor subscore
mimic-iv,mimiciv.icu.chartevents,RLE Sensation,223924,adjudicated:both_agree,"right lower extremity sensation exam, no matching catalog concept"
mimic-iv,mimiciv.icu.chartevents,Temporary Pacemaker Type,223955,adjudicated:both_agree,"pacemaker device type, equipment attribute; no pacemaker concept in catalog"
mimic-iv,mimiciv.icu.chartevents,Temporary Pacemaker Mode,223956,adjudicated:both_agree,"pacemaker pacing mode; distinct from ventilator_mode, no pacer concept in catalog"
mimic-iv,mimiciv.icu.chartevents,Temporary Pacemaker Wire Condition,223961,adjudicated:both_agree,"pacemaker wire condition, device attribute"
mimic-iv,mimiciv.icu.chartevents,Angio Site # 1,223967,adjudicated:both_agree,"angio access site location, categorical modifier"
mimic-iv,mimiciv.icu.chartevents,Angio Appearance # 1,223968,adjudicated:both_agree,"angio access site appearance, catheter-site assessment"
mimic-iv,mimiciv.icu.chartevents,Angio Dressing # 1,223970,adjudicated:both_agree,"angio site dressing description, site assessment"
mimic-iv,mimiciv.icu.chartevents,Chest Tube Site # 1,223993,adjudicated:both_agree,"chest tube site descriptor, device site attribute"
mimic-iv,mimiciv.icu.chartevents,CT #1 Suction Amount,223994,adjudicated:both_agree,"chest tube suction amount, device attribute"
mimic-iv,mimiciv.icu.chartevents,CT #1 Fluctuate,223995,adjudicated:both_agree,"chest tube fluctuation, device assessment"
mimic-iv,mimiciv.icu.chartevents,CT #1 Drainage,223996,adjudicated:both_agree,"chest tube drainage character, nursing assessment"
mimic-iv,mimiciv.icu.chartevents,CT #1 Dressing,223997,adjudicated:both_agree,"chest tube dressing status, site assessment"
mimic-iv,mimiciv.icu.chartevents,CT #1 Crepitus,223998,adjudicated:both_agree,"subcutaneous crepitus at chest tube site, physical exam finding"
mimic-iv,mimiciv.icu.chartevents,GI #1 Tube Drainage,224009,adjudicated:both_agree,"GI tube drainage description, nursing free-category assessment"
mimic-iv,mimiciv.icu.chartevents,Stool Management,224012,adjudicated:both_agree,"stool management device/process, nursing documentation"
mimic-iv,mimiciv.icu.chartevents,Impaired Skin Cleanse #1,224037,adjudicated:both_agree,"wound cleansing method, wound-care intervention"
mimic-iv,mimiciv.icu.chartevents,Impaired Skin Treatment #1,224038,adjudicated:both_agree,"skin impairment treatment, wound-care assessment"
mimic-iv,mimiciv.icu.chartevents,Incision Dressing #1,224042,adjudicated:both_agree,"incision dressing description, wound-care assessment"
mimic-iv,mimiciv.icu.chartevents,Education Readiness,224075,adjudicated:both_agree,"patient education readiness, nursing assessment"
mimic-iv,mimiciv.icu.chartevents,Range of Motion Location,224092,adjudicated:both_agree,"range-of-motion body location, therapy documentation modifier"
mimic-iv,mimiciv.icu.chartevents,Cooling Device,224106,adjudicated:both_agree,"cooling device documentation, equipment not temperature measurement"
mimic-iv,mimiciv.icu.chartevents,MDI #1 Drug,224170,adjudicated:both_agree,"inhaler drug name, medication identifier not a measurement"
mimic-iv,mimiciv.icu.chartevents,ETT Mark (location),224391,adjudicated:both_agree,"ETT depth/position marker, a device attribute not a measured concept"
mimic-iv,mimiciv.icu.chartevents,Cuff Pressure,224417,adjudicated:both_agree,"endotracheal tube cuff pressure, device attribute with no catalog concept"
mimic-iv,mimiciv.icu.chartevents,Impaired Skin Type #1,224561,adjudicated:both_agree,"skin impairment type, wound-care assessment"
mimic-iv,mimiciv.icu.chartevents,Corneal Reflex Right,224730,adjudicated:both_agree,"corneal reflex exam finding, no matching catalog concept"
mimic-iv,mimiciv.icu.chartevents,Corneal Reflex Left,224731,adjudicated:both_agree,"corneal reflex exam finding, no matching catalog concept"
mimic-iv,mimiciv.icu.chartevents,Temporary Pacemaker Rate,224751,adjudicated:both_agree,"pacemaker programmed rate in bpm; a device setting, not the patient's heart rate despite similar units"
mimic-iv,mimiciv.icu.chartevents,RUE Sensation,224758,adjudicated:both_agree,"right upper extremity sensation exam, no matching catalog concept"
mimic-iv,mimiciv.icu.chartevents,LUE Sensation,224759,adjudicated:both_agree,"left upper extremity sensation exam, no matching catalog concept"
mimic-iv,mimiciv.icu.chartevents,CT #1 Leak,224775,adjudicated:both_agree,"chest tube air leak assessment, device attribute"
mimic-iv,mimiciv.icu.chartevents,CT #1 Suction Type,224806,adjudicated:both_agree,"chest tube suction type, device setting category"
mimic-iv,mimiciv.icu.chartevents,Impaired Skin Drainage Amount #1,224847,adjudicated:both_agree,"wound drainage amount, skin assessment"
mimic-iv,mimiciv.icu.chartevents,Dressing Status #1,224851,adjudicated:both_agree,"dressing status, wound-care assessment"
mimic-iv,mimiciv.icu.chartevents,Impaired Skin Drainage #2,224902,adjudicated:both_agree,"wound drainage character, skin assessment"
mimic-iv,mimiciv.icu.chartevents,Impaired Skin Odor #2,224923,adjudicated:both_agree,"wound odor flag, skin assessment"
mimic-iv,mimiciv.icu.chartevents,Impaired Skin Site #2,224930,adjudicated:both_agree,"skin impairment site, categorical modifier"
mimic-iv,mimiciv.icu.chartevents,Impaired Skin Treatment #2,224937,adjudicated:both_agree,"skin impairment treatment, wound-care assessment"
mimic-iv,mimiciv.icu.chartevents,Impaired Skin Type #2,224944,adjudicated:both_agree,"skin impairment type, wound-care assessment"
mimic-iv,mimiciv.icu.chartevents,Impaired Skin Wound Base #2,224958,adjudicated:both_agree,"wound bed description, skin assessment"
mimic-iv,mimiciv.icu.chartevents,Surrounding Tissue #2,224972,adjudicated:both_agree,"peri-wound tissue description, skin assessment"
mimic-iv,mimiciv.icu.chartevents,Incision Appearance #3,224994,adjudicated:both_agree,"incision appearance, wound-care assessment"
mimic-iv,mimiciv.icu.chartevents,Incision Closure #3,225005,adjudicated:both_agree,"incision closure method, surgical wound attribute"
mimic-iv,mimiciv.icu.chartevents,Incision Drainage #2,225013,adjudicated:both_agree,"incision drainage character, skin assessment"
mimic-iv,mimiciv.icu.chartevents,Incision Drainage Amount #2,225018,adjudicated:both_agree,"incision drainage amount, wound-care assessment"
mimic-iv,mimiciv.icu.chartevents,Warming Device Status,225050,adjudicated:both_agree,"warming device status, equipment attribute not temperature measurement"
mimic-iv,mimiciv.icu.chartevents,Past medical history,225059,adjudicated:both_agree,"past medical history free text, admission history"
mimic-iv,mimiciv.icu.chartevents,Living situation,225072,adjudicated:both_agree,"social living situation, admission history not a clinical measurement"
mimic-iv,mimiciv.icu.chartevents,Intravenous  / IV access prior to admission,225103,adjudicated:both_agree,pre-admission IV access history flag
mimic-iv,mimiciv.icu.chartevents,Range of Motion Status,225176,adjudicated:both_agree,"range-of-motion status, therapy documentation"
mimic-iv,mimiciv.icu.chartevents,Incentive Spirometry,225189,adjudicated:both_agree,"incentive spirometry treatment flag, intervention not measurement"
mimic-iv,mimiciv.icu.chartevents,20 Gauge Site Appear,225231,adjudicated:both_agree,"peripheral IV site appearance, catheter-site assessment"
mimic-iv,mimiciv.icu.chartevents,18 Gauge Site Appear,225234,adjudicated:both_agree,"peripheral IV site appearance, catheter-site assessment"
mimic-iv,mimiciv.icu.chartevents,CV - past medical history,225811,adjudicated:both_agree,"cardiovascular past medical history free text, admission history"
mimic-iv,mimiciv.icu.chartevents,Behavior,226105,adjudicated:both_agree,"generic behavior assessment, no matching concept"
mimic-iv,mimiciv.icu.chartevents,16 Gauge placed in outside facility,226136,adjudicated:both_agree,"IV placement provenance flag, line attribute"
mimic-iv,mimiciv.icu.chartevents,22 Gauge placed in outside facility,226139,adjudicated:both_agree,"IV placement provenance flag, line attribute"
mimic-iv,mimiciv.icu.chartevents,Expiratory Ratio,226871,adjudicated:both_agree,"I:E ratio expiratory component, no matching concept in catalog"
mimic-iv,mimiciv.icu.chartevents,Inspiratory Ratio,226873,adjudicated:both_agree,"I:E ratio inspiratory component, no matching concept in catalog"
mimic-iv,mimiciv.icu.chartevents,PICC Line Dressing Occlusive,227358,adjudicated:both_agree,"PICC dressing occlusiveness flag, line-site attribute"
mimic-iv,mimiciv.icu.chartevents,16 Gauge Dressing Occlusive,227366,adjudicated:both_agree,"IV dressing occlusiveness flag, line-site attribute"
mimic-iv,mimiciv.icu.chartevents,22 Gauge Dressing Occlusive,227369,adjudicated:both_agree,"IV dressing occlusiveness flag, line-site attribute"
mimic-iv,mimiciv.icu.chartevents,Incision Site #1,227472,adjudicated:both_agree,"incision site descriptor, categorical modifier"
mimic-iv,mimiciv.icu.chartevents,Ventilator Tank #1,227565,adjudicated:both_agree,"O2 tank pressure/content of ventilator equipment, not a patient measurement"
mimic-iv,mimiciv.icu.chartevents,Ventilator Tank #2,227566,adjudicated:both_agree,"O2 tank pressure/content of ventilator equipment, not a patient measurement"
mimic-iv,mimiciv.icu.chartevents,Side Rails_V2,227668,adjudicated:both_agree,"bed side-rail restraint documentation, safety item"
mimic-iv,mimiciv.icu.chartevents,PICC Line Placement Confirmed by X-ray,227759,adjudicated:both_agree,"line placement confirmation attribute, not a clinical measurement"
mimic-iv,mimiciv.icu.chartevents,Impaired Skin  - Dressing Status #1,227780,adjudicated:both_agree,"wound dressing status, skin assessment"
mimic-iv,mimiciv.icu.chartevents,22 G Phlebitis Scale,228015,adjudicated:both_agree,"peripheral IV phlebitis scale, catheter-site assessment"
mimic-iv,mimiciv.icu.chartevents,22 G Infiltration Scale,228016,adjudicated:both_agree,"peripheral IV infiltration scale, catheter-site assessment"
mimic-iv,mimiciv.icu.chartevents,16 Gauge placed in the field,228098,adjudicated:both_agree,"IV placement provenance flag, line attribute"
mimic-iv,mimiciv.icu.chartevents,22 Gauge placed in the field,228101,adjudicated:both_agree,"IV placement provenance flag, line attribute"
mimic-iv,mimiciv.icu.chartevents,Insulin pump,228236,adjudicated:both_agree,"home insulin pump presence, admission history flag"
mimic-iv,mimiciv.icu.chartevents,Daily Wake Up Deferred,228297,adjudicated:both_agree,"sedation-holiday process flag, not a sedation scale/score/goal"
mimic-iv,mimiciv.icu.chartevents,GI #1 Tube Place Method,228308,adjudicated:both_agree,"tube insertion method, procedural attribute"
mimic-iv,mimiciv.icu.chartevents,CAM-ICU Altered LOC,228334,adjudicated:both_agree,"CAM-ICU feature item, not the overall delirium score or scale"
mimic-iv,mimiciv.icu.chartevents,Neurological Symptoms,228402,adjudicated:both_agree,"neurological symptom checklist, no matching catalog concept"
mimic-iv,mimiciv.icu.chartevents,Impaired Skin #2- Location,228497,adjudicated:both_agree,"skin impairment location, categorical modifier"
mimic-iv,mimiciv.icu.chartevents,Impaired Skin #1- Type,228516,adjudicated:both_agree,"skin impairment type, wound-care assessment"
mimic-iv,mimiciv.icu.chartevents,Impaired Skin #1- Treatment,228529,adjudicated:both_agree,"skin impairment treatment, wound-care assessment"
mimic-iv,mimiciv.icu.chartevents,Incision #2- Location,228560,adjudicated:both_agree,"surgical incision site descriptor, categorical modifier"
mimic-iv,mimiciv.icu.chartevents,Incision #3- Location,228561,adjudicated:both_agree,"incision site descriptor, categorical modifier"
mimic-iv,mimiciv.icu.chartevents,Incision #2- Treatment,228572,adjudicated:both_agree,"incision treatment, wound-care assessment"
mimic-iv,mimiciv.icu.chartevents,Incision #2- Dressing Status,228595,adjudicated:both_agree,"incision dressing status, wound-care assessment"
mimic-iv,mimiciv.icu.chartevents,Home TF,228648,adjudicated:both_agree,"home tube-feeding history flag, admission history"
mimic-iv,mimiciv.icu.chartevents,Pressure Ulcer Present,228649,adjudicated:both_agree,"pressure ulcer presence on admission, skin assessment"
mimic-iv,mimiciv.icu.chartevents,Discharge NCP - Expected outcomes,228993,adjudicated:both_agree,nursing care-plan expected outcomes item
mimic-iv,mimiciv.icu.chartevents,Altered Mental Status  NCP - Problem resolved,229089,adjudicated:both_agree,nursing care-plan documentation item
mimic-iv,mimiciv.icu.chartevents,Altered Respiratory Status NCP - Problem resolved,229091,adjudicated:both_agree,nursing care-plan documentation item
mimic-iv,mimiciv.icu.chartevents,Impaired Fluid Balance NCP - Problem resolved,229099,adjudicated:both_agree,nursing care-plan documentation item
mimic-iv,mimiciv.icu.chartevents,Impaired Tissue Perfusion NCP - Problem resolved,229101,adjudicated:both_agree,nursing care-plan documentation item
mimic-iv,mimiciv.icu.chartevents,Infection NCP - Problem resolved,229103,adjudicated:both_agree,nursing care-plan documentation item
mimic-iv,mimiciv.icu.chartevents,Pain NCP - Problem resolved,229107,adjudicated:both_agree,nursing care-plan documentation item
mimic-iv,mimiciv.icu.chartevents,Post-op Care NCP - Problem resolved,229109,adjudicated:both_agree,nursing care-plan documentation item
mimic-iv,mimiciv.icu.chartevents,Safety Restraints NCP - Problem resolved,229111,adjudicated:both_agree,nursing care-plan documentation item
mimic-iv,mimiciv.icu.chartevents,GI #1 Tube Mark (CM),229300,adjudicated:both_agree,"gastric tube insertion depth in cm, device attribute"
mimic-iv,mimiciv.icu.chartevents,CAM-ICU Inattention,229325,adjudicated:both_agree,"CAM-ICU feature item, not the overall delirium score or scale"
mimic-iv,mimiciv.icu.chartevents,PICC Line Power PICC,229476,adjudicated:both_agree,"PICC catheter subtype flag, device attribute"
mimic-iv,mimiciv.icu.chartevents,RCexp (Measured Time Constant),229660,adjudicated:both_agree,"expiratory time constant in seconds, no matching respiratory mechanics concept"
mimic-iv,mimiciv.icu.chartevents,Compliance,229661,adjudicated:both_agree,"respiratory system compliance, no matching concept in catalog"
mimic-iv,mimiciv.icu.chartevents,Pinsp (Hamilton),229663,adjudicated:both_agree,Hamilton inspiratory pressure setting; no inspiratory_pressure concept in catalog
mimic-iv,mimiciv.icu.chartevents,Resistance Exp,229664,adjudicated:both_agree,"expiratory airway resistance, no matching concept in catalog"
mimic-iv,mimiciv.icu.chartevents,Resistance Insp,229665,adjudicated:both_agree,"inspiratory airway resistance, no matching concept in catalog"
mimic-iv,mimiciv.icu.chartevents,CVL Biopatch,229882,adjudicated:both_agree,"central line antimicrobial dressing flag, line-care attribute"
mimic-iv,mimiciv.icu.chartevents,Central Venous Pressure Alarm - High,220072,adjudicated:both_agree,CVP high alarm limit; alarm threshold and no cvp concept in catalog
mimic-iv,mimiciv.icu.chartevents,Central Venous Pressure  Alarm - Low,220073,adjudicated:both_agree,CVP low alarm limit; alarm threshold and no cvp concept in catalog
mimic-iv,mimiciv.icu.chartevents,CO2 production,220245,adjudicated:both_agree,"VCO2 carbon dioxide production ml/min, no catalog concept (distinct from minute_volume)"
mimic-iv,mimiciv.icu.chartevents,Code Status,223758,adjudicated:both_agree,"code status / goals of care, administrative categorical"
mimic-iv,mimiciv.icu.chartevents,PA Line cm Mark,223773,adjudicated:both_agree,"PA catheter insertion depth in cm, a line attribute not a hemodynamic measurement"
mimic-iv,mimiciv.icu.chartevents,Seizure Activity,223923,adjudicated:both_agree,"categorical seizure activity assessment, no catalog concept"
mimic-iv,mimiciv.icu.chartevents,Temporary Pacemaker Wires Venticular,223962,adjudicated:both_agree,"temporary ventricular pacing wire attribute, not a catalog measurement"
mimic-iv,mimiciv.icu.chartevents,GI #1 Tube Place Check,224010,adjudicated:both_agree,"GI tube placement verification, nursing procedure"
mimic-iv,mimiciv.icu.chartevents,Incision Cleansing #1,224043,adjudicated:both_agree,"surgical incision cleansing intervention, nursing care"
mimic-iv,mimiciv.icu.chartevents,Warming Device,224105,adjudicated:both_agree,"warming device type, equipment attribute not a measurement"
mimic-iv,mimiciv.icu.chartevents,Cervical Collar Type,224109,adjudicated:both_agree,"cervical collar device type, a treatment attribute"
mimic-iv,mimiciv.icu.chartevents,Cervical Collar Status,224110,adjudicated:both_agree,"cervical collar status, device attribute"
mimic-iv,mimiciv.icu.chartevents,Cordis/Introducer Site Appear,224297,adjudicated:both_agree,"introducer insertion site appearance, line site assessment"
mimic-iv,mimiciv.icu.chartevents,CT #2 Drainage,224424,adjudicated:both_agree,"chest tube drainage character, categorical"
mimic-iv,mimiciv.icu.chartevents,CT #2 Dressing,224425,adjudicated:both_agree,"chest tube dressing status, nursing care attribute"
mimic-iv,mimiciv.icu.chartevents,CT #2 Fluctuate,224426,adjudicated:both_agree,"chest tube fluctuation observation, categorical"
mimic-iv,mimiciv.icu.chartevents,CT #2 Suction Amount,224427,adjudicated:both_agree,"chest tube suction amount category, device setting"
mimic-iv,mimiciv.icu.chartevents,Chest Tube Site # 2,224438,adjudicated:both_agree,"chest tube insertion site, catheter site attribute"
mimic-iv,mimiciv.icu.chartevents,GI #2 Intub Site,224441,adjudicated:both_agree,"GI tube intubation site, catheter site attribute"
mimic-iv,mimiciv.icu.chartevents,Impaired Skin Length #1,224562,adjudicated:both_agree,"wound length in cm, skin assessment geometry"
mimic-iv,mimiciv.icu.chartevents,Tunneling Present #1,224632,adjudicated:both_agree,"wound tunneling presence, skin assessment"
mimic-iv,mimiciv.icu.chartevents,Service,224640,adjudicated:both_agree,"admitting clinical service, administrative field not in catalog"
mimic-iv,mimiciv.icu.chartevents,RSBI Deferred,224740,adjudicated:both_agree,"RSBI deferral flag; weaning workflow field, no RSBI concept in catalog"
mimic-iv,mimiciv.icu.chartevents,LLE Sensation,224762,adjudicated:both_agree,"left-lower-extremity sensation nursing neuro assessment, no catalog concept"
mimic-iv,mimiciv.icu.chartevents,CT #2 Leak,224777,adjudicated:both_agree,"chest tube air leak observation, categorical"
mimic-iv,mimiciv.icu.chartevents,GI #2 Tube Type,224788,adjudicated:both_agree,"GI tube type, device attribute"
mimic-iv,mimiciv.icu.chartevents,GI #2 Tube Status,224789,adjudicated:both_agree,"GI tube status, device attribute"
mimic-iv,mimiciv.icu.chartevents,CT #2 Suction Type,224808,adjudicated:both_agree,"chest tube suction type, device setting category"
mimic-iv,mimiciv.icu.chartevents,Temporary Pacemaker Wires Atrial,224839,adjudicated:both_agree,"temporary atrial pacing wire attribute, no catalog concept"
mimic-iv,mimiciv.icu.chartevents,Impaired Skin Width #1,224846,adjudicated:both_agree,"wound width in cm, skin assessment geometry"
mimic-iv,mimiciv.icu.chartevents,Impaired Skin Cleanse #2,224888,adjudicated:both_agree,"wound cleansing intervention, nursing care"
mimic-iv,mimiciv.icu.chartevents,Impaired Skin Drainage #3,224903,adjudicated:both_agree,"wound drainage character, skin assessment"
mimic-iv,mimiciv.icu.chartevents,Impaired Skin Drainage Amount #2,224909,adjudicated:both_agree,wound drainage amount in skin-impairment assessment
mimic-iv,mimiciv.icu.chartevents,Impaired Skin Drainage Amount #3,224910,adjudicated:both_agree,"wound drainage amount, skin assessment"
mimic-iv,mimiciv.icu.chartevents,Impaired Skin Odor #3,224924,adjudicated:both_agree,"wound odor presence, skin assessment"
mimic-iv,mimiciv.icu.chartevents,Impaired Skin Wound Base #3,224959,adjudicated:both_agree,"wound base appearance, skin assessment free category"
mimic-iv,mimiciv.icu.chartevents,Surrounding Tissue #3,224973,adjudicated:both_agree,"peri-wound tissue appearance, skin assessment"
mimic-iv,mimiciv.icu.chartevents,Incision Drainage #3,225014,adjudicated:both_agree,"incision drainage character, skin assessment"
mimic-iv,mimiciv.icu.chartevents,Incision Dressing #2,225023,adjudicated:both_agree,"incision dressing type, nursing care attribute"
mimic-iv,mimiciv.icu.chartevents,Dressing Status #2,225028,adjudicated:both_agree,"incision dressing status, nursing care attribute"
mimic-iv,mimiciv.icu.chartevents,Cooling Device Status,225052,adjudicated:both_agree,"cooling device operational status, equipment attribute"
mimic-iv,mimiciv.icu.chartevents,Is the spokesperson the Health Care Proxy,225067,adjudicated:both_agree,"health care proxy identification, administrative"
mimic-iv,mimiciv.icu.chartevents,Unable to assess psychological,225070,adjudicated:both_agree,"assessment-not-obtainable flag, documentation artifact"
mimic-iv,mimiciv.icu.chartevents,Any fear in relationships,225074,adjudicated:both_agree,"psychosocial screening question, admission history"
mimic-iv,mimiciv.icu.chartevents,Emotional / physical / sexual harm by partner or close relation,225076,adjudicated:both_agree,"interpersonal violence screening question, admission history"
mimic-iv,mimiciv.icu.chartevents,Social work consult,225078,adjudicated:both_agree,"social work consult flag, administrative"
mimic-iv,mimiciv.icu.chartevents,Visual / hearing deficit,225087,adjudicated:both_agree,admission-history sensory deficit flag
mimic-iv,mimiciv.icu.chartevents,Self ADL,225092,adjudicated:both_agree,admission-history ADL independence flag
mimic-iv,mimiciv.icu.chartevents,History of slips / falls,225094,adjudicated:both_agree,admission-history fall risk flag
mimic-iv,mimiciv.icu.chartevents,Balance,225097,adjudicated:both_agree,admission-history balance assessment category
mimic-iv,mimiciv.icu.chartevents,Judgement,225099,adjudicated:both_agree,admission-history judgement assessment category
mimic-iv,mimiciv.icu.chartevents,Use of assistive devices,225101,adjudicated:both_agree,admission-history assistive device use
mimic-iv,mimiciv.icu.chartevents,ETOH,225106,adjudicated:both_agree,admission-history alcohol use flag
mimic-iv,mimiciv.icu.chartevents,Recreational drug use,225110,adjudicated:both_agree,admission-history recreational drug use flag
mimic-iv,mimiciv.icu.chartevents,Currently experiencing pain,225113,adjudicated:both_agree,"admission-history binary pain presence flag, not a pain intensity score"
mimic-iv,mimiciv.icu.chartevents,Unable to assess nutrition / education,225117,adjudicated:both_agree,"assessment-not-obtainable flag, documentation artifact"
mimic-iv,mimiciv.icu.chartevents,Difficulty swallowing,225118,adjudicated:both_agree,admission-history swallowing difficulty flag
mimic-iv,mimiciv.icu.chartevents,Appetite,225120,adjudicated:both_agree,admission-history appetite assessment
mimic-iv,mimiciv.icu.chartevents,Special diet,225122,adjudicated:both_agree,admission-history special diet flag
mimic-iv,mimiciv.icu.chartevents,Unintentional weight loss >10 lbs.,225124,adjudicated:both_agree,"admission-history weight loss screening flag, not a weight measurement"
mimic-iv,mimiciv.icu.chartevents,Dialysis patient,225126,adjudicated:both_agree,admission-history dialysis status flag
mimic-iv,mimiciv.icu.chartevents,Teaching directed toward,225131,adjudicated:both_agree,patient-teaching target documentation
mimic-iv,mimiciv.icu.chartevents,Consults,225135,adjudicated:both_agree,"consult service documentation, administrative"
mimic-iv,mimiciv.icu.chartevents,Multi Lumen Zero/Calibrate,225206,adjudicated:both_agree,line zero/calibration task documentation
mimic-iv,mimiciv.icu.chartevents,Bed Bath,225313,adjudicated:both_agree,bed bath nursing task documentation
mimic-iv,mimiciv.icu.chartevents,Cordis/Introducer placed in outside facility,226109,adjudicated:both_agree,"line placed at outside facility flag, provenance attribute"
mimic-iv,mimiciv.icu.chartevents,Sexuality / reproductive problems,226180,adjudicated:both_agree,"psychosocial screening question, admission history"
mimic-iv,mimiciv.icu.chartevents,Cordis/Introducer Dressing Occlusive,227350,adjudicated:both_agree,"line dressing occlusiveness, nursing care attribute"
mimic-iv,mimiciv.icu.chartevents,Incision Site #2,227473,adjudicated:both_agree,"incision anatomic site, categorical modifier"
mimic-iv,mimiciv.icu.chartevents,Small Volume Neb Drug/Dose #1,227570,adjudicated:both_agree,"nebulizer drug/dose free text, medication administration detail"
mimic-iv,mimiciv.icu.chartevents,Tobacco Use History,227687,adjudicated:both_agree,admission-history tobacco use documentation
mimic-iv,mimiciv.icu.chartevents,16 G Phlebitis Scale,228009,adjudicated:both_agree,"peripheral IV phlebitis grading scale, site assessment"
mimic-iv,mimiciv.icu.chartevents,16 G Infiltration Scale,228010,adjudicated:both_agree,"peripheral IV infiltration grading scale, site assessment"
mimic-iv,mimiciv.icu.chartevents,Impaired Skin #3- Location,228498,adjudicated:both_agree,"skin impairment anatomic location, categorical modifier"
mimic-iv,mimiciv.icu.chartevents,Pressure Ulcer #1- Location,228506,adjudicated:both_agree,"pressure ulcer anatomic location, categorical modifier"
mimic-iv,mimiciv.icu.chartevents,Impaired Skin #2- Treatment,228530,adjudicated:both_agree,skin impairment treatment intervention
mimic-iv,mimiciv.icu.chartevents,Pressure Ulcer #1- Type,228549,adjudicated:both_agree,pressure ulcer type descriptor
mimic-iv,mimiciv.icu.chartevents,Incision #3- Treatment,228573,adjudicated:both_agree,"incision treatment intervention, nursing care"
mimic-iv,mimiciv.icu.chartevents,Incision #3- Dressing Status,228596,adjudicated:both_agree,"incision dressing status, nursing care attribute"
mimic-iv,mimiciv.icu.chartevents,Impaired Skin #1- Dressing Status,228600,adjudicated:both_agree,"wound dressing status, skin assessment"
mimic-iv,mimiciv.icu.chartevents,Pressure ulcer #1- Wound Base,228733,adjudicated:both_agree,pressure ulcer wound base appearance
mimic-iv,mimiciv.icu.chartevents,Pressure ulcer #1- Surrounding tissue,228743,adjudicated:both_agree,pressure ulcer surrounding tissue appearance
mimic-iv,mimiciv.icu.chartevents,Pressure ulcer #1- Stage,228813,adjudicated:both_agree,"pressure ulcer stage, skin assessment grading"
mimic-iv,mimiciv.icu.chartevents,Impaired Skin #1- Type,228853,adjudicated:both_agree,skin impairment wound type descriptor
mimic-iv,mimiciv.icu.chartevents,Pain NCP - Expected outcomes,228888,adjudicated:both_agree,nursing care-plan expected outcomes text
mimic-iv,mimiciv.icu.chartevents,Altered Respiratory Status NCP - Plan revised,229090,adjudicated:both_agree,nursing care-plan documentation field
mimic-iv,mimiciv.icu.chartevents,Altered Skin Integrity NCP - Problem resolved,229093,adjudicated:both_agree,nursing care-plan documentation field
mimic-iv,mimiciv.icu.chartevents,Coping/Knowledge Deficit  NCP - Problem resolved,229095,adjudicated:both_agree,nursing care-plan documentation field
mimic-iv,mimiciv.icu.chartevents,Discharge NCP - Problem resolved,229097,adjudicated:both_agree,nursing care-plan documentation field
mimic-iv,mimiciv.icu.chartevents,Impaired Tissue Perfusion NCP - Plan revised,229100,adjudicated:both_agree,nursing care-plan documentation field
mimic-iv,mimiciv.icu.chartevents,Infection NCP - Plan revised,229102,adjudicated:both_agree,nursing care-plan documentation field
mimic-iv,mimiciv.icu.chartevents,Pain NCP - Plan revised,229106,adjudicated:both_agree,nursing care-plan documentation field
mimic-iv,mimiciv.icu.chartevents,Post-op Care NCP - Plan revised,229108,adjudicated:both_agree,nursing care-plan documentation field
mimic-iv,mimiciv.icu.chartevents,Impaired Mobility  NCP - Interventions,229347,adjudicated:both_agree,nursing care-plan interventions text
mimic-iv,mimiciv.icu.chartevents,PICC - Heparin Dependent,229538,adjudicated:both_agree,"PICC line heparin-dependence flag, line attribute"
mimic-iv,mimiciv.icu.chartevents,CAUTI Info Given,229600,adjudicated:both_agree,catheter-associated UTI education documentation
mimic-iv,mimiciv.icu.chartevents,Indwelling Urinary Catheter Care,229681,adjudicated:both_agree,urinary catheter care task documentation
mimic-iv,mimiciv.icu.chartevents,CPOT-Muscle Tension (CPOTa),229692,adjudicated:adjudicated,"0-2 CPOT muscle-tension subitem; catalog lists GCS components but no CPOT components, and pain_score is carried by 223791 Pain Level (0-10)"
mimic-iv,mimiciv.icu.chartevents,CPOT-Vocalization (CPOTa),229694,adjudicated:adjudicated,"0-2 CPOT vocalization subitem; catalog lists GCS components but no CPOT components, and pain_score is carried by 223791 Pain Level (0-10)"
mimic-iv,mimiciv.icu.chartevents,CPOT-Body Movements (CPOTa),229697,adjudicated:adjudicated,"0-2 CPOT body-movements subitem; catalog lists GCS components but no CPOT components, and pain_score is carried by 223791 Pain Level (0-10)"
mimic-iv,mimiciv.icu.chartevents,CPOT-Facial Expression (CPOTa),229699,adjudicated:adjudicated,"0-2 CPOT facial-expression subitem; catalog lists GCS components but no CPOT components, and pain_score is carried by 223791 Pain Level (0-10)"
mimic-iv,mimiciv.icu.chartevents,Pulmonary Artery Pressure Alarm - High,220063,adjudicated:both_agree,"monitor alarm upper limit for PA pressure, an alarm setting rather than a measured pasystolic value"
mimic-iv,mimiciv.icu.chartevents,Pulmonary Artery Pressure Alarm - Low,220066,adjudicated:both_agree,"monitor alarm lower limit for PA pressure, alarm setting with p50 0.68 mmHg, not a physiological measurement"
mimic-iv,mimiciv.icu.chartevents,PH (dipstick),220734,adjudicated:both_agree,"urine dipstick pH with p50 6.0 and range 5-8.2; the catalog ph concept is arterial blood gas pH (~7.4), a different analyte"
mimic-iv,mimiciv.icu.chartevents,Nerve Stimulated,223802,adjudicated:both_agree,"nerve stimulated site categorical, procedure attribute not in catalog"
mimic-iv,mimiciv.icu.chartevents,Nausea and Vomiting (CIWA),223805,adjudicated:both_agree,"CIWA nausea/vomiting subscale item, not in catalog"
mimic-iv,mimiciv.icu.chartevents,Tremor (CIWA),223806,adjudicated:both_agree,"CIWA tremor subscale item, not in catalog"
mimic-iv,mimiciv.icu.chartevents,Paroxysmal Sweats,223810,adjudicated:both_agree,"CIWA withdrawal subscale item, no alcohol withdrawal concept in catalog"
mimic-iv,mimiciv.icu.chartevents,Anxiety,223811,adjudicated:both_agree,"CIWA anxiety subscale item, not in catalog"
mimic-iv,mimiciv.icu.chartevents,Auditory Disturbance,223814,adjudicated:both_agree,"CIWA auditory disturbance subscale item, not in catalog"
mimic-iv,mimiciv.icu.chartevents,Agitation,223817,adjudicated:both_agree,"CIWA agitation subscale item (0-7), not the sedation_score concept"
mimic-iv,mimiciv.icu.chartevents,Tactile Disturbances,223818,adjudicated:both_agree,"CIWA tactile disturbance subscale item, not in catalog"
mimic-iv,mimiciv.icu.chartevents,Visual Disturbances,223819,adjudicated:both_agree,"CIWA visual disturbance subscale item, not in catalog"
mimic-iv,mimiciv.icu.chartevents,Headache,223820,adjudicated:both_agree,"CIWA headache subscale item, not in catalog"
mimic-iv,mimiciv.icu.chartevents,Orient/Clouding Sensory,223821,adjudicated:both_agree,"CIWA orientation/clouding of sensorium item, not a GCS component"
mimic-iv,mimiciv.icu.chartevents,Insomnia,223823,adjudicated:both_agree,"CIWA insomnia item, not in catalog"
mimic-iv,mimiciv.icu.chartevents,Seizure,223824,adjudicated:both_agree,"CIWA seizure item, not in catalog"
mimic-iv,mimiciv.icu.chartevents,Sustained Nystagmus,223825,adjudicated:both_agree,"toxicology exam finding (nystagmus), not in catalog"
mimic-iv,mimiciv.icu.chartevents,Ataxia,223827,adjudicated:both_agree,"toxicology ataxia finding, not in catalog"
mimic-iv,mimiciv.icu.chartevents,Slurred Speech,223828,adjudicated:both_agree,"toxicology withdrawal exam finding, not in catalog"
mimic-iv,mimiciv.icu.chartevents,Drowsiness,223829,adjudicated:both_agree,toxicology drowsiness finding; not the sedation_score scale concept
mimic-iv,mimiciv.icu.chartevents,Ulnar Pulse R,223938,adjudicated:both_agree,"right ulnar pulse quality categorical; a palpation finding, not heart_rate"
mimic-iv,mimiciv.icu.chartevents,Ulnar Pulse L,223949,adjudicated:both_agree,"left ulnar pulse quality categorical; a palpation finding, not heart_rate"
mimic-iv,mimiciv.icu.chartevents,Temporary Venticular Sens Threshold mV,223958,adjudicated:both_agree,"pacemaker ventricular sensing threshold in mV, device parameter not in catalog"
mimic-iv,mimiciv.icu.chartevents,Temporary Venticular Stim Threshold mA,223960,adjudicated:both_agree,"pacemaker ventricular stimulation threshold in mA, device parameter not in catalog"
mimic-iv,mimiciv.icu.chartevents,Stool Guaiac,224013,adjudicated:both_agree,"stool occult blood test result, no guaiac concept in catalog"
mimic-iv,mimiciv.icu.chartevents,Chest PT R/L,224101,adjudicated:both_agree,"chest physiotherapy laterality, treatment attribute not in catalog"
mimic-iv,mimiciv.icu.chartevents,22 Gauge Site Appear,224119,adjudicated:both_agree,"peripheral IV site appearance, catheter site attribute not in catalog"
mimic-iv,mimiciv.icu.chartevents,Temporary Atrial Sens,224390,adjudicated:both_agree,"temporary pacemaker atrial sensing status, no pacer concepts in catalog"
mimic-iv,mimiciv.icu.chartevents,TOF Response,224413,adjudicated:both_agree,"train-of-four neuromuscular blockade response, no TOF concept in catalog"
mimic-iv,mimiciv.icu.chartevents,TOF Twitch,224414,adjudicated:both_agree,"train-of-four twitch count, neuromuscular monitoring not in catalog"
mimic-iv,mimiciv.icu.chartevents,CT #2 Crepitus,224423,adjudicated:both_agree,"chest tube site crepitus assessment, not in catalog"
mimic-iv,mimiciv.icu.chartevents,CT #3 Suction Amount,224436,adjudicated:both_agree,"chest tube suction amount categorical, device attribute not in catalog"
mimic-iv,mimiciv.icu.chartevents,Chest Tube Site #3,224439,adjudicated:both_agree,"chest tube insertion site categorical, device site attribute not in catalog"
mimic-iv,mimiciv.icu.chartevents,Current Used/mA,224662,adjudicated:both_agree,"nerve stimulator current in mA, device setting not in catalog"
mimic-iv,mimiciv.icu.chartevents,SBT Started,224715,adjudicated:both_agree,"spontaneous breathing trial event flag, no SBT concept in catalog"
mimic-iv,mimiciv.icu.chartevents,SBT Successfully Completed,224717,adjudicated:both_agree,"spontaneous breathing trial completion flag, no SBT concept in catalog"
mimic-iv,mimiciv.icu.chartevents,Temporary Atrial Sens Threshold mV,224752,adjudicated:both_agree,"pacemaker atrial sensing threshold in mV, device parameter not in catalog"
mimic-iv,mimiciv.icu.chartevents,Temporary Atrial Sens Setting mV,224753,adjudicated:both_agree,"pacemaker atrial sensitivity setting in mV, device setting not in catalog"
mimic-iv,mimiciv.icu.chartevents,Temporary Atrial Stim Threshold mA,224754,adjudicated:both_agree,"pacemaker atrial stimulation threshold in mA, device parameter not in catalog"
mimic-iv,mimiciv.icu.chartevents,Temporary Atrial Stim Setting mA,224755,adjudicated:both_agree,"pacemaker atrial output setting in mA, device setting not in catalog"
mimic-iv,mimiciv.icu.chartevents,CT #3 Suction Type,224810,adjudicated:both_agree,"chest tube suction type categorical, device attribute not in catalog"
mimic-iv,mimiciv.icu.chartevents,SBT Deferred,224833,adjudicated:both_agree,"spontaneous breathing trial deferral flag, no SBT concept in catalog"
mimic-iv,mimiciv.icu.chartevents,Temporary Ventricular Sens,224834,adjudicated:both_agree,"temporary pacemaker ventricular sensing status, not in catalog"
mimic-iv,mimiciv.icu.chartevents,Temporary Ventricular Capture,224835,adjudicated:both_agree,"temporary pacemaker ventricular capture status, not in catalog"
mimic-iv,mimiciv.icu.chartevents,Temporary Ventricular Sens Setting mV,224837,adjudicated:both_agree,"pacemaker ventricular sensitivity setting in mV, device setting not in catalog"
mimic-iv,mimiciv.icu.chartevents,Temporary Ventricular Stim Setting mA,224838,adjudicated:both_agree,"pacemaker ventricular output setting in mA, device setting not in catalog"
mimic-iv,mimiciv.icu.chartevents,Temporary Atrial Capture,224866,adjudicated:both_agree,"temporary pacemaker atrial capture status, no pacer concepts in catalog"
mimic-iv,mimiciv.icu.chartevents,Incision Drainage Amount #3,225019,adjudicated:both_agree,"surgical incision drainage amount category, wound assessment not in catalog"
mimic-iv,mimiciv.icu.chartevents,Unable to assess cognitive / perceptual,225086,adjudicated:both_agree,"admission assessment 'unable to assess' flag, not a clinical quantity"
mimic-iv,mimiciv.icu.chartevents,Interpreter,225090,adjudicated:both_agree,"interpreter need/language, administrative attribute not in catalog"
mimic-iv,mimiciv.icu.chartevents,Unable to assess activity / mobility,225091,adjudicated:both_agree,"admission assessment 'unable to assess' flag, not a clinical quantity"
mimic-iv,mimiciv.icu.chartevents,Unable to assess habits,225105,adjudicated:both_agree,"admission assessment 'unable to assess' flag, not a clinical quantity"
mimic-iv,mimiciv.icu.chartevents,Unable to assess pain,225112,adjudicated:both_agree,"admission assessment 'unable to assess pain' flag, not the pain_score value"
mimic-iv,mimiciv.icu.chartevents,Unable to assess teaching / learning needs,225129,adjudicated:both_agree,"admission assessment 'unable to assess' flag, not a clinical quantity"
mimic-iv,mimiciv.icu.chartevents,Discharge needs,225133,adjudicated:both_agree,"discharge planning need flag, administrative not clinical measurement"
mimic-iv,mimiciv.icu.chartevents,See chart for initial patient assessment,225175,adjudicated:both_agree,"documentation pointer flag, not a clinical measurement"
mimic-iv,mimiciv.icu.chartevents,20 Gauge Reason Discontinued,225230,adjudicated:both_agree,"reason peripheral IV discontinued, line management attribute not in catalog"
mimic-iv,mimiciv.icu.chartevents,16 Gauge Site Appear,225237,adjudicated:both_agree,"peripheral IV site appearance, catheter site attribute not in catalog"
mimic-iv,mimiciv.icu.chartevents,Called Out,225280,adjudicated:both_agree,"'called out' ICU discharge-readiness flag, administrative not clinical"
mimic-iv,mimiciv.icu.chartevents,PA Catheter Site Appear,225355,adjudicated:both_agree,"PA catheter insertion site appearance, line site attribute not in catalog"
mimic-iv,mimiciv.icu.chartevents,PA Catheter Waveform Appear,225357,adjudicated:both_agree,"PA catheter waveform appearance categorical, line assessment not in catalog"
mimic-iv,mimiciv.icu.chartevents,Lipase,225672,adjudicated:both_agree,lipase in IU/L; catalog contains amylase but no lipase concept
mimic-iv,mimiciv.icu.chartevents,Serum Osmolality,225684,adjudicated:both_agree,"serum osmolality in mOsm/kg, no osmolality concept in catalog"
mimic-iv,mimiciv.icu.chartevents,Triglyceride,225693,adjudicated:both_agree,"triglyceride in mg/dL, no lipid concepts in catalog"
mimic-iv,mimiciv.icu.chartevents,PAP Alarm Source,227241,adjudicated:both_agree,"alarm source label, monitor configuration attribute not in catalog"
mimic-iv,mimiciv.icu.chartevents,PA Catheter Dressing Occlusive,227351,adjudicated:both_agree,"catheter dressing occlusiveness flag, line care attribute not in catalog"
mimic-iv,mimiciv.icu.chartevents,Specific Gravity (urine),227471,adjudicated:both_agree,"urine specific gravity, no such concept in catalog"
mimic-iv,mimiciv.icu.chartevents,ART Blood Pressure Alarm - High,227537,adjudicated:both_agree,"arterial line BP high alarm limit, a monitor setting rather than a measured sbp/dbp value"
mimic-iv,mimiciv.icu.chartevents,ART Blood Pressure Alarm - Low,227538,adjudicated:both_agree,"arterial line BP low alarm limit, a monitor setting rather than a measured sbp/dbp value"
mimic-iv,mimiciv.icu.chartevents,ART Blood Pressure Alarm Source,227539,adjudicated:both_agree,"alarm source label, monitor configuration attribute not in catalog"
mimic-iv,mimiciv.icu.chartevents,GI #1 Tube Place Method,227588,adjudicated:both_agree,"GI tube placement method, device attribute not a measurement"
mimic-iv,mimiciv.icu.chartevents,Cordis/Introducer Placement Confirmed by X-ray,227752,adjudicated:both_agree,"line placement confirmation attribute, not a clinical measurement concept"
mimic-iv,mimiciv.icu.chartevents,ETT Position Change,227809,adjudicated:both_agree,"endotracheal tube repositioning event flag, airway care attribute"
mimic-iv,mimiciv.icu.chartevents,Pronator drift present,227988,adjudicated:both_agree,"neurological motor exam finding, not in catalog"
mimic-iv,mimiciv.icu.chartevents,GI #2 Tube Place Check,228309,adjudicated:both_agree,"feeding tube placement check, device attribute not in catalog"
mimic-iv,mimiciv.icu.chartevents,CAM-ICU Inattention,228336,adjudicated:adjudicated,"binary 0/1 CAM-ICU Feature-2 (inattention) sub-item, not the composite delirium score; no feature-level concept exists in the catalog"
mimic-iv,mimiciv.icu.chartevents,Seizure Activity,228413,adjudicated:both_agree,"seizure activity categorical neurological assessment, not in catalog"
mimic-iv,mimiciv.icu.chartevents,Compression device # 1,228419,adjudicated:both_agree,"sequential compression device presence, equipment attribute not in catalog"
mimic-iv,mimiciv.icu.chartevents,Impaired Skin #1- Cleanse,228518,adjudicated:both_agree,"wound cleansing agent, wound care attribute not in catalog"
mimic-iv,mimiciv.icu.chartevents,Impaired Skin #3- Treatment,228531,adjudicated:both_agree,"skin impairment treatment, wound care attribute not in catalog"
mimic-iv,mimiciv.icu.chartevents,Pressure Ulcer #1- Treatment,228539,adjudicated:both_agree,"pressure ulcer treatment description, wound-care attribute not a measured concept"
mimic-iv,mimiciv.icu.chartevents,Incision #1- Cleanse,228565,adjudicated:both_agree,"incision cleansing agent, wound care attribute not in catalog"
mimic-iv,mimiciv.icu.chartevents,Impaired Skin #2- Type,228577,adjudicated:both_agree,"skin impairment type categorical, site-specific skin assessment"
mimic-iv,mimiciv.icu.chartevents,Impaired Skin #2- Dressing Status,228601,adjudicated:both_agree,"wound dressing status categorical, wound care attribute not in catalog"
mimic-iv,mimiciv.icu.chartevents,Pressure Ulcer #1- Width,228620,adjudicated:both_agree,"wound width in cm, no pressure ulcer size concept exists"
mimic-iv,mimiciv.icu.chartevents,Pressure ulcer #1- Length,228723,adjudicated:both_agree,"wound dimension in cm, no pressure ulcer size concept exists"
mimic-iv,mimiciv.icu.chartevents,Pressure ulcer #1- Drainage,228753,adjudicated:both_agree,"wound drainage character, wound assessment not in catalog"
mimic-iv,mimiciv.icu.chartevents,Pressure ulcer #1- Drainage amount,228763,adjudicated:both_agree,"wound drainage amount category, wound assessment not in catalog"
mimic-iv,mimiciv.icu.chartevents,Pressure ulcer #1- Dressing status,228803,adjudicated:both_agree,"wound dressing status categorical, wound care attribute not in catalog"
mimic-iv,mimiciv.icu.chartevents,Impaired Skin #2- Type,228854,adjudicated:both_agree,"skin impairment type categorical, site-specific skin assessment"
mimic-iv,mimiciv.icu.chartevents,Altered Mental Status  NCP - Plan revised,229088,adjudicated:both_agree,"nursing care plan documentation, not a clinical measurement"
mimic-iv,mimiciv.icu.chartevents,Altered Skin Integrity NCP - Plan revised,229092,adjudicated:both_agree,"nursing care plan revision record, not a clinical measurement"
mimic-iv,mimiciv.icu.chartevents,Coping/Knowledge Deficit  NCP - Plan revised,229094,adjudicated:both_agree,"nursing care plan revision record, not a clinical measurement"
mimic-iv,mimiciv.icu.chartevents,Discharge NCP - Plan revised,229096,adjudicated:both_agree,"nursing care plan revision record, not a clinical measurement"
mimic-iv,mimiciv.icu.chartevents,Impaired Fluid Balance NCP - Plan revised,229098,adjudicated:both_agree,"nursing care plan revision record, not a clinical measurement"
mimic-iv,mimiciv.icu.chartevents,Safety Restraints NCP - Plan revised,229110,adjudicated:both_agree,"nursing care plan revision record, not a clinical measurement"
mimic-iv,mimiciv.icu.chartevents,Impaired Mobility NCP - Expected outcomes,229344,adjudicated:both_agree,"nursing care plan expected outcomes, not a clinical measurement"
mimic-iv,mimiciv.icu.chartevents,Bladder Scan Estimate,229371,adjudicated:both_agree,"bladder ultrasound residual volume in mL, no bladder volume concept in catalog"
mimic-iv,mimiciv.icu.chartevents,Cerebellar - Finger -> Nose,229386,adjudicated:both_agree,"cerebellar coordination exam item, no matching concept in catalog"
mimic-iv,mimiciv.icu.chartevents,Vaulables Checklist,229685,adjudicated:both_agree,"valuables checklist administrative flag, not a clinical measurement"
mimic-iv,mimiciv.icu.chartevents,Warming Device,229686,adjudicated:both_agree,"warming device type, treatment device attribute not in catalog"
mimic-iv,mimiciv.icu.chartevents,Risk Factors for Pressure Injury,229868,adjudicated:both_agree,"pressure injury risk factor list, skin assessment not in catalog"
mimic-iv,mimiciv.icu.chartevents,Cholesterol,220603,adjudicated:both_agree,total cholesterol; no lipid concept exists in the catalog
mimic-iv,mimiciv.icu.chartevents,HDL,220624,adjudicated:both_agree,HDL cholesterol; no lipid panel concept in catalog
mimic-iv,mimiciv.icu.chartevents,Precautions: Standard +,223759,adjudicated:both_agree,"isolation precaution status, an administrative nursing attribute"
mimic-iv,mimiciv.icu.chartevents,Health Care Proxy,223760,adjudicated:both_agree,"administrative/psychosocial documentation of health care proxy, not a clinical measurement"
mimic-iv,mimiciv.icu.chartevents,Brachial Pulse R,223939,adjudicated:both_agree,"categorical brachial pulse-quality assessment, a modifier not a rate"
mimic-iv,mimiciv.icu.chartevents,Femoral Pulse R,223940,adjudicated:both_agree,"categorical peripheral pulse-quality assessment by site, not heart_rate"
mimic-iv,mimiciv.icu.chartevents,Brachial Pulse L,223944,adjudicated:both_agree,"categorical brachial pulse-quality assessment, a modifier not a rate"
mimic-iv,mimiciv.icu.chartevents,Femoral Pulse L,223945,adjudicated:both_agree,categorical femoral pulse-quality assessment by site
mimic-iv,mimiciv.icu.chartevents,Emesis Appearance,224006,adjudicated:both_agree,"categorical description of emesis appearance, a GI assessment attribute"
mimic-iv,mimiciv.icu.chartevents,Spiritual Support,224025,adjudicated:both_agree,spiritual/psychosocial support documentation
mimic-iv,mimiciv.icu.chartevents,22 Gauge Reason Discontinued,224121,adjudicated:both_agree,"peripheral IV removal reason, a categorical line attribute"
mimic-iv,mimiciv.icu.chartevents,Pregnant,225082,adjudicated:both_agree,admission history pregnancy flag; not among demographic concepts in catalog
mimic-iv,mimiciv.icu.chartevents,Post menopausal,225085,adjudicated:both_agree,admission history flag; no menopausal-status concept in catalog
mimic-iv,mimiciv.icu.chartevents,18 Gauge Reason Discontinued,225233,adjudicated:both_agree,"peripheral IV removal reason, a categorical line attribute"
mimic-iv,mimiciv.icu.chartevents,16 Gauge Reason Discontinued,225236,adjudicated:both_agree,"peripheral IV removal reason, a categorical line attribute"
mimic-iv,mimiciv.icu.chartevents,PA Catheter Zero/Calibrate,225358,adjudicated:both_agree,"PA catheter zeroing/calibration task, equipment maintenance not a pressure value"
mimic-iv,mimiciv.icu.chartevents,LDL calculated,225671,adjudicated:both_agree,calculated LDL; no lipid panel concept in catalog
mimic-iv,mimiciv.icu.chartevents,Arterial Line Tip Cultured,225722,adjudicated:both_agree,"arterial line tip culture sent flag, a microbiology/line event"
mimic-iv,mimiciv.icu.chartevents,Arterial Line Discontinued,225737,adjudicated:both_agree,"invasive line removal event, no corresponding measurement concept"
mimic-iv,mimiciv.icu.chartevents,Multi Lumen Line Discontinued,225744,adjudicated:both_agree,"central line removal event, a line management attribute"
mimic-iv,mimiciv.icu.chartevents,ICU Consent Signed,226185,adjudicated:both_agree,administrative consent documentation
mimic-iv,mimiciv.icu.chartevents,Blood Transfusion Consent,226473,adjudicated:both_agree,"transfusion consent documentation, administrative"
mimic-iv,mimiciv.icu.chartevents,Legal Guardian,226889,adjudicated:both_agree,"legal guardian documentation, administrative"
mimic-iv,mimiciv.icu.chartevents,Vancomycin (Random),227454,adjudicated:both_agree,random vancomycin drug level; no drug-concentration concept in catalog
mimic-iv,mimiciv.icu.chartevents,Vancomycin (Trough),227455,adjudicated:both_agree,vancomycin trough drug level; no antibiotic drug-level concept in catalog
mimic-iv,mimiciv.icu.chartevents,Cortisol,227463,adjudicated:both_agree,serum cortisol in ug/dL; no endocrine hormone concept in catalog
mimic-iv,mimiciv.icu.chartevents,GI Guaiac,227585,adjudicated:both_agree,"GI occult blood guaiac result, no catalog concept"
mimic-iv,mimiciv.icu.chartevents,Stool Guaiac QC,227801,adjudicated:both_agree,"stool occult blood quality-control flag, no catalog concept"
mimic-iv,mimiciv.icu.chartevents,ETT Re-taped,227810,adjudicated:both_agree,"nursing airway-care task (ETT retaping), not a ventilator or gas measurement"
mimic-iv,mimiciv.icu.chartevents,CHG Bath,228137,adjudicated:both_agree,"chlorhexidine bathing intervention flag, a care task"
mimic-iv,mimiciv.icu.chartevents,PAR-Activity,228229,adjudicated:both_agree,"post-anesthesia recovery (Aldrete) activity subscore, 0-2 scale with no catalog match"
mimic-iv,mimiciv.icu.chartevents,PAR-Circulation,228230,adjudicated:both_agree,"Aldrete circulation subscore 0-2, no hemodynamic concept correspondence"
mimic-iv,mimiciv.icu.chartevents,PAR-Consciousness,228231,adjudicated:both_agree,"Aldrete consciousness subscore, not a GCS or sedation concept in catalog"
mimic-iv,mimiciv.icu.chartevents,PAR-Oxygen saturation,228232,adjudicated:both_agree,"Aldrete oxygenation subscore 0-2, incompatible with spo2 percentage range"
mimic-iv,mimiciv.icu.chartevents,PAR-Remain sedated,228233,adjudicated:both_agree,Aldrete remain-sedated flag; not the sedation_score/scale concepts
mimic-iv,mimiciv.icu.chartevents,PAR-Respiration,228234,adjudicated:both_agree,"Aldrete respiration subscore 0-2, not respiratory_rate whose p50 would be 12-25"
mimic-iv,mimiciv.icu.chartevents,Impaired Skin #2- Cleanse,228519,adjudicated:both_agree,skin impairment wound-care action documentation
mimic-iv,mimiciv.icu.chartevents,Incision #2- Cleanse,228566,adjudicated:both_agree,surgical incision wound-care action documentation
mimic-iv,mimiciv.icu.chartevents,Bladder scanned,228714,adjudicated:both_agree,"bladder scan performed flag, a procedure event not a measured volume"
mimic-iv,mimiciv.icu.chartevents,Pressure ulcer #1- Odor,228773,adjudicated:both_agree,pressure ulcer wound characteristic from skin impairment assessment
mimic-iv,mimiciv.icu.chartevents,Pressure ulcer #1- Cleanse,228783,adjudicated:both_agree,pressure ulcer wound-care action documentation
mimic-iv,mimiciv.icu.chartevents,Impaired Mobility NCP - Problem resolved,229349,adjudicated:both_agree,nursing care-plan workflow documentation
mimic-iv,mimiciv.icu.chartevents,Impaired Mobility NCP - Plan revised,229350,adjudicated:both_agree,nursing care-plan workflow documentation
mimic-iv,mimiciv.icu.chartevents,Activity / Mobility (RN Daily Mobility Goal),229742,adjudicated:both_agree,"nursing daily mobility goal, a care-plan target not a measurement"
mimic-iv,mimiciv.icu.chartevents,No Pressure Injury Present,229865,adjudicated:both_agree,skin assessment negation flag for pressure injury
eicu,eicu.infusionDrug,Propofol (ml/hr),Propofol (ml/hr),adjudicated:both_agree,"Propofol 是镇静麻醉药 (sedative/hypnotic), 不属于目录内的六种升压药, 按裁决规则2判 UNKNOWN。'(ml/hr)' 只是 eICU infusionDrug 的单位后缀, 不改变药物身份。src_table=eicu.infusionDrug 表示实际输注给药, 故 method=administration。剂量率单位为 mL/hr, p50=14.0 mL/hr、p99=166.8 mL/hr, 与丙泊酚常见泵速量级一致, 进一步佐证其为镇静输注而非升压药。"
mimic-iii,mimiciii.INPUTEVENTS_CV,Packed RBC's,30001,adjudicated:both_agree,Packed RBC's is a blood product. Blood products excluded by rule 2.
mimic-iii,mimiciii.INPUTEVENTS_CV,Fresh Frozen Plasma,30005,adjudicated:both_agree,Fresh Frozen Plasma is a blood product. Excluded by rule 2.
mimic-iii,mimiciii.INPUTEVENTS_CV,Platelets,30006,adjudicated:both_agree,Platelets is a blood product. Excluded by rule 2.
mimic-iii,mimiciii.INPUTEVENTS_CV,D5W,30013,adjudicated:both_agree,"D5W = 5% dextrose in water, a crystalloid IV fluid. Not one of the six vasopressors; categorical volume entry with no dose-rate unit."
mimic-iii,mimiciii.INPUTEVENTS_CV,D5/.45NS,30015,adjudicated:both_agree,"D5/.45NS = 5% dextrose in half-normal saline, a crystalloid IV fluid. Excluded by rule 2."
mimic-iii,mimiciii.INPUTEVENTS_CV,.9% Normal Saline,30018,adjudicated:both_agree,"0.9% Normal Saline, a crystalloid IV fluid. Explicitly excluded by rule 2."
mimic-iii,mimiciii.INPUTEVENTS_CV,.45% Normal Saline,30020,adjudicated:both_agree,0.45% Normal Saline is a hypotonic crystalloid IV fluid. Excluded by rule 2.
mimic-iii,mimiciii.INPUTEVENTS_CV,Lactated Ringers,30021,adjudicated:both_agree,Lactated Ringers is a crystalloid IV fluid. Explicitly excluded by rule 2.
mimic-iii,mimiciii.INPUTEVENTS_CV,Heparin,30025,adjudicated:both_agree,"Heparin anticoagulant infusion (U/hr, p50 ~974). Explicitly excluded by rule 2."
mimic-iii,mimiciii.INPUTEVENTS_CV,KCL,30026,adjudicated:both_agree,"KCL = potassium chloride, an electrolyte replacement. Explicitly excluded by rule 2."
mimic-iii,mimiciii.INPUTEVENTS_CV,Potassium Phosphate,30029,adjudicated:both_agree,Potassium Phosphate is an electrolyte replacement. Explicitly excluded by rule 2.
mimic-iii,mimiciii.INPUTEVENTS_CV,Sodium Bicarbonate,30030,adjudicated:both_agree,"Sodium Bicarbonate is a buffering/electrolyte agent, not a vasopressor."
mimic-iii,mimiciii.INPUTEVENTS_CV,TPN,30032,adjudicated:both_agree,TPN = total parenteral nutrition. Nutrition excluded by rule 2.
mimic-iii,mimiciii.INPUTEVENTS_CV,Insulin,30045,adjudicated:both_agree,"Insulin infusion (U/hr, p50 3). Explicitly excluded by rule 2."
mimic-iii,mimiciii.INPUTEVENTS_CV,Nitroprusside,30050,adjudicated:both_agree,"Nitroprusside (sodium nitroprusside) is a vasodilator/antihypertensive, not a vasopressor, and is not in the six-concept catalog."
mimic-iii,mimiciii.INPUTEVENTS_CV,Pre-Admission Intake,30054,adjudicated:both_agree,'Pre-Admission Intake' is an aggregate intake volume placeholder with no drug identity.
mimic-iii,mimiciii.INPUTEVENTS_CV,Cath Lab Intake,30055,adjudicated:both_agree,"'Cath Lab Intake' is an aggregate fluid intake volume from the catheterization lab, not a drug."
mimic-iii,mimiciii.INPUTEVENTS_CV,Po Intake,30056,adjudicated:both_agree,"'Po Intake' is an oral intake volume placeholder, not a drug. Explicitly listed as UNKNOWN in rule 2."
mimic-iii,mimiciii.INPUTEVENTS_CV,Free Water Bolus,30058,adjudicated:both_agree,"'Free Water Bolus' is a plain water volume administration, not a drug."
mimic-iii,mimiciii.INPUTEVENTS_CV,GT Flush,30059,adjudicated:both_agree,"'GT Flush' is a gastrostomy-tube water flush volume, not a drug."
mimic-iii,mimiciii.INPUTEVENTS_CV,D5NS,30060,adjudicated:both_agree,"D5NS = 5% dextrose in normal saline, a crystalloid IV fluid. Excluded by rule 2."
mimic-iii,mimiciii.INPUTEVENTS_CV,Sterile Water,30065,adjudicated:both_agree,"Sterile Water is a diluent/fluid, not a drug. Excluded by rule 2."
mimic-iii,mimiciii.INPUTEVENTS_CV,Impact w/fiber,30073,adjudicated:both_agree,Impact w/fiber is an enteral nutrition formula. Excluded by rule 2.
mimic-iii,mimiciii.INPUTEVENTS_CV,TF Residual,30095,adjudicated:both_agree,"'TF Residual' = tube-feed gastric residual volume, a nutrition-related measurement, not a drug."
mimic-iii,mimiciii.INPUTEVENTS_CV,OR Crystalloid,30101,adjudicated:both_agree,'OR Crystalloid' is intraoperative crystalloid fluid volume. Excluded by rule 2.
mimic-iii,mimiciii.INPUTEVENTS_CV,OR Colloid,30102,adjudicated:both_agree,'OR Colloid' is intraoperative colloid fluid (e.g. albumin/hetastarch). Colloids excluded by rule 2.
mimic-iii,mimiciii.INPUTEVENTS_CV,OR Packed RBC's,30104,adjudicated:both_agree,'OR Packed RBC's' is an intraoperative blood product. Excluded by rule 2.
mimic-iii,mimiciii.INPUTEVENTS_CV,Amiodarone,30112,adjudicated:both_agree,"Amiodarone is a class III antiarrhythmic (mg/min, p50 0.5, p99 1.0 matching standard 0.5-1 mg/min maintenance), not a vasopressor and not in the six-concept catalog."
mimic-iii,mimiciii.INPUTEVENTS_CV,Fentanyl,30118,adjudicated:both_agree,"Fentanyl is an opioid analgesic (mcg/hr, p50 ~76). Analgesia excluded by rule 2."
mimic-iii,mimiciii.INPUTEVENTS_CV,Nitroglycerine-k,30121,adjudicated:both_agree,"Nitroglycerine-k is nitroglycerin, a vasodilator (opposite pharmacologic action to a vasopressor). Not in the catalog; '-k' is only a concentration variant."
mimic-iii,mimiciii.INPUTEVENTS_CV,Midazolam,30124,adjudicated:both_agree,"Midazolam is a benzodiazepine sedative (mg/hr, p50 2.8). Sedation excluded by rule 2."
mimic-iii,mimiciii.INPUTEVENTS_CV,Morphine Sulfate,30126,adjudicated:both_agree,"Morphine Sulfate is an opioid analgesic (mg/hr, p50 4.0). Analgesia excluded by rule 2."
mimic-iii,mimiciii.INPUTEVENTS_CV,Propofol,30131,adjudicated:both_agree,"Propofol is a sedative/hypnotic (mcg/kg/min p50 30, typical sedation range). Sedation drugs are excluded."
mimic-iii,mimiciii.INPUTEVENTS_CV,N/A,30140,adjudicated:both_agree,'N/A' is a placeholder label with no drug identity; explicitly listed as UNKNOWN in rule 2.
mimic-iii,mimiciii.INPUTEVENTS_CV,Gastric Meds,30144,adjudicated:both_agree,"'Gastric Meds' is a generic grouping placeholder for medications given via gastric route, with no vasopressor identity."
mimic-iii,mimiciii.INPUTEVENTS_CV,Promote w/fiber,30166,adjudicated:both_agree,Promote w/fiber is an enteral tube-feed nutrition formula. Excluded by rule 2.
mimic-iv,mimiciv.hosp.prescriptions,0.9% Sodium Chloride,0.9% Sodium Chloride,adjudicated:both_agree,"Crystalloid IV fluid (normal saline), unit mL, p50 ~250 mL — a fluid, not a vasopressor."
mimic-iv,mimiciv.hosp.prescriptions,Potassium Chloride,Potassium Chloride,adjudicated:both_agree,"Electrolyte replacement (mEq, p50 40) — outside the six-vasopressor catalog."
mimic-iv,mimiciv.hosp.prescriptions,Insulin,Insulin,adjudicated:both_agree,Insulin in UNIT — not a vasopressor.
mimic-iv,mimiciv.hosp.prescriptions,Furosemide,Furosemide,adjudicated:both_agree,Loop diuretic (Lasix) — not a vasopressor.
mimic-iv,mimiciv.hosp.prescriptions,Sodium Chloride 0.9%  Flush,Sodium Chloride 0.9%  Flush,adjudicated:both_agree,"Saline line flush, p50 3 mL — fluid/flush, not a vasopressor."
mimic-iv,mimiciv.hosp.prescriptions,5% Dextrose,5% Dextrose,adjudicated:both_agree,Dextrose IV fluid (D5W) — not a vasopressor.
mimic-iv,mimiciv.hosp.prescriptions,Bag,Bag,adjudicated:both_agree,Container placeholder name with unit BAG — no drug identity.
mimic-iv,mimiciv.hosp.prescriptions,Magnesium Sulfate,Magnesium Sulfate,adjudicated:both_agree,"Electrolyte replacement (gm, p50 2) — not a vasopressor."
mimic-iv,mimiciv.hosp.prescriptions,Metoprolol Tartrate,Metoprolol Tartrate,adjudicated:both_agree,Beta-blocker (Lopressor) — cardiovascular but not one of the six vasopressors.
mimic-iv,mimiciv.hosp.prescriptions,Acetaminophen,Acetaminophen,adjudicated:both_agree,Analgesic/antipyretic (Tylenol) — not a vasopressor.
mimic-iv,mimiciv.hosp.prescriptions,Iso-Osmotic Dextrose,Iso-Osmotic Dextrose,adjudicated:both_agree,"Dextrose diluent solution in mL — fluid, not a vasopressor."
mimic-iv,mimiciv.hosp.prescriptions,Calcium Gluconate,Calcium Gluconate,adjudicated:both_agree,Electrolyte/calcium replacement — not a vasopressor.
mimic-iv,mimiciv.hosp.prescriptions,Vancomycin,Vancomycin,adjudicated:both_agree,Glycopeptide antibiotic — not a vasopressor.
mimic-iv,mimiciv.hosp.prescriptions,Heparin,Heparin,adjudicated:both_agree,Anticoagulant in UNIT — not a vasopressor.
mimic-iv,mimiciv.hosp.prescriptions,HYDROmorphone (Dilaudid),HYDROmorphone (Dilaudid),adjudicated:both_agree,"Dilaudid is the brand name of hydromorphone, an opioid analgesic — not a vasopressor."
mimic-iv,mimiciv.hosp.prescriptions,Senna,Senna,adjudicated:both_agree,Laxative — not a vasopressor.
mimic-iv,mimiciv.hosp.prescriptions,Sodium Chloride 0.9%,Sodium Chloride 0.9%,adjudicated:both_agree,"Normal saline fluid, p50 1000 mL — not a vasopressor."
mimic-iv,mimiciv.hosp.prescriptions,Docusate Sodium,Docusate Sodium,adjudicated:both_agree,Stool softener (Colace) — not a vasopressor.
mimic-iv,mimiciv.hosp.prescriptions,Sterile Water,Sterile Water,adjudicated:both_agree,Diluent fluid — not a drug in the catalog.
mimic-iv,mimiciv.hosp.prescriptions,Lactated Ringers,Lactated Ringers,adjudicated:both_agree,"Balanced crystalloid (LR), p50 1000 mL — fluid, not a vasopressor."
mimic-iv,mimiciv.hosp.prescriptions,SW,SW,adjudicated:both_agree,"Local abbreviation for Sterile Water (mL, p50 200) — diluent fluid, not a vasopressor."
mimic-iv,mimiciv.hosp.prescriptions,Bisacodyl,Bisacodyl,adjudicated:both_agree,Laxative (Dulcolax) — not a vasopressor.
mimic-iv,mimiciv.hosp.prescriptions,Vial,Vial,adjudicated:both_agree,Container placeholder name with unit VIAL — no drug identity.
mimic-iv,mimiciv.hosp.prescriptions,Propofol,Propofol,adjudicated:both_agree,Sedative-hypnotic (Diprivan); sedation is explicitly out of scope for the medication group.
mimic-iv,mimiciv.hosp.prescriptions,Potassium Chloride Replacement (Critical Care and Oncology) ,Potassium Chloride Replacement (Critical Care and Oncology) ,adjudicated:both_agree,Electrolyte replacement protocol in mEq — not a vasopressor.
mimic-iv,mimiciv.hosp.prescriptions,Dextrose 50%,Dextrose 50%,adjudicated:both_agree,D50 hypoglycemia rescue sugar (gm) — not a vasopressor.
mimic-iv,mimiciv.hosp.prescriptions,Warfarin,Warfarin,adjudicated:both_agree,Oral anticoagulant (Coumadin) — not a vasopressor.
mimic-iv,mimiciv.hosp.prescriptions,Heparin Sodium,Heparin Sodium,adjudicated:both_agree,Anticoagulant salt form of heparin — not a vasopressor.
mimic-iv,mimiciv.hosp.prescriptions,Fentanyl Citrate,Fentanyl Citrate,adjudicated:both_agree,Opioid analgesic salt form (mcg) — analgesia is out of scope.
mimic-iv,mimiciv.hosp.prescriptions,Ondansetron,Ondansetron,adjudicated:both_agree,Antiemetic (Zofran) — not a vasopressor.
mimic-iv,mimiciv.hosp.prescriptions,Morphine Sulfate,Morphine Sulfate,adjudicated:both_agree,Opioid analgesic salt form — not a vasopressor.
mimic-iv,mimiciv.hosp.prescriptions,Acetaminophen IV,Acetaminophen IV,adjudicated:both_agree,"IV paracetamol (Ofirmev) — analgesic/antipyretic, not a vasopressor."
mimic-iv,mimiciv.hosp.prescriptions,Aspirin,Aspirin,adjudicated:both_agree,Antiplatelet/NSAID — not a vasopressor.
mimic-iv,mimiciv.hosp.prescriptions,Glucagon,Glucagon,adjudicated:both_agree,Peptide hormone for hypoglycemia/beta-blocker overdose; despite inotropic use it is not one of the six catalog concepts.
mimic-iv,mimiciv.hosp.prescriptions,Iso-Osmotic Sodium Chloride,Iso-Osmotic Sodium Chloride,adjudicated:both_agree,"Saline diluent solution (BAG) — fluid, not a vasopressor."
mimic-iv,mimiciv.hosp.prescriptions,Pantoprazole,Pantoprazole,adjudicated:both_agree,Proton pump inhibitor (Protonix) — not a vasopressor.
mimic-iv,mimiciv.hosp.prescriptions,OxyCODONE (Immediate Release),OxyCODONE (Immediate Release),adjudicated:both_agree,Opioid analgesic — not a vasopressor.
mimic-iv,mimiciv.hosp.prescriptions,0.9% Sodium Chloride (Mini Bag Plus),0.9% Sodium Chloride (Mini Bag Plus),adjudicated:both_agree,"Saline mini-bag drug-delivery container — fluid, not a vasopressor."
mimic-iv,mimiciv.hosp.prescriptions,Amiodarone,Amiodarone,adjudicated:both_agree,Class III antiarrhythmic (Cordarone) — not a vasopressor.
mimic-iv,mimiciv.hosp.prescriptions,Lorazepam,Lorazepam,adjudicated:both_agree,Benzodiazepine sedative (Ativan) — sedation is out of scope.
mimic-iv,mimiciv.hosp.prescriptions,Heparin Flush (10 units/ml),Heparin Flush (10 units/ml),adjudicated:both_agree,Anticoagulant line flush — not a vasopressor.
mimic-iv,mimiciv.hosp.prescriptions,Famotidine,Famotidine,adjudicated:both_agree,H2 blocker (Pepcid) — not a vasopressor.
mimic-iv,mimiciv.hosp.prescriptions,CefePIME,CefePIME,adjudicated:both_agree,4th-generation cephalosporin antibiotic (Maxipime) — not a vasopressor.
mimic-iv,mimiciv.hosp.prescriptions,D5W,D5W,adjudicated:both_agree,"Local abbreviation for 5% dextrose in water — IV fluid, not a vasopressor."
mimic-iv,mimiciv.hosp.prescriptions,Neutra-Phos,Neutra-Phos,adjudicated:both_agree,Brand name for potassium/sodium phosphate electrolyte supplement (PKT) — not a vasopressor.
mimic-iv,mimiciv.hosp.prescriptions,Glucose Gel,Glucose Gel,adjudicated:both_agree,Oral dextrose gel for hypoglycemia — not a vasopressor.
mimic-iv,mimiciv.hosp.prescriptions,Polyethylene Glycol,Polyethylene Glycol,adjudicated:both_agree,Osmotic laxative (MiraLAX) — not a vasopressor.
mimic-iv,mimiciv.hosp.prescriptions,Soln,Soln,adjudicated:both_agree,Placeholder 'Solution' name with no drug identity — explicitly UNKNOWN per rule 2.
mimic-iv,mimiciv.hosp.prescriptions,Atorvastatin,Atorvastatin,adjudicated:both_agree,Statin (Lipitor) — not a vasopressor.
mimic-iv,mimiciv.hosp.prescriptions,LORazepam,LORazepam,adjudicated:both_agree,"Tall-man variant of lorazepam, a benzodiazepine — sedation is out of scope."
mimic-iv,mimiciv.hosp.prescriptions,Albuterol 0.083% Neb Soln,Albuterol 0.083% Neb Soln,adjudicated:both_agree,Inhaled beta-2 agonist bronchodilator (salbutamol) — not a systemic vasopressor.
mimic-iv,mimiciv.hosp.prescriptions,Chlorhexidine Gluconate 0.12% Oral Rinse,Chlorhexidine Gluconate 0.12% Oral Rinse,adjudicated:both_agree,Topical oral antiseptic — not a vasopressor.
mimic-iv,mimiciv.hosp.prescriptions,NS,NS,adjudicated:both_agree,"Local abbreviation for normal saline — IV fluid, not a vasopressor."
mimic-iv,mimiciv.hosp.prescriptions,Labetalol,Labetalol,adjudicated:both_agree,"Alpha/beta blocker antihypertensive (Trandate) — lowers blood pressure, not a vasopressor."
mimic-iv,mimiciv.hosp.prescriptions,Nitroglycerin,Nitroglycerin,adjudicated:both_agree,Nitrate vasodilator (Tridil) — opposite pharmacology and outside the catalog.
mimic-iv,mimiciv.hosp.prescriptions,HydrALAZINE,HydrALAZINE,adjudicated:both_agree,Direct arterial vasodilator (Apresoline) — not a vasopressor.
mimic-iv,mimiciv.hosp.prescriptions,Piperacillin-Tazobactam,Piperacillin-Tazobactam,adjudicated:both_agree,Beta-lactam/inhibitor antibiotic (Zosyn) — not a vasopressor.
mimic-iv,mimiciv.hosp.prescriptions,Dextrose 5%,Dextrose 5%,adjudicated:both_agree,"D5W IV fluid, p50 1000 mL — not a vasopressor."
mimic-iv,mimiciv.hosp.prescriptions,Ranitidine,Ranitidine,adjudicated:both_agree,H2 blocker (Zantac) — not a vasopressor.
mimic-iv,mimiciv.hosp.prescriptions,Lisinopril,Lisinopril,adjudicated:both_agree,ACE inhibitor antihypertensive — not a vasopressor.
mimic-iv,mimiciv.hosp.prescriptions,Haloperidol,Haloperidol,adjudicated:both_agree,Typical antipsychotic (Haldol) — not a vasopressor.
mimic-iv,mimiciv.hosp.prescriptions,Midazolam,Midazolam,adjudicated:both_agree,Benzodiazepine sedative (Versed) — sedation is out of scope.
mimic-iv,mimiciv.hosp.prescriptions,Dexamethasone,Dexamethasone,adjudicated:both_agree,Corticosteroid (Decadron) — not a vasopressor.
mimic-iv,mimiciv.hosp.prescriptions,OxycoDONE (Immediate Release) ,OxycoDONE (Immediate Release) ,adjudicated:both_agree,"Case/whitespace variant of oxycodone, an opioid analgesic — not a vasopressor."
mimic-iv,mimiciv.hosp.prescriptions,HydrALAzine,HydrALAzine,adjudicated:both_agree,"Casing variant of hydralazine, a vasodilator — not a vasopressor."
mimic-iv,mimiciv.hosp.prescriptions,PredniSONE,PredniSONE,adjudicated:both_agree,Oral corticosteroid — not a vasopressor.
mimic-iv,mimiciv.hosp.prescriptions,Lactulose,Lactulose,adjudicated:both_agree,Osmotic laxative for hepatic encephalopathy — not a vasopressor.
mimic-iv,mimiciv.hosp.prescriptions,QUEtiapine Fumarate,QUEtiapine Fumarate,adjudicated:both_agree,Atypical antipsychotic (Seroquel) — not a vasopressor.
mimic-iv,mimiciv.hosp.prescriptions,Influenza Vaccine Quadrivalent,Influenza Vaccine Quadrivalent,adjudicated:both_agree,Vaccine — not a vasopressor.
mimic-iv,mimiciv.hosp.prescriptions,Aspirin EC,Aspirin EC,adjudicated:both_agree,Enteric-coated aspirin — not a vasopressor.
mimic-iv,mimiciv.hosp.prescriptions,Diltiazem,Diltiazem,adjudicated:both_agree,Calcium channel blocker (Cardizem) — not a vasopressor.
mimic-iv,mimiciv.hosp.prescriptions,D5 1/2NS,D5 1/2NS,adjudicated:both_agree,"Dextrose 5% in half normal saline — IV maintenance fluid, p50 1000 mL."
mimic-iv,mimiciv.hosp.prescriptions,Potassium Phosphate,Potassium Phosphate,adjudicated:both_agree,Electrolyte replacement (mmol) — not a vasopressor.
mimic-iv,mimiciv.hosp.prescriptions,Insulin Human Regular,Insulin Human Regular,adjudicated:both_agree,Regular insulin (Humulin R) in UNIT — not a vasopressor.
mimic-iv,mimiciv.hosp.prescriptions,Thiamine,Thiamine,adjudicated:both_agree,Vitamin B1 supplement — not a vasopressor.
mimic-iv,mimiciv.hosp.prescriptions,Albumin 25% (12.5g / 50mL),Albumin 25% (12.5g / 50mL),adjudicated:both_agree,"Colloid volume expander — fluid/blood product, explicitly out of scope."
mimic-iv,mimiciv.hosp.prescriptions,Levothyroxine Sodium,Levothyroxine Sodium,adjudicated:both_agree,Thyroid hormone replacement (Synthroid) — not a vasopressor.
mimic-iv,mimiciv.hosp.prescriptions,Sodium Bicarbonate,Sodium Bicarbonate,adjudicated:both_agree,Alkalinizing electrolyte (mEq) — not a vasopressor.
mimic-iv,mimiciv.hosp.prescriptions,Dexmedetomidine,Dexmedetomidine,adjudicated:both_agree,Alpha-2 agonist sedative (Precedex); sedation explicitly out of scope despite hemodynamic effects.
mimic-iv,mimiciv.hosp.prescriptions,Milk of Magnesia,Milk of Magnesia,adjudicated:both_agree,Magnesium hydroxide laxative/antacid — not a vasopressor.
mimic-iv,mimiciv.hosp.prescriptions,Omeprazole,Omeprazole,adjudicated:both_agree,Proton pump inhibitor (Prilosec) — not a vasopressor.
mimic-iv,mimiciv.hosp.prescriptions,LevETIRAcetam,LevETIRAcetam,adjudicated:both_agree,Antiepileptic (Keppra) — not a vasopressor.
mimic-iv,mimiciv.hosp.prescriptions,Metoclopramide,Metoclopramide,adjudicated:both_agree,Prokinetic/antiemetic (Reglan) — not a vasopressor.
mimic-iv,mimiciv.hosp.prescriptions,Gabapentin,Gabapentin,adjudicated:both_agree,Anticonvulsant/neuropathic analgesic (Neurontin) — not a vasopressor.
mimic-iv,mimiciv.hosp.prescriptions,Syringe,Syringe,adjudicated:both_agree,Container placeholder name with unit SYR — no drug identity.
mimic-iv,mimiciv.hosp.prescriptions,Albuterol Inhaler,Albuterol Inhaler,adjudicated:both_agree,Inhaled bronchodilator (PUFF) — not a systemic vasopressor.
mimic-iv,mimiciv.hosp.prescriptions,LR,LR,adjudicated:both_agree,"Local abbreviation for Lactated Ringers — crystalloid fluid, not a vasopressor."
mimic-iv,mimiciv.hosp.prescriptions,Ipratropium Bromide Neb,Ipratropium Bromide Neb,adjudicated:both_agree,Inhaled anticholinergic bronchodilator (Atrovent) — not a vasopressor.
mimic-iv,mimiciv.hosp.prescriptions,FoLIC Acid,FoLIC Acid,adjudicated:both_agree,Vitamin B9 supplement — not a vasopressor.
mimic-iv,mimiciv.hosp.prescriptions,Potassium Chloride (Powder),Potassium Chloride (Powder),adjudicated:both_agree,Oral electrolyte replacement — not a vasopressor.
mimic-iv,mimiciv.hosp.prescriptions,Metoprolol Succinate XL,Metoprolol Succinate XL,adjudicated:both_agree,Extended-release beta-blocker (Toprol XL) — not a vasopressor.
mimic-iv,mimiciv.hosp.prescriptions,CefazoLIN,CefazoLIN,adjudicated:both_agree,1st-generation cephalosporin antibiotic (Ancef) — not a vasopressor.
mimic-iv,mimiciv.hosp.prescriptions,Albumin 5% (12.5g / 250mL),Albumin 5% (12.5g / 250mL),adjudicated:both_agree,Colloid volume expander — out of scope.
mimic-iv,mimiciv.hosp.prescriptions,DiphenhydrAMINE,DiphenhydrAMINE,adjudicated:both_agree,Antihistamine (Benadryl) — not a vasopressor.
mimic-iv,mimiciv.hosp.prescriptions,CefTRIAXone,CefTRIAXone,adjudicated:both_agree,3rd-generation cephalosporin antibiotic (Rocephin) — not a vasopressor.
mimic-iv,mimiciv.hosp.prescriptions,Docusate Sodium (Liquid),Docusate Sodium (Liquid),adjudicated:both_agree,Liquid formulation of the stool softener — not a vasopressor.
mimic-iv,mimiciv.hosp.prescriptions,Phytonadione,Phytonadione,adjudicated:both_agree,Vitamin K1 (Mephyton/AquaMEPHYTON) — not a vasopressor.
mimic-iv,mimiciv.hosp.prescriptions,Sodium Phosphate,Sodium Phosphate,adjudicated:both_agree,Electrolyte replacement (mmol) — not a vasopressor.
mimic-iv,mimiciv.hosp.prescriptions,Multivitamins,Multivitamins,adjudicated:both_agree,Nutritional supplement (TAB) — explicitly out of scope.
mimic-iv,mimiciv.hosp.prescriptions,Influenza Virus Vaccine,Influenza Virus Vaccine,adjudicated:both_agree,Vaccine — not a vasopressor.
mimic-iv,mimiciv.hosp.prescriptions,Lidocaine 1% (For PICC/Midline Insertions),Lidocaine 1% (For PICC/Midline Insertions),adjudicated:both_agree,Local anesthetic for line placement — not a vasopressor.
mimic-iv,mimiciv.hosp.prescriptions,Ketorolac,Ketorolac,adjudicated:both_agree,NSAID analgesic (Toradol) — not a vasopressor.
mimic-iv,mimiciv.hosp.prescriptions,MethylPREDNISolone Sodium Succ,MethylPREDNISolone Sodium Succ,adjudicated:both_agree,IV corticosteroid (Solu-Medrol) — not a vasopressor.
mimic-iv,mimiciv.hosp.prescriptions,Lidocaine Jelly 2% (Glydo),Lidocaine Jelly 2% (Glydo),adjudicated:both_agree,Topical local anesthetic; Glydo is a brand of lidocaine jelly — not a vasopressor.
mimic-iv,mimiciv.hosp.prescriptions,Meropenem,Meropenem,adjudicated:both_agree,Carbapenem antibiotic (Merrem) — not a vasopressor.
mimic-iv,mimiciv.hosp.prescriptions,Ipratropium-Albuterol Neb,Ipratropium-Albuterol Neb,adjudicated:both_agree,Combination inhaled bronchodilator (DuoNeb) — not a systemic vasopressor.
mimic-iv,mimiciv.hosp.prescriptions,Magnesium Oxide,Magnesium Oxide,adjudicated:both_agree,Oral magnesium supplement — not a vasopressor.
mimic-iv,mimiciv.hosp.prescriptions,CeFAZolin,CeFAZolin,adjudicated:both_agree,"Casing variant of cefazolin, an antibiotic — not a vasopressor."
mimic-iv,mimiciv.hosp.prescriptions,Lidocaine 5% Patch,Lidocaine 5% Patch,adjudicated:both_agree,Topical anesthetic patch (Lidoderm) — not a vasopressor.
mimic-iv,mimiciv.hosp.prescriptions,LeVETiracetam,LeVETiracetam,adjudicated:both_agree,"Casing variant of levetiracetam, an antiepileptic — not a vasopressor."
mimic-iv,mimiciv.hosp.prescriptions,Simvastatin,Simvastatin,adjudicated:both_agree,Statin (Zocor) — not a vasopressor.
mimic-iv,mimiciv.hosp.prescriptions,Phosphorus,Phosphorus,adjudicated:both_agree,"Phosphate supplement (K-Phos/Neutra-Phos family) — electrolyte, not a vasopressor."
mimic-iv,mimiciv.hosp.prescriptions,Clopidogrel,Clopidogrel,adjudicated:both_agree,Antiplatelet (Plavix) — not a vasopressor.
mimic-iv,mimiciv.hosp.prescriptions,TraZODone,TraZODone,adjudicated:both_agree,Antidepressant/hypnotic (Desyrel) — not a vasopressor.
mimic-iv,mimiciv.hosp.prescriptions,Diazepam,Diazepam,adjudicated:both_agree,Benzodiazepine (Valium) — sedation is out of scope.
mimic-iv,mimiciv.hosp.prescriptions,Calcium Carbonate,Calcium Carbonate,adjudicated:both_agree,Calcium supplement/antacid (Tums) — not a vasopressor.
mimic-iv,mimiciv.hosp.prescriptions,Glycopyrrolate,Glycopyrrolate,adjudicated:both_agree,Anticholinergic antisialagogue (Robinul); raises heart rate but is not one of the six catalog vasopressors.
mimic-iv,mimiciv.hosp.prescriptions,Albumin 5% (25g / 500mL),Albumin 5% (25g / 500mL),adjudicated:both_agree,"Colloid volume expander — fluid/blood product, explicitly out of scope."
mimic-iv,mimiciv.icu.inputevents,Albumin 25%,220862,adjudicated:both_agree,Albumin 25% colloid fluid; excluded.
mimic-iv,mimiciv.icu.inputevents,Albumin 5%,220864,adjudicated:both_agree,"Albumin 5% colloid fluid, mL/hour p50 500; explicitly excluded."
mimic-iv,mimiciv.icu.inputevents,Dextrose 5%,220949,adjudicated:both_agree,"Label 'Dextrose 5%', mL/hour; carrier/maintenance fluid, not a vasopressor."
mimic-iv,mimiciv.icu.inputevents,Dextrose 50%,220952,adjudicated:both_agree,Dextrose 50% hypoglycemia rescue/fluid; not a vasopressor.
mimic-iv,mimiciv.icu.inputevents,Fresh Frozen Plasma,220970,adjudicated:both_agree,"Fresh frozen plasma; blood product, explicitly excluded."
mimic-iv,mimiciv.icu.inputevents,Amiodarone,221347,adjudicated:both_agree,Amiodarone antiarrhythmic infusion; not a vasopressor.
mimic-iv,mimiciv.icu.inputevents,Lorazepam (Ativan),221385,adjudicated:both_agree,"Ativan is the brand for lorazepam, a benzodiazepine sedative; excluded."
mimic-iv,mimiciv.icu.inputevents,Calcium Gluconate,221456,adjudicated:both_agree,Calcium gluconate electrolyte repletion; excluded.
mimic-iv,mimiciv.icu.inputevents,Midazolam (Versed),221668,adjudicated:both_agree,"Versed is the brand for midazolam, a sedative; explicitly excluded."
mimic-iv,mimiciv.icu.inputevents,Fentanyl,221744,adjudicated:both_agree,Fentanyl analgesic infusion (mcg/hour ~100); analgesia is excluded.
mimic-iv,mimiciv.icu.inputevents,Furosemide (Lasix),221794,adjudicated:both_agree,"Lasix is the brand for furosemide, a loop diuretic; not a vasopressor."
mimic-iv,mimiciv.icu.inputevents,Haloperidol (Haldol),221824,adjudicated:both_agree,"Haldol is the brand for haloperidol, an antipsychotic; not a vasopressor."
mimic-iv,mimiciv.icu.inputevents,Hydralazine,221828,adjudicated:both_agree,Hydralazine is a vasodilator antihypertensive; not a vasopressor.
mimic-iv,mimiciv.icu.inputevents,Hydromorphone (Dilaudid),221833,adjudicated:both_agree,"Dilaudid is the brand for hydromorphone, an opioid; excluded."
mimic-iv,mimiciv.icu.inputevents,Magnesium Sulfate,222011,adjudicated:both_agree,Magnesium sulfate electrolyte repletion; excluded.
mimic-iv,mimiciv.icu.inputevents,Nicardipine,222042,adjudicated:both_agree,Nicardipine is a calcium-channel-blocker antihypertensive infusion; not a vasopressor.
mimic-iv,mimiciv.icu.inputevents,Nitroglycerin,222056,adjudicated:both_agree,Nitroglycerin infusion is a VASODILATOR despite the mcg/kg/min drip unit; not among the six vasopressors.
mimic-iv,mimiciv.icu.inputevents,Propofol,222168,adjudicated:both_agree,Propofol sedative infusion (mcg/kg/min ~35); sedation is explicitly excluded.
mimic-iv,mimiciv.icu.inputevents,Insulin - Regular,223258,adjudicated:both_agree,Regular insulin infusion in units/hour; insulin is explicitly excluded.
mimic-iv,mimiciv.icu.inputevents,Insulin - Glargine,223260,adjudicated:both_agree,Insulin glargine; insulin is excluded.
mimic-iv,mimiciv.icu.inputevents,Insulin - Humalog,223262,adjudicated:both_agree,Humalog is the brand for insulin lispro; insulin is excluded.
mimic-iv,mimiciv.icu.inputevents,Dexmedetomidine (Precedex),225150,adjudicated:both_agree,"Dexmedetomidine (Precedex) sedative, duplicate itemid of 229420; sedation is excluded."
mimic-iv,mimiciv.icu.inputevents,Heparin Sodium,225152,adjudicated:both_agree,"Heparin infusion units/hour ~1244; anticoagulant, excluded (the units/hour unit alone must not be confused with vasopressin)."
mimic-iv,mimiciv.icu.inputevents,Labetalol,225153,adjudicated:both_agree,Labetalol is an alpha/beta BLOCKER antihypertensive infusion; not a vasopressor.
mimic-iv,mimiciv.icu.inputevents,Morphine Sulfate,225154,adjudicated:both_agree,Morphine sulfate opioid infusion; excluded.
mimic-iv,mimiciv.icu.inputevents,NaCl 0.9%,225158,adjudicated:both_agree,"Label 'NaCl 0.9%', mL/hour with p50 ~13 mL/hr; crystalloid carrier fluid, not a vasopressor."
mimic-iv,mimiciv.icu.inputevents,Potassium Chloride,225166,adjudicated:both_agree,Potassium chloride electrolyte replacement; explicitly excluded.
mimic-iv,mimiciv.icu.inputevents,Packed Red Blood Cells,225168,adjudicated:both_agree,"Packed red blood cells; blood product, explicitly excluded."
mimic-iv,mimiciv.icu.inputevents,Platelets,225170,adjudicated:both_agree,"Platelets; blood product, explicitly excluded."
mimic-iv,mimiciv.icu.inputevents,Free Water,225797,adjudicated:both_agree,'Free Water' intake placeholder; not a drug.
mimic-iv,mimiciv.icu.inputevents,Vancomycin,225798,adjudicated:both_agree,Vancomycin antibiotic; not a vasopressor.
mimic-iv,mimiciv.icu.inputevents,Gastric Meds,225799,adjudicated:both_agree,"'Gastric Meds' is a route/category placeholder, not an identified drug."
mimic-iv,mimiciv.icu.inputevents,D5 1/2NS,225823,adjudicated:both_agree,"D5 1/2NS premixed crystalloid, mL/hour p50 ~82; fluid, not a vasopressor."
mimic-iv,mimiciv.icu.inputevents,LR,225828,adjudicated:both_agree,"'LR' = Lactated Ringer's crystalloid, mL/hour with p50 100; fluid, not a vasopressor."
mimic-iv,mimiciv.icu.inputevents,Thiamine,225833,adjudicated:both_agree,Thiamine vitamin supplementation; not a vasopressor.
mimic-iv,mimiciv.icu.inputevents,K Phos,225834,adjudicated:both_agree,'K Phos' = potassium phosphate electrolyte repletion; excluded.
mimic-iv,mimiciv.icu.inputevents,Cefazolin,225850,adjudicated:both_agree,Cefazolin antibiotic; not a vasopressor.
mimic-iv,mimiciv.icu.inputevents,Cefepime,225851,adjudicated:both_agree,Cefepime antibiotic; not a vasopressor.
mimic-iv,mimiciv.icu.inputevents,Ceftriaxone,225855,adjudicated:both_agree,Ceftriaxone antibiotic; not a vasopressor.
mimic-iv,mimiciv.icu.inputevents,Ciprofloxacin,225859,adjudicated:both_agree,Ciprofloxacin antibiotic; not a vasopressor.
mimic-iv,mimiciv.icu.inputevents,Metronidazole,225884,adjudicated:both_agree,Metronidazole antibiotic; not a vasopressor.
mimic-iv,mimiciv.icu.inputevents,Piperacillin/Tazobactam (Zosyn),225893,adjudicated:both_agree,"Zosyn is the brand for piperacillin/tazobactam, an antibiotic; not a vasopressor."
mimic-iv,mimiciv.icu.inputevents,Famotidine (Pepcid),225907,adjudicated:both_agree,"Pepcid is the brand for famotidine, an H2 blocker; not a vasopressor."
mimic-iv,mimiciv.icu.inputevents,Pantoprazole (Protonix),225910,adjudicated:both_agree,"Protonix is the brand for pantoprazole, a proton-pump inhibitor; not a vasopressor."
mimic-iv,mimiciv.icu.inputevents,Fentanyl (Concentrate),225942,adjudicated:both_agree,"Concentrated fentanyl infusion; analgesia, excluded."
mimic-iv,mimiciv.icu.inputevents,Solution,225943,adjudicated:both_agree,Label 'Solution' is a generic placeholder for an unnamed fluid; mL/hour dosing. Not a vasopressor.
mimic-iv,mimiciv.icu.inputevents,Sterile Water,225944,adjudicated:both_agree,"Sterile water diluent/flush, mL/hour; not a vasopressor."
mimic-iv,mimiciv.icu.inputevents,Metoprolol,225974,adjudicated:both_agree,"Metoprolol is a beta-BLOCKER, opposite pharmacology; not a vasopressor."
mimic-iv,mimiciv.icu.inputevents,Heparin Sodium (Prophylaxis),225975,adjudicated:both_agree,"Prophylactic heparin; anticoagulant, explicitly excluded."
mimic-iv,mimiciv.icu.inputevents,Piggyback,226089,adjudicated:both_agree,"'Piggyback' names a secondary-infusion delivery method, not a drug; mL/hour placeholder."
mimic-iv,mimiciv.icu.inputevents,Pre-Admission/Non-ICU Intake,226361,adjudicated:both_agree,'Pre-Admission/Non-ICU Intake' is an intake bookkeeping placeholder; not a drug.
mimic-iv,mimiciv.icu.inputevents,OR Crystalloid Intake,226364,adjudicated:both_agree,'OR Crystalloid Intake' is an intraoperative fluid-intake placeholder; not a drug.
mimic-iv,mimiciv.icu.inputevents,OR Cell Saver Intake,226372,adjudicated:both_agree,"'OR Cell Saver Intake' is autologous blood salvage return; blood product/placeholder, excluded."
mimic-iv,mimiciv.icu.inputevents,PO Intake,226452,adjudicated:both_agree,'PO Intake' is an intake placeholder with no unit; not a drug.
mimic-iv,mimiciv.icu.inputevents,GT Flush,226453,adjudicated:both_agree,'GT Flush' is a gastric-tube water flush placeholder; not a vasopressor.
mimic-iv,mimiciv.icu.inputevents,KCL (Bolus),227522,adjudicated:both_agree,"KCl bolus in mL/hour; electrolyte replacement, excluded."
mimic-iv,mimiciv.icu.inputevents,Magnesium Sulfate (Bolus),227523,adjudicated:both_agree,"Magnesium sulfate bolus in mL/hour; electrolyte, excluded."
mimic-iv,mimiciv.icu.inputevents,Acetaminophen-IV,228315,adjudicated:both_agree,IV acetaminophen (Ofirmev) analgesic/antipyretic; not a vasopressor.
mimic-iv,mimiciv.icu.inputevents,Levetiracetam (Keppra),228316,adjudicated:both_agree,"Keppra is the brand for levetiracetam, an antiepileptic; not a vasopressor."
mimic-iv,mimiciv.icu.inputevents,Dexmedetomidine (Precedex),229420,adjudicated:both_agree,"Precedex is the brand for dexmedetomidine, a sedative; explicitly excluded."
mimic-iv,mimiciv.hosp.prescriptions,Alteplase (Catheter Clearance),Alteplase (Catheter Clearance),adjudicated:both_agree,Alteplase = tPA thrombolytic used for catheter clearance; not one of the six vasopressors.
mimic-iv,mimiciv.hosp.prescriptions,Ramelteon,Ramelteon,adjudicated:both_agree,"Melatonin-receptor hypnotic, 8 mg fixed dose; not a vasopressor."
mimic-iv,mimiciv.hosp.prescriptions,Lidocaine 1%,Lidocaine 1%,adjudicated:both_agree,Local anesthetic/antiarrhythmic in mL; not a vasopressor.
mimic-iv,mimiciv.hosp.prescriptions,NiCARdipine IV,NiCARdipine IV,adjudicated:both_agree,Nicardipine is a calcium-channel blocker antihypertensive (opposite of a vasopressor).
mimic-iv,mimiciv.hosp.prescriptions,MetroNIDAZOLE,MetroNIDAZOLE,adjudicated:both_agree,"Antibiotic (metronidazole), 500 mg fixed; not a vasopressor."
mimic-iv,mimiciv.hosp.prescriptions,PNEUMOcoccal 23-valent polysaccharide vaccine,PNEUMOcoccal 23-valent polysaccharide vaccine,adjudicated:both_agree,"Vaccine, 0.5 mL; not a vasopressor."
mimic-iv,mimiciv.hosp.prescriptions,amLODIPine,amLODIPine,adjudicated:both_agree,"Amlodipine, calcium-channel blocker antihypertensive; not a vasopressor."
mimic-iv,mimiciv.hosp.prescriptions,Pneumococcal Vac Polyvalent,Pneumococcal Vac Polyvalent,adjudicated:both_agree,Vaccine 0.5 mL; not a vasopressor.
mimic-iv,mimiciv.hosp.prescriptions,MetRONIDAZOLE (FLagyl),MetRONIDAZOLE (FLagyl),adjudicated:both_agree,"Flagyl is the brand for metronidazole, an antibiotic; not a vasopressor."
mimic-iv,mimiciv.hosp.prescriptions,Syringe (0.9% Sodium Chloride),Syringe (0.9% Sodium Chloride),adjudicated:both_agree,Normal-saline flush syringe (a fluid/placeholder container name); not a vasopressor.
mimic-iv,mimiciv.hosp.prescriptions,Vitamin D,Vitamin D,adjudicated:both_agree,Vitamin supplement; not a vasopressor.
mimic-iv,mimiciv.hosp.prescriptions,Ciprofloxacin IV,Ciprofloxacin IV,adjudicated:both_agree,Fluoroquinolone antibiotic; not a vasopressor.
mimic-iv,mimiciv.hosp.prescriptions,Levofloxacin,Levofloxacin,adjudicated:both_agree,Fluoroquinolone antibiotic; note it is NOT Levophed despite the similar prefix; not a vasopressor.
mimic-iv,mimiciv.hosp.prescriptions,Ciprofloxacin HCl,Ciprofloxacin HCl,adjudicated:both_agree,Antibiotic salt form; not a vasopressor.
mimic-iv,mimiciv.hosp.prescriptions,Syringe (Iso-Osmotic Dextrose),Syringe (Iso-Osmotic Dextrose),adjudicated:both_agree,Dextrose flush/diluent syringe (fluid); not a vasopressor.
mimic-iv,mimiciv.hosp.prescriptions,TraMADol,TraMADol,adjudicated:both_agree,Opioid analgesic; excluded by the analgesia rule.
mimic-iv,mimiciv.hosp.prescriptions,CeftriaXONE,CeftriaXONE,adjudicated:both_agree,"Cephalosporin antibiotic, 1-2 gm; not a vasopressor."
mimic-iv,mimiciv.hosp.prescriptions,Mupirocin Ointment 2%,Mupirocin Ointment 2%,adjudicated:both_agree,Topical antibiotic ointment (Appl); not a vasopressor.
mimic-iv,mimiciv.hosp.prescriptions,HYDROmorphone,HYDROmorphone,adjudicated:both_agree,Opioid analgesic (Dilaudid); not a vasopressor.
mimic-iv,mimiciv.hosp.prescriptions,Tamsulosin,Tamsulosin,adjudicated:both_agree,Alpha-1 BLOCKER for BPH - opposite pharmacology to phenylephrine; not a vasopressor.
mimic-iv,mimiciv.hosp.prescriptions,Potassium Chl 20 mEq / 1000 mL D5 1/2 NS,Potassium Chl 20 mEq / 1000 mL D5 1/2 NS,adjudicated:both_agree,"Premixed crystalloid with KCl, 1000 mL bag; fluid/electrolyte, not a vasopressor."
mimic-iv,mimiciv.hosp.prescriptions,Amlodipine,Amlodipine,adjudicated:both_agree,Calcium-channel blocker antihypertensive; not a vasopressor.
mimic-iv,mimiciv.hosp.prescriptions,TraMADOL (Ultram),TraMADOL (Ultram),adjudicated:both_agree,"Ultram is the brand for tramadol, an opioid analgesic; not a vasopressor."
mimic-iv,mimiciv.hosp.prescriptions,Multivitamins W/minerals,Multivitamins W/minerals,adjudicated:both_agree,Nutritional supplement tablet; not a vasopressor.
mimic-iv,mimiciv.hosp.prescriptions,Lidocaine Jelly 2% (Urojet),Lidocaine Jelly 2% (Urojet),adjudicated:both_agree,"Urojet is branded lidocaine jelly, a topical anesthetic; not a vasopressor."
mimic-iv,mimiciv.hosp.prescriptions,Oxycodone-Acetaminophen,Oxycodone-Acetaminophen,adjudicated:both_agree,Opioid/analgesic combination tablet; not a vasopressor.
mimic-iv,mimiciv.hosp.prescriptions,Azithromycin,Azithromycin,adjudicated:both_agree,Macrolide antibiotic; not a vasopressor.
mimic-iv,mimiciv.hosp.prescriptions,Enoxaparin Sodium,Enoxaparin Sodium,adjudicated:both_agree,"Low-molecular-weight heparin (Lovenox); anticoagulant, not a vasopressor."
mimic-iv,mimiciv.hosp.prescriptions,Neostigmine,Neostigmine,adjudicated:both_agree,Cholinesterase inhibitor for neuromuscular-blockade reversal; not a vasopressor.
mimic-iv,mimiciv.hosp.prescriptions,Prochlorperazine,Prochlorperazine,adjudicated:both_agree,Antiemetic/antipsychotic phenothiazine; not a vasopressor.
mimic-iv,mimiciv.hosp.prescriptions,Ipratropium Bromide MDI,Ipratropium Bromide MDI,adjudicated:both_agree,Inhaled anticholinergic bronchodilator (PUFF); not a vasopressor.
mimic-iv,mimiciv.hosp.prescriptions,Lansoprazole Oral Disintegrating Tab,Lansoprazole Oral Disintegrating Tab,adjudicated:both_agree,Proton-pump inhibitor; not a vasopressor.
mimic-iv,mimiciv.hosp.prescriptions,0.83% Sodium Chloride,0.83% Sodium Chloride,adjudicated:both_agree,"Saline solution, 200 mL; crystalloid fluid, not a vasopressor."
mimic-iv,mimiciv.hosp.prescriptions,Insulin Glargine  (CVICU Protocol),Insulin Glargine  (CVICU Protocol),adjudicated:both_agree,Long-acting insulin under a CVICU protocol; insulin is explicitly excluded.
mimic-iv,mimiciv.hosp.prescriptions,Simethicone,Simethicone,adjudicated:both_agree,Antiflatulent; not a vasopressor.
mimic-iv,mimiciv.hosp.prescriptions,Acetaminophen (Liquid),Acetaminophen (Liquid),adjudicated:both_agree,Analgesic/antipyretic; not a vasopressor.
mimic-iv,mimiciv.hosp.prescriptions,Apixaban,Apixaban,adjudicated:both_agree,Direct oral anticoagulant (Eliquis); not a vasopressor.
mimic-iv,mimiciv.hosp.prescriptions,0.45% Sodium Chloride,0.45% Sodium Chloride,adjudicated:both_agree,"Half-normal saline 1000 mL; crystalloid fluid, not a vasopressor."
mimic-iv,mimiciv.hosp.prescriptions,Ibuprofen,Ibuprofen,adjudicated:both_agree,NSAID analgesic; not a vasopressor.
mimic-iv,mimiciv.hosp.prescriptions,Allopurinol,Allopurinol,adjudicated:both_agree,Xanthine oxidase inhibitor for gout; not a vasopressor.
mimic-iv,mimiciv.hosp.prescriptions,Mouth Care Oral Rinse,Mouth Care Oral Rinse,adjudicated:both_agree,"Oral hygiene rinse, a care-item placeholder; not a vasopressor."
mimic-iv,mimiciv.hosp.prescriptions,Oxycodone-Acetaminophen (5mg-325mg),Oxycodone-Acetaminophen (5mg-325mg),adjudicated:both_agree,Percocet-type analgesic combination tablet; not a vasopressor.
mimic-iv,mimiciv.hosp.prescriptions,Nystatin Oral Suspension,Nystatin Oral Suspension,adjudicated:both_agree,Antifungal suspension; not a vasopressor.
mimic-iv,mimiciv.hosp.prescriptions,Readi-Cat 2 (Barium Sulfate 2% Suspension),Readi-Cat 2 (Barium Sulfate 2% Suspension),adjudicated:both_agree,Readi-Cat is branded barium sulfate oral contrast; not a vasopressor.
mimic-iv,mimiciv.hosp.prescriptions,Nicotine Patch,Nicotine Patch,adjudicated:both_agree,Nicotine replacement patch; not a vasopressor.
mimic-iv,mimiciv.hosp.prescriptions,Hydrochlorothiazide,Hydrochlorothiazide,adjudicated:both_agree,Thiazide diuretic antihypertensive; not a vasopressor.
mimic-iv,mimiciv.hosp.prescriptions,Sarna Lotion,Sarna Lotion,adjudicated:both_agree,Sarna is a branded topical antipruritic lotion (camphor/menthol); not a vasopressor.
mimic-iv,mimiciv.hosp.prescriptions,Meperidine,Meperidine,adjudicated:both_agree,Opioid analgesic (Demerol); not a vasopressor.
mimic-iv,mimiciv.hosp.prescriptions,Artificial Tears,Artificial Tears,adjudicated:both_agree,Ophthalmic lubricant drops; not a vasopressor.
mimic-iv,mimiciv.hosp.prescriptions,0.9 % Sodium Chloride,0.9 % Sodium Chloride,adjudicated:both_agree,"Normal saline; crystalloid fluid, not a vasopressor."
mimic-iv,mimiciv.hosp.prescriptions,Sodium Chloride Nasal,Sodium Chloride Nasal,adjudicated:both_agree,"Saline nasal spray; not a vasopressor (contrast with Neosynephrine nasal, which would be phenylephrine)."
mimic-iv,mimiciv.hosp.prescriptions,Scopolamine Patch,Scopolamine Patch,adjudicated:both_agree,Transdermal anticholinergic antiemetic; not a vasopressor.
mimic-iv,mimiciv.hosp.prescriptions,Miconazole Powder 2%,Miconazole Powder 2%,adjudicated:both_agree,Topical antifungal powder; not a vasopressor.
mimic-iv,mimiciv.hosp.prescriptions,Nitroglycerin SL,Nitroglycerin SL,adjudicated:both_agree,Sublingual nitrate VASODILATOR; opposite of a vasopressor.
mimic-iv,mimiciv.icu.inputevents,Na Phos,225835,adjudicated:both_agree,"标签 'Na Phos' = sodium phosphate (磷酸钠), 属电解质补充剂, 不在六个升压药概念目录内, 按规则2判 UNKNOWN。无剂量率单位与分位数证据 (categorical), n_rows=3689/coverage=0.059, 与升压药输注无关。src_table 含 inputevents -> method=administration。"
mimic-iv,mimiciv.icu.inputevents,Ranitidine (Prophylaxis),225911,adjudicated:both_agree,"'Ranitidine (Prophylaxis)' = 雷尼替丁, H2 受体拮抗剂 (应激性溃疡预防), 非升压药; 括号内 'Prophylaxis' 只是用途标注, 不改变药物身份。不属六种升压药 -> UNKNOWN。src_table 含 inputevents -> method=administration。"
mimic-iv,mimiciv.icu.inputevents,OR Packed RBC Intake,226368,adjudicated:both_agree,"'OR Packed RBC Intake' = 手术室内输注的浓缩红细胞 (血制品摄入量), 属血制品/液体入量记录, 明确在规则2排除范围内 -> UNKNOWN。'OR' 为 operating room 前缀、'Intake' 为入量占位命名, 均非商品名, 无通用名可还原。src_table 含 inputevents -> method=administration。"
mimic-iv,mimiciv.hosp.labevents,"Albumin, Ascites",50835,adjudicated:both_agree,"腹水白蛋白 (g/dL, p50 1.2)；单位虽与 albumin 同，但标本为腹腔积液 (用于计算 SAAG)，非血清白蛋白概念。"
mimic-iv,mimiciv.hosp.labevents,"Amylase, Ascites",50836,adjudicated:both_agree,"腹水淀粉酶 (IU/L, p99 74303)；虽单位与 amylase 同，但标本为腹腔积液 (胰源性腹水判读)，非血清淀粉酶概念。"
mimic-iv,mimiciv.hosp.labevents,"Bilirubin, Total, Ascites",50838,adjudicated:both_agree,"腹水总胆红素 (mg/dL, p99 50)，标本为腹腔积液 (胆汁性腹水判读)，与血清 bilirubin 非同一概念。"
mimic-iv,mimiciv.hosp.labevents,"Glucose, Ascites",50842,adjudicated:both_agree,腹水葡萄糖 (mg/dL)，标本为腹腔积液，临床判读与血糖不同。
mimic-iv,mimiciv.hosp.labevents,"Lactate Dehydrogenase, Ascites",50843,adjudicated:both_agree,腹水乳酸脱氢酶 (IU/L)，标本为腹腔积液，与血清 ld_ldh 非同一概念。
mimic-iv,mimiciv.hosp.labevents,"Total Protein, Ascites",50849,adjudicated:both_agree,"腹水总蛋白 (g/dL, p50 1.58)，标本为腹腔积液 (用于 SAAG/腹膜炎判读)，与血清 total_protein 非同一概念。"
mimic-iv,mimiciv.hosp.labevents,25-OH Vitamin D,50853,adjudicated:both_agree,"25-羟维生素 D (ng/mL, p50 23.7)，目录无维生素类概念。"
mimic-iv,mimiciv.hosp.labevents,Alpha-Fetoprotein,50864,adjudicated:both_agree,甲胎蛋白 AFP (ng/mL)，肿瘤标志物，目录无对应概念。
mimic-iv,mimiciv.hosp.labevents,Ammonia,50866,adjudicated:both_agree,"血氨 (umol/L, p50 40)，目录无 ammonia 概念。"
mimic-iv,mimiciv.hosp.labevents,Anti-Mitochondrial Antibody,50871,adjudicated:both_agree,抗线粒体抗体，自身抗体定性检测。
mimic-iv,mimiciv.hosp.labevents,Anti-Neutrophil Cytoplasmic Antibody,50872,adjudicated:both_agree,抗中性粒细胞胞浆抗体 (ANCA)，自身抗体定性项；名字含 Neutrophil 但与 neutrophils 计数无关。
mimic-iv,mimiciv.hosp.labevents,Anti-Nuclear Antibody,50873,adjudicated:both_agree,抗核抗体 (ANA)，自身免疫定性检测，目录无免疫学抗体概念。
mimic-iv,mimiciv.hosp.labevents,Anti-Smooth Muscle Antibody,50876,adjudicated:both_agree,抗平滑肌抗体，自身抗体定性检测。
mimic-iv,mimiciv.hosp.labevents,Barbiturate Screen,50879,adjudicated:both_agree,巴比妥类毒物筛查，定性项，目录无对应概念。
mimic-iv,mimiciv.hosp.labevents,Benzodiazepine Screen,50880,adjudicated:both_agree,苯二氮䓬类毒物筛查，定性阳/阴性，目录无毒物筛查概念。
mimic-iv,mimiciv.hosp.labevents,C3,50890,adjudicated:both_agree,补体 C3 (mg/dL)，免疫学指标，目录无补体概念。
mimic-iv,mimiciv.hosp.labevents,C4,50891,adjudicated:both_agree,补体 C4 (mg/dL)，免疫学指标，目录无补体概念。
mimic-iv,mimiciv.hosp.labevents,Carcinoembyronic Antigen (CEA),50900,adjudicated:both_agree,癌胚抗原 CEA (ng/mL)，肿瘤标志物，目录无对应概念。
mimic-iv,mimiciv.hosp.labevents,Digoxin,50917,adjudicated:both_agree,"地高辛血药浓度 (ng/mL, p50 1.0，治疗窗合理)，目录无该药物浓度概念。"
mimic-iv,mimiciv.hosp.labevents,Hepatitis A Virus Antibody,50937,adjudicated:both_agree,甲肝病毒抗体，血清学定性检测，目录无对应概念。
mimic-iv,mimiciv.hosp.labevents,Hepatitis A Virus IgM Antibody,50938,adjudicated:both_agree,甲肝病毒 IgM 抗体，血清学定性检测。
mimic-iv,mimiciv.hosp.labevents,Immunoglobulin A,50949,adjudicated:both_agree,免疫球蛋白 A 定量 (mg/dL)，目录无免疫球蛋白概念。
mimic-iv,mimiciv.hosp.labevents,Immunoglobulin G,50950,adjudicated:both_agree,免疫球蛋白 G 定量 (mg/dL)，目录无免疫球蛋白概念；与 globulin (总球蛋白 g/dL) 量纲与含义均不同。
mimic-iv,mimiciv.hosp.labevents,Immunoglobulin M,50951,adjudicated:both_agree,免疫球蛋白 M 定量 (mg/dL)，目录无免疫球蛋白概念。
mimic-iv,mimiciv.hosp.labevents,Parathyroid Hormone,50965,adjudicated:both_agree,"甲状旁腺激素 (pg/mL, p50 70)，内分泌指标，目录无对应概念。"
mimic-iv,mimiciv.hosp.labevents,Phenytoin,50967,adjudicated:both_agree,"苯妥英血药浓度 (ug/mL, p50 10.7, 治疗窗 10-20 合理)，但目录无抗癫痫药 TDM 概念。"
mimic-iv,mimiciv.hosp.labevents,Protein Electrophoresis,50975,adjudicated:both_agree,血清蛋白电泳，定性/图谱型结果，非单一测量量；与 total_protein/globulin 不同。
mimic-iv,mimiciv.hosp.labevents,Rheumatoid Factor,50980,adjudicated:both_agree,类风湿因子 (IU/mL)，自身免疫指标，目录无对应概念。
mimic-iv,mimiciv.hosp.labevents,tacroFK,50986,adjudicated:both_agree,tacroFK = 他克莫司血药浓度 (ng/mL)，免疫抑制剂 TDM；目录 medication 组仅含血管活性药输注速率，无此概念。
mimic-iv,mimiciv.hosp.labevents,Thyroxine (T4),50994,adjudicated:both_agree,甲状腺素 T4 (ug/dL)，甲状腺功能检查，目录无甲功概念。
mimic-iv,mimiciv.hosp.labevents,Triiodothyronine (T3),51001,adjudicated:both_agree,三碘甲状腺原氨酸 T3 (ng/dL)，甲状腺功能项，目录无甲功概念。
mimic-iv,mimiciv.hosp.labevents,Uric Acid,51007,adjudicated:both_agree,"尿酸 (Uric Acid, mg/dL, 血清生化)，概念目录 138 项中无 uric_acid 或等价条目。"
mimic-iv,mimiciv.hosp.labevents,Valproic Acid,51008,adjudicated:both_agree,丙戊酸血药浓度 (ug/mL)，抗癫痫药 TDM，目录无对应概念。
mimic-iv,mimiciv.hosp.labevents,"Albumin, Pleural",51046,adjudicated:both_agree,"胸水白蛋白 (g/dL, p50 1.5)，标本为胸腔积液，非血清 albumin 概念。"
mimic-iv,mimiciv.hosp.labevents,"Amylase, Pleural",51047,adjudicated:both_agree,胸水淀粉酶 (IU/L)，标本为胸腔积液，与血清 amylase 非同一概念。
mimic-iv,mimiciv.hosp.labevents,"Cholesterol, Pleural",51051,adjudicated:both_agree,胸水胆固醇 (mg/dL)，目录既无 cholesterol 也无体液版本概念。
mimic-iv,mimiciv.hosp.labevents,"Glucose, Pleural",51053,adjudicated:both_agree,胸水葡萄糖 (mg/dL)，标本为胸腔积液，临床含义与血糖不同，不指派 glucose。
mimic-iv,mimiciv.hosp.labevents,"Lactate Dehydrogenase, Pleural",51054,adjudicated:both_agree,胸水乳酸脱氢酶 (IU/L)；与目录 ld_ldh (血清 LDH) 标本不同，用于渗出液判别，非同一概念。
mimic-iv,mimiciv.hosp.labevents,"Total Protein, Pleural",51059,adjudicated:both_agree,"胸水总蛋白 (g/dL, p50 2.6)；虽单位与 total_protein 相同，但标本为胸腔积液 (Light 标准用)，临床概念不同。"
mimic-iv,mimiciv.hosp.labevents,"Bicarbonate, Urine",51076,adjudicated:both_agree,"尿碳酸氢盐 (mEq/L, p50 7.25)；单位虽与 bicarbonate 同，但标本为尿液、值域远低于血清 (20-30)，非同一概念。"
mimic-iv,mimiciv.hosp.labevents,"Calcium, Urine",51077,adjudicated:both_agree,"尿钙 (mg/dL, p50 3.34)；单位虽与 calcium 同，但标本为尿液、值域远低于血钙 (8.5-10.5)，非同一概念。"
mimic-iv,mimiciv.hosp.labevents,"Phosphate, Urine",51095,adjudicated:both_agree,尿磷 (mg/dL)；目录既无 phosphate 概念，标本亦为尿液。
mimic-iv,mimiciv.hosp.labevents,"Prot. Electrophoresis, Urine",51098,adjudicated:both_agree,尿蛋白电泳 (+/- 半定量)，定性项，目录无对应概念。
mimic-iv,mimiciv.hosp.labevents,Protein/Creatinine Ratio,51099,adjudicated:both_agree,尿蛋白/肌酐比值 (mg/mg)，为比值型派生指标，既非 total_protein 也非 creatinine。
mimic-iv,mimiciv.hosp.labevents,Lymphocytes,51116,adjudicated:both_agree,"名字与 lymphocytes 相似，但与腹水面板同组 (n_rows=2260, 伴 Total Nucleated Cells, Ascites 与 Macrophage)，为腹水淋巴细胞百分比，标本不同。"
mimic-iv,mimiciv.hosp.labevents,Macrophage,51117,adjudicated:both_agree,腹水面板中的巨噬细胞百分比；外周血分类不报告巨噬细胞，目录无对应概念。
mimic-iv,mimiciv.hosp.labevents,Mesothelial Cell,51118,adjudicated:both_agree,腹水间皮细胞百分比，体液细胞学项目，目录无对应概念。
mimic-iv,mimiciv.hosp.labevents,Monocytes,51120,adjudicated:both_agree,"与 52065 (Total Nucleated Cells, Ascites)、51125、51116 同组 (n_rows 均 2260)，为腹水细胞分类单核细胞百分比，非血常规 monocytes。"
mimic-iv,mimiciv.hosp.labevents,Other,51123,adjudicated:both_agree,腹水细胞分类中的 'Other' 残余类别百分比，非具体临床概念。
mimic-iv,mimiciv.hosp.labevents,Polys,51125,adjudicated:both_agree,腹水细胞分类中的多形核细胞百分比 (与 51116/51120/52065 同组 n_rows=2260)，非外周血 neutrophils。
mimic-iv,mimiciv.hosp.labevents,"RBC, Ascites",51127,adjudicated:both_agree,"腹水红细胞计数 (#/uL, p99 381310)，与目录 rbc (全血 m/uL) 非同一概念。"
mimic-iv,mimiciv.hosp.labevents,Acanthocytes,51134,adjudicated:both_agree,"棘形红细胞，血涂片形态学定性项 (categorical, 无数值)，非测量量。"
mimic-iv,mimiciv.hosp.labevents,Basophilic Stippling,51145,adjudicated:both_agree,嗜碱性点彩红细胞，属红细胞形态学定性项；名字含 Basophilic 但与目录 basophils (嗜碱性粒细胞百分比) 无关。
mimic-iv,mimiciv.hosp.labevents,Bite Cells,51147,adjudicated:both_agree,咬痕红细胞，血涂片形态学定性项。
mimic-iv,mimiciv.hosp.labevents,Elliptocytes,51197,adjudicated:both_agree,椭圆形红细胞，血涂片形态学定性项。
mimic-iv,mimiciv.hosp.labevents,Fibrin Degradation Products,51213,adjudicated:both_agree,"纤维蛋白降解产物 (FDP, ug/mL, categorical 半定量)；与 d_dimer 为不同检测项，与 fibrinogen 量纲亦不同。"
mimic-iv,mimiciv.hosp.labevents,Fragmented Cells,51216,adjudicated:both_agree,破碎红细胞 (裂细胞)，血涂片形态学定性项，非测量量。
mimic-iv,mimiciv.hosp.labevents,H/O Smear,51219,adjudicated:both_agree,H/O Smear (血液科涂片会诊标记)，自由文本/定性项，非测量量。
mimic-iv,mimiciv.hosp.labevents,Heparin,51228,adjudicated:both_agree,"肝素/抗-Xa 活性水平 (IU/mL, p50 0.34)，是化验浓度而非目录中的任何概念；目录无 heparin。"
mimic-iv,mimiciv.hosp.labevents,Inpatient Hematology/Oncology Smear,51236,adjudicated:both_agree,血液科/肿瘤科住院涂片会诊，定性文本结果，非测量量。
mimic-iv,mimiciv.hosp.labevents,Lupus Anticoagulant,51243,adjudicated:both_agree,狼疮抗凝物，凝血相关定性筛查；与目录 pt/ptt/inr 等定量凝血指标非同一概念。
mimic-iv,mimiciv.hosp.labevents,Other Cells,51259,adjudicated:both_agree,'Other Cells' 为细胞分类中的其他细胞百分比，是残余类别而非具体临床概念。
mimic-iv,mimiciv.hosp.labevents,Promyelocytes,51269,adjudicated:both_agree,早幼粒细胞百分比；目录仅有 metamyelocytes 与 immature_granulocytes，promyelocytes 是独立的分化阶段，不可混指。
mimic-iv,mimiciv.hosp.labevents,Sedimentation Rate,51288,adjudicated:both_agree,红细胞沉降率 ESR (mm/hr)；目录炎症指标仅 crp，无 ESR，二者非同一概念。
mimic-iv,mimiciv.hosp.labevents,Spherocytes,51292,adjudicated:both_agree,球形红细胞，血涂片形态学定性项，非测量量。
mimic-iv,mimiciv.hosp.labevents,Target Cells,51294,adjudicated:both_agree,靶形红细胞，外周血涂片红细胞形态学定性描述 (categorical)，非可比测量量。
mimic-iv,mimiciv.hosp.labevents,Lymphocytes,51427,adjudicated:both_agree,体液 (关节液) 细胞分类淋巴细胞百分比，同组伴 Macrophage 项，标本非外周血，不等同 lymphocytes。
mimic-iv,mimiciv.hosp.labevents,Macrophage,51428,adjudicated:both_agree,体液 (关节液) 巨噬细胞百分比，目录无对应概念。
mimic-iv,mimiciv.hosp.labevents,Monos,51431,adjudicated:both_agree,'Monos' 属同一体液细胞分类组 (n_rows=1616)，p50 1.0% 与血常规单核细胞分布不符，非 monocytes。
mimic-iv,mimiciv.hosp.labevents,Other Cell,51434,adjudicated:both_agree,体液细胞分类中的 'Other Cell' 残余类别百分比，非具体临床概念。
mimic-iv,mimiciv.hosp.labevents,Polys,51436,adjudicated:both_agree,与 51427/51431/51428 (含 Macrophage) 同组 n_rows≈1616，为关节液/体液细胞分类多形核百分比，非外周血 neutrophils。
mimic-iv,mimiciv.hosp.labevents,Lymphocytes,51446,adjudicated:both_agree,胸水细胞分类淋巴细胞百分比 (与胸水面板同组)，标本为胸腔积液，非外周血 lymphocytes。
mimic-iv,mimiciv.hosp.labevents,Macrophages,51447,adjudicated:both_agree,胸水巨噬细胞百分比，体液细胞学项，目录无对应概念。
mimic-iv,mimiciv.hosp.labevents,Mesothelial Cells,51448,adjudicated:both_agree,胸水间皮细胞百分比，体液细胞学项，目录无对应概念。
mimic-iv,mimiciv.hosp.labevents,Monos,51450,adjudicated:both_agree,"与 52391 (Total Nucleated Cells, Pleural)、51446、51455 同组 (n_rows≈1600)，为胸水单核细胞百分比，非血常规 monocytes。"
mimic-iv,mimiciv.hosp.labevents,Other,51453,adjudicated:both_agree,胸水细胞分类中的 'Other' 残余类别百分比，非具体临床概念。
mimic-iv,mimiciv.hosp.labevents,Polys,51455,adjudicated:both_agree,胸水多形核细胞百分比，属胸水细胞分类面板，非血常规 neutrophils。
mimic-iv,mimiciv.hosp.labevents,"RBC, Pleural",51457,adjudicated:both_agree,"胸水红细胞计数 (#/uL, p99 686101)，与全血 rbc (m/uL) 标本与量纲均不同。"
mimic-iv,mimiciv.hosp.labevents,Eosinophils,51474,adjudicated:adjudicated,"尿/体液嗜酸细胞定性, 目录无对应概念。决定性证据: (1) mimic-code blood_differential.sql 将目录概念 eosinophils 专一定义为 itemid=51200 (绝对值走 51199/52073), 51474 在 mimic-code 中完全不出现, 故该概念并非 specimen-agnostic 派生, 不存在 226063 venous PO2 那类取材歧义; (2) gold_pairs.csv 中 eosinophils 已映射同表 mimic-iv 51200 (%, numeric, p50=0.71, n=67908), 而 51474 是同表另一 itemid 且 profile 迥异 (categorical/无单位/无分位数/n=1242); (3) itemid 邻域为尿沉渣与体液镜检区段 (51518 WBC Clumps /hpf, 5142x-5145x Polys/Macrophages/Mesothelial Cells/RBC Pleural)。categorical+无单位对目录 numeric % 属主动排除而非未能证实; 且无论其为尿、胸水还是脑脊液嗜酸细胞, 目录均无对应, 残余不确定性只在'是哪一种目录外检验', 不在'是否入目录', 故按规则2判 UNKNOWN 而非 UNSURE。注: MIMIC-III 同一 itemid 51474 上轮被判 UNSURE (unsure_set.csv 第7行 / adjudication_result.json chunk mimiciii_05), 存在跨库标签不一致, 建议一并改判。"
mimic-iv,mimiciv.hosp.labevents,WBC Clumps,51518,adjudicated:both_agree,"尿沉渣白细胞团块 (/hpf, categorical)，尿液镜检半定量描述，与 wbc (血 K/uL) 非同一概念。"
mimic-iv,mimiciv.hosp.labevents,ARCH-1,51564,adjudicated:both_agree,ARCH-1 为无语义的内部检验代码，无单位、数值分布无临床可解释性。
mimic-iv,mimiciv.hosp.labevents,HPE4,51660,adjudicated:both_agree,HPE4 为无语义内部检验代码，无单位。
mimic-iv,mimiciv.hosp.labevents,STX1,51732,adjudicated:both_agree,STX1 为无语义内部检验代码，无法对应任何临床概念。
mimic-iv,mimiciv.hosp.labevents,STX2,51733,adjudicated:both_agree,STX2 为无语义内部检验代码，无单位。
mimic-iv,mimiciv.hosp.labevents,STX3,51734,adjudicated:both_agree,STX3 为无语义内部检验代码，无单位，数值分布不可临床解释。
mimic-iv,mimiciv.hosp.labevents,STX6,51737,adjudicated:both_agree,STX6 为无语义内部代码，数值区间全负 (-85~-4.8)，非临床测量量。
mimic-iv,mimiciv.hosp.labevents,"Glucose, CSF",51790,adjudicated:both_agree,"脑脊液葡萄糖 (mg/dL, p50 72.9)；虽单位与 glucose 相同，但标本为脑脊液，临床含义 (脑膜炎判读) 与血糖不同。"
mimic-iv,mimiciv.hosp.labevents,"Total Protein, CSF",51802,adjudicated:both_agree,"脑脊液总蛋白 (mg/dL, p50 47.8)，与目录 total_protein (血清 g/dL) 标本与量纲均不同，非同一概念。"
mimic-iv,mimiciv.hosp.labevents,Influenza A by PCR,51865,adjudicated:both_agree,甲型流感 PCR，病原学定性检测，目录无对应概念。
mimic-iv,mimiciv.hosp.labevents,Influenza B by PCR,51873,adjudicated:both_agree,乙型流感 PCR，病原学定性检测，目录无对应概念。
mimic-iv,mimiciv.hosp.labevents,MRSA PCR,51877,adjudicated:both_agree,MRSA 筛查 PCR，病原学定性检测。
mimic-iv,mimiciv.hosp.labevents,Staph aureus PCR,51893,adjudicated:both_agree,金黄色葡萄球菌 PCR，病原学定性检测。
mimic-iv,mimiciv.hosp.labevents,C. diff PCR,51933,adjudicated:both_agree,艰难梭菌 PCR，微生物学定性检测，目录无感染病原学概念。
mimic-iv,mimiciv.hosp.labevents,CDT027,51956,adjudicated:both_agree,CDT027 为艰难梭菌 027 分型相关内部代码，微生物学定性项，目录无对应。
mimic-iv,mimiciv.hosp.labevents,Oxycodone,51989,adjudicated:both_agree,羟考酮毒物筛查，定性项，目录无对应概念。
mimic-iv,mimiciv.hosp.labevents,UTX1,52004,adjudicated:both_agree,UTX1 为无语义内部代码，无单位、含大负值，无法对应概念。
mimic-iv,mimiciv.hosp.labevents,UTX2,52005,adjudicated:both_agree,UTX2 为无语义内部代码，数值为大负值区间，非临床测量量。
mimic-iv,mimiciv.hosp.labevents,UTX3,52006,adjudicated:both_agree,UTX3 为无语义内部代码，无单位，分布跨度 0~5348 无临床解释。
mimic-iv,mimiciv.hosp.labevents,UTX4,52007,adjudicated:both_agree,UTX4 为无语义内部代码，数值含大量负值，非生理测量量。
mimic-iv,mimiciv.hosp.labevents,UTX5,52008,adjudicated:both_agree,UTX5 为无语义内部代码，无单位且分位数为大负值 (-369~339)，无任何临床量对应。
mimic-iv,mimiciv.hosp.labevents,UTX6,52009,adjudicated:both_agree,UTX6 为无语义内部代码，数值全为负，非生理量。
mimic-iv,mimiciv.hosp.labevents,UTX7,52010,adjudicated:both_agree,UTX7 为无语义内部代码，无单位、含大负值。
mimic-iv,mimiciv.hosp.labevents,Estimated GFR (MDRD equation),52026,adjudicated:both_agree,估算 GFR (MDRD 公式)，且此处为 categorical 报告 (如 >60)，属派生量，目录无 egfr。
mimic-iv,mimiciv.hosp.labevents,"Total Nucleated Cells, Ascites",52065,adjudicated:both_agree,腹水有核细胞总数 (#/uL)，体液细胞计数，目录无对应概念。
mimic-iv,mimiciv.hosp.labevents,Voided Specimen,52195,adjudicated:both_agree,Voided Specimen 为尿标本采集方式标注 (categorical)，属修饰属性而非测量量。
mimic-iv,mimiciv.hosp.labevents,Lymphs,52264,adjudicated:both_agree,"'Lymphs' 与 52272/52281/52285/52286 同组 (n_rows 均 2438，含 Total Nucleated Cells, CSF)，为脑脊液细胞分类计数，非外周血 lymphocytes；p50 42% 也不符血常规分类。"
mimic-iv,mimiciv.hosp.labevents,Macrophage,52266,adjudicated:both_agree,脑脊液巨噬细胞百分比 (与 52264/52286 同属 CSF 面板)，目录无对应概念。
mimic-iv,mimiciv.hosp.labevents,Monocytes,52272,adjudicated:both_agree,"与 52286 (Total Nucleated Cells, CSF) 同批次同 n_rows=2438，属脑脊液细胞分类中的单核细胞百分比，标本不同于血常规 monocytes。"
mimic-iv,mimiciv.hosp.labevents,Polys,52281,adjudicated:both_agree,'Polys' 属同一脑脊液分类组 (n_rows 2438)，为脑脊液多形核细胞百分比，非血常规 neutrophils。
mimic-iv,mimiciv.hosp.labevents,"RBC, CSF",52285,adjudicated:both_agree,"脑脊液红细胞计数 (#/uL, p99 237139)，与目录 rbc (全血 m/uL) 标本与量纲均不同。"
mimic-iv,mimiciv.hosp.labevents,"Total Nucleated Cells, CSF",52286,adjudicated:both_agree,"脑脊液有核细胞总数 (#/uL, p99 5791)，体液细胞计数，目录无对应概念 (与 wbc 标本与量纲均不同)。"
mimic-iv,mimiciv.hosp.labevents,"Total Nucleated Cells, Other",52369,adjudicated:both_agree,其他体液有核细胞总数 (#/uL)，体液细胞计数，目录无对应概念。
mimic-iv,mimiciv.hosp.labevents,"Total Nucleated Cells, Pleural",52391,adjudicated:both_agree,胸水有核细胞总数 (#/uL)，体液细胞计数，目录无对应概念。
mimic-iv,mimiciv.hosp.labevents,RFXUCU,52424,adjudicated:both_agree,RFXUCU 为内部检验代码，无标签语义、无单位、categorical，无法对应任何概念。
mimic-iv,mimiciv.hosp.labevents,E GENE CT,53105,adjudicated:both_agree,新冠 E 基因 Ct 值，分子检测中间量，目录无对应概念。
mimic-iv,mimiciv.hosp.labevents,E GENE ENDPT,53106,adjudicated:both_agree,E 基因终点荧光值，PCR 仪器原始参数，无临床概念对应。
mimic-iv,mimiciv.hosp.labevents,N2 GENE CT,53111,adjudicated:both_agree,新冠 N2 基因 Ct 值，分子检测中间量，目录无对应概念。
mimic-iv,mimiciv.hosp.labevents,N2 GENE ENDPT,53112,adjudicated:both_agree,N2 基因终点荧光值，PCR 仪器原始参数，无临床概念对应。
mimic-iv,mimiciv.hosp.labevents,Estimated GFR (CKD- EPI Refit),53161,adjudicated:both_agree,"估算肾小球滤过率 (CKD-EPI, mL/min/1.73m2)，是由肌酐推导的派生量，目录无 egfr，且不等同于 creatinine。"
mimic-iv,mimiciv.hosp.labevents,Ceph-IC,53169,adjudicated:both_agree,Ceph-IC 为检测内标 (internal control) 信号值，仪器参数而非临床概念。
mimic-iv,mimiciv.hosp.labevents,COV8IC,53173,adjudicated:both_agree,COV8IC 为新冠检测内标 (internal control) 信号值，仪器参数而非临床概念。
mimic-iv,mimiciv.hosp.labevents,COV8MC,53174,adjudicated:both_agree,COV8MC 为新冠检测仪器内部质控/信号参数，非临床测量量。
mimic-iv,mimiciv.hosp.labevents,"Anti-Nuclear Antibody, Titer",50874,adjudicated:both_agree,抗核抗体滴度，自身免疫定性，目录无对应
mimic-iv,mimiciv.hosp.labevents,"Cholesterol, LDL, Measured",50906,adjudicated:both_agree,LDL胆固醇 mg/dL，目录无任何血脂类概念
mimic-iv,mimiciv.hosp.labevents,"Hepatitis B Core Antibody, IgM",50939,adjudicated:both_agree,乙肝核心抗体IgM血清学定性，目录无病毒血清学概念
mimic-iv,mimiciv.hosp.labevents,Immunofixation,50948,adjudicated:both_agree,免疫固定电泳定性结果，目录无对应蛋白电泳/免疫学概念
mimic-iv,mimiciv.hosp.labevents,"HCG, Urine, Qualitative",51085,adjudicated:both_agree,尿HCG定性，目录无妊娠试验概念
mimic-iv,mimiciv.hosp.labevents,"Immunofixation, Urine",51086,adjudicated:both_agree,尿免疫固定电泳，目录无对应
mimic-iv,mimiciv.hosp.labevents,"Magnesium, Urine",51088,adjudicated:both_agree,尿镁，目录中无镁(magnesium)概念
mimic-iv,mimiciv.hosp.labevents,pH,51094,adjudicated:both_agree,名为pH但p01=1/p50=5/p99=8且取整分布，是尿试纸pH；目录ph为血气pH(p50≈7.4)，非同一概念且目录无尿pH
mimic-iv,mimiciv.hosp.labevents,"Uric Acid, Urine",51105,adjudicated:both_agree,尿尿酸，目录无尿酸概念(且为尿标本)
mimic-iv,mimiciv.hosp.labevents,Urine Volume,51108,adjudicated:both_agree,"尿量(mL, 24h标本体积)，目录无尿量/出量概念"
mimic-iv,mimiciv.hosp.labevents,Calcium Oxalate Crystals,51469,adjudicated:both_agree,尿草酸钙结晶镜检，与血钙calcium非同一概念
mimic-iv,mimiciv.hosp.labevents,Renal Epithelial Cells,51497,adjudicated:both_agree,尿肾小管上皮细胞镜检计数，目录无对应
mimic-iv,mimiciv.hosp.labevents,Uric Acid Crystals,51505,adjudicated:both_agree,尿沉渣尿酸结晶(/hpf)，镜检定性，目录无对应
mimic-iv,mimiciv.hosp.labevents,Free Kappa,51625,adjudicated:both_agree,游离kappa轻链，目录无免疫球蛋白轻链概念
mimic-iv,mimiciv.hosp.labevents,Free Kappa/Free Lambda Ratio,51626,adjudicated:both_agree,kappa/lambda比值，衍生指标，目录无对应
mimic-iv,mimiciv.hosp.labevents,Free Lambda,51627,adjudicated:both_agree,游离lambda轻链，目录无对应
mimic-iv,mimiciv.hosp.labevents,HPE6,51662,adjudicated:both_agree,HPE6为无法解读的检验项代码，无临床概念可对应
mimic-iv,mimiciv.hosp.labevents,HIT-Ab Interpreted Result,52131,adjudicated:both_agree,肝素诱导血小板减少抗体解释性结论，目录无对应
mimic-iv,mimiciv.hosp.labevents,HIT-Ab Numerical Result,52132,adjudicated:both_agree,HIT抗体OD值(U/mL)，目录无对应免疫检测概念
mimic-iv,mimiciv.hosp.labevents,Rapid Respiratory Syncytial Virus,53113,adjudicated:both_agree,呼吸道合胞病毒快速检测定性，目录无病原学概念
mimic-iv,mimiciv.icu.chartevents,Airway Type,223836,adjudicated:both_agree,人工气道类型(气管插管/气切/口咽通气道)，属Type+categorical器械属性；与o2_device(给氧装置)、ventilator_type(呼吸机机型)、intubated均非同一概念
mimic-iv,mimiciv.icu.chartevents,Neuro Symptoms,223921,adjudicated:both_agree,神经系统症状(自由分类)，非量化概念；与gcs等量表不同
mimic-iv,mimiciv.icu.chartevents,Neuro Drain #1 Type,223926,adjudicated:both_agree,脑引流管类型(Type+categorical)，器械属性
mimic-iv,mimiciv.icu.chartevents,Neuro Drain #1 Level,223930,adjudicated:both_agree,脑引流管高度/水平设置(分类)，装置设置
mimic-iv,mimiciv.icu.chartevents,Neuro Drain #1 Status,223931,adjudicated:both_agree,脑室引流管状态(分类)，置管护理评估
mimic-iv,mimiciv.icu.chartevents,Neuro Drain #1 Drainage,223932,adjudicated:both_agree,脑引流液性状(分类)，引流护理评估
mimic-iv,mimiciv.icu.chartevents,Circulation/Skin Integrity,224065,adjudicated:both_agree,约束肢体循环/皮肤完整性评估，护理评估
mimic-iv,mimiciv.icu.chartevents,Range of Motion,224067,adjudicated:both_agree,约束肢体活动度评估，护理评估
mimic-iv,mimiciv.icu.chartevents,Blood Flow (ml/min),224144,adjudicated:both_agree,透析血流速ml/min，是体外循环泵速，与心输出量co(L/min)非同一概念
mimic-iv,mimiciv.icu.chartevents,Heparin Dose (per hour),224145,adjudicated:both_agree,CRRT肝素剂量(units/hr)，目录无肝素等抗凝药概念(仅收录血管活性药)
mimic-iv,mimiciv.icu.chartevents,System Integrity,224146,adjudicated:both_agree,透析管路系统完整性评估(分类)，设备状态非临床测量概念
mimic-iv,mimiciv.icu.chartevents,Access Pressure,224149,adjudicated:both_agree,透析动脉端引血压(负值为主)，管路压力，目录无对应
mimic-iv,mimiciv.icu.chartevents,Filter Pressure,224150,adjudicated:both_agree,透析滤器压(mmHg)为体外循环管路压力，与任何患者血压/颅压概念均不同
mimic-iv,mimiciv.icu.chartevents,Effluent Pressure,224151,adjudicated:both_agree,废液侧压力，管路压力，目录无对应
mimic-iv,mimiciv.icu.chartevents,Return Pressure,224152,adjudicated:both_agree,透析回血端压力，管路压力，目录无对应
mimic-iv,mimiciv.icu.chartevents,Replacement Rate,224153,adjudicated:both_agree,置换液流速(ml/hr)，CRRT设备参数，目录无对应
mimic-iv,mimiciv.icu.chartevents,Dialysate Rate,224154,adjudicated:both_agree,透析液流速(ml/hr)，CRRT设备参数，目录无对应
mimic-iv,mimiciv.icu.chartevents,MDI #2 Drug,224173,adjudicated:both_agree,定量吸入剂#2药物名称，用药记录，目录无吸入支扩剂概念
mimic-iv,mimiciv.icu.chartevents,Hourly Patient Fluid Removal,224191,adjudicated:both_agree,每小时净脱水量(mL)，CRRT参数，目录无对应
mimic-iv,mimiciv.icu.chartevents,Augmented Diastole,224310,adjudicated:both_agree,球囊反搏舒张期增压峰值(AUG)，p50=109高于同表收缩压p50=84.7，是球囊充气产生的器械性压力波，并非患者舒张压dbp，目录无对应概念
mimic-iv,mimiciv.icu.chartevents,PCA medication,224327,adjudicated:both_agree,PCA泵药物名称，镇痛用药记录，目录药物概念仅含血管活性药
mimic-iv,mimiciv.icu.chartevents,PCA dose,224328,adjudicated:both_agree,PCA单次剂量，用药参数，目录无对应
mimic-iv,mimiciv.icu.chartevents,PCA lockout (min),224329,adjudicated:both_agree,PCA锁定时间(min)，泵设置参数，目录无对应
mimic-iv,mimiciv.icu.chartevents,PCA 1 hour limit,224330,adjudicated:both_agree,PCA每小时限量，泵设置参数
mimic-iv,mimiciv.icu.chartevents,ART Lumen Volume,224404,adjudicated:both_agree,动脉腔预充容积(mL)，导管规格参数
mimic-iv,mimiciv.icu.chartevents,VEN Lumen Volume,224406,adjudicated:both_agree,静脉腔预充容积(mL)，导管规格参数
mimic-iv,mimiciv.icu.chartevents,Pressure Ulcer Stage #1,224631,adjudicated:both_agree,压疮分期1-4，虽为有序数值但属皮肤评估分级，目录无压疮概念
mimic-iv,mimiciv.icu.chartevents,Undermining Present #1,224633,adjudicated:both_agree,伤口潜行存在与否#1，皮肤评估
mimic-iv,mimiciv.icu.chartevents,Trach Tube Type,224829,adjudicated:both_agree,气切套管类型(Type+categorical)，器械属性非测量量
mimic-iv,mimiciv.icu.chartevents,Trach Tube Manufacturer,224830,adjudicated:both_agree,气切套管厂家，器械属性
mimic-iv,mimiciv.icu.chartevents,Trach Tube Size (I.D.),224831,adjudicated:both_agree,气切套管内径规格，器械属性
mimic-iv,mimiciv.icu.chartevents,Impaired Skin Cleanse #3,224889,adjudicated:both_agree,伤口清洁方式#3，护理处置记录
mimic-iv,mimiciv.icu.chartevents,Impaired Skin Drainage #4,224904,adjudicated:both_agree,伤口渗液#4，皮肤评估分类
mimic-iv,mimiciv.icu.chartevents,Impaired Skin Length #2,224916,adjudicated:both_agree,伤口长度(cm)，皮肤评估测量，目录无对应
mimic-iv,mimiciv.icu.chartevents,Impaired Skin Odor #4,224925,adjudicated:both_agree,伤口气味#4(0/1)，皮肤评估
mimic-iv,mimiciv.icu.chartevents,Impaired Skin Site #3,224931,adjudicated:both_agree,皮肤破损部位#3，皮肤评估自由分类
mimic-iv,mimiciv.icu.chartevents,Impaired Skin Site #4,224932,adjudicated:both_agree,皮肤破损部位#4，皮肤评估分类
mimic-iv,mimiciv.icu.chartevents,Impaired Skin Treatment #3,224938,adjudicated:both_agree,皮肤破损处置#3，护理处置记录
mimic-iv,mimiciv.icu.chartevents,Impaired Skin Treatment #4,224939,adjudicated:both_agree,皮肤破损处置#4，护理处置记录
mimic-iv,mimiciv.icu.chartevents,Impaired Skin Type #3,224945,adjudicated:both_agree,皮肤破损类型#3，皮肤评估分类
mimic-iv,mimiciv.icu.chartevents,Impaired Skin Type #4,224946,adjudicated:both_agree,皮肤破损类型#4，皮肤评估分类
mimic-iv,mimiciv.icu.chartevents,Impaired Skin Width #2,224951,adjudicated:both_agree,伤口宽度(cm)，皮肤评估测量
mimic-iv,mimiciv.icu.chartevents,Impaired Skin Wound Base #4,224960,adjudicated:both_agree,伤口基底外观#4，皮肤评估分类
mimic-iv,mimiciv.icu.chartevents,Surrounding Tissue #4,224974,adjudicated:both_agree,伤口周围组织#4，皮肤评估分类
mimic-iv,mimiciv.icu.chartevents,Current Goal,225183,adjudicated:both_agree,CRRT脱水目标(mL，含负值)，治疗目标设定，目录无对应
mimic-iv,mimiciv.icu.chartevents,Dialysis Catheter Site Appear,225323,adjudicated:both_agree,透析导管穿刺点外观评估，置管部位护理评估
mimic-iv,mimiciv.icu.chartevents,Replacement Fluid,225976,adjudicated:both_agree,置换液种类(分类)，液体产品属性
mimic-iv,mimiciv.icu.chartevents,Dialysate Fluid,225977,adjudicated:both_agree,透析液种类(分类)，液体产品属性
mimic-iv,mimiciv.icu.chartevents,Dialysis Catheter placed in outside facility,226118,adjudicated:both_agree,透析导管是否为外院置入(0/1标志)，置管来源属性
mimic-iv,mimiciv.icu.chartevents,ICP Line placed in outside facility,226129,adjudicated:both_agree,ICP导管是否外院置入(0/1)，置管来源属性
mimic-iv,mimiciv.icu.chartevents,ICP Line Site Appear,226130,adjudicated:both_agree,ICP导管穿刺点外观，置管部位评估，非ICP测量值
mimic-iv,mimiciv.icu.chartevents,ICP Line Waveform Appear,226133,adjudicated:both_agree,ICP导管波形外观(分类)，波形质量评估而非压力数值
mimic-iv,mimiciv.icu.chartevents,Ultrafiltrate Output,226457,adjudicated:both_agree,CRRT超滤量(mL)，目录无超滤/出量概念
mimic-iv,mimiciv.icu.chartevents,PCA  dose units,227111,adjudicated:both_agree,PCA剂量单位，单位标注字段，非测量概念
mimic-iv,mimiciv.icu.chartevents,PCA 1 hour limit units,227113,adjudicated:both_agree,PCA小时限量单位，单位标注字段
mimic-iv,mimiciv.icu.chartevents,Dialysis Catheter Type,227124,adjudicated:both_agree,透析导管类型(另一条目)，器械属性
mimic-iv,mimiciv.icu.chartevents,Trach Care,227130,adjudicated:both_agree,气切护理执行记录(0/1)，护理操作记录
mimic-iv,mimiciv.icu.chartevents,CRRT mode,227290,adjudicated:both_agree,CRRT模式(CVVH/CVVHD等)，治疗模式非测量量，目录ventilator_mode仅指呼吸机
mimic-iv,mimiciv.icu.chartevents,Dialysis Catheter Dressing Occlusive,227357,adjudicated:both_agree,透析导管敷料是否密闭(0/1)，置管护理评估
mimic-iv,mimiciv.icu.chartevents,ICP Line Dressing Occlusive,227363,adjudicated:both_agree,ICP导管敷料是否密闭，置管护理评估
mimic-iv,mimiciv.icu.chartevents,Arctic Sun Water Temp,227628,adjudicated:both_agree,控温仪循环水温，p01=5.3°C、p99=42°C，是设备水温而非患者体温，值域明显不属体温
mimic-iv,mimiciv.icu.chartevents,Patient/Family Informed_V2,227662,adjudicated:both_agree,是否告知患者/家属，沟通记录
mimic-iv,mimiciv.icu.chartevents,Immobilizer,227663,adjudicated:both_agree,制动器使用记录，约束支持类护理记录
mimic-iv,mimiciv.icu.chartevents,Immobilizer Device,227664,adjudicated:both_agree,制动器器械种类(Device+categorical)，器械属性
mimic-iv,mimiciv.icu.chartevents,Immobilizer Location,227666,adjudicated:both_agree,制动器部位(Location+categorical)，护理修饰属性
mimic-iv,mimiciv.icu.chartevents,Reason for Immobilizer,227667,adjudicated:both_agree,使用制动器原因，护理记录
mimic-iv,mimiciv.icu.chartevents,Safety Measures,227684,adjudicated:both_agree,安全防护措施(另一版本条目)，护理干预记录
mimic-iv,mimiciv.icu.chartevents,Safety Measures,227700,adjudicated:both_agree,安全防护措施(约束/支持类)，护理干预记录
mimic-iv,mimiciv.icu.chartevents,Dialysis Catheter Placement Confirmed by X-ray,227753,adjudicated:both_agree,透析导管位置X线确认，置管流程记录
mimic-iv,mimiciv.icu.chartevents,Impaired Skin  - Dressing Status #2,227781,adjudicated:both_agree,伤口敷料状态#2，护理评估
mimic-iv,mimiciv.icu.chartevents,Neuro Drain #1 Landmark,227985,adjudicated:both_agree,脑引流管零点标志(分类)，置管护理属性
mimic-iv,mimiciv.icu.chartevents,Citrate (ACD-A),228004,adjudicated:both_agree,枸橼酸抗凝输注速率，目录无该药物概念
mimic-iv,mimiciv.icu.chartevents,PBP (Prefilter) Replacement Rate,228005,adjudicated:both_agree,前稀释置换液流速，CRRT设备参数
mimic-iv,mimiciv.icu.chartevents,Post Filter Replacement Rate,228006,adjudicated:both_agree,后稀释置换液流速，CRRT设备参数
mimic-iv,mimiciv.icu.chartevents,Pressure ulcer #1- Tunneling present,228833,adjudicated:both_agree,压疮#1窦道存在与否，皮肤评估
mimic-iv,mimiciv.icu.chartevents,Pressure ulcer #1- Undermining present,228843,adjudicated:both_agree,压疮#1潜行存在与否，皮肤评估
mimic-iv,mimiciv.icu.chartevents,Nutrition  NCP - Expected outcomes,228962,adjudicated:both_agree,营养护理计划预期结果，护理文书
mimic-iv,mimiciv.icu.chartevents,Nutrition  NCP - Interventions,228966,adjudicated:both_agree,营养护理计划干预，护理文书
mimic-iv,mimiciv.icu.chartevents,Altered Sensory Perception NCP - Expected Outcomes,229124,adjudicated:both_agree,感知改变护理计划预期结果，护理文书
mimic-iv,mimiciv.icu.chartevents,Altered Sensory Perception NCP - Interventions,229126,adjudicated:both_agree,感知改变护理计划干预，护理文书
mimic-iv,mimiciv.icu.chartevents,Elimination NCP - Expected outcomes,229133,adjudicated:both_agree,排泄护理计划预期结果，护理文书
mimic-iv,mimiciv.icu.chartevents,Elimination NCP - Interventions,229134,adjudicated:both_agree,排泄护理计划干预，护理文书
mimic-iv,mimiciv.icu.chartevents,Substance withdrawal NCP - Expected outcomes,229136,adjudicated:both_agree,戒断护理计划预期结果，护理文书
mimic-iv,mimiciv.icu.chartevents,Substance withdrawal NCP - Interventions,229138,adjudicated:both_agree,戒断护理计划干预，护理文书
mimic-iv,mimiciv.icu.chartevents,Trans Membrane Pressure,229247,adjudicated:both_agree,跨膜压TMP，滤器压力参数，非患者生理压力
mimic-iv,mimiciv.icu.chartevents,Pressure Drop,229248,adjudicated:both_agree,滤器压降，设备参数，目录无对应
mimic-iv,mimiciv.icu.chartevents,Dialysis Catheter Type,229536,adjudicated:both_agree,透析导管类型(Type+categorical)，器械属性
mimic-iv,mimiciv.icu.chartevents,Stroke NCP - Expected outcomes,229644,adjudicated:both_agree,卒中护理计划预期结果，护理文书
mimic-iv,mimiciv.icu.chartevents,Stroke NCP - Plan revised,229646,adjudicated:both_agree,卒中护理计划是否修订，护理文书
mimic-iv,mimiciv.icu.chartevents,Stroke NCP - Problem,229647,adjudicated:both_agree,卒中护理计划问题项，护理文书
mimic-iv,mimiciv.icu.chartevents,Stroke NCP - Problem resolved,229648,adjudicated:both_agree,卒中护理计划问题是否解决，护理文书
mimic-iv,mimiciv.icu.chartevents,Stroke NCP - Type,229649,adjudicated:both_agree,卒中护理计划类型，护理文书
mimic-iv,mimiciv.icu.chartevents,Stroke NCP - Water Swallow,229650,adjudicated:both_agree,卒中洼田饮水试验条目，吞咽筛查，目录无对应量表
mimic-iv,mimiciv.icu.chartevents,Stroke NCP - Interventions,229652,adjudicated:both_agree,卒中护理计划干预措施(Care Plans)，护理文书非测量量
mimic-iv,mimiciv.icu.chartevents,PICC Biopatch,229880,adjudicated:both_agree,PICC抗菌敷贴使用(0/1)，置管护理用品记录
mimic-iv,mimiciv.icu.chartevents,COVID NCP - Problem,229974,adjudicated:both_agree,COVID护理计划问题项，护理文书
mimic-iv,mimiciv.icu.chartevents,COVID NCP - Expected outcomes,229975,adjudicated:both_agree,COVID护理计划预期结果，护理文书
mimic-iv,mimiciv.icu.chartevents,COVID NCP - Interventions,229977,adjudicated:both_agree,COVID护理计划干预，护理文书
mimic-iv,mimiciv.icu.chartevents,Intra Cranial Pressure Alarm - High,223767,adjudicated:adjudicated,"采纳 B。dict_category=Alarms, label 'Intra Cranial Pressure Alarm - High', 是监护仪 ICP 高限报警阈值设定 (p50=20.0 为整数档位), 不是患者 ICP 实测值。本项目在上一轮对同族字段已有一致先例并全部判 UNKNOWN (220046/220047 HR Alarm, 223751/223752 NBP Alarm, 220056/220058 ABP Alarm, 220072/220073 CVP Alarm, 224161/224162 Resp Alarm, 均记为 '报警阈值而非测量值'), 本行按同一口径处理, 不并入 icp。值域落在 ICP 合理区间只是阈值本就按临床区间设定的必然结果, 不构成概念同一性证据, 故不取 UNSURE。"
mimic-iv,mimiciv.icu.chartevents,Intra Cranial Pressure Alarm - Low,223768,adjudicated:adjudicated,"采纳 B。ICP 低限报警阈值 (Alarms, mmHg), p01/p50/p99=-12.6/0.0/5.9, 中位数为 0、下限为负, 作为患者 ICP 实测值不成立, 明确是监护仪报警设置。与 223767 成对, 并与上一轮全部 *Alarm - High/Low 字段判 UNKNOWN 的先例保持一致。证据已足以否定与 icp 的概念同一性, 属可判定的 UNKNOWN 而非 UNSURE。"
mimic-iv,mimiciv.icu.chartevents,Epidural Appearance,223800,adjudicated:both_agree,"硬膜外置管处外观 (categorical), 置管部位评估属性。"
mimic-iv,mimiciv.icu.chartevents,NMB Medication,223801,adjudicated:both_agree,"神经肌肉阻滞剂名称 (categorical), 药名字段; 目录 medication 概念仅含血管活性药 (norepinephrine/dopamine 等), 无 NMB 概念。"
mimic-iv,mimiciv.icu.chartevents,Passey Muir Valve in use,223847,adjudicated:both_agree,"Passy-Muir 说话瓣膜是否使用 (Respiratory, categorical); 属气切发声装置, 不是 o2_device (氧疗装置), 亦非 ventilator/ventilator_type, 目录中无对应。"
mimic-iv,mimiciv.icu.chartevents,Graft/Flap Pulse,223942,adjudicated:both_agree,"移植皮瓣搏动评估 (categorical, 如可触及/多普勒可闻), 是皮瓣灌注的定性评估, 与 heart_rate 无关。"
mimic-iv,mimiciv.icu.chartevents,Angio Site # 2,223971,adjudicated:both_agree,"血管造影穿刺部位 #2 (Site, categorical), 部位修饰属性。"
mimic-iv,mimiciv.icu.chartevents,Angio Appearance # 2,223972,adjudicated:both_agree,"血管造影穿刺处外观 #2, 置管部位评估属性 (虽在 Cardiovascular 类目下, 但非血流动力学测量)。"
mimic-iv,mimiciv.icu.chartevents,Angio Dressing # 2,223973,adjudicated:both_agree,"血管造影处敷料 #2, 置管护理评估属性。"
mimic-iv,mimiciv.icu.chartevents,Incision Packing #1,224044,adjudicated:both_agree,"切口填塞 #1, 伤口护理操作记录。"
mimic-iv,mimiciv.icu.chartevents,Position Change,224066,adjudicated:both_agree,"体位变换 (Restraint/Support Systems, categorical), 护理操作记录。"
mimic-iv,mimiciv.icu.chartevents,PT Splint Location #1,224114,adjudicated:both_agree,"物理治疗夹板位置 #1 (Location, categorical), 器具部位属性。"
mimic-iv,mimiciv.icu.chartevents,MDI #2 Puff,224172,adjudicated:both_agree,"定量吸入器第2种药物的喷数 (puffs, p50=6), 属给药记录, 目录中无吸入药物剂量概念。"
mimic-iv,mimiciv.icu.chartevents,PCA basal rate (mL/hour),224331,adjudicated:both_agree,"PCA 基础输注速率 (mL/hr), 镇痛泵设置, 目录中无对应药物/速率概念。"
mimic-iv,mimiciv.icu.chartevents,PCA inject,224332,adjudicated:both_agree,"PCA 泵有效给药次数, 设备计数项, 无对应概念。"
mimic-iv,mimiciv.icu.chartevents,Epidural Infusion Rate (mL/hr),224366,adjudicated:both_agree,"硬膜外输注速率 (mL/hr, p50=8), 镇痛输注设置, 目录中仅有血管活性药物概念, 无对应。"
mimic-iv,mimiciv.icu.chartevents,Epidural Medication,224368,adjudicated:both_agree,"硬膜外用药名称 (categorical), 药名分类字段; 目录中的 medication 概念仅涵盖血管活性药, 无镇痛药概念。"
mimic-iv,mimiciv.icu.chartevents,Cont Neb - Med,224375,adjudicated:both_agree,"持续雾化药物名称 (categorical), 药名字段, 目录中无雾化药物概念。"
mimic-iv,mimiciv.icu.chartevents,PCA cleared,224379,adjudicated:both_agree,"PCA 计数清零标记, 设备操作记录。"
mimic-iv,mimiciv.icu.chartevents,CT #3 Crepitus,224428,adjudicated:both_agree,"胸管 #3 处皮下气肿 (crepitus) 有无, 体格检查属性。"
mimic-iv,mimiciv.icu.chartevents,CT #3 Drainage,224430,adjudicated:both_agree,"胸管 #3 引流性状 (categorical), 置管评估属性。"
mimic-iv,mimiciv.icu.chartevents,CT #3 Dressing,224432,adjudicated:both_agree,"胸管 #3 敷料 (Pulmonary, categorical), 置管护理评估属性。"
mimic-iv,mimiciv.icu.chartevents,CT #3 Fluctuate,224434,adjudicated:both_agree,"胸管 #3 水柱波动有无, 置管功能评估属性。"
mimic-iv,mimiciv.icu.chartevents,GI #2 Tube Drainage,224445,adjudicated:both_agree,"胃肠管引流性状 (categorical), 引流定性描述, 非出入量数值概念。"
mimic-iv,mimiciv.icu.chartevents,Impaired Skin Depth #1,224563,adjudicated:both_agree,"伤口深度 #1 (cm), 伤口尺寸评估, 无对应概念。"
mimic-iv,mimiciv.icu.chartevents,Baseline Current/mA,224661,adjudicated:both_agree,"神经刺激仪基线电流 (mA, p50=80), 属 TOF 监测设备设置, 目录中无对应概念。"
mimic-iv,mimiciv.icu.chartevents,PCA attempt,224663,adjudicated:both_agree,"PCA 泵按压尝试次数, 镇痛设备计数, 非目录中生理测量或药物浓度概念。"
mimic-iv,mimiciv.icu.chartevents,PCA total dose,224665,adjudicated:both_agree,"PCA 累计给药总量 (无统一单位, 另有 227117 记录单位), 属镇痛给药记录, 目录仅含血管活性药物概念, 无对应。"
mimic-iv,mimiciv.icu.chartevents,CT #3 Leak,224779,adjudicated:both_agree,"胸管 #3 气漏有无, 置管评估属性。"
mimic-iv,mimiciv.icu.chartevents,Ostomy,224796,adjudicated:both_agree,"造口有无/类型 (GI/GU, categorical), 护理评估属性。"
mimic-iv,mimiciv.icu.chartevents,Ostomy Appearance,224797,adjudicated:both_agree,"造口外观 (categorical), 护理评估属性。"
mimic-iv,mimiciv.icu.chartevents,Impaired Skin Cleanse #4,224890,adjudicated:both_agree,"伤口清洁方式 #4, 护理操作分类记录。"
mimic-iv,mimiciv.icu.chartevents,Impaired Skin Cleanse #5,224891,adjudicated:both_agree,"伤口清洁方式 #5, 护理操作记录。"
mimic-iv,mimiciv.icu.chartevents,Impaired Skin Depth #2,224895,adjudicated:both_agree,"伤口深度 #2 (cm), 伤口尺寸评估。"
mimic-iv,mimiciv.icu.chartevents,Impaired Skin Drainage #5,224905,adjudicated:both_agree,"皮肤破损处引流性状 #5 (categorical), 伤口评估属性。"
mimic-iv,mimiciv.icu.chartevents,Impaired Skin Drainage #6,224906,adjudicated:both_agree,"皮肤破损处引流性状 #6, 伤口评估属性。"
mimic-iv,mimiciv.icu.chartevents,Impaired Skin Drainage Amount #4,224911,adjudicated:both_agree,"皮肤破损处引流量描述 (categorical, 少/中/多), 伤口评估属性。"
mimic-iv,mimiciv.icu.chartevents,Impaired Skin Drainage Amount #5,224912,adjudicated:both_agree,"皮肤破损处引流量 #5 (categorical), 伤口评估属性。"
mimic-iv,mimiciv.icu.chartevents,Impaired Skin Length #3,224917,adjudicated:both_agree,"伤口长度 (cm, p50=2.0), 属伤口尺寸测量, 目录中无伤口尺寸概念; 与 admission_height 等身体测量无关。"
mimic-iv,mimiciv.icu.chartevents,Impaired Skin Length #4,224918,adjudicated:both_agree,"伤口长度 #4 (cm), 伤口尺寸评估。"
mimic-iv,mimiciv.icu.chartevents,Impaired Skin Odor #5,224926,adjudicated:both_agree,"伤口气味 #6 有无 (0/1), 伤口评估属性。"
mimic-iv,mimiciv.icu.chartevents,Impaired Skin Odor #6,224927,adjudicated:both_agree,"伤口气味 #6 有无 (0/1), 伤口评估属性。"
mimic-iv,mimiciv.icu.chartevents,Impaired Skin Site #5,224933,adjudicated:both_agree,"皮肤破损部位 #5 (categorical), 部位修饰属性。"
mimic-iv,mimiciv.icu.chartevents,Impaired Skin Treatment #5,224940,adjudicated:both_agree,"皮肤破损处处理方式 #5, 护理干预分类记录。"
mimic-iv,mimiciv.icu.chartevents,Impaired Skin Type #5,224947,adjudicated:both_agree,"皮肤破损类型 #5 (Type, categorical), 典型修饰属性。"
mimic-iv,mimiciv.icu.chartevents,Impaired Skin Width #3,224952,adjudicated:both_agree,"伤口宽度 (cm, p50=1.04), 伤口尺寸测量, 目录中无对应概念。"
mimic-iv,mimiciv.icu.chartevents,Impaired Skin Width #4,224953,adjudicated:both_agree,"伤口宽度 #4 (cm), 伤口尺寸评估。"
mimic-iv,mimiciv.icu.chartevents,Impaired Skin Wound Base #5,224961,adjudicated:both_agree,"伤口基底描述 (肉芽/腐肉/焦痂等), 分类伤口评估。"
mimic-iv,mimiciv.icu.chartevents,Impaired Skin Wound Base #6,224962,adjudicated:both_agree,"伤口基底描述 #6, 伤口分类评估。"
mimic-iv,mimiciv.icu.chartevents,Pressure Ulcer Stage #2,224965,adjudicated:both_agree,"压疮分期 #2 (1-4 期), 伤口分期评估, 目录中无压疮相关概念。"
mimic-iv,mimiciv.icu.chartevents,Pressure Ulcer Stage #3,224966,adjudicated:both_agree,"压疮分期 #3, 伤口分期评估。"
mimic-iv,mimiciv.icu.chartevents,Surrounding Tissue #5,224975,adjudicated:both_agree,"伤口周围组织描述 #5, 分类伤口评估属性。"
mimic-iv,mimiciv.icu.chartevents,Surrounding Tissue #6,224976,adjudicated:both_agree,"伤口周围组织描述 #6, 伤口评估属性。"
mimic-iv,mimiciv.icu.chartevents,Tunneling Present #2,224979,adjudicated:both_agree,"伤口潜行 (tunneling) 有无, 伤口评估属性, 无对应概念。"
mimic-iv,mimiciv.icu.chartevents,Tunneling Present #3,224980,adjudicated:both_agree,"伤口潜行有无 #3, 伤口评估属性。"
mimic-iv,mimiciv.icu.chartevents,Undermining Present #2,224986,adjudicated:both_agree,"伤口潜行/窦道 (undermining) 有无 #2, 伤口评估属性。"
mimic-iv,mimiciv.icu.chartevents,Undermining Present #3,224987,adjudicated:both_agree,"伤口潜行有无 #3, 伤口评估属性。"
mimic-iv,mimiciv.icu.chartevents,Incision Appearance #4,224995,adjudicated:both_agree,"切口外观评估 (Skin - Incisions, categorical), 伤口护理评估属性。"
mimic-iv,mimiciv.icu.chartevents,Incision Cleansing #2,224998,adjudicated:both_agree,"切口清洁方式 #2 (categorical), 护理操作记录。"
mimic-iv,mimiciv.icu.chartevents,Incision Closure #4,225006,adjudicated:both_agree,"切口闭合方式 (缝线/皮钉等), 分类修饰属性, 非测量概念。"
mimic-iv,mimiciv.icu.chartevents,Incision Drainage #4,225015,adjudicated:both_agree,"切口引流性状 #4 (categorical), 伤口评估属性。"
mimic-iv,mimiciv.icu.chartevents,Incision Drainage Amount #4,225020,adjudicated:both_agree,"切口引流量 #4 (categorical 描述), 伤口评估属性。"
mimic-iv,mimiciv.icu.chartevents,Incision Dressing #3,225024,adjudicated:both_agree,"切口敷料 #3 (categorical), 护理评估属性。"
mimic-iv,mimiciv.icu.chartevents,Dressing Status #3,225029,adjudicated:both_agree,"敷料状态 #3 (Skin - Incisions, categorical), 护理评估属性。"
mimic-iv,mimiciv.icu.chartevents,Knee Location - Immobilizer,225048,adjudicated:both_agree,"膝关节固定器位置 (Location, categorical), 器具部位属性。"
mimic-iv,mimiciv.icu.chartevents,PT Splint Status #1,225180,adjudicated:both_agree,"物理治疗夹板状态 #1 (categorical), 器具状态属性。"
mimic-iv,mimiciv.icu.chartevents,Collar Care,225192,adjudicated:both_agree,"颈托护理 (0/1), 护理操作核查项。"
mimic-iv,mimiciv.icu.chartevents,CCO PAC Site Appear,225225,adjudicated:both_agree,"连续心排量肺动脉导管穿刺处外观 (Site Appear, categorical), 置管部位评估, 非 co/ci 等血流动力学测量。"
mimic-iv,mimiciv.icu.chartevents,CCO PAC Waveform Appear,225227,adjudicated:both_agree,"CCO 肺动脉导管波形外观 (categorical), 波形定性描述而非 pasystolic/padiastolic 等压力数值。"
mimic-iv,mimiciv.icu.chartevents,Midline Site Appear,225347,adjudicated:both_agree,"中长导管穿刺处外观 (Site Appear, categorical), 置管部位评估属性。"
mimic-iv,mimiciv.icu.chartevents,IABP Position on leg,225988,adjudicated:both_agree,"IABP 导管在下肢的位置 (Position, categorical), 置管部位属性而非压力测量。"
mimic-iv,mimiciv.icu.chartevents,PA Catheter placed in outside facility,226114,adjudicated:both_agree,"肺动脉导管是否为外院置入 (0/1), 行政/来源标记, 非测量量。"
mimic-iv,mimiciv.icu.chartevents,PCA total dose units,227117,adjudicated:both_agree,"PCA 总剂量的单位字段 (categorical), 是单位元数据而非测量量。"
mimic-iv,mimiciv.icu.chartevents,Epidural Location,227119,adjudicated:both_agree,"硬膜外置管部位 (Location, categorical), 置管部位属性。"
mimic-iv,mimiciv.icu.chartevents,Motor Deficit,227120,adjudicated:both_agree,"运动功能缺失评估 (Pain/Sedation 类目, 硬膜外镇痛相关的运动阻滞评估, categorical); 与 gcs_motor (1-6 数值评分) 不是同一概念, 目录中无对应。"
mimic-iv,mimiciv.icu.chartevents,Cont. Neb Med Dose,227131,adjudicated:both_agree,"持续雾化药物剂量 (categorical 记录), 给药剂量文本, 目录中无雾化药物概念。"
mimic-iv,mimiciv.icu.chartevents,CCO PAC Dressing Occlusive,227352,adjudicated:both_agree,"CCO 肺动脉导管敷料是否密闭 (0/1), 置管护理核查项。"
mimic-iv,mimiciv.icu.chartevents,Incision Site #3,227474,adjudicated:both_agree,"切口部位 #3 (Site, categorical), 部位修饰属性。"
mimic-iv,mimiciv.icu.chartevents,Immobilizer Evaluated,227665,adjudicated:both_agree,"约束/支持器具评估 (Immobilizer Evaluated), 护理核查项目, 非测量量。"
mimic-iv,mimiciv.icu.chartevents,Non-Violent Restraints,227671,adjudicated:both_agree,"非暴力约束使用情况 (categorical), 约束护理记录, 非测量量。"
mimic-iv,mimiciv.icu.chartevents,Restraint Device (Non-Violent),227678,adjudicated:both_agree,"非暴力约束器具类型 (Device, categorical), 器具修饰属性。"
mimic-iv,mimiciv.icu.chartevents,CCO PAC Placement Confirmed by X-ray,227751,adjudicated:both_agree,"CCO 肺动脉导管位置经 X 线确认 (categorical), 置管核查项目。"
mimic-iv,mimiciv.icu.chartevents,PA Catheter Placement Confirmed by X-ray,227757,adjudicated:both_agree,"肺动脉导管位置经 X 线确认 (categorical), 置管核查项目。"
mimic-iv,mimiciv.icu.chartevents,Impaired Skin  - Dressing Status #3,227782,adjudicated:both_agree,"皮肤破损处敷料状态 #3, 护理评估属性。"
mimic-iv,mimiciv.icu.chartevents,Impaired Skin - Dressing Status  #4,227783,adjudicated:both_agree,"皮肤破损处敷料状态 #4, 护理评估属性。"
mimic-iv,mimiciv.icu.chartevents,Intra Aortic Balloon Pump Setting,227980,adjudicated:both_agree,"主动脉内球囊反搏机器设定 (categorical, 如 1:1/1:2 触发比), 是设备设置项而非目录中任何生理测量概念。"
mimic-iv,mimiciv.icu.chartevents,GI #2 Tube Place Method,228310,adjudicated:both_agree,"胃肠管置入方式 (Place Method, categorical), 操作方式修饰属性。"
mimic-iv,mimiciv.icu.chartevents,Shivering Assessment,228318,adjudicated:both_agree,"寒战评估量表 (Bedside Shivering Assessment Scale, 0-3), dict_category=Treatments; 目录中无寒战评分概念。"
mimic-iv,mimiciv.icu.chartevents,Impaired Skin #4- Location,228499,adjudicated:both_agree,"皮肤破损部位描述 (Skin - Impairment, categorical), 属护理评估的修饰属性, 非任何测量量; 目录中无对应概念。"
mimic-iv,mimiciv.icu.chartevents,Impaired Skin #5- Location,228500,adjudicated:both_agree,"皮肤破损 #5 部位 (Location, categorical), 部位修饰属性。"
mimic-iv,mimiciv.icu.chartevents,Pressure Ulcer #2- Location,228507,adjudicated:both_agree,"压疮 #2 部位 (Location, categorical), 部位修饰属性。"
mimic-iv,mimiciv.icu.chartevents,Impaired Skin #4- Treatment,228532,adjudicated:both_agree,"皮肤破损 #4 处理措施, 护理干预记录。"
mimic-iv,mimiciv.icu.chartevents,Pressure Ulcer #2- Treatment,228540,adjudicated:both_agree,"压疮 #2 处理措施, 护理干预记录。"
mimic-iv,mimiciv.icu.chartevents,Pressure Ulcer #2- Type,228550,adjudicated:both_agree,"压疮 #2 类型 (Type, categorical), 修饰属性。"
mimic-iv,mimiciv.icu.chartevents,Incision #4- Location,228562,adjudicated:both_agree,"切口部位 #4 (Location, categorical), 部位修饰属性。"
mimic-iv,mimiciv.icu.chartevents,Incision #4- Treatment,228574,adjudicated:both_agree,"切口 #4 处理措施, 护理干预记录。"
mimic-iv,mimiciv.icu.chartevents,Impaired Skin #3- Type,228578,adjudicated:both_agree,"皮肤破损 #3 类型 (与 228855 同名的另一 itemid), 分类修饰属性, 无对应概念。"
mimic-iv,mimiciv.icu.chartevents,Incision #4- Dressing Status,228597,adjudicated:both_agree,"切口 #4 敷料状态, 护理评估属性。"
mimic-iv,mimiciv.icu.chartevents,Impaired Skin #3- Dressing Status,228602,adjudicated:both_agree,"皮肤破损 #3 敷料状态, 护理评估属性。"
mimic-iv,mimiciv.icu.chartevents,Pressure Ulcer #1- Depth,228610,adjudicated:both_agree,"压疮 #1 深度 (cm), 伤口尺寸测量, 无对应概念。"
mimic-iv,mimiciv.icu.chartevents,Pressure Ulcer #2- Width,228621,adjudicated:both_agree,"压疮 #2 宽度 (cm), 伤口尺寸测量, 无对应概念。"
mimic-iv,mimiciv.icu.chartevents,Pressure ulcer #2- Length,228724,adjudicated:both_agree,"压疮 #2 长度 (cm), 伤口尺寸测量, 无对应概念。"
mimic-iv,mimiciv.icu.chartevents,Pressure ulcer #2- Wound Base,228734,adjudicated:both_agree,"压疮 #2 创面基底描述, 伤口分类评估。"
mimic-iv,mimiciv.icu.chartevents,Pressure ulcer #2- Surrounding tissue,228744,adjudicated:both_agree,"压疮 #2 周围组织描述, 伤口评估属性。"
mimic-iv,mimiciv.icu.chartevents,Pressure ulcer #2- Stage,228814,adjudicated:both_agree,"压疮 #2 分期 (categorical), 伤口分期评估。"
mimic-iv,mimiciv.icu.chartevents,Impaired Skin #3- Type,228855,adjudicated:both_agree,"皮肤破损 #3 类型 (Type, categorical), 修饰属性。"
mimic-iv,mimiciv.icu.chartevents,Plateau Pressure (IABP),228866,adjudicated:adjudicated,"采纳 B。dict_category=IABP, 单位 mmHg, p01/p50/p99=92.3/123.0/156.4, 为球囊压力波形 (BPW) 的平台压, 反映充氦球囊内压 (临床用于监测球囊阻塞/打折), 是设备侧压力而非患者血流动力学量。目录中的 plateau_pressure 是气道平台压 (cmH2O, 约 10-35), 单位与值域均不符, 属名字陷阱, 可确定排除。也不能并入 sbp: 同一 IABP 字典中收缩压已由 224652/224309 单独记录, 且本字段 p50=123 明显高于 Unassisted Systole 的 94.3, 二者不是同一量。名字相近项已被否定、目录中确无对应概念, 属可判定的 UNKNOWN 而非 UNSURE。"
mimic-iv,mimiciv.icu.chartevents,Nutrition NCP - Body needs,228971,adjudicated:both_agree,"营养护理计划 - 机体需要量, 护理计划文本, 非测量量。"
mimic-iv,mimiciv.icu.chartevents,Nutrition  NCP - Problem resolved,229105,adjudicated:both_agree,"营养护理计划 - 问题已解决, 护理流程字段。"
mimic-iv,mimiciv.icu.chartevents,Elimination NCP - Problem resolved,229122,adjudicated:both_agree,"排泄护理计划 - 问题已解决, 护理流程记录。"
mimic-iv,mimiciv.icu.chartevents,Altered Sensory Perception NCP - Plan revised,229128,adjudicated:both_agree,"感知改变护理计划 - 计划已修订, 护理流程记录。"
mimic-iv,mimiciv.icu.chartevents,Altered Sensory Perception NCP - Problem resolved,229129,adjudicated:both_agree,"护理计划记录 '感知改变 NCP - 问题已解决', 属护理流程字段, 目录中无对应概念。"
mimic-iv,mimiciv.icu.chartevents,Substance withdrawal NCP - Problem resolved,229141,adjudicated:both_agree,"物质戒断护理计划 - 问题已解决, 护理流程记录。"
mimic-iv,mimiciv.icu.chartevents,Metabolic disturbance NCP - Expected outcomes,229143,adjudicated:both_agree,"代谢紊乱护理计划 - 预期结局, 护理流程记录。"
mimic-iv,mimiciv.icu.chartevents,Metabolic disturbance NCP - Interventions,229145,adjudicated:both_agree,"护理计划 '代谢紊乱 NCP - 干预措施', 护理流程文本, 无对应概念。"
mimic-iv,mimiciv.icu.chartevents,Palliative Care NCP - Interventions,229152,adjudicated:both_agree,"姑息治疗护理计划 - 干预措施, 护理流程文本。"
mimic-iv,mimiciv.icu.chartevents,Neuro Mon Line Type,229243,adjudicated:both_agree,"神经监测导管类型 (Line Type, categorical), 典型的 Type 修饰属性而非测量量。"
mimic-iv,mimiciv.icu.chartevents,GI #2 Tube Mark (CM),229301,adjudicated:both_agree,"胃肠管外露刻度 (cm, p50=62), 置管深度记录, 目录中无对应概念 (与身高等测量无关)。"
mimic-iv,mimiciv.icu.chartevents,Activity / Mobility (JH-HLM),229319,adjudicated:both_agree,"Johns Hopkins 活动能力量表 (JH-HLM, 1-8 分), 活动/康复评分, 目录中无对应概念 (与 gcs/sedation/pain 各评分均非同一概念)。"
mimic-iv,mimiciv.icu.chartevents,Activity Intolerance  NCP - Expected outcomes,229327,adjudicated:both_agree,"护理计划 (Care Plans) 中的 '活动耐受不良 NCP - 预期结局', 自由文本/分类护理记录, 非临床测量量。"
mimic-iv,mimiciv.icu.chartevents,Cerebellar - Heel -> Shin,229387,adjudicated:both_agree,"小脑功能检查 (跟-膝-胫试验) 结果, 神经系统体格检查分类记录, 与 gcs 各分项非同一概念。"
mimic-iv,mimiciv.icu.chartevents,Stroke NCP - Consults,229641,adjudicated:both_agree,"卒中护理计划 - 会诊, 护理流程记录。"
mimic-iv,mimiciv.icu.chartevents,Stroke NCP - Water Swallow Deferred,229656,adjudicated:both_agree,"卒中护理计划 - 洼田饮水试验延后, 护理流程记录。"
mimic-iv,mimiciv.icu.chartevents,CP-Pain Management,229704,adjudicated:both_agree,"疼痛管理护理计划条目 (Care Plan - Pain Management, categorical), 护理计划文本; 与 pain_score/pain_goal 的数值评分不是同一概念。"
mimic-iv,mimiciv.icu.chartevents,Dialysis/Pheresis Biopatch,229881,adjudicated:both_agree,"透析/血浆置换导管 Biopatch 敷料使用与否 (0/1), 置管护理项目。"
mimic-iv,mimiciv.icu.chartevents,Stool Management,230033,adjudicated:both_agree,"排便管理 (GI/GU, 计数/分类编码), 护理记录, 目录中无对应概念。"
mimic-iv,mimiciv.icu.chartevents,CVL SecurePort IV,230115,adjudicated:both_agree,"中心静脉导管 SecurePort IV 固定装置使用与否 (0/1), 置管护理用品核查项。"
mimic-iv,mimiciv.icu.chartevents,Activated Clotting Time,220507,adjudicated:both_agree,"活化凝血时间(ACT), p50≈187 秒, 为床旁肝素监测项目; 与目录中 pt/ptt/thrombin/inr 均非同一检验, 目录无 ACT 概念"
mimic-iv,mimiciv.icu.chartevents,Sensory Level,223797,adjudicated:both_agree,"感觉平面(硬膜外/区域阻滞)评估, 目录无对应概念"
mimic-iv,mimiciv.icu.chartevents,Seizure Duration,223925,adjudicated:both_agree,"癫痫发作持续时间(分类), 神经系统事件记录, 目录无对应概念"
mimic-iv,mimiciv.icu.chartevents,Popliteal Pulse R,223941,adjudicated:both_agree,"腘动脉搏动触诊(右), 护理体检分级条目, 目录无对应概念"
mimic-iv,mimiciv.icu.chartevents,Popliteal Pulse L,223946,adjudicated:both_agree,"腘动脉搏动触诊(左), 护理体检分级条目, 目录无对应概念"
mimic-iv,mimiciv.icu.chartevents,Temporary Pacemaker Wires Ground,223963,adjudicated:both_agree,"临时起搏导线接地状态, 设备属性, 目录无对应概念"
mimic-iv,mimiciv.icu.chartevents,Transcutaneous Pacer Placement,223966,adjudicated:both_agree,"经皮起搏电极放置位置, 设备/部位属性, 目录无对应概念"
mimic-iv,mimiciv.icu.chartevents,Knee Immobilizer Status,224090,adjudicated:both_agree,"膝关节固定器状态, 护理装置记录, 目录无对应概念"
mimic-iv,mimiciv.icu.chartevents,PCA bolus,224410,adjudicated:both_agree,"PCA 自控镇痛推注记录, 给药事件, 目录无对应概念"
mimic-iv,mimiciv.icu.chartevents,Cuff Volume (mL),224418,adjudicated:both_agree,"气管插管气囊充气容积 mL, p50=6, 是插管装置参数; 与 tidal_volume(百毫升级)完全不同, 目录无对应概念"
mimic-iv,mimiciv.icu.chartevents,GI #3 Intub Site,224442,adjudicated:both_agree,"胃肠管置入部位, 管路修饰属性, 目录无对应概念"
mimic-iv,mimiciv.icu.chartevents,PCV Level,224702,adjudicated:both_agree,"压力控制通气的控制压力水平, cmH2O p50=15, 是 PEEP 之上的驱动压设定; 与 peep/plateau_pressure 均非同一量, 目录无对应概念"
mimic-iv,mimiciv.icu.chartevents,SBT Stopped,224716,adjudicated:both_agree,"自主呼吸试验(SBT)终止原因, 通气管理事件记录, 目录无对应概念"
mimic-iv,mimiciv.icu.chartevents,Transpulmonary Pressure (Exp. Hold),224746,adjudicated:both_agree,"跨肺压(呼气末屏气)=气道压-食道压, cmH2O p50≈0.09; 与 peep/plateau_pressure 均非同一物理量, 目录无对应概念"
mimic-iv,mimiciv.icu.chartevents,Transpulmonary Pressure (Insp. Hold),224747,adjudicated:both_agree,"跨肺压(吸气末屏气), p50≈9.1 cmH2O 明显低于平台压典型值, 与 plateau_pressure 非同一物理量, 目录无对应概念"
mimic-iv,mimiciv.icu.chartevents,GI #3 Tube Type,224791,adjudicated:both_agree,"胃肠管类型, 管路修饰属性, 目录无对应概念"
mimic-iv,mimiciv.icu.chartevents,GI #3 Tube Status,224792,adjudicated:both_agree,"胃肠管状态, 管路修饰属性, 目录无对应概念"
mimic-iv,mimiciv.icu.chartevents,AV Fistula L Bruit,224803,adjudicated:both_agree,"动静脉内瘘杂音(左)听诊, 血管通路评估, 目录无对应概念"
mimic-iv,mimiciv.icu.chartevents,AV Fistula L Thrill,224804,adjudicated:both_agree,"动静脉内瘘震颤(左)触诊, 血管通路评估, 目录无对应概念"
mimic-iv,mimiciv.icu.chartevents,Permanent Pacemaker Mode,224844,adjudicated:both_agree,"永久起搏器工作模式(DDD/VVI 等), 设备参数, 目录无对应概念"
mimic-iv,mimiciv.icu.chartevents,Permanent Pacemaker Rate,224845,adjudicated:adjudicated,"Permanent Pacemaker Rate (/min, dict_category=Cardiovascular (Pacer Data), p01/p50/p99=0/60/90.5)。记录的是永久起搏器的程控基础频率(p50 恰为 60 的整数设定值、p01=0 为关闭态),不是患者实测心率——起搏器仅设定下限,自身心律更快时实测 HR 与之脱钩。决定性判例:同族字段 224751 Temporary Pacemaker Rate (bpm, p50=54) 已在 round-1 裁为 UNKNOWN,理由为『起搏器程控频率是设备设定而非患者心率,尽管单位相近』;同族其余 Pacer Data 字段(Sens/Stim/Threshold mV/mA)亦均为设备参数。目录无起搏器参数概念,故为 UNKNOWN 而非 UNSURE(字段身份明确,只是目录无对应),采纳 B。"
mimic-iv,mimiciv.icu.chartevents,Impaired Skin Drainage Amount #6,224913,adjudicated:both_agree,"皮肤/伤口渗液护理评估条目, 目录无对应概念"
mimic-iv,mimiciv.icu.chartevents,CCO PAC Zero/Calibrate,225228,adjudicated:both_agree,"连续心排量肺动脉导管校零/定标操作, 设备维护事件, 目录无对应概念"
mimic-iv,mimiciv.icu.chartevents,IABP Site Appear,225339,adjudicated:both_agree,"IABP 置管部位外观评估, 管路修饰属性, 目录无对应概念"
mimic-iv,mimiciv.icu.chartevents,IABP Art. Waveform Appear,225341,adjudicated:both_agree,"IABP 动脉波形外观, 设备波形属性, 目录无对应概念"
mimic-iv,mimiciv.icu.chartevents,IABP Zero/Calibrate,225342,adjudicated:both_agree,"IABP 校零/定标操作记录, 设备维护事件, 目录无对应概念"
mimic-iv,mimiciv.icu.chartevents,Indwelling Port (PortaCath) Site Appear,225379,adjudicated:both_agree,"输液港置管部位外观评估, 管路修饰属性, 目录无对应概念"
mimic-iv,mimiciv.icu.chartevents,Uric Acid,225695,adjudicated:both_agree,"尿酸 mg/dL, p50=4.8 符合尿酸值域, 但目录 lab 组无 uric acid 概念"
mimic-iv,mimiciv.icu.chartevents,Multi Lumen Line Tip Cultured,225729,adjudicated:both_agree,"多腔导管尖端是否送培养, 管路事件记录, 目录无对应概念"
mimic-iv,mimiciv.icu.chartevents,Sheath Site Appear,225767,adjudicated:both_agree,"鞘管置管部位外观评估, 管路修饰属性, 目录无对应概念"
mimic-iv,mimiciv.icu.chartevents,Sheath Waveform Appear,225770,adjudicated:both_agree,"鞘管波形外观评估, 设备波形属性, 目录无对应概念"
mimic-iv,mimiciv.icu.chartevents,Sheath Size,225772,adjudicated:both_agree,"鞘管型号, 管路装置属性, 目录无对应概念"
mimic-iv,mimiciv.icu.chartevents,IABP Size,225979,adjudicated:both_agree,"IABP 球囊型号, 设备属性, 目录无对应概念"
mimic-iv,mimiciv.icu.chartevents,IABP Volume,225980,adjudicated:both_agree,"IABP 球囊充气容积(mL, p50=40), 是设备参数而非患者测量量, 目录无对应概念"
mimic-iv,mimiciv.icu.chartevents,IABP Alarms Activated,225981,adjudicated:both_agree,"IABP 报警是否启用, 设备配置标记, 目录无对应概念"
mimic-iv,mimiciv.icu.chartevents,IABP Balloon Waveform,225982,adjudicated:both_agree,"IABP 球囊波形形态, 设备波形属性, 目录无对应概念"
mimic-iv,mimiciv.icu.chartevents,IABP Trigger,225984,adjudicated:both_agree,"IABP 触发方式, 设备配置属性, 目录无对应概念"
mimic-iv,mimiciv.icu.chartevents,IABP Helium Tubing,225985,adjudicated:both_agree,"IABP 氦气管路状态, 设备属性, 目录无对应概念"
mimic-iv,mimiciv.icu.chartevents,IABP Arterial Waveform Source,225986,adjudicated:both_agree,"IABP 动脉波形来源, 设备配置属性, 目录无对应概念"
mimic-iv,mimiciv.icu.chartevents,IABP Power Source,225987,adjudicated:both_agree,"IABP 电源来源, 设备属性, 目录无对应概念"
mimic-iv,mimiciv.icu.chartevents,CCO PAC placed in outside facility,226108,adjudicated:both_agree,"置管/管路装置属性(外院置入标记), 非临床测量量, 目录无对应概念"
mimic-iv,mimiciv.icu.chartevents,IABP placed in outside facility,226110,adjudicated:both_agree,"IABP 外院置入标记, 管路属性, 目录无对应概念"
mimic-iv,mimiciv.icu.chartevents,Midline placed in outside facility,226112,adjudicated:both_agree,"中长导管外院置入标记, 管路属性, 目录无对应概念"
mimic-iv,mimiciv.icu.chartevents,Sheath placed in outside facility,226117,adjudicated:both_agree,"鞘管外院置入标记, 管路属性, 目录无对应概念"
mimic-iv,mimiciv.icu.chartevents,ICP Line Zero/Calibrate,226134,adjudicated:both_agree,"ICP 测压管路校零/定标操作记录, 是管路维护事件而非 icp 数值本身"
mimic-iv,mimiciv.icu.chartevents,14 Gauge placed in outside facility,226135,adjudicated:both_agree,"14G 外周留置针外院置入标记, 管路属性, 目录无对应概念"
mimic-iv,mimiciv.icu.chartevents,Hemodialysis Output,226499,adjudicated:both_agree,"血液透析超滤/引流量 mL, 属出入量记录, 目录无对应概念"
mimic-iv,mimiciv.icu.chartevents,Indwelling (PortaCath) Port Type,227125,adjudicated:both_agree,"输液港类型, 管路装置修饰属性, 目录无对应概念"
mimic-iv,mimiciv.icu.chartevents,Small Volume Neb Drug #2,227133,adjudicated:both_agree,"小容量雾化吸入药物名称; 属用药记录, 且药名不在目录仅有的 6 种血管活性药概念中"
mimic-iv,mimiciv.icu.chartevents,Pinsp (Draeger only),227187,adjudicated:both_agree,"Draeger 呼吸机吸气压设定 Pinsp, cmH2O p50=28; 目录无吸气压概念, 与 peep、plateau_pressure 非同一量"
mimic-iv,mimiciv.icu.chartevents,Sheath Line Dressing Occlusive,227356,adjudicated:both_agree,"鞘管敷料密闭性, 管路护理属性, 目录无对应概念"
mimic-iv,mimiciv.icu.chartevents,Indwelling Port (PortaCath) Dressing Occlusive,227360,adjudicated:both_agree,"输液港敷料密闭性记录, 管路护理属性, 目录无对应概念"
mimic-iv,mimiciv.icu.chartevents,14 Gauge Dressing Occlusive,227365,adjudicated:both_agree,"14G 外周留置针敷料密闭性, 管路护理属性, 目录无对应概念"
mimic-iv,mimiciv.icu.chartevents,Indwelling Port (PortaCath) placed in outside facility,227439,adjudicated:both_agree,"输液港外院置入标记, 管路属性, 目录无对应概念"
mimic-iv,mimiciv.icu.chartevents,Phenytoin (Dilantin),227461,adjudicated:both_agree,"苯妥英(大仑丁)血药浓度 ug/mL, 治疗药物监测; 目录 medication 组仅含 6 种血管活性药, 无抗癫痫药浓度概念"
mimic-iv,mimiciv.icu.chartevents,BiPap IPAP,227580,adjudicated:both_agree,"BiPAP 吸气相气道正压(IPAP), cmH2O p50≈12.3; 目录中无 IPAP/吸气压概念, 与 peep、plateau_pressure 均非同一量"
mimic-iv,mimiciv.icu.chartevents,Side Rails (Restraint),227669,adjudicated:both_agree,"床栏(约束)使用记录, 护理装置条目, 目录无对应概念"
mimic-iv,mimiciv.icu.chartevents,Face to Face Eval (Non-Violent),227674,adjudicated:both_agree,"约束的面对面评估文书记录, 目录无对应概念"
mimic-iv,mimiciv.icu.chartevents,Restraint Location_V2,227680,adjudicated:both_agree,"约束/支持装置部位记录, 护理文书, 目录无对应概念"
mimic-iv,mimiciv.icu.chartevents,Cerebral Perfusion Pressure Alarm - High,227716,adjudicated:adjudicated,"Cerebral Perfusion Pressure Alarm - High (dict_category=Alarms, mmHg, p01/p50/p99=78.98/130.0/160.0)。p50 恰为 130、p99 恰为 160 的整数堆积是监护仪报警上限被离散设定的典型形态,且明显超出 CPP 生理值域,记录对象是护士设定的报警阈值而非患者 CPP 实测值。round-1 已有大量同类一致判例全部裁为 UNKNOWN:ABP/NBP/CVP/PAP/HR/SpO2/Resp Alarm [High] 及 High Resp. Rate、High Insp. Pressure、Ve High,理由统一为『设备限值而非测量值,且目录无报警概念』。字段身份明确、目录确无对应,故为 UNKNOWN 而非 UNSURE,采纳 B。"
mimic-iv,mimiciv.icu.chartevents,Cerebral Perfusion Pressure Alarm - Low,227717,adjudicated:adjudicated,"Cerebral Perfusion Pressure Alarm - Low (dict_category=Alarms, mmHg, p01/p50/p99=16.77/60.0/71.60)。p50 恰为 60(临床常用 CPP 下限阈值)的整数堆积表明是报警下限设定,记录对象为监护仪阈值而非患者 CPP 实测值,与 cpp 概念不同。与 227716 成对,并与 round-1 已裁定的 ABP/NBP/CVP/PAP/HR/SpO2/Resp Alarm [Low] 系列(全部 both_agree 判 UNKNOWN,理由『device limit not a measurement』)完全同构。目录无报警阈值概念,判 UNKNOWN,采纳 B。"
mimic-iv,mimiciv.icu.chartevents,AVA Dressing Occlusive,227723,adjudicated:both_agree,"AVA 导管敷料密闭性, 管路护理属性, 目录无对应概念"
mimic-iv,mimiciv.icu.chartevents,AVA Line Site Appear,227728,adjudicated:both_agree,"AVA 导管置管部位外观评估, 管路修饰属性, 目录无对应概念"
mimic-iv,mimiciv.icu.chartevents,IABP Placement Confirmed by X-ray,227754,adjudicated:both_agree,"IABP X 线位置确认, 置管操作记录, 目录无对应概念"
mimic-iv,mimiciv.icu.chartevents,Midline Placement Confirmed by X-ray,227755,adjudicated:both_agree,"中长导管 X 线确认位置, 置管操作记录, 目录无对应概念"
mimic-iv,mimiciv.icu.chartevents,SvO2 SQI,227805,adjudicated:both_agree,"SvO2 信号质量指数(SQI), 是导管信号质量元数据而非静脉血氧饱和度数值, 不能并入 svo2"
mimic-iv,mimiciv.icu.chartevents,Restraints (Violent),227962,adjudicated:both_agree,"暴力性约束使用记录, 护理文书条目, 目录无对应概念"
mimic-iv,mimiciv.icu.chartevents,PCA concentrations,228296,adjudicated:both_agree,"PCA 泵药物浓度配置, 给药装置设置, 目录无对应概念"
mimic-iv,mimiciv.icu.chartevents,CAM-ICU MS change,228300,adjudicated:adjudicated,"CAM-ICU MS change (精神状态急性改变, categorical, Pain/Sedation)。这是 CAM-ICU 四要素中的 Feature 1,是谵妄评估工具的单个条目,既非总体结果也非量表名称。决定性判例:同族条目级字段 228334 CAM-ICU Altered LOC、229325 与 228336 CAM-ICU Inattention 均已在 round-1 裁为 UNKNOWN,理由『CAM-ICU feature item, not the overall delirium score or scale;目录无条目级概念』;而 delirium_score 在 mimic-iv 的对应字段已由 228332 Delirium assessment(总体评估结果)占据,delirium_scale 则指量表名称。本字段与 229326(同名高频版本)属同一条目,身份明确且目录确无对应,判 UNKNOWN 而非 UNSURE,采纳 B。"
mimic-iv,mimiciv.icu.chartevents,CAM-ICU Disorganized thinking,228303,adjudicated:adjudicated,"CAM-ICU Disorganized thinking (思维紊乱, categorical, Pain/Sedation),CAM-ICU Feature 3 条目,与 228300/228334/229325/228336 同构。round-1 对该组条目级字段的裁定一致为 UNKNOWN(『CAM-ICU 分项,非总体谵妄评分或量表标识;目录无条目级概念』),且 delirium_score 已由 228332 Delirium assessment 占位、delirium_scale 指量表名称,二者均与单条目不同概念。同名高频字段 229324 亦为同一条目。身份明确、目录无对应,判 UNKNOWN,采纳 B。"
mimic-iv,mimiciv.icu.chartevents,OCAT - Lips Tongue Gums Palate,228343,adjudicated:both_agree,"口腔护理评估工具(OCAT)唇舌龈腭分项评分(1-4), 目录无对应概念"
mimic-iv,mimiciv.icu.chartevents,"OCAT - Saliva secretions, Voice quality",228344,adjudicated:both_agree,"口腔护理评估工具(OCAT)唾液分泌与嗓音分项评分, 目录无对应概念"
mimic-iv,mimiciv.icu.chartevents,OCAT - Swallow,228345,adjudicated:both_agree,"口腔护理评估工具(OCAT)吞咽分项评分, 目录无对应概念"
mimic-iv,mimiciv.icu.chartevents,OCAT - Teeth,228346,adjudicated:both_agree,"口腔护理评估工具(OCAT)牙齿分项评分, 目录无对应概念"
mimic-iv,mimiciv.icu.chartevents,Stroke Volume Index (SVI NICOM),228375,adjudicated:both_agree,"每搏量指数(SVI); 目录有 sv 但无经体表面积标准化的 SVI, 二者非同一量; 且 unit 标为 % 与 mL/m2 不符"
mimic-iv,mimiciv.icu.chartevents,Stroke Volume Variation (SVV NICOM),228376,adjudicated:both_agree,"每搏量变异度(SVV, p50=16), 容量反应性指标; 目录无 SVV 概念, 与 sv 非同一量"
mimic-iv,mimiciv.icu.chartevents,Compression device # 2,228420,adjudicated:both_agree,"下肢加压装置使用记录, 治疗装置属性, 目录无对应概念"
mimic-iv,mimiciv.icu.chartevents,Pressure Ulcer #3- Location,228508,adjudicated:both_agree,"压疮部位, categorical 修饰属性, 目录无对应概念"
mimic-iv,mimiciv.icu.chartevents,Impaired Skin #3- Cleanse,228520,adjudicated:both_agree,"皮肤破损清洁方式, 皮肤护理条目, 目录无对应概念"
mimic-iv,mimiciv.icu.chartevents,Impaired Skin #5- Treatment,228533,adjudicated:both_agree,"皮肤破损处置方式, 皮肤护理条目, 目录无对应概念"
mimic-iv,mimiciv.icu.chartevents,Pressure Ulcer #3- Treatment,228541,adjudicated:both_agree,"压疮处置方式, 皮肤护理条目, 目录无对应概念"
mimic-iv,mimiciv.icu.chartevents,Pressure Ulcer #3- Type,228551,adjudicated:both_agree,"压疮类型, categorical 修饰属性, 目录无对应概念"
mimic-iv,mimiciv.icu.chartevents,Incision #3- Cleanse,228567,adjudicated:both_agree,"切口清洁护理记录, 目录无对应概念"
mimic-iv,mimiciv.icu.chartevents,Impaired Skin #4- Type,228579,adjudicated:both_agree,"皮肤破损类型评估, 皮肤护理条目, 目录无对应概念"
mimic-iv,mimiciv.icu.chartevents,Impaired Skin #4- Dressing Status,228603,adjudicated:both_agree,"皮肤破损敷料状态, 皮肤护理条目, 目录无对应概念"
mimic-iv,mimiciv.icu.chartevents,Impaired Skin #5- Dressing Status,228604,adjudicated:both_agree,"皮肤破损敷料状态, 皮肤护理条目, 目录无对应概念"
mimic-iv,mimiciv.icu.chartevents,Respiratory,228709,adjudicated:both_agree,"医师病程记录中的呼吸系统查体描述, 自由文本式记录而非测量量, 目录无对应概念"
mimic-iv,mimiciv.icu.chartevents,Pressure ulcer #3- Wound Base,228735,adjudicated:both_agree,"压疮创面基底评估, 皮肤护理条目, 目录无对应概念"
mimic-iv,mimiciv.icu.chartevents,Pressure ulcer #3- Surrounding tissue,228745,adjudicated:both_agree,"压疮周围组织评估, 皮肤护理条目, 目录无对应概念"
mimic-iv,mimiciv.icu.chartevents,Pressure ulcer #2- Drainage,228754,adjudicated:both_agree,"压疮渗液性状, 皮肤护理条目, 目录无对应概念"
mimic-iv,mimiciv.icu.chartevents,Pressure ulcer #2- Drainage amount,228764,adjudicated:both_agree,"压疮渗液量, 皮肤护理条目, 目录无对应概念"
mimic-iv,mimiciv.icu.chartevents,Pressure ulcer #2- Dressing status,228804,adjudicated:both_agree,"压疮敷料状态, 皮肤护理条目, 目录无对应概念"
mimic-iv,mimiciv.icu.chartevents,Pressure ulcer #3- Dressing status,228805,adjudicated:both_agree,"压疮敷料状态, 皮肤护理条目, 目录无对应概念"
mimic-iv,mimiciv.icu.chartevents,Pressure ulcer #3- Stage,228815,adjudicated:both_agree,"压疮分期, 皮肤护理分级条目, 目录无对应概念"
mimic-iv,mimiciv.icu.chartevents,Pressure ulcer #2- Tunneling present,228834,adjudicated:both_agree,"压疮潜行(tunneling)评估, 皮肤护理条目, 目录无对应概念"
mimic-iv,mimiciv.icu.chartevents,Pressure ulcer #2- Undermining present,228844,adjudicated:both_agree,"压疮潜行/边缘剥离评估, 皮肤护理条目, 目录无对应概念"
mimic-iv,mimiciv.icu.chartevents,Impaired Skin #4- Type,228856,adjudicated:both_agree,"皮肤破损类型评估(第二套编号), 皮肤护理条目, 目录无对应概念"
mimic-iv,mimiciv.icu.chartevents,HEENT,229032,adjudicated:both_agree,"医师病程记录中的头颈五官(HEENT)查体描述, 非测量量, 目录无对应概念"
mimic-iv,mimiciv.icu.chartevents,Nutrition  NCP - Plan revised,229104,adjudicated:both_agree,"营养护理计划(NCP)文书条目, 非临床测量量, 目录无对应概念"
mimic-iv,mimiciv.icu.chartevents,Elimination NCP - Plan revised,229123,adjudicated:both_agree,"排泄护理计划(NCP)文书条目, 非临床测量量, 目录无对应概念"
mimic-iv,mimiciv.icu.chartevents,Substance withdrawal NCP - Plan revised,229140,adjudicated:both_agree,"物质戒断护理计划(NCP)文书条目, 非临床测量量, 目录无对应概念"
mimic-iv,mimiciv.icu.chartevents,Metabolic disturbance NCP - Problem resolved,229148,adjudicated:both_agree,"代谢紊乱护理计划(NCP)文书条目, 非临床测量量, 目录无对应概念"
mimic-iv,mimiciv.icu.chartevents,Palliative Care NCP - Expected outcomes,229150,adjudicated:both_agree,"姑息治疗护理计划(NCP)预期目标文书, 非临床测量量, 目录无对应概念"
mimic-iv,mimiciv.icu.chartevents,TOF Twitch,229316,adjudicated:both_agree,"四个成串(TOF)刺激肌颤搐计数, 神经肌肉阻滞监测, 目录无对应概念"
mimic-iv,mimiciv.icu.chartevents,Activity Intolerance  NCP - Interventions,229330,adjudicated:both_agree,"护理计划(NCP)干预措施文书条目, 非临床测量量, 目录无对应概念"
mimic-iv,mimiciv.icu.chartevents,UF Heparin (Anti-Xa),229375,adjudicated:both_agree,"普通肝素抗Xa活性, p50≈0.34 符合 anti-Xa 范围; 与目录中 pt/ptt/inr/thrombin 均非同一检验, 目录无该概念"
mimic-iv,mimiciv.icu.chartevents,Surgibra,229505,adjudicated:both_agree,"术后胸带(Surgibra)使用记录, 护理装置条目, 目录无对应概念"
mimic-iv,mimiciv.icu.chartevents,Test Performed (AM-PAC),229636,adjudicated:both_agree,"AM-PAC 功能量表是否施测的标记, 康复评估元数据, 目录无对应概念"
mimic-iv,mimiciv.icu.chartevents,Discharge Recommendations (AM-PAC),229638,adjudicated:both_agree,"AM-PAC 出院去向建议, 康复/处置计划条目, 目录无对应概念"
mimic-iv,mimiciv.icu.chartevents,CP-Pain Assessment Method,229705,adjudicated:both_agree,"疼痛评估所用方法/工具, 是修饰属性; 目录只有 pain_score 与 pain_goal, 无量表名称概念"
mimic-iv,mimiciv.icu.chartevents,CP-Pain Assessment Method-Post,229706,adjudicated:both_agree,"镇痛后疼痛评估方法, 修饰属性; 目录无量表名称类概念"
mimic-iv,mimiciv.icu.chartevents,COVID NCP - Plan revised,229979,adjudicated:both_agree,"护理计划(NCP)文书条目, 非临床测量量, 目录无对应概念"
mimic-iv,mimiciv.icu.chartevents,COVID NCP - Problem resolved,229980,adjudicated:both_agree,"护理计划(NCP)文书条目, 非临床测量量, 目录无对应概念"
mimic-iv,mimiciv.icu.chartevents,Ammonia,220580,adjudicated:both_agree,"血氨, umol/L, p50≈38、p99≈242, 值域符合血氨(含肝性脑病高值); 是真实实验室指标, 但目录 lab 组中无 ammonia 概念。"
mimic-iv,mimiciv.icu.chartevents,Bladder Irrigation,224019,adjudicated:both_agree,"膀胱冲洗记录, GI/GU categorical; 属护理出入量/操作记录, 目录无对应概念。"
mimic-iv,mimiciv.icu.chartevents,QTc,224359,adjudicated:both_agree,"心电校正 QT 间期(QTc), 单位 sec, p50≈0.44 符合 QTc 生理值(p99=635 为单位混用的脏值)。是真实测量量, 但目录中无 ECG 间期类概念, 与 heart_rate 等均非同一概念。"
mimic-iv,mimiciv.icu.chartevents,Epidural Total Dose (mL),224367,adjudicated:both_agree,"硬膜外镇痛累计剂量(mL, p50≈31.8, p99≈635), 为累积给药量记录; 目录中无对应给药概念。"
mimic-iv,mimiciv.icu.chartevents,Epidural Bolus (mL),224411,adjudicated:both_agree,"硬膜外单次推注体积(mL), Pain/Sedation 类给药记录。目录中的 medication 概念仅有 dobutamine/dopamine/epinephrine/norepinephrine/vasopressin/phenylephrine 等血管活性药, 无硬膜外镇痛给药概念。"
mimic-iv,mimiciv.icu.chartevents,Negative Insp. Force,224419,adjudicated:both_agree,"负吸气压/最大吸气负压(NIF/MIP), cmH2O, p01=-80、p50≈-33, 值域符合 NIF 生理范围, 是合理的呼吸力学测量; 但目录 respiratory_bloodgas 组中无 NIF/MIP 概念, 与 peep/plateau_pressure/minute_volume/tidal_volume 均非同一概念。"
mimic-iv,mimiciv.icu.chartevents,Family Meeting,224447,adjudicated:both_agree,"是否召开家庭会议, 0/1 事件记录; 非临床测量概念。"
mimic-iv,mimiciv.icu.chartevents,Cuff Volume/units,224680,adjudicated:both_agree,"气囊容量的单位选择项(mL/cc 等), categorical——典型的单位/类型修饰属性而非测量量本身; 目录无对应概念。"
mimic-iv,mimiciv.icu.chartevents,P High (APRV),224705,adjudicated:adjudicated,"P High (APRV) 是 APRV 模式下设定的高压相压力 (cmH2O, p01=12.5/p50=28.0/p99=40.0)。排除 peep: 同一 APRV 家族已单独收录 P Low (224706, cmH2O, p50=5.0), 与 peep 现有 6 条金标准 (p50=5-8) 分布完全吻合, 即 APRV 的呼气末压力由 P Low 承载, 故吸气/高压相的 P High 不可能是同一概念。排除 plateau_pressure: 该概念现有 3 库金标准均为实测吸气末屏气压且 method=measured (eICU respFlowPtVentData|Plateau Pressure p50=19.95; MIMIC-III 543 p50=22.00; MIMIC-IV 224696 p50=20.00), 而 224705 的 p50=28.0 系统性高出 6-8 cmH2O, 且 P High 是 APRV 特有的控制变量而非吸气末屏气实测量, 二者 measurand 不同。需澄清: 不采纳 A 提出的'设定值 vs 实测值'作为分立理由——按规则5, set/measured 属 method 维度, 不构成另立概念 (peep 本身即同时收录 set 与 unspecified 来源); 判定依据是 measurand 身份与值域, 而非测量方式。目录 respiratory_bloodgas 组的压力类概念仅有 peep 与 plateau_pressure, 无 peak/mean airway pressure 或通用吸气压设定概念, APRV 高压相设定在目录中无对应项。因两个候选均被证据积极排除 (而非无法取舍), 按规则2 判 UNKNOWN 而非 UNSURE。"
mimic-iv,mimiciv.icu.chartevents,T High (APRV),224707,adjudicated:both_agree,"APRV 高压相持续时间设定(sec, p50≈3.9); 时间类通气参数, 目录无对应概念。"
mimic-iv,mimiciv.icu.chartevents,T Low (APRV),224709,adjudicated:both_agree,"APRV 释放相时间设定(sec, p50=0.5), 是时间参数而非压力/容量/流量测量; 目录中无通气时间参数概念。"
mimic-iv,mimiciv.icu.chartevents,Circuit Changed,224713,adjudicated:both_agree,"呼吸机管路更换记录, categorical 呼吸治疗操作事件; 非通气参数测量, 与 ventilator/ventilator_type 等设备概念也不同。"
mimic-iv,mimiciv.icu.chartevents,Cordis/Introducer Line Tip Cultured,225724,adjudicated:both_agree,"Cordis/导引鞘管尖端是否送培养, 0/1 操作记录; 目录无对应概念。"
mimic-iv,mimiciv.icu.chartevents,PICC Line Tip Cultured,225732,adjudicated:both_agree,"PICC 导管尖端是否送培养, 0/1 置管护理操作记录; 目录无对应概念。"
mimic-iv,mimiciv.icu.chartevents,CCO PAC Discontinued,225738,adjudicated:both_agree,"连续心输出量肺动脉导管(CCO PAC)拔除记录, 置管操作事件; 与 co/ci 等血流动力学测量概念不同。"
mimic-iv,mimiciv.icu.chartevents,Cordis/Introducer Discontinued,225739,adjudicated:both_agree,"Cordis/导引鞘管拔除记录, Access Lines - Invasive categorical; 属置管操作事件而非测量量。"
mimic-iv,mimiciv.icu.chartevents,PA Catheter Discontinued,225745,adjudicated:both_agree,"肺动脉导管拔除记录, 置管操作事件 categorical; 与 padiastolic/pasystolic/pamean 等 PA 压力测量概念不同。"
mimic-iv,mimiciv.icu.chartevents,Sheath Zero/Calibrate,225771,adjudicated:both_agree,"鞘管压力传感器调零/校准操作记录, 0/1; 是设备操作事件而非压力测量值。"
mimic-iv,mimiciv.icu.chartevents,PCA bolus units,227115,adjudicated:both_agree,"PCA 单次给药剂量单位(mg/mcg 等), categorical, 是给药记录的单位修饰属性而非测量量; 目录无对应概念。"
mimic-iv,mimiciv.icu.chartevents,Digoxin,227440,adjudicated:both_agree,"地高辛血药浓度, ng/mL, p50≈1.06 符合治疗窗, 是合理的实验室量; 但目录中无治疗药物监测(TDM)类概念。"
mimic-iv,mimiciv.icu.chartevents,FK506,227462,adjudicated:both_agree,"FK506 即他克莫司(tacrolimus)血药浓度, ng/mL, p50≈6.65 与治疗浓度窗一致——是合理的实验室量, 但目录 138 个概念中无免疫抑制剂血药浓度类概念(与 digoxin 同理)。"
mimic-iv,mimiciv.icu.chartevents,Sed Rate,227470,adjudicated:both_agree,"血沉(ESR/Sed Rate), mm/hr, p50≈54、p99=150, 单位与值域均符合血沉; 是真实实验室指标但目录 lab 组中无 ESR 概念(与 crp 属不同指标, 不可混用)。"
mimic-iv,mimiciv.icu.chartevents,GI pH,227586,adjudicated:both_agree,"胃液 pH(dict_category=GI/GU), p01=0.99/p50=5.0/p99=7.16——强酸至近中性, 与目录 ph(动脉血气 pH, 约 7.35-7.45)的值域完全不符, 属不同标本的不同概念; 目录中无胃液 pH 概念。"
mimic-iv,mimiciv.icu.chartevents,GI Guaiac QC,227802,adjudicated:both_agree,"GI 潜血(Guaiac)质控标志位, 0/1; 既非目录中的实验室定量指标, 也无粪潜血概念。"
mimic-iv,mimiciv.icu.chartevents,In-line Suction Catheter Changed,227807,adjudicated:both_agree,"密闭式吸痰管更换记录, 0/1 呼吸治疗操作事件; 目录无对应概念。"
mimic-iv,mimiciv.icu.chartevents,CO / CI Change,228370,adjudicated:both_agree,"NICOM 心输出量/心指数的变化百分比(%, p50≈8.9), 为相对变化量而非 co 或 ci 的绝对测量值; 单位 % 与 co(L/min)、ci(L/min/m2)均不符, 判为不同概念。"
mimic-iv,mimiciv.icu.chartevents,Leg Raise Result (NICOM),228372,adjudicated:both_agree,"NICOM 被动抬腿试验结果(阳性/阴性等)categorical, 属容量反应性判读结论; 目录中无容量反应性概念。"
mimic-iv,mimiciv.icu.chartevents,Passive Leg Raise Performed,228373,adjudicated:both_agree,"是否实施被动抬腿试验(NICOM), 0/1 操作标志位; 非测量量, 目录无对应概念。"
mimic-iv,mimiciv.icu.chartevents,SVI Change,228377,adjudicated:both_agree,"NICOM 每搏量指数的变化百分比(%, p01=-14.9/p50=10.2), 是抬腿试验前后的相对变化量, 而非目录 sv(每搏量绝对值)本身; 单位为 % 与 sv 不符, 判为不同概念。"
mimic-iv,mimiciv.icu.chartevents,Impaired Skin #4- Cleanse,228521,adjudicated:both_agree,"皮肤破损#4 清洁方式, 护理伤口处置记录 categorical; 目录无对应概念。"
mimic-iv,mimiciv.icu.chartevents,Incision #4- Cleanse,228568,adjudicated:both_agree,"切口#4 清洁方式, 皮肤切口护理处置 categorical; 目录无对应概念。"
mimic-iv,mimiciv.icu.chartevents,Code Status.,228687,adjudicated:both_agree,"Code Status(抢救意愿/DNR 等级), 属医疗决策属性而非临床测量; 目录无对应概念。"
mimic-iv,mimiciv.icu.chartevents,Glucose Control - Prophy,228692,adjudicated:both_agree,"MD Progress Note 中'血糖控制方案'条目, categorical 治疗计划描述; 名字含 Glucose 但不是血糖测量值, 不可指派 glucose。"
mimic-iv,mimiciv.icu.chartevents,Cardiovascular,228699,adjudicated:both_agree,"MD Progress Note 自由文本类目录项(系统回顾/评估的'心血管'条目), categorical 无单位无值域, 属叙述性病程记录而非任何可测量的临床量; 目录中无对应概念。"
mimic-iv,mimiciv.icu.chartevents,DVT Prophy,228700,adjudicated:both_agree,"MD Progress Note 中 DVT 预防措施条目, categorical 治疗计划; 非测量概念。"
mimic-iv,mimiciv.icu.chartevents,Lines/Tubes,228702,adjudicated:both_agree,"MD Progress Note 中的'管路/置管'叙述条目, categorical, 属置管记录/修饰属性而非测量量; 目录无对应概念。"
mimic-iv,mimiciv.icu.chartevents,Pressure ulcer #3- Drainage,228755,adjudicated:both_agree,"压疮#3 引流性状, 皮肤损伤护理评估 categorical; 目录中无对应概念。"
mimic-iv,mimiciv.icu.chartevents,Pressure ulcer #2- Odor,228774,adjudicated:both_agree,"皮肤压疮评估(气味), dict_category=Skin - Impairment, 0/1 标志位; 属护理伤口评估, 目录中无皮肤/伤口类概念。"
mimic-iv,mimiciv.icu.chartevents,Pressure ulcer #2- Cleanse,228784,adjudicated:both_agree,"压疮#2 清洁方式, 皮肤护理处置 categorical; 目录无对应概念。"
mimic-iv,mimiciv.icu.chartevents,Assist Device,228867,adjudicated:both_agree,"辅助装置类型(Treatments, categorical), 属 Device/Type 类修饰属性; 目录无对应概念。"
mimic-iv,mimiciv.icu.chartevents,Constitutional,229027,adjudicated:both_agree,"MD Progress Note 的'一般情况(Constitutional)'系统回顾条目, categorical 自由文本; 非测量量, 目录无对应概念。"
mimic-iv,mimiciv.icu.chartevents,Metabolic disturbance NCP - Plan revised,229147,adjudicated:both_agree,护理计划'代谢紊乱'方案是否修订的流程标记; 非临床测量概念。
mimic-iv,mimiciv.icu.chartevents,Palliative Care NCP - Plan revised,229154,adjudicated:both_agree,护理计划中姑息治疗方案是否修订的流程标记; 非临床测量概念。
mimic-iv,mimiciv.icu.chartevents,Palliative Care NCP - Problem resolved,229155,adjudicated:both_agree,护理计划(Care Plans)中姑息治疗问题是否解决的流程性标记; 与任何生理测量或实验室概念均不对应。
mimic-iv,mimiciv.icu.chartevents,Nutrition,229288,adjudicated:both_agree,"MD Progress Note 中营养支持方案条目, categorical; 属自由文本计划记录, 目录无对应概念。"
mimic-iv,mimiciv.icu.chartevents,GI Prophy,229292,adjudicated:both_agree,"MD Progress Note 中消化道应激性溃疡预防条目, categorical 治疗计划; 非测量概念。"
mimic-iv,mimiciv.icu.chartevents,Activity Intolerance NCP - Plan revised,229333,adjudicated:both_agree,"护理计划'活动耐量下降'方案是否修订的流程标记, categorical; 非临床测量概念。"
mimic-iv,mimiciv.icu.chartevents,Activity Intolerance  NCP - Problem resolved,229334,adjudicated:both_agree,护理计划'活动耐量下降'问题是否解决的流程标记; 非临床测量概念。
mimic-iv,mimiciv.icu.chartevents,Part 1 Question,229377,adjudicated:both_agree,"吞咽评估问卷第 1 题, categorical 护理评估条目; 目录无对应概念。"
mimic-iv,mimiciv.icu.chartevents,Part 2 Question,229378,adjudicated:both_agree,"吞咽评估问卷第 2 题, categorical 护理评估条目; 目录无对应概念。"
mimic-iv,mimiciv.icu.chartevents,Swallow Eval,229379,adjudicated:both_agree,"护理吞咽评估是否完成/结果, 0/1; 属护理评估, 目录无对应概念。"
mimic-iv,mimiciv.icu.chartevents,Multi Lumen - Obturator in place,229534,adjudicated:both_agree,"多腔导管闭孔器是否在位, 置管附属状态 categorical; 属修饰属性而非测量量。"
mimic-iv,mimiciv.icu.chartevents,Pressure Injury Location,229864,adjudicated:both_agree,"压力性损伤部位, 虽 dtype 为 numeric(1-14 的部位编码)但语义为解剖部位分类, 属 Location 类修饰属性; 目录无对应概念。"
mimic-iii,mimiciii.CHARTEVENTS,Access mmHg,29,adjudicated:both_agree,"CRRT access (pre-pump arterial limb) pressure, p50 -56.9 mmHg — negative circuit pressure, clearly an extracorporeal machine pressure and not any patient blood pressure concept."
mimic-iii,mimiciii.CHARTEVENTS,Angio Appearance #2 [Attribute 1],44,adjudicated:both_agree,Appearance of the second angiography site; categorical site assessment.
mimic-iii,mimiciii.CHARTEVENTS,Angio Dressing #2,46,adjudicated:both_agree,Dressing on the second angiography site; wound-care documentation.
mimic-iii,mimiciii.CHARTEVENTS,Angio Site #2,48,adjudicated:both_agree,Second angiography/sheath site; categorical puncture-site attribute.
mimic-iii,mimiciii.CHARTEVENTS,Assisted Systole,55,adjudicated:adjudicated,"IABP counterpulsation waveform landmark, not the generic systolic arterial pressure. Decisive evidence: the same schema family carries a PAIRED counterpart — MIMIC-IV 224309 'Assisted Systole' has abbreviation 'SYS - Assisted' with dict_category=IABP, alongside 224652 'Unassisted Systole' = 'SYS - Unassisted' (p50 94.3 vs 84.7 mmHg, same 586 stays, same timestamps); MIMIC-III CareVue likewise has itemid 2633 'unassisted systole'. Assisted vs unassisted is not a measurement method (both are invasive arterial-line transduced) but a different beat state, so rule 5 does not fold them together — assigning sbp would map two coexisting, numerically different fields of the same stay onto one concept. The patient's actual sbp in this database is already carried by 51 Arterial BP [Systolic] (p50 120.6) and 455 NBP [Systolic] (p50 119.0), and field 55 covers only the 695-stay IABP subpopulation (coverage 0.0364, identical to 59/62/224/225). The catalog has no IABP-landmark concept, so per rule 2 this is UNKNOWN rather than UNSURE — the evidence is sufficient to decide, it just decides against sbp. Consistent with the round-1 convention that a real field with a genuine cross-DB twin but no catalog concept goes to UNKNOWN (535 Peak Insp. Pressure, 444 Mean Airway Pressure)."
mimic-iii,mimiciii.CHARTEVENTS,Augmented Diastole,59,adjudicated:both_agree,"IABP diastolic augmentation peak. p50 106.8 mmHg exceeds the same population's assisted systole (93.5), which is clinically impossible for a diastolic blood pressure; this is a balloon-inflation waveform peak specific to IABP with no catalog counterpart."
mimic-iii,mimiciii.CHARTEVENTS,BAEDP,62,adjudicated:adjudicated,"BAEDP = balloon aortic end-diastolic pressure, the end-diastolic pressure AFTER balloon deflation, i.e. a device-lowered value, not the patient's diastolic pressure. MIMIC-IV's dictionary makes the pairing explicit: 224311 BAEDP = 'DIA - Assisted' (dict_category IABP, p50 47.1) versus 224654 PAEDP = 'DIA - Unassisted' (p50 52.8) — the unassisted member is the one that corresponds to the patient's own dbp, and both are charted for the same 586 stays. The magnitude of the deflation-induced drop is itself charted as a separate field (153 Diastolic Unloading, %, p50 6), confirming BAEDP is defined relative to the device cycle rather than being a plain dbp reading. Value-range overlap with dbp (p50 54.1 vs catalog dbp p50 57-59) is therefore coincidental and, per the log's §3.1/§7.3 boundary, may not be used to establish identity on its own. Same-database dbp is already carried by 8368 Arterial BP [Diastolic] and 8441 NBP [Diastolic]. No catalog concept exists for IABP waveform landmarks -> UNKNOWN."
mimic-iii,mimiciii.CHARTEVENTS,Baseline Current/mA,75,adjudicated:both_agree,"Baseline pacing/stimulation current in mA (p50 31.1); a device output setting analogous to itemid 58 Atrial Pacemaker [mA], which was adjudicated UNKNOWN as a pacer device parameter."
mimic-iii,mimiciii.CHARTEVENTS,Blood Flow ml/min,79,adjudicated:both_agree,"CRRT extracorporeal blood flow rate, cc/min p50 100 (typical 100-200 ml/min pump speed); a circuit setting with no catalog concept and distinct from any patient flow/output measure."
mimic-iii,mimiciii.CHARTEVENTS,CT #2 Crepitus,98,adjudicated:both_agree,"Crepitus around the second chest tube; categorical physical-exam finding, no catalog concept."
mimic-iii,mimiciii.CHARTEVENTS,CT #3 Dressing,105,adjudicated:both_agree,Dressing on the third chest tube; wound/device care documentation.
mimic-iii,mimiciii.CHARTEVENTS,CT #3 Suction Amount,107,adjudicated:both_agree,"Suction amount on the third chest tube, recorded categorically; matches itemid 97 CT #1 Suction Amount adjudicated UNKNOWN."
mimic-iii,mimiciii.CHARTEVENTS,Capillary Refill [Right],115,adjudicated:both_agree,Right-side capillary refill; categorical bedside perfusion assessment with no catalog concept (same family as the pulse-palpation items adjudicated UNKNOWN).
mimic-iii,mimiciii.CHARTEVENTS,Chest Tube Site #3,124,adjudicated:both_agree,Third chest tube insertion site; categorical placement attribute.
mimic-iii,mimiciii.CHARTEVENTS,Cooling [Device],134,adjudicated:both_agree,"Cooling device documentation; equipment attribute, mirroring MIMIC-IV 224106 Cooling Device adjudicated UNKNOWN. Not a temperature measurement."
mimic-iii,mimiciii.CHARTEVENTS,Current Goal,142,adjudicated:both_agree,"CRRT current fluid-balance goal (p01 -211, p50 0, p99 411 ml); a prescribed target within the dialysis item block, no catalog concept."
mimic-iii,mimiciii.CHARTEVENTS,Dialysate Flow ml/hr,146,adjudicated:both_agree,"CRRT dialysate flow rate ml/hr (p50 500, p99 1500); circuit setting, no catalog concept."
mimic-iii,mimiciii.CHARTEVENTS,Dialysate Infusing,147,adjudicated:both_agree,Whether dialysate is infusing; categorical CRRT circuit status flag.
mimic-iii,mimiciii.CHARTEVENTS,Dialysis Access Site,148,adjudicated:both_agree,Dialysis vascular access site; categorical placement attribute.
mimic-iii,mimiciii.CHARTEVENTS,Dialysis Access Type,149,adjudicated:both_agree,Dialysis access type (temporary catheter/fistula/graft); categorical device attribute.
mimic-iii,mimiciii.CHARTEVENTS,Dialysis Site Appear,151,adjudicated:both_agree,Dialysis access site appearance; categorical site assessment.
mimic-iii,mimiciii.CHARTEVENTS,Dialysis Type,152,adjudicated:both_agree,"Dialysis modality (CVVH/CVVHD/HD); categorical treatment attribute, no renal-replacement concept in catalog."
mimic-iii,mimiciii.CHARTEVENTS,Diastolic Unloading,153,adjudicated:both_agree,"IABP diastolic unloading in % (p50 6); device performance percentage, not a catalog concept."
mimic-iii,mimiciii.CHARTEVENTS,Edema #1 [Location],163,adjudicated:both_agree,"Edema location; categorical body-site assessment, no catalog concept."
mimic-iii,mimiciii.CHARTEVENTS,Edema #2 [Location],164,adjudicated:both_agree,Second edema location; categorical body-site assessment.
mimic-iii,mimiciii.CHARTEVENTS,Effluent Press mmHg,173,adjudicated:both_agree,"CRRT effluent pressure mmHg, p50 -27.2 (negative); extracorporeal circuit pressure with no catalog counterpart."
mimic-iii,mimiciii.CHARTEVENTS,Epidural Location,179,adjudicated:both_agree,"Epidural catheter insertion location (values cluster on a level code, p50 = p99 = 12); a placement attribute, not a measurement."
mimic-iii,mimiciii.CHARTEVENTS,Epidural Medication,180,adjudicated:both_agree,"Name of the epidural medication given; a free-text/categorical drug identifier for regional analgesia, not one of the catalog's vasoactive drug concepts."
mimic-iii,mimiciii.CHARTEVENTS,Filter Pressure mmHg,192,adjudicated:both_agree,"CRRT hemofilter pressure mmHg (p50 144); extracorporeal circuit pressure, co-occurs with the dialysis item block; no catalog concept."
mimic-iii,mimiciii.CHARTEVENTS,Flatus,193,adjudicated:both_agree,"Presence of flatus; GI function nursing assessment, no catalog concept."
mimic-iii,mimiciii.CHARTEVENTS,Flow-By (lpm),194,adjudicated:both_agree,"Ventilator flow-by (bias/base flow) in lpm, p50 6; paired with itemid 195 flow-by trigger sensitivity, so it is a ventilator circuit setting rather than supplemental oxygen delivery. Consistent with itemid 530 Peak Flow adjudicated UNKNOWN as distinct from o2_flow."
mimic-iii,mimiciii.CHARTEVENTS,Flow-by Sensitivity,195,adjudicated:both_agree,"Flow-by trigger sensitivity in cmH2O (p50 2.0); a ventilator trigger threshold setting, no catalog concept."
mimic-iii,mimiciii.CHARTEVENTS,GI Intub #2 [Type],201,adjudicated:both_agree,"Type of second GI intubation tube; categorical device attribute (Type + categorical = modifier, not a measurement)."
mimic-iii,mimiciii.CHARTEVENTS,GI#2 Tube PlaceCheck,204,adjudicated:both_agree,Placement check of the second GI tube; categorical tube-verification procedure record.
mimic-iii,mimiciii.CHARTEVENTS,GI#2 Tube [Status],205,adjudicated:both_agree,Status of second GI tube; categorical device-status assessment with no catalog counterpart.
mimic-iii,mimiciii.CHARTEVENTS,IABP setting,225,adjudicated:both_agree,"IABP console setting (e.g. augmentation ratio 1:1/1:2, trigger mode); categorical device setting, no catalog concept."
mimic-iii,mimiciii.CHARTEVENTS,INV Line#5 [Type],253,adjudicated:both_agree,"Type of the fifth invasive line; Type + categorical = device modifier, not a measurement."
mimic-iii,mimiciii.CHARTEVENTS,INV Line#5 Zero/Cal,254,adjudicated:both_agree,"Zeroing/calibration event for the fifth invasive line; a transducer maintenance action, not a measurement."
mimic-iii,mimiciii.CHARTEVENTS,INV Line#5SiteAppear,256,adjudicated:both_agree,Appearance of the fifth invasive line site; categorical site assessment.
mimic-iii,mimiciii.CHARTEVENTS,INV Line#6 [Type],259,adjudicated:both_agree,Type of the sixth invasive line; Type + categorical = device modifier.
mimic-iii,mimiciii.CHARTEVENTS,INV Line#6SiteAppear,262,adjudicated:both_agree,Appearance of the sixth invasive line site; categorical site assessment.
mimic-iii,mimiciii.CHARTEVENTS,INV#5 WaveformAppear,287,adjudicated:both_agree,"Waveform appearance of the fifth invasive line; categorical signal-quality assessment, not a pressure value."
mimic-iii,mimiciii.CHARTEVENTS,Imp Skin Cleanse #3,340,adjudicated:both_agree,Cleansing agent used on the third impaired-skin area; wound-care intervention documentation.
mimic-iii,mimiciii.CHARTEVENTS,ImpSkin Character #4,347,adjudicated:both_agree,Character of the fourth impaired-skin area; skin assessment descriptor.
mimic-iii,mimiciii.CHARTEVENTS,ImpSkin #4 [Drain],354,adjudicated:both_agree,Drain associated with the fourth impaired-skin area; matches ImpSkin drain items 350/352/353 adjudicated UNKNOWN.
mimic-iii,mimiciii.CHARTEVENTS,ImpSkin Treatment #4,359,adjudicated:both_agree,Treatment applied to the fourth impaired-skin area; wound-care intervention documentation.
mimic-iii,mimiciii.CHARTEVENTS,ImpSkin Wound Base#4,365,adjudicated:both_agree,Wound base of the fourth impaired-skin area; wound assessment descriptor.
mimic-iii,mimiciii.CHARTEVENTS,Impaired Skin Site#4,377,adjudicated:both_agree,"Fourth impaired-skin site; skin assessment location, same family as ImpSkin items already adjudicated UNKNOWN."
mimic-iii,mimiciii.CHARTEVENTS,Inc #4 [Closure],389,adjudicated:both_agree,"Closure method of the fourth incision (staples/sutures); wound attribute, no catalog concept."
mimic-iii,mimiciii.CHARTEVENTS,Inc #4 [Drainage],395,adjudicated:both_agree,Drainage from the fourth incision; matches itemids 392/393/394 already adjudicated UNKNOWN as incision drainage descriptions.
mimic-iii,mimiciii.CHARTEVENTS,Inc #4 [Dressing],403,adjudicated:both_agree,"Dressing on the fourth incision; wound-care documentation, no catalog concept."
mimic-iii,mimiciii.CHARTEVENTS,Incision/Wound #4,414,adjudicated:both_agree,"Fourth incision/wound documentation; nursing wound assessment, same class as previously adjudicated incision items."
mimic-iii,mimiciii.CHARTEVENTS,Incision/Wound #5,415,adjudicated:both_agree,Fifth incision/wound documentation; nursing wound assessment.
mimic-iii,mimiciii.CHARTEVENTS,Neuro Drain Drainage,461,adjudicated:both_agree,CSF drainage description from neuro drain; nursing drainage documentation — same class as itemids 94/392/8390 already adjudicated UNKNOWN.
mimic-iii,mimiciii.CHARTEVENTS,Neuro Drain [Level],462,adjudicated:both_agree,"Neuro drain level (height of drain relative to reference); device-setup attribute, not ICP or any catalog measurement."
mimic-iii,mimiciii.CHARTEVENTS,Neuro Drain Status,463,adjudicated:both_agree,Operational status of neuro drain (open/clamped); categorical device attribute with no catalog concept.
mimic-iii,mimiciii.CHARTEVENTS,Neuro Drain Type,464,adjudicated:both_agree,"Type of neurosurgical (EVD/ventriculostomy) drain; categorical device attribute, not a measured quantity."
mimic-iii,mimiciii.CHARTEVENTS,Ostomy [Type],487,adjudicated:both_agree,"Ostomy type; categorical device/stoma attribute, no catalog concept."
mimic-iii,mimiciii.CHARTEVENTS,PCA Basal Rate,494,adjudicated:both_agree,"PCA pump basal infusion rate (p50 0); an analgesia device setting, and no PCA/opioid-rate concept exists in the catalog."
mimic-iii,mimiciii.CHARTEVENTS,PT Splint #1 [Location],508,adjudicated:both_agree,Physical-therapy splint location; categorical device placement attribute.
mimic-iii,mimiciii.CHARTEVENTS,PT Splint #2 [Location],509,adjudicated:both_agree,Second PT splint location; categorical device placement attribute.
mimic-iii,mimiciii.CHARTEVENTS,Press Sore Site #2,554,adjudicated:both_agree,"Second pressure-sore site; categorical wound location assessment, no catalog concept."
mimic-iii,mimiciii.CHARTEVENTS,PressSoreTreatment#2,568,adjudicated:both_agree,Treatment applied to the second pressure sore; wound-care intervention documentation.
mimic-iii,mimiciii.CHARTEVENTS,PressSoreWoundBase#2,571,adjudicated:both_agree,"Wound base of the second pressure sore; wound assessment descriptor, matching prior pressure-sore adjudications."
mimic-iii,mimiciii.CHARTEVENTS,Pressure Sore Odor#1,573,adjudicated:both_agree,"Odor of the first pressure sore; wound assessment, no catalog concept."
mimic-iii,mimiciii.CHARTEVENTS,ROM [Type],594,adjudicated:both_agree,"Range-of-motion exercise type; physical-therapy activity documentation, no catalog concept."
mimic-iii,mimiciii.CHARTEVENTS,RUE [Temperature],597,adjudicated:both_agree,"Right upper extremity warmth as a category (warm/cool); a peripheral perfusion assessment, not the numeric body temperature concept and not a temperature_site/location field."
mimic-iii,mimiciii.CHARTEVENTS,Radial Pulse [Right],603,adjudicated:both_agree,"Right radial pulse palpation grade (categorical), not a heart-rate measurement; consistent with dorsalis pedis / posterior tibial pulse items adjudicated UNKNOWN in both MIMIC-III and MIMIC-IV."
mimic-iii,mimiciii.CHARTEVENTS,Replace Rate ml/hr,611,adjudicated:both_agree,"CRRT replacement fluid rate, ml/hr with p50 1500 and p99 2000 — a circuit fluid-delivery setting, not a patient physiologic measurement; catalog has no CRRT concepts."
mimic-iii,mimiciii.CHARTEVENTS,Replace.Fluid Infuse,612,adjudicated:both_agree,Whether replacement fluid is infusing; categorical CRRT circuit status flag.
mimic-iii,mimiciii.CHARTEVENTS,Return Pressure mmHg,624,adjudicated:both_agree,"CRRT return (venous limb) pressure mmHg (p50 87); circuit pressure, not a patient hemodynamic measurement."
mimic-iii,mimiciii.CHARTEVENTS,Sitter,641,adjudicated:both_agree,"Presence of a patient sitter; staffing/safety documentation, not a clinical measurement."
mimic-iii,mimiciii.CHARTEVENTS,System Integrity,665,adjudicated:both_agree,CRRT circuit system integrity assessment; categorical equipment status.
mimic-iii,mimiciii.CHARTEVENTS,Systolic Unloading,666,adjudicated:both_agree,"IABP systolic unloading expressed as % (p50 11) — a device performance percentage, not a pressure or any catalog concept."
mimic-iii,mimiciii.CHARTEVENTS,TCPCV Insp. Pressure,670,adjudicated:adjudicated,"TCPCV Insp. Pressure (cmH2O, p01 12.0 / p50 29.5 / p99 49.1) is the set pressure-control level of time-cycled pressure-control ventilation — the control variable of the breath, in the same family as Peak Insp. Pressure and Pressure Support, none of which the catalog contains. The set-vs-measured distinction alone would not justify UNKNOWN (rule 5; cf. 506 PEEP set, 683 tidal_volume set), so the question is genuine concept identity with plateau_pressure, and the distributions answer it: this field's p50 29.5 tracks 535 Peak Insp. Pressure (p50 27.0, adjudicated UNKNOWN in round 1) rather than 543 Plateau Pressure (p50 22.0), which already holds the catalog's plateau_pressure in this same database and is charted for an overlapping population. Mapping 670 to plateau_pressure would put two co-charted, systematically different fields on one concept. Consistent with the round-1 disposition of every non-PEEP ventilator pressure (535, 578, 444 -> UNKNOWN); the catalog has no inspiratory_pressure concept, so per rule 2 the verdict is UNKNOWN, not UNSURE."
mimic-iii,mimiciii.CHARTEVENTS,TCPCV Insp. Time,671,adjudicated:both_agree,"Time-cycled pressure-control ventilation inspiratory time, sec p50 0.90; a ventilator timing setting with no catalog concept (catalog covers only peep, plateau_pressure, tidal_volume, minute_volume, ventilator_mode)."
mimic-iii,mimiciii.CHARTEVENTS,TOF Response/Twitch,673,adjudicated:both_agree,Train-of-four response/twitch count for neuromuscular blockade monitoring; MIMIC-IV 224413/224414 already adjudicated UNKNOWN for lack of a TOF concept.
mimic-iii,mimiciii.CHARTEVENTS,Trach Care,687,adjudicated:both_agree,"Tracheostomy care performed; nursing intervention documentation, not a measurement."
mimic-iii,mimiciii.CHARTEVENTS,Trach [Cuff],688,adjudicated:both_agree,"Tracheostomy cuff status/inflation documentation, categorical airway-device attribute; no catalog concept."
mimic-iii,mimiciii.CHARTEVENTS,Tract/Imm Location#1,693,adjudicated:both_agree,Location of the first traction/immobilization device; categorical placement attribute.
mimic-iii,mimiciii.CHARTEVENTS,Traction/Immobile #1,697,adjudicated:both_agree,"Traction/immobilization device documentation; orthopaedic equipment attribute, no catalog concept."
mimic-iii,mimiciii.CHARTEVENTS,Working Pressure,734,adjudicated:both_agree,"'Working Pressure' in cmH2O tightly bounded near the device ceiling (p50 70.0, p99 75.0); a driving/equipment pressure rather than a patient airway or vascular pressure, and no catalog concept matches this range."
mimic-iii,mimiciii.CHARTEVENTS,Aggitation,1420,adjudicated:both_agree,"CIWA-Ar agitation subscale item (0-7), explicitly distinguished from sedation_score in the MIMIC-IV 223817 adjudication."
mimic-iii,mimiciii.CHARTEVENTS,Anxiety,1421,adjudicated:both_agree,CIWA-Ar anxiety subscale item; MIMIC-IV 223811 adjudicated UNKNOWN.
mimic-iii,mimiciii.CHARTEVENTS,Auditory Disturbance,1423,adjudicated:both_agree,CIWA-Ar auditory disturbance subscale item; MIMIC-IV 223814 adjudicated UNKNOWN.
mimic-iii,mimiciii.CHARTEVENTS,CIWA Sum Total,1424,adjudicated:both_agree,"CIWA-Ar summed total (p50 5.4, p99 27.2 — consistent with the 0-67 CIWA range). An alcohol-withdrawal severity composite; catalog delirium_score (CAM-ICU) and sedation_score (RASS) are different instruments, and all CIWA subscale items are already UNKNOWN."
mimic-iii,mimiciii.CHARTEVENTS,Drowsiness,1426,adjudicated:both_agree,Withdrawal/toxicology assessment item (drowsiness) charted within the 1420-1439 CIWA block; no catalog concept and not a sedation scale score.
mimic-iii,mimiciii.CHARTEVENTS,Headache,1428,adjudicated:both_agree,CIWA-Ar headache subscale item; MIMIC-IV 223820 adjudicated UNKNOWN.
mimic-iii,mimiciii.CHARTEVENTS,Insomnia,1429,adjudicated:both_agree,CIWA-Ar insomnia item; MIMIC-IV 223823 adjudicated UNKNOWN.
mimic-iii,mimiciii.CHARTEVENTS,Nausea and Vomiting,1430,adjudicated:both_agree,CIWA-Ar nausea/vomiting subscale item; MIMIC-IV counterpart 223805 already adjudicated UNKNOWN (no alcohol-withdrawal concept in catalog).
mimic-iii,mimiciii.CHARTEVENTS,Orient/Clouding Sens,1431,adjudicated:both_agree,CIWA-Ar orientation/clouding-of-sensorium item; explicitly not a GCS component per the MIMIC-IV 223821 adjudication.
mimic-iii,mimiciii.CHARTEVENTS,Paroxysmal Sweats,1432,adjudicated:both_agree,CIWA-Ar paroxysmal sweats subscale item; MIMIC-IV 223810 adjudicated UNKNOWN.
mimic-iii,mimiciii.CHARTEVENTS,Seizure,1433,adjudicated:both_agree,CIWA-Ar seizure item; MIMIC-IV 223824 adjudicated UNKNOWN.
mimic-iii,mimiciii.CHARTEVENTS,Slurred Speech,1434,adjudicated:both_agree,Withdrawal/toxicology exam item (slurred speech) in the CIWA block; no catalog concept.
mimic-iii,mimiciii.CHARTEVENTS,Sustained Nystamus,1435,adjudicated:both_agree,Sustained nystagmus exam finding in the CIWA block; MIMIC-IV 223825 adjudicated UNKNOWN.
mimic-iii,mimiciii.CHARTEVENTS,Tactile Disturbances,1436,adjudicated:both_agree,CIWA-Ar tactile disturbance subscale item; MIMIC-IV 223818 adjudicated UNKNOWN.
mimic-iii,mimiciii.CHARTEVENTS,Tremor,1437,adjudicated:both_agree,CIWA-Ar tremor subscale item; MIMIC-IV 223806 already adjudicated UNKNOWN.
mimic-iii,mimiciii.CHARTEVENTS,Visual Disturbances,1439,adjudicated:both_agree,CIWA-Ar visual disturbance subscale item; MIMIC-IV 223819 adjudicated UNKNOWN.
mimic-iii,mimiciii.CHARTEVENTS,GI Tube #2 [Site],1699,adjudicated:both_agree,Second GI tube anatomical site; categorical placement attribute (duplicate label of 8493 under a different CareVue itemid).
mimic-iii,mimiciii.CHARTEVENTS,Hourly PFR,5683,adjudicated:both_agree,Hourly patient fluid removal within the CRRT item block (n_keys 231 matches the dialysis cluster); p01 -48.8 negative rules out a P/F ratio reading. No catalog concept for ultrafiltration volume.
mimic-iii,mimiciii.CHARTEVENTS,ICP Alarm [Low],5816,adjudicated:both_agree,"ICP low alarm limit (p01 0, p50 0) — an alarm threshold setting, not a measured ICP; consistent with itemids 436/218 and 223769 already adjudicated UNKNOWN for lack of any alarm-threshold concept."
mimic-iii,mimiciii.CHARTEVENTS,Capillary Refill [Left],8377,adjudicated:both_agree,Left-side capillary refill; categorical perfusion assessment with no catalog concept.
mimic-iii,mimiciii.CHARTEVENTS,Cooling [Status],8379,adjudicated:both_agree,"Cooling device status; equipment operational attribute, matching MIMIC-IV 225052 adjudicated UNKNOWN."
mimic-iii,mimiciii.CHARTEVENTS,Edema #1 [Amount],8383,adjudicated:both_agree,"Edema severity/amount as a category (e.g. 1+ to 4+); nursing skin assessment, absent from catalog."
mimic-iii,mimiciii.CHARTEVENTS,Edema #2 [Amount],8384,adjudicated:both_agree,"Second edema amount as a category; nursing assessment, absent from catalog."
mimic-iii,mimiciii.CHARTEVENTS,GI Intub #2 [Site],8389,adjudicated:both_agree,"Anatomical site of second GI tube; categorical placement attribute, matches the established UNKNOWN pattern for tube/line site fields."
mimic-iii,mimiciii.CHARTEVENTS,GI#2 Tube [Drain],8391,adjudicated:both_agree,Drainage from the second GI tube; matches itemid 8390 GI#1 Tube [Drain] already adjudicated UNKNOWN.
mimic-iii,mimiciii.CHARTEVENTS,INV Line#5 [Site],8396,adjudicated:both_agree,Insertion site of the fifth invasive line; categorical placement attribute.
mimic-iii,mimiciii.CHARTEVENTS,INV Line#6 [Site],8397,adjudicated:both_agree,Insertion site of the sixth invasive line; categorical placement attribute.
mimic-iii,mimiciii.CHARTEVENTS,Inc #4 [Appearance],8419,adjudicated:both_agree,Appearance of the fourth incision; wound assessment descriptor.
mimic-iii,mimiciii.CHARTEVENTS,Inc #4 [Status],8433,adjudicated:both_agree,"Status of the fourth incision; nursing wound assessment, no catalog concept."
mimic-iii,mimiciii.CHARTEVENTS,KneeImmobilizeLoc [Left],8434,adjudicated:both_agree,Left knee immobilizer location; orthopaedic device placement attribute.
mimic-iii,mimiciii.CHARTEVENTS,Neuro Drain [Location],8443,adjudicated:both_agree,"Neuro drain anatomical location; Location + categorical = placement modifier, per established convention UNKNOWN."
mimic-iii,mimiciii.CHARTEVENTS,Ostomy [Appearance],8447,adjudicated:both_agree,"Ostomy stoma appearance; categorical assessment, no catalog concept."
mimic-iii,mimiciii.CHARTEVENTS,PT Splint #1 [Status],8450,adjudicated:both_agree,"Physical-therapy splint status; categorical device attribute, no catalog concept."
mimic-iii,mimiciii.CHARTEVENTS,PT Splint #2 [Status],8451,adjudicated:both_agree,Second PT splint status; categorical device attribute.
mimic-iii,mimiciii.CHARTEVENTS,ROM [Value],8470,adjudicated:both_agree,"Range-of-motion value/grade; physical-therapy assessment, no catalog concept."
mimic-iii,mimiciii.CHARTEVENTS,RUE [Color],8471,adjudicated:both_agree,"Right upper extremity skin colour; categorical perfusion assessment, no catalog concept."
mimic-iii,mimiciii.CHARTEVENTS,Radial Pulse [Left],8473,adjudicated:both_agree,"Left radial pulse palpation grade; categorical exam finding, not heart_rate, matching prior peripheral-pulse adjudications."
mimic-iii,mimiciii.CHARTEVENTS,Trach [Fenestra],8479,adjudicated:both_agree,Tracheostomy fenestration attribute; categorical airway-device property with no catalog counterpart.
mimic-iii,mimiciii.CHARTEVENTS,GI Tube #2 [Site],8493,adjudicated:both_agree,"Second GI tube anatomical site; categorical placement attribute, no catalog concept."
mimic-iii,mimiciii.CHARTEVENTS,ICP Alarm [High],8550,adjudicated:both_agree,"ICP high alarm limit (p50 exactly 20 mmHg, the standard alarm setpoint); alarm threshold rather than a measured value, matching prior alarm-limit adjudications."
mimic-iii,mimiciii.CHARTEVENTS,% Inspir. Time,1,adjudicated:both_agree,% Inspir. Time 吸气时间百分比，呼吸机参数，目录无对应
mimic-iii,mimiciii.CHARTEVENTS,ABI (L),2,adjudicated:both_agree,ABI (L) 左侧踝肱指数，目录无 ABI 概念
mimic-iii,mimiciii.CHARTEVENTS,ABI (R),3,adjudicated:both_agree,ABI (R) 右侧踝肱指数 (p50 0.88，无量纲)，目录无 ABI 概念
mimic-iii,mimiciii.CHARTEVENTS,ABI Ankle BP [Right],4,adjudicated:adjudicated,"采纳 B。身份可确证: 同表 itemid 3 'ABI (R)' p50=0.8827, 而 94.8/104.1=0.91, 与之吻合, 确认本字段即 ABI 分子——右踝多普勒节段收缩压。定性明确后仅剩本体问题: 目录 sbp 属 group=vital, 指体循环 (肱动脉) 收缩压, 是血流动力学生命体征; 踝部节段压是外周血管灌注评估量, 正常人踝压高于肱压, 而此处 p50 94.8 < 肱压 104.1 恰反映 PAD 人群。二者不可互换、不可合并入同一分布 (并入会污染 sbp)。目录无踝部/节段压概念, 故判 UNKNOWN 而非 UNSURE: 字段是什么已无疑问, 只是目录里没有它。"
mimic-iii,mimiciii.CHARTEVENTS,BIPAP - IPAP,66,adjudicated:both_agree,BIPAP - IPAP 吸气相正压 (p50 12 cmH2O)，与 peep(呼气末) 及 plateau_pressure 均非同一量，目录无 IPAP/吸气压概念
mimic-iii,mimiciii.CHARTEVENTS,CT #3 Drainage,104,adjudicated:both_agree,CT #3 Drainage，胸管引流性状/量的护理记录，非目录内测量量
mimic-iii,mimiciii.CHARTEVENTS,CT #3 [Fluctuate],106,adjudicated:both_agree,CT #3 [Fluctuate] 胸管水柱波动，护理观察项，目录无对应
mimic-iii,mimiciii.CHARTEVENTS,Emesis [Appearance],174,adjudicated:both_agree,Emesis [Appearance] 呕吐物性状评估，护理记录，目录无对应
mimic-iii,mimiciii.CHARTEVENTS,Epidural Appearance,177,adjudicated:both_agree,Epidural Appearance 硬膜外置管部位外观评估，目录无对应
mimic-iii,mimiciii.CHARTEVENTS,Epidural Bolus,178,adjudicated:both_agree,Epidural Bolus 硬膜外单次给药量，给药记录，目录无对应
mimic-iii,mimiciii.CHARTEVENTS,Epidural Total Dose,181,adjudicated:both_agree,Epidural Total Dose 硬膜外累计剂量，给药记录，目录无对应
mimic-iii,mimiciii.CHARTEVENTS,Femoral Pulse [Right],188,adjudicated:both_agree,Femoral Pulse [Right] 为股动脉搏动有无/强弱的定性评估，非心率测量，目录无对应
mimic-iii,mimiciii.CHARTEVENTS,Imp Skin Cleanse #4,341,adjudicated:both_agree,Imp Skin Cleanse #4 皮肤清洁措施，目录无对应
mimic-iii,mimiciii.CHARTEVENTS,ImpSkin Character #5,348,adjudicated:both_agree,ImpSkin Character #5 皮肤破损性状描述，目录无对应
mimic-iii,mimiciii.CHARTEVENTS,ImpSkin #5 [Drain],355,adjudicated:both_agree,ImpSkin #5 [Drain] 皮肤破损引流情况，目录无对应
mimic-iii,mimiciii.CHARTEVENTS,ImpSkin Treatment #5,360,adjudicated:both_agree,ImpSkin Treatment #5 皮肤破损处理措施，目录无对应
mimic-iii,mimiciii.CHARTEVENTS,ImpSkin Wound Base#5,366,adjudicated:both_agree,ImpSkin Wound Base#5 伤口基底评估，目录无对应
mimic-iii,mimiciii.CHARTEVENTS,ImpSkin #3 [Width],370,adjudicated:both_agree,ImpSkin #3 [Width] 皮损宽度，目录无对应
mimic-iii,mimiciii.CHARTEVENTS,ImpSkin #4 [Width],371,adjudicated:both_agree,ImpSkin #4 [Width] 皮损宽度，目录无对应
mimic-iii,mimiciii.CHARTEVENTS,Impaired Skin Site#5,378,adjudicated:both_agree,Impaired Skin Site#5 皮肤破损部位，Site 类修饰属性，目录无对应
mimic-iii,mimiciii.CHARTEVENTS,Inc Cleansing #3,382,adjudicated:both_agree,Inc Cleansing #3 切口清洁措施，目录无对应
mimic-iii,mimiciii.CHARTEVENTS,Inc #5 [Drainage],396,adjudicated:both_agree,Inc #5 [Drainage] 切口引流护理评估，目录无对应
mimic-iii,mimiciii.CHARTEVENTS,Inc #5 [Dressing],401,adjudicated:both_agree,Inc #5 [Dressing]，切口敷料护理评估，categorical 修饰属性，目录无对应概念
mimic-iii,mimiciii.CHARTEVENTS,Inc/Wound Packing #1,404,adjudicated:both_agree,Inc/Wound Packing #1 伤口填塞护理，目录无对应
mimic-iii,mimiciii.CHARTEVENTS,MDI #3 [Puff],441,adjudicated:both_agree,MDI #3 [Puff] 定量吸入器喷数，给药记录，目录无对应
mimic-iii,mimiciii.CHARTEVENTS,Minimal Leak Present,447,adjudicated:both_agree,Minimal Leak Present 气囊最小漏气技术是否存在，categorical 操作记录，目录无对应
mimic-iii,mimiciii.CHARTEVENTS,NMB Medication,457,adjudicated:both_agree,NMB Medication 为肌松药名称字段，属药物种类修饰而非目录内药物浓度概念
mimic-iii,mimiciii.CHARTEVENTS,Nerve Stimulated,460,adjudicated:both_agree,Nerve Stimulated 为 TOF 监测所刺激神经的部位，修饰属性，目录无对应
mimic-iii,mimiciii.CHARTEVENTS,PAO2,490,adjudicated:adjudicated,"采纳 B, 并有算术佐证。p01=173.8 意味着 99% 的观测值 > 173 mmHg, p50=316.9, p99=682 — 动脉血氧分压绝无此分布。与同表 itemid 26 AaDO2 (p50=202.2) 相减: 316.9 − 202.2 ≈ 115 mmHg, 恰是一个合理的动脉 PaO2, 完全符合 AaDO2 = PAO2 − PaO2 的定义, 确证本字段是**肺泡**氧分压 (计算值), 为本表 AaDO2 的被减数。MIMIC-III 中真正的动脉血氧分压是 itemid 779 (Arterial PaO2), 不在本行。目录 po2 明确为动脉血气项 (三库覆盖, mm Hg), 且目录无肺泡氧分压概念, 故典型的'名字像但值域完全不合理'陷阱, 判 UNKNOWN 而非 UNSURE。"
mimic-iii,mimiciii.CHARTEVENTS,PCA Bolus,495,adjudicated:both_agree,PCA Bolus 病人自控镇痛单次剂量，给药记录，目录无对应
mimic-iii,mimiciii.CHARTEVENTS,Pause Time %,529,adjudicated:both_agree,Pause Time % 吸气暂停时间百分比，呼吸机参数，目录无对应
mimic-iii,mimiciii.CHARTEVENTS,Peak Flow (Calc),532,adjudicated:both_agree,"Peak Flow (Calc) p50 41 lpm 为呼吸机峰值吸气流速，与 o2_flow(补充氧流量, p50 通常 2-6 L/min) 不是同一概念，目录无对应"
mimic-iii,mimiciii.CHARTEVENTS,Pressure Sore #2 [Stage],552,adjudicated:both_agree,Pressure Sore #2 [Stage] 压疮分期，皮肤评估，目录无对应
mimic-iii,mimiciii.CHARTEVENTS,PressSore Depth #1,555,adjudicated:both_agree,PressSore Depth #1 压疮深度，伤口测量，目录无对应
mimic-iii,mimiciii.CHARTEVENTS,Pressure Sore #2 [Drainage],559,adjudicated:both_agree,Pressure Sore #2 [Drainage] 压疮渗液，目录无对应
mimic-iii,mimiciii.CHARTEVENTS,Pressure Sore #1 [Width],561,adjudicated:both_agree,Pressure Sore #1 [Width] 压疮宽度，伤口测量，目录无对应
mimic-iii,mimiciii.CHARTEVENTS,Pressure Sore #2 [Width],562,adjudicated:both_agree,Pressure Sore #2 [Width] 压疮宽度，目录无对应
mimic-iii,mimiciii.CHARTEVENTS,PressSoreCleansing#2,565,adjudicated:both_agree,PressSoreCleansing#2 压疮清创/清洁措施，目录无对应
mimic-iii,mimiciii.CHARTEVENTS,Pressure Sore Odor#2,574,adjudicated:both_agree,Pressure Sore Odor#2 压疮气味评估，目录无对应
mimic-iii,mimiciii.CHARTEVENTS,QTc,586,adjudicated:both_agree,QTc 校正 QT 间期 (p50 0.41 sec)，心电图参数，目录无对应
mimic-iii,mimiciii.CHARTEVENTS,Rec. Breath Pressure,606,adjudicated:both_agree,Rec. Breath Pressure 肺复张压力 (p50 35)，复张手法参数，目录无对应
mimic-iii,mimiciii.CHARTEVENTS,Rec.Breath Time(sec),607,adjudicated:both_agree,Rec.Breath Time(sec) 肺复张持续时间，目录无对应
mimic-iii,mimiciii.CHARTEVENTS,Recruit Breath,608,adjudicated:both_agree,Recruit Breath 肺复张手法是否实施，categorical 操作记录，目录无对应
mimic-iii,mimiciii.CHARTEVENTS,Seizure Duration,630,adjudicated:both_agree,Seizure Duration 癫痫发作持续时间，目录无对应
mimic-iii,mimiciii.CHARTEVENTS,Sensory Level,632,adjudicated:both_agree,Sensory Level 硬膜外/椎管麻醉感觉平面，目录无对应
mimic-iii,mimiciii.CHARTEVENTS,TCPCV Fixed I Time,668,adjudicated:both_agree,TCPCV Fixed I Time 固定吸气时间，呼吸机设置，目录无对应
mimic-iii,mimiciii.CHARTEVENTS,TCPCV I:E Ratio,669,adjudicated:both_agree,TCPCV I:E Ratio 吸呼比，呼吸机设置，目录无 I:E ratio 概念
mimic-iii,mimiciii.CHARTEVENTS,TCPCV-MAP,672,adjudicated:both_agree,TCPCV-MAP 为压控通气下的平均气道压 (p50 20.6 cmH2O)，非动脉平均压；目录无 mean airway pressure
mimic-iii,mimiciii.CHARTEVENTS,Ventricular Pacemaker Threshold [Unit],718,adjudicated:both_agree,Ventricular Pacemaker Threshold [Unit] 为起搏阈值的单位字段，纯修饰属性，目录无对应
mimic-iii,mimiciii.CHARTEVENTS,Digoxin,801,adjudicated:both_agree,"Digoxin 血药浓度 (Drug Level, p50 1.0 ng/mL)，目录无地高辛浓度概念"
mimic-iii,mimiciii.CHARTEVENTS,Ethanol,804,adjudicated:both_agree,"Ethanol 血乙醇浓度 (Drug Level, p50 83)，目录无对应"
mimic-iii,mimiciii.CHARTEVENTS,Gentamycin/Random,809,adjudicated:both_agree,Gentamycin/Random 庆大霉素随机血药浓度，目录无抗生素浓度概念
mimic-iii,mimiciii.CHARTEVENTS,Sed Rate,835,adjudicated:both_agree,Sed Rate 血沉 ESR (p50 47 mm/h)，目录无 ESR 概念
mimic-iii,mimiciii.CHARTEVENTS,Tylenol,852,adjudicated:both_agree,Tylenol 对乙酰氨基酚血药浓度 (Drug Level)，目录无对应
mimic-iii,mimiciii.CHARTEVENTS,Vancomycin/Peak,854,adjudicated:both_agree,Vancomycin/Peak 万古霉素峰浓度，目录无抗生素浓度概念
mimic-iii,mimiciii.CHARTEVENTS,Vancomycin/Trough,856,adjudicated:both_agree,Vancomycin/Trough 万古霉素谷浓度，目录无抗生素血药浓度概念
mimic-iii,mimiciii.CHARTEVENTS,BATH,1078,adjudicated:both_agree,BATH 洗澡护理活动记录，目录无对应
mimic-iii,mimiciii.CHARTEVENTS,Ataxia,1422,adjudicated:both_agree,Ataxia 共济失调神经查体，categorical，目录无对应
mimic-iii,mimiciii.CHARTEVENTS,Uric Acid,1541,adjudicated:both_agree,"Uric Acid 尿酸 (Chemistry, p50 5.25 mg/dL)，目录无尿酸概念"
mimic-iii,mimiciii.CHARTEVENTS,Angio Appearance #2 [Attribute 2],8366,adjudicated:both_agree,Angio Appearance #2 [Attribute 2] 血管穿刺处外观评估，目录无对应
mimic-iii,mimiciii.CHARTEVENTS,CT #3 [Leak],8375,adjudicated:both_agree,CT #3 [Leak] 胸管漏气观察，categorical，目录无对应
mimic-iii,mimiciii.CHARTEVENTS,GI [pH],8387,adjudicated:both_agree,"GI [pH] 为胃液/胃肠引流液 pH，p50 5.0、p01 1.0，与目录 ph(血气 pH, ~7.4) 标本与值域均不符，是不同概念"
mimic-iii,mimiciii.CHARTEVENTS,ImpSkin #3 [Amount],8404,adjudicated:both_agree,ImpSkin #3 [Amount] 皮肤破损渗出量护理评估，目录无对应
mimic-iii,mimiciii.CHARTEVENTS,ImpSkin #4 [Amount],8408,adjudicated:both_agree,ImpSkin #4 [Amount] 皮损渗出量，目录无对应
mimic-iii,mimiciii.CHARTEVENTS,ImpSkin #2 [Length],8411,adjudicated:both_agree,ImpSkin #2 [Length] 皮损长度，目录无对应
mimic-iii,mimiciii.CHARTEVENTS,ImpSkin #3 [Length],8412,adjudicated:both_agree,ImpSkin #3 [Length] 皮损长度，目录无对应
mimic-iii,mimiciii.CHARTEVENTS,Inc #4 [Amount],8425,adjudicated:both_agree,Inc #4 [Amount] 切口渗出量护理评估，目录无对应
mimic-iii,mimiciii.CHARTEVENTS,MDI #3 [Drug],8439,adjudicated:both_agree,MDI #3 [Drug] 吸入药物名称，修饰属性，目录无对应
mimic-iii,mimiciii.CHARTEVENTS,Pressure Sore #2 [Heal],8458,adjudicated:both_agree,Pressure Sore #2 [Heal] 压疮愈合情况，目录无对应
mimic-iii,mimiciii.CHARTEVENTS,Pressure Sore #1 [Amount],8460,adjudicated:both_agree,Pressure Sore #1 [Amount] 压疮渗出量，目录无对应
mimic-iii,mimiciii.CHARTEVENTS,Pressure Sore #1 [Length],8463,adjudicated:both_agree,Pressure Sore #1 [Length] 压疮长度，目录无对应
mimic-iii,mimiciii.CHARTEVENTS,Pressure Sore #2 [Length],8464,adjudicated:both_agree,Pressure Sore #2 [Length] 压疮长度，目录无对应
mimic-iii,mimiciii.CHARTEVENTS,Ventricular Pacemaker Threshold [Value],8483,adjudicated:both_agree,Ventricular Pacemaker Threshold [Value] 心室起搏阈值 (mA/V)，目录无起搏参数概念
mimic-iii,mimiciii.CHARTEVENTS,Initials (2 RNs) [RN #2],8486,adjudicated:both_agree,Initials (2 RNs) [RN #2] 双人核对签名，行政记录，目录无对应
mimic-iii,mimiciii.CHARTEVENTS,Med Wasted [Amount],8487,adjudicated:both_agree,Med Wasted [Amount] 药物废弃量记录 (麻醉药核销)，目录无对应
mimic-iii,mimiciii.LABEVENTS,Ammonia,50866,adjudicated:both_agree,"Ammonia 血氨 (umol/L, p50 45.7)，目录无血氨概念"
mimic-iii,mimiciii.LABEVENTS,Gentamicin,50929,adjudicated:both_agree,Gentamicin 庆大霉素血药浓度 (ug/mL)，目录无对应
mimic-iii,mimiciii.LABEVENTS,tacroFK,50986,adjudicated:both_agree,"tacroFK 他克莫司血药浓度 (ng/mL, p50 9.3)，目录无免疫抑制剂浓度概念"
mimic-iii,mimiciii.LABEVENTS,Large Platelets,51240,adjudicated:both_agree,Large Platelets 为血涂片上大血小板的定性/半定量描述 (dtype=categorical)，非血小板计数 (K/uL)，与 platelets 不是同一量
mimic-iii,mimiciii.LABEVENTS,Target Cells,51294,adjudicated:both_agree,Target Cells 靶形红细胞，血涂片形态学定性描述，目录无对应
mimic-iii,mimiciii.LABEVENTS,Lymphs,51351,adjudicated:both_agree,"Lymphs 与 WBC,CSF / RBC,CSF / Polys / Monocytes 共享完全相同的 n_rows=1392 附近与 n_keys=890，属体液(脑脊液/胸腹水)细胞分类；同组 Polys p50 仅 14.3% 与外周血分类不符，故非血 lymphocytes"
mimic-iii,mimiciii.LABEVENTS,Monocytes,51355,adjudicated:both_agree,"Monocytes 属与 WBC,CSF/RBC,CSF 同批的体液细胞分类面板 (n_rows/n_keys 完全一致)，标本非外周血，与血 monocytes 不是同一概念"
mimic-iii,mimiciii.LABEVENTS,Polys,51360,adjudicated:both_agree,Polys 为体液多形核细胞百分比，p50 仅 14.3%，与外周血中性粒细胞 (p50 ~70-83%) 值域明显不符，非 neutrophils
mimic-iii,mimiciii.LABEVENTS,"RBC, CSF",51362,adjudicated:both_agree,"RBC, CSF 为脑脊液红细胞计数 (#/uL, p99 252315)，与血常规 rbc (m/uL) 标本与量纲均不同"
mimic-iii,mimiciii.LABEVENTS,"WBC, CSF",51363,adjudicated:both_agree,"WBC, CSF 为脑脊液白细胞计数 (#/uL, p99 7183)，标本与量纲均不同于血常规 wbc (K/uL)"
mimic-iii,mimiciii.CHARTEVENTS,PH (dipstick),220734,adjudicated:both_agree,PH (dipstick) 为尿干化学 pH，p01 5.0/p50 5.0/p99 8.0，标本与值域均与目录 ph(动脉血气 ~7.4) 不符，是不同概念
mimic-iii,mimiciii.CHARTEVENTS,CK-MB fraction (%),225628,adjudicated:adjudicated,"采纳 B, 并有算术佐证。CK-MB fraction (%) 即 CK-MB 相对指数 = CK-MB / 总 CK × 100。用同表数据核验: itemid 227445 CK-MB p50 = 10 ng/mL, itemid 225634 CK (CPK) p50 = 250.9 IU/L, 10/250.9×100 = 4.0, 与本字段 p50 = 4.27 吻合, 且 p01/p99 = 0.2/18.3 符合相对指数的经验域 (>5% 提示心肌来源)。目录 ck_mb 单位为 ng/mL 的质量浓度 (units_observed 明确为 ng/mL), 与本字段的无量纲百分比是不同派生量, 量纲不可通约; 目录亦无 CK-MB 指数概念。身份已确证、目录确无对应, 判 UNKNOWN 而非 UNSURE。"
mimic-iii,mimiciii.CHARTEVENTS,Lipase,225672,adjudicated:both_agree,"Lipase 脂肪酶 (Labs, IU/L, p50 40.7)，目录中有 amylase 但无 lipase 概念"
mimic-iii,mimiciii.CHARTEVENTS,Specific Gravity (urine),227471,adjudicated:both_agree,Specific Gravity (urine) 尿比重 (p50 1.02)，目录无尿比重概念
mimic-iii,mimiciii.LABEVENTS,pH,50831,adjudicated:adjudicated,"MIMIC-III d_labitems 决定性证据：ITEMID 50831 = pH, FLUID='Other Body Fluid', CATEGORY='Blood Gas' —— 是体液 pH，不是血气 pH。真正的动脉血气 pH 是 ITEMID 50820 (FLUID='Blood')，已在 gold_pairs.csv 中映射为 ph/respiratory_bloodgas (coverage 0.808, p01/p50/p99 = 7.1453/7.3982/7.536)。A 认为'本表非血标本项在 label 中均显式标注 CSF/Pleural/Ascites'的推断在此行失效：worksheet 未含 FLUID 列，而 50831 恰是靠 FLUID 字段而非 label 后缀区分的通用体液项，dict_category='Blood Gas' 只是 MIMIC 的字典分组归属，不代表标本为血。B 的方向正确——coverage 仅 2.01%（血气 pH 不可能只覆盖 2% 的 stay）与 p99=8.5 超出血液生理上界，两条线索都指向非血标本——但字典证据已使结论确定，无需停留在 UNSURE。目录 138 个概念中无'体液 pH'对应项，故判 UNKNOWN 而非 ph。"
mimic-iii,mimiciii.LABEVENTS,"Albumin, Ascites",50835,adjudicated:both_agree,"腹水白蛋白(g/dL, p50 1.48)。目录 albumin 为血清白蛋白(p50≈3), 腹水白蛋白用于计算SAAG, 属另一临床概念。"
mimic-iii,mimiciii.LABEVENTS,"Amylase, Ascites",50836,adjudicated:both_agree,"腹水淀粉酶(IU/L, p50 35.7)。目录 amylase 为血清项(用于胰腺炎诊断), 腹水淀粉酶用于胰性腹水判断, 非同一概念。"
mimic-iii,mimiciii.LABEVENTS,"Glucose, Ascites",50842,adjudicated:both_agree,"腹水葡萄糖(mg/dL, p50 124)。与目录 glucose(血糖)标本不同, 非同一概念。"
mimic-iii,mimiciii.LABEVENTS,"Lactate Dehydrogenase, Ascites",50843,adjudicated:both_agree,"腹水乳酸脱氢酶(IU/L, p50 88.7)。与血清 ld_ldh 标本不同, 非同一概念。"
mimic-iii,mimiciii.LABEVENTS,"Total Protein, Ascites",50849,adjudicated:both_agree,"腹水总蛋白(g/dL, p50 1.28)。与血清 total_protein 值域及临床意义均不同, 非同一概念。"
mimic-iii,mimiciii.LABEVENTS,Absolute A1c,50854,adjudicated:both_agree,"Absolute A1c, 糖化血红蛋白相关项。目录无 HbA1c 概念。"
mimic-iii,mimiciii.LABEVENTS,Acetone,50857,adjudicated:both_agree,"丙酮(定性/滴度, categorical 且值退化为 331)。目录无酮体相关概念。"
mimic-iii,mimiciii.LABEVENTS,Alpha-Fetoprotein,50864,adjudicated:both_agree,"甲胎蛋白 AFP(ng/mL)。肿瘤标志物, 目录无对应。"
mimic-iii,mimiciii.LABEVENTS,Anti-Neutrophil Cytoplasmic Antibody,50872,adjudicated:both_agree,"抗中性粒细胞胞浆抗体 ANCA(定性)。自身免疫血清学, 目录无对应; 名称含 neutrophil 但并非中性粒细胞计数。"
mimic-iii,mimiciii.LABEVENTS,Anti-Nuclear Antibody,50873,adjudicated:both_agree,"抗核抗体(定性)。自身免疫血清学, 目录无对应。"
mimic-iii,mimiciii.LABEVENTS,C3,50890,adjudicated:both_agree,"补体 C3(mg/dL, p50 99.5)。免疫学项, 目录无对应。"
mimic-iii,mimiciii.LABEVENTS,C4,50891,adjudicated:both_agree,"补体 C4(mg/dL, p50 22.5)。免疫学项, 目录无对应。"
mimic-iii,mimiciii.LABEVENTS,Carcinoembyronic Antigen (CEA),50900,adjudicated:both_agree,"癌胚抗原 CEA(ng/mL)。肿瘤标志物, 目录无对应。"
mimic-iii,mimiciii.LABEVENTS,"Cholesterol, LDL, Measured",50906,adjudicated:both_agree,直接法测定 LDL 胆固醇(mg/dL)。目录无血脂类概念。
mimic-iii,mimiciii.LABEVENTS,Hepatitis A Virus Antibody,50937,adjudicated:both_agree,"甲型肝炎病毒抗体(Pos/Neg)。血清学定性, 目录无对应。"
mimic-iii,mimiciii.LABEVENTS,Hepatitis A Virus IgM Antibody,50938,adjudicated:both_agree,"甲型肝炎病毒 IgM 抗体(定性)。血清学项, 目录无对应。"
mimic-iii,mimiciii.LABEVENTS,"Hepatitis B Core Antibody, IgM",50939,adjudicated:both_agree,"乙肝核心抗体 IgM(定性)。血清学项, 目录无对应。"
mimic-iii,mimiciii.LABEVENTS,HIV Antibody,50944,adjudicated:both_agree,"HIV 抗体(定性)。血清学项, 目录无对应。"
mimic-iii,mimiciii.LABEVENTS,Homocysteine,50945,adjudicated:both_agree,"同型半胱氨酸(umol/L, p50 8.4)。目录无对应。"
mimic-iii,mimiciii.LABEVENTS,Human Chorionic Gonadotropin,50946,adjudicated:both_agree,"人绒毛膜促性腺激素 hCG(mIU/mL)。妊娠/肿瘤标志物, 目录无对应。"
mimic-iii,mimiciii.LABEVENTS,Immunofixation,50948,adjudicated:both_agree,免疫固定电泳(定性)。目录无对应。
mimic-iii,mimiciii.LABEVENTS,Immunoglobulin A,50949,adjudicated:both_agree,"免疫球蛋白 A(mg/dL)。免疫学项, 目录无对应。"
mimic-iii,mimiciii.LABEVENTS,Immunoglobulin G,50950,adjudicated:both_agree,"免疫球蛋白 G(mg/dL)。免疫学项, 目录无对应。"
mimic-iii,mimiciii.LABEVENTS,Immunoglobulin M,50951,adjudicated:both_agree,"免疫球蛋白 M(mg/dL)。免疫学项, 目录无对应。"
mimic-iii,mimiciii.LABEVENTS,Parathyroid Hormone,50965,adjudicated:both_agree,"甲状旁腺激素(pg/mL, p50 102)。内分泌项, 目录无对应。"
mimic-iii,mimiciii.LABEVENTS,"Phenytoin, Free",50968,adjudicated:both_agree,"游离苯妥英浓度(ug/mL, p50 1.87, 治疗窗1-2)。治疗药物监测, 目录无对应。"
mimic-iii,mimiciii.LABEVENTS,Prostate Specific Antigen,50974,adjudicated:both_agree,"前列腺特异性抗原 PSA(ng/mL)。肿瘤标志物, 目录无对应。"
mimic-iii,mimiciii.LABEVENTS,Protein Electrophoresis,50975,adjudicated:both_agree,血清蛋白电泳(定性/分区报告)。目录无对应。
mimic-iii,mimiciii.LABEVENTS,Thyroxine (T4),50994,adjudicated:both_agree,"甲状腺素 T4(ug/dL, p50 6.3)。目录无甲状腺功能相关概念。"
mimic-iii,mimiciii.LABEVENTS,Triiodothyronine (T3),51001,adjudicated:both_agree,"三碘甲状腺原氨酸 T3(ng/dL, p50 65.8)。目录无甲状腺功能概念。"
mimic-iii,mimiciii.LABEVENTS,Valproic Acid,51008,adjudicated:both_agree,"丙戊酸血药浓度(ug/mL, p50 45, 落在治疗窗50-100)。属治疗药物监测, 目录 medication 组仅含血管活性药物剂量, 无对应。"
mimic-iii,mimiciii.LABEVENTS,"Glucose, CSF",51014,adjudicated:both_agree,"脑脊液葡萄糖。与目录 glucose(血糖)非同一临床概念, 临床用途为CSF/血糖比值判断感染, 目录无CSF变体。"
mimic-iii,mimiciii.LABEVENTS,"Total Protein, CSF",51018,adjudicated:both_agree,"脑脊液总蛋白。目录 total_protein 为血清项(g/dL, 正常6-8), 此处单位 mg/dL 且 p50≈47.7, 标本与量纲均不同, 属另一临床概念。"
mimic-iii,mimiciii.LABEVENTS,"Amylase, Body Fluid",51026,adjudicated:both_agree,"体液淀粉酶(IU/L)。非血清标本, 与目录 amylase 非同一概念。"
mimic-iii,mimiciii.LABEVENTS,"Albumin, Pleural",51046,adjudicated:both_agree,"胸水白蛋白(g/dL, p50 1.49)。与血清 albumin 标本及值域均不同, 非同一概念。"
mimic-iii,mimiciii.LABEVENTS,"Amylase, Pleural",51047,adjudicated:both_agree,"胸水淀粉酶(IU/L)。非血清标本, 与目录 amylase 非同一概念。"
mimic-iii,mimiciii.LABEVENTS,"Glucose, Pleural",51053,adjudicated:both_agree,"胸水葡萄糖(mg/dL, p50 121)。与目录 glucose(血糖)标本不同, 临床解读(脓胸/类风湿性胸腔积液低糖)亦不同。"
mimic-iii,mimiciii.LABEVENTS,"Lactate Dehydrogenase, Pleural",51054,adjudicated:both_agree,"胸水乳酸脱氢酶。目录 ld_ldh 为血清项, 胸水LDH属 Light 标准专用指标, 非同一概念。"
mimic-iii,mimiciii.LABEVENTS,"Total Protein, Pleural",51059,adjudicated:both_agree,"胸水总蛋白(g/dL, p50 2.2)。用于 Light 标准判断渗出/漏出, 与血清 total_protein 非同一概念。"
mimic-iii,mimiciii.LABEVENTS,"Albumin, Urine",51069,adjudicated:both_agree,"尿白蛋白(mg/dL, p50 7.5)。目录 albumin 为血清白蛋白(g/dL, p50≈3), 标本与量纲均不同。"
mimic-iii,mimiciii.LABEVENTS,"Bicarbonate, Urine",51076,adjudicated:both_agree,"尿碳酸氢盐(mEq/L, p50 16.5)。目录 bicarbonate 为血清/血气项, 尿HCO3用于肾小管酸中毒评估, 非同一概念。"
mimic-iii,mimiciii.LABEVENTS,"Calcium, Urine",51077,adjudicated:both_agree,"尿钙(mg/dL, p50 3.36)。目录 calcium 为血清钙(p50≈8-9 mg/dL), 标本与值域均不符。"
mimic-iii,mimiciii.LABEVENTS,"Immunofixation, Urine",51086,adjudicated:both_agree,尿免疫固定电泳(定性)。目录无对应。
mimic-iii,mimiciii.LABEVENTS,pH,51094,adjudicated:both_agree,"尿 pH。虽标签为 pH, 但 dict_category=Chemistry 且 p01 1.0 / p50 5.91 / p99 9.0, 与血气 ph(p50≈7.4, 窄幅)值域明显不符, 属尿液化学项。"
mimic-iii,mimiciii.LABEVENTS,"Phosphate, Urine",51095,adjudicated:both_agree,"尿磷(mg/dL)。目录中既无磷酸盐概念, 且为尿标本, 无对应。"
mimic-iii,mimiciii.LABEVENTS,"Prot. Electrophoresis, Urine",51098,adjudicated:both_agree,"尿蛋白电泳(+/-)。定性电泳项, 目录无对应。"
mimic-iii,mimiciii.LABEVENTS,Protein/Creatinine Ratio,51099,adjudicated:both_agree,"尿蛋白/肌酐比值(Ratio, p50 0.77)。为衍生比值指标, 目录中无对应概念。"
mimic-iii,mimiciii.LABEVENTS,Uhold,51103,adjudicated:both_agree,"Uhold, 尿标本留存/挂起标记, categorical 且无数值。属标本处理状态而非测量量。"
mimic-iii,mimiciii.LABEVENTS,Urine Volume,51108,adjudicated:both_agree,"尿量/送检尿标本体积(mL, p50 1789, 为24小时留尿体积)。目录无尿量或出量概念。"
mimic-iii,mimiciii.LABEVENTS,Lymphocytes,51116,adjudicated:both_agree,"腹水淋巴细胞百分比, 与 51128 同批。非外周血 lymphocytes。"
mimic-iii,mimiciii.LABEVENTS,Macrophage,51117,adjudicated:both_agree,"腹水巨噬细胞百分比。体液细胞学项, 目录无对应。"
mimic-iii,mimiciii.LABEVENTS,Mesothelial Cell,51118,adjudicated:both_agree,"腹水间皮细胞百分比。体液细胞学项, 目录无对应。"
mimic-iii,mimiciii.LABEVENTS,Monocytes,51120,adjudicated:both_agree,"腹水单核细胞百分比(与 51128 WBC,Ascites 同批 n_rows 808/n_keys 451)。非外周血 monocytes。"
mimic-iii,mimiciii.LABEVENTS,Polys,51125,adjudicated:both_agree,"腹水多形核细胞百分比(Polys), 与 51128 同批。腹水PMN是SBP诊断指标, 非外周血 neutrophils。"
mimic-iii,mimiciii.LABEVENTS,"RBC, Ascites",51127,adjudicated:both_agree,"腹水红细胞计数(#/uL), 与 51128 同批。非外周血 rbc。"
mimic-iii,mimiciii.LABEVENTS,"WBC, Ascites",51128,adjudicated:both_agree,"腹水白细胞计数(#/uL, p50 148)。用于自发性细菌性腹膜炎判断, 与血 wbc 非同一概念。"
mimic-iii,mimiciii.LABEVENTS,Acanthocytes,51134,adjudicated:both_agree,"棘形红细胞(血涂片形态学, categorical)。形态描述项, 目录无对应。"
mimic-iii,mimiciii.LABEVENTS,Bite Cells,51147,adjudicated:both_agree,"咬痕细胞(血涂片形态学)。形态描述项, 目录无对应。"
mimic-iii,mimiciii.LABEVENTS,"CD4 Cells, Percent",51180,adjudicated:both_agree,"CD4 细胞百分比。流式免疫分型项, 与目录任何白细胞分类概念均不同。"
mimic-iii,mimiciii.LABEVENTS,Elliptocytes,51197,adjudicated:both_agree,"椭圆形红细胞(血涂片形态学)。形态描述项, 目录无对应。"
mimic-iii,mimiciii.LABEVENTS,Fragmented Cells,51216,adjudicated:both_agree,"破碎红细胞/裂红细胞(血涂片形态学)。形态描述项, 目录无对应。"
mimic-iii,mimiciii.LABEVENTS,Promyelocytes,51269,adjudicated:both_agree,"早幼粒细胞百分比。目录中未成熟粒系仅列 metamyelocytes 与 immature_granulocytes, 且二者并列说明目录按细胞类型分立, promyelocytes 无对应条目。"
mimic-iii,mimiciii.LABEVENTS,"Reticulocyte Count, Manual",51284,adjudicated:both_agree,"手工网织红细胞计数(%, p50 3.06)。目录无网织红细胞概念。"
mimic-iii,mimiciii.LABEVENTS,Spherocytes,51292,adjudicated:both_agree,"球形红细胞(血涂片形态学, categorical)。形态描述项, 目录无对应。"
mimic-iii,mimiciii.LABEVENTS,Macrophage,51352,adjudicated:both_agree,"体液(CSF系列)巨噬细胞百分比。体液细胞学项, 目录无对应。"
mimic-iii,mimiciii.LABEVENTS,Lymphocytes,51427,adjudicated:both_agree,"其他体液细胞分类中的淋巴细胞百分比(与 51438/51439 Other Fluid 同批, n_rows 595/n_keys 513)。非外周血 lymphocytes。"
mimic-iii,mimiciii.LABEVENTS,Macrophage,51428,adjudicated:both_agree,"其他体液巨噬细胞百分比。体液细胞学项, 目录无对应。"
mimic-iii,mimiciii.LABEVENTS,Monos,51431,adjudicated:both_agree,"其他体液单核细胞百分比(Monos), 与 51427 同批。非外周血 monocytes。"
mimic-iii,mimiciii.LABEVENTS,Polys,51436,adjudicated:both_agree,"其他体液多形核细胞百分比(Polys), 与 51427 同批。非外周血 neutrophils。"
mimic-iii,mimiciii.LABEVENTS,"RBC, Other Fluid",51438,adjudicated:both_agree,"其他体液红细胞计数(#/uL, p99 达 2.8e6)。非外周血 rbc。"
mimic-iii,mimiciii.LABEVENTS,"WBC, Other Fluid",51439,adjudicated:both_agree,其他体液白细胞计数(#/uL)。与血 wbc 标本及单位量级均不同。
mimic-iii,mimiciii.LABEVENTS,Lymphocytes,51446,adjudicated:both_agree,"胸水细胞分类中的淋巴细胞百分比(与 51458 WBC,Pleural 同批 n_rows≈893/n_keys 680)。目录 lymphocytes 为外周血分类, 非同一概念。"
mimic-iii,mimiciii.LABEVENTS,Macrophages,51447,adjudicated:both_agree,"胸水巨噬细胞百分比(与 51446/51448 同批)。体液细胞学项, 目录无对应。"
mimic-iii,mimiciii.LABEVENTS,Mesothelial Cells,51448,adjudicated:both_agree,"胸水间皮细胞百分比。体液细胞学项, 目录无对应。"
mimic-iii,mimiciii.LABEVENTS,Monos,51450,adjudicated:both_agree,"胸水单核细胞百分比(Monos), 与 51458 同批。非外周血 monocytes。"
mimic-iii,mimiciii.LABEVENTS,Polys,51455,adjudicated:both_agree,"胸水多形核细胞百分比(Polys), 与 51458 同批。虽 Polys 在外周血等价于中性粒细胞, 但此处为胸水分类, 与目录 neutrophils 非同一概念。"
mimic-iii,mimiciii.LABEVENTS,"RBC, Pleural",51457,adjudicated:both_agree,"胸水红细胞计数(#/uL)。目录 rbc 为外周血(m/uL), 标本与量级不同。"
mimic-iii,mimiciii.LABEVENTS,"WBC, Pleural",51458,adjudicated:both_agree,"胸水白细胞计数(#/uL, p50 367)。目录 wbc 为外周血(K/uL), 标本与量级均不同。"
mimic-iii,mimiciii.LABEVENTS,Calcium Oxalate Crystals,51469,adjudicated:both_agree,"草酸钙结晶(尿镜检)。镜检形态项, 目录无对应。"
mimic-iii,mimiciii.LABEVENTS,Renal Epithelial Cells,51497,adjudicated:both_agree,"尿沉渣肾小管上皮细胞(#/hpf)。属尿镜检半定量项, 目录无对应。"
mimic-iii,mimiciii.LABEVENTS,Uric Acid Crystals,51505,adjudicated:both_agree,"尿酸结晶(尿镜检, categorical)。镜检形态项, 目录无对应。"
mimic-iii,mimiciii.LABEVENTS,Urine Specimen Type,51513,adjudicated:both_agree,"尿标本类型(categorical)。属标本修饰属性而非测量量, 符合 Type/Site 类修饰属性陷阱。"
mimic-iii,mimiciii.LABEVENTS,WBC Clumps,51518,adjudicated:both_agree,"尿沉渣白细胞团(WBC Clumps, categorical)。镜检形态描述, 非测量量。"
eicu,eicu.lab,uric acid,uric acid,adjudicated:both_agree,"Serum uric acid (mg/dL, p50 5.15) is clinically plausible for the analyte, but no uric_acid concept exists in the 138-name catalog and it is not a synonym of any listed lab."
eicu,eicu.lab,Peak Airway/Pressure,Peak Airway/Pressure,adjudicated:both_agree,"Peak inspiratory airway pressure (cm H2O, p50 20, p99 49). Physiologically distinct from plateau_pressure (which excludes resistive component) and from peep; no peak_pressure concept exists in the catalog."
eicu,eicu.lab,urinary osmolality,urinary osmolality,adjudicated:both_agree,"Urine osmolality (mOsm/L, p50 387) is a urine-specimen concentration measure with no corresponding entry in the catalog."
eicu,eicu.lab,Digoxin,Digoxin,adjudicated:both_agree,"Therapeutic drug level (ng/mL, p50 1.0, therapeutic range 0.8-2.0). The catalog's medication concepts (dobutamine, dopamine, epinephrine, norepinephrine, vasopressin, phenylephrine) are infusion rates, not drug assays, and digoxin is absent entirely."
eicu,eicu.lab,Acetaminophen,Acetaminophen,adjudicated:both_agree,Acetaminophen serum level (mcg/mL) for overdose assessment; no such analyte or medication concept in the catalog.
eicu,eicu.lab,reticulocyte count,reticulocyte count,adjudicated:both_agree,"Reticulocyte percentage; the catalog's differential entries cover leukocyte lines (bands, neutrophils, lymphocytes, monocytes, eosinophils, basophils, nrbc, immature_granulocytes) and red-cell indices (mcv, mch, mchc, rdw, rbc), none of which is reticulocytes."
eicu,eicu.lab,Phenytoin,Phenytoin,adjudicated:both_agree,"Anticonvulsant drug level (mcg/mL, p50 11.1, therapeutic 10-20); no phenytoin concept and no generic drug-level concept in the catalog."
eicu,eicu.lab,salicylate,salicylate,adjudicated:both_agree,Salicylate toxicology level (mg/dL); no corresponding concept in the catalog.
eicu,eicu.lab,haptoglobin,haptoglobin,adjudicated:both_agree,"Haptoglobin (mg/dL, p50 163), a hemolysis marker; not present in the catalog and not equivalent to any listed protein concept (total_protein, globulin, albumin are different analytes)."
eicu,eicu.lab,transferrin,transferrin,adjudicated:both_agree,"Transferrin (mg/dL, p50 153), an iron-transport protein; absent from the catalog and distinct from total_protein/globulin/albumin."
eicu,eicu.lab,protein - CSF,protein - CSF,adjudicated:both_agree,"Cerebrospinal-fluid protein (mg/dL, p50 52). Different specimen and different reference scale from serum total_protein (g/dL, ~6-8), so it is not the same clinical concept despite the shared word 'protein'."
eicu,eicu.lab,glucose - CSF,glucose - CSF,adjudicated:both_agree,"CSF glucose (p50 74 mg/dL). The catalog's glucose concept is blood/serum glucose; a CSF specimen measurement is a distinct clinical quantity used for meningitis workup, so name similarity alone does not justify the mapping."
eicu,eicu.lab,myoglobin,myoglobin,adjudicated:both_agree,"Serum myoglobin (ng/mL); a rhabdomyolysis/cardiac marker absent from the catalog and not interchangeable with ck_cpk, ck_mb, or troponin_t."
eicu,eicu.lab,WBC's in cerebrospinal fluid,WBC's in cerebrospinal fluid,adjudicated:both_agree,"CSF leukocyte count (p50 6, p99 7511 cells). Different specimen and different scale from blood wbc (K/uL, p50 ~10); not the same clinical concept."
eicu,eicu.lab,24 h urine protein,24 h urine protein,adjudicated:both_agree,24-hour urinary protein excretion (mg/24HR); a timed urine collection quantity with no catalog counterpart.
eicu,eicu.lab,WBC's in body fluid,WBC's in body fluid,adjudicated:both_agree,"Leukocyte count in pleural/peritoneal/other body fluid (p50 377, p99 159920); a fluid-specimen cell count, not blood wbc."
eicu,eicu.lab,T4,T4,adjudicated:both_agree,"Thyroxine (mcg/dL, p50 6.8); no thyroid-function concept exists in the catalog."
eicu,eicu.nurseCharting,Other Vital Signs and Infusions|Pain Present|Value,Other Vital Signs and Infusions|Pain Present|Value,adjudicated:adjudicated,"采纳 B。dtype=categorical 的疼痛有无标志，是护理筛查性的存在性判断，不是 pain_score 的 0-10 强度分值，也不是 pain_goal 的目标值。项目内已有直接先例：mimic-iii CHARTEVENTS itemid 1046 'Pain Present' 与 mimic-iv chartevents itemid 223781 'Pain Present' 均已在 unknown_set_adjudicated.csv 中双标注一致判为 UNKNOWN（理由为 binary presence-of-pain flag, not the 0-10 intensity concept pain_score）；eICU 本行是同一类字段的第三库对应物，必须保持跨库一致。另外 gold_pairs.csv 显示 eICU 的 pain_score 已由 'Scores|Pain Score/Goal|Pain Score'（p99=10）承载、pain_goal 已由两条字段承载，本行并非它们的重复来源。目录中无疼痛存在性概念，故判 UNKNOWN 而非 UNSURE。"
eicu,eicu.nurseCharting,Other Vital Signs and Infusions|CVP (mmHg)|Value,Other Vital Signs and Infusions|CVP (mmHg)|Value,adjudicated:both_agree,"Central venous pressure, p50 11.3 mmHg — clinically plausible and clearly identifiable, but the 138-name catalog contains no CVP concept. It is not the same quantity as paop (wedge/left-sided filling), icp, iap, mbp, or pamean, so no valid target exists."
eicu,eicu.nurseCharting,Scores|Fall Risk|Fall Risk,Scores|Fall Risk|Fall Risk,adjudicated:both_agree,"Categorical nursing fall-risk assessment (e.g. Morse/Hendrich). A safety-screening instrument, not a physiological measurement, and absent from the catalog."
eicu,eicu.nurseCharting,Vital Signs and Infusions|Electrolyte Replacement|Electrolyte Replacement,Vital Signs and Infusions|Electrolyte Replacement|Electrolyte Replacement,adjudicated:both_agree,"Categorical nursing documentation of electrolyte repletion administration. It records a therapeutic action, not a measured serum electrolyte, so it must not be conflated with potassium/sodium/calcium/chloride; no catalog concept covers it."
eicu,eicu.nurseCharting,ECG|ECG (secs)|QRS,ECG|ECG (secs)|QRS,adjudicated:both_agree,"QRS duration in seconds (p50 0.08 s, p99 0.21 s) — a normal-to-wide QRS interval. ECG interval measurements have no counterpart in the catalog, which contains no electrocardiographic-interval concepts."
eicu,eicu.nurseCharting,ECG|ECG (secs)|PR,ECG|ECG (secs)|PR,adjudicated:both_agree,"PR interval in seconds (p50 0.16 s), a normal AV conduction time. No ECG-interval concept exists in the catalog."
eicu,eicu.nurseCharting,ECG|ECG (secs)|QT,ECG|ECG (secs)|QT,adjudicated:both_agree,"QT interval in seconds (p50 0.36 s). No ECG-interval concept in the catalog; also distinct from the ectopy_* concepts, which describe arrhythmia type/frequency rather than intervals."
eicu,eicu.nurseCharting,ECG|ECG (secs)|QTc,ECG|ECG (secs)|QTc,adjudicated:both_agree,Rate-corrected QT (p50 0.42 s; the p99 of 437 reflects entries charted in milliseconds). No ECG-interval concept exists in the catalog regardless of the unit mixing.
eicu,eicu.respiratoryCharting,respFlowSettings|Peak Flow,respFlowSettings|Peak Flow,adjudicated:both_agree,"Ventilator peak inspiratory flow setting, p50 60 L/min (typical dialed value 40-80 L/min). Despite sharing the L/min unit with o2_flow, that concept is supplemental oxygen flow with a p50 of only a few L/min; these are different physical quantities and mapping them would be a name/unit coincidence, not concept identity."
eicu,eicu.respiratoryCharting,respFlowSettings|Pressure Control,respFlowSettings|Pressure Control,adjudicated:both_agree,"Pressure-control inspiratory pressure level (p50 17.7, p99 35.0 cmH2O). A ventilator-mode-specific driving pressure setting; the catalog has peep and plateau_pressure but no inspiratory/control-pressure concept."
eicu,eicu.respiratoryCharting,respFlowSettings|Pressure to Trigger PS,respFlowSettings|Pressure to Trigger PS,adjudicated:both_agree,"Trigger sensitivity threshold for pressure support (p01 -2, p50 2, p99 8), spanning negative pressure-trigger and positive flow-trigger conventions. A ventilator sensitivity setting with no catalog counterpart."
eicu,eicu.respiratoryCharting,respFlowCareData|Head of Bed Elevated,respFlowCareData|Head of Bed Elevated,adjudicated:both_agree,"Categorical nursing/VAP-bundle documentation of bed-angle positioning. A care-process attribute, not a physiological measurement; no catalog concept applies."
