db,src_table,field_name,reason
eicu,customLab,GFR,站点自定义化验名
eicu,customLab,VE,站点自定义化验名
eicu,customLab,MV,站点自定义化验名
eicu,customLab,Abs Neuts,站点自定义化验名
eicu,customLab,Neuts,站点自定义化验名
eicu,customLab,Sample Type,站点自定义化验名
eicu,customLab,Neuts %,站点自定义化验名
eicu,customLab,Crt w Est GFR,站点自定义化验名
eicu,customLab,Whole Bld Ioniz Calcium,站点自定义化验名
eicu,customLab,eGFR,站点自定义化验名
eicu,customLab,WB Ionized Calcium pH,站点自定义化验名
eicu,customLab,Absol Neut,站点自定义化验名
eicu,customLab,MVE,站点自定义化验名
eicu,customLab,Note,站点自定义化验名
eicu,customLab,V.E.,站点自定义化验名
eicu,customLab,Type,站点自定义化验名
eicu,customLab,BNP,站点自定义化验名
eicu,customLab,Creatinine w Est GFR,站点自定义化验名
eicu,customLab,VT,站点自定义化验名
eicu,customLab,Crt  w Est GFR,站点自定义化验名
eicu,customLab,serum osmo,站点自定义化验名
eicu,customLab,Influenza B,站点自定义化验名
eicu,customLab,Neut %,站点自定义化验名
eicu,customLab,Influenza A,站点自定义化验名
eicu,customLab,Plasma Lactic Acid Ven,站点自定义化验名
eicu,customLab,Peep High/ Peep Low,站点自定义化验名
eicu,customLab,D-Dimer,站点自定义化验名
eicu,customLab,wh bl ion calcium,站点自定义化验名
eicu,customLab,Crt w GFR,站点自定义化验名
eicu,customLab,WB ion calcium PH,站点自定义化验名
eicu,customLab,B-Natriuretic Peptide,站点自定义化验名
eicu,customLab,Ionized Calcium,站点自定义化验名
eicu,customLab,BUN/Creat ratio,站点自定义化验名
eicu,customLab,Crt c Est GFR,站点自定义化验名
eicu,customLab,Influenza Type B,站点自定义化验名
eicu,customLab,Vitamin B12,站点自定义化验名
eicu,customLab,THB,站点自定义化验名
eicu,customLab,Pro-BNP,站点自定义化验名
eicu,customLab,PSV,站点自定义化验名
eicu,customLab,Influenza Type A,站点自定义化验名
eicu,customLab,TSH,站点自定义化验名
eicu,customLab,HGB A1C,站点自定义化验名
eicu,customLab,GFR Calculation,站点自定义化验名
eicu,customLab,Folate,站点自定义化验名
eicu,customLab,Heparin Level,站点自定义化验名
eicu,customLab,Creatinene w Est GFR,站点自定义化验名
eicu,customLab,Creatinine w/ Est GFR,站点自定义化验名
eicu,customLab,Pro BNP,站点自定义化验名
eicu,customLab,proBNP,站点自定义化验名
eicu,customLab,A/G ratio,站点自定义化验名
eicu,customLab,"Heparin Anti-Xa, Unfract",站点自定义化验名
eicu,customLab,Creatinine w GFR,站点自定义化验名
eicu,customLab,absolute neut,站点自定义化验名
eicu,customLab,NT-proBNP,站点自定义化验名
eicu,customLab,Hep anti-Xa level,站点自定义化验名
eicu,customLab,Abso Neuts,站点自定义化验名
eicu,customLab,Ionized Ca pH,站点自定义化验名
eicu,customLab,Ionized Ca,站点自定义化验名
eicu,customLab,URINE RBC,站点自定义化验名
eicu,customLab,URINE WBC,站点自定义化验名
eicu,customLab,Glycated Hemoglobin,站点自定义化验名
eicu,customLab,URINE NITRATE,站点自定义化验名
eicu,customLab,URINE pH,站点自定义化验名
eicu,customLab,URINE UROBILINOGEN,站点自定义化验名
eicu,customLab,URINE COLOR,站点自定义化验名
eicu,customLab,Ammonia,站点自定义化验名
eicu,customLab,Brain nat peptide,站点自定义化验名
eicu,customLab,neutrophil,站点自定义化验名
eicu,customLab,"Cortisol,AM",站点自定义化验名
eicu,customLab,"Occult Blood, Stool",站点自定义化验名
eicu,customLab,creat w/est GFR,站点自定义化验名
eicu,customLab,Whole Bld ionized,站点自定义化验名
eicu,customLab,URINE GLUCOSE,站点自定义化验名
eicu,customLab,URINE PROTEIN,站点自定义化验名
eicu,customLab,URINE BACTERIA,站点自定义化验名
eicu,customLab,MRSA,站点自定义化验名
eicu,customLab,amphetamine,站点自定义化验名
eicu,customLab,indirect bilirubin,站点自定义化验名
eicu,customLab,lactic acid,站点自定义化验名
eicu,customLab,Notes,站点自定义化验名
eicu,customLab,CLO Test,站点自定义化验名
eicu,customLab,hypochromasia,站点自定义化验名
eicu,customLab,monos-manual,站点自定义化验名
eicu,customLab,lymphs-manual,站点自定义化验名
eicu,customLab,band neutrophils,站点自定义化验名
eicu,customLab,alb/glob ratio,站点自定义化验名
eicu,customLab,PIP,站点自定义化验名
eicu,customLab,Myoglobin,站点自定义化验名
eicu,customLab,B-Hydroxybutyratew,站点自定义化验名
eicu,customLab,lymph,站点自定义化验名
eicu,customLab,Influenza Type A Ag,站点自定义化验名
eicu,customLab,alk phos,站点自定义化验名
eicu,customLab,Direct Coombs,站点自定义化验名
eicu,customLab,Benzodiazepines Screen,站点自定义化验名
eicu,customLab,NT-pro BNP,站点自定义化验名
eicu,customLab,CSF Character,站点自定义化验名
eicu,customLab,CSF Color,站点自定义化验名
eicu,customLab,CSF Polynu,站点自定义化验名
eicu,customLab,LDH,站点自定义化验名
eicu,customLab,TIBC,站点自定义化验名
eicu,customLab,Vitamin B-12,站点自定义化验名
eicu,customLab,absol neutrophils,站点自定义化验名
eicu,customLab,CEA,站点自定义化验名
eicu,customLab,Tricyclic,站点自定义化验名
eicu,customLab,Opiates,站点自定义化验名
eicu,customLab,leukocyte esterase,站点自定义化验名
eicu,customLab,"Urobilinogen, quali",站点自定义化验名
eicu,customLab,clarity,站点自定义化验名
eicu,customLab,O2 sat venous,站点自定义化验名
eicu,customLab,"Urobilinogen, qual",站点自定义化验名
eicu,customLab,nitrite,站点自定义化验名
eicu,customLab,pH urine,站点自定义化验名
eicu,customLab,"bilirubin, urine",站点自定义化验名
eicu,customLab,Venous pH,站点自定义化验名
eicu,customLab,"Glucose, urine",站点自定义化验名
eicu,customLab,METHADONE,站点自定义化验名
eicu,customLab,OXYCODONE,站点自定义化验名
eicu,customLab,ACETAMINOPHEN,站点自定义化验名
eicu,customLab,BENZODIAZEPAMS,站点自定义化验名
eicu,customLab,URINE APPEARANCE,站点自定义化验名
eicu,customLab,URINE BLOOD,站点自定义化验名
eicu,customLab,URINE KETONES,站点自定义化验名
eicu,customLab,UR LEUKOCYE ESTERASE,站点自定义化验名
eicu,customLab,INFLUENZA B AG,站点自定义化验名
eicu,customLab,URINE BILIRUBIN,站点自定义化验名
eicu,customLab,UR SPECIFIC GRAVITY,站点自定义化验名
eicu,customLab,rbc urine,站点自定义化验名
eicu,customLab,urine protien,站点自定义化验名
eicu,customLab,bacteria urine,站点自定义化验名
eicu,customLab,urobilinogen,站点自定义化验名
eicu,customLab,wbc urine,站点自定义化验名
eicu,customLab,epi's urine,站点自定义化验名
eicu,customLab,A1c Hgb,站点自定义化验名
eicu,customLab,Occult Blood,站点自定义化验名
eicu,customLab,Pre-Albumin,站点自定义化验名
eicu,customLab,carbon monoxice,站点自定义化验名
eicu,customLab,Urine Potassium,站点自定义化验名
eicu,customLab,urine sodium,站点自定义化验名
eicu,customLab,urine osm,站点自定义化验名
eicu,customLab,RR,站点自定义化验名
eicu,customLab,Ps,站点自定义化验名
eicu,customLab,Spont,站点自定义化验名
eicu,customLab,esr,站点自定义化验名
eicu,customLab,d- Dimer,站点自定义化验名
eicu,customLab,B-Natriurectic Peptide,站点自定义化验名
eicu,customLab,nucleated RBCs,站点自定义化验名
eicu,customLab,plt estiimate,站点自定义化验名
eicu,customLab,immature gran %,站点自定义化验名
eicu,customLab,URINE OCCULT BLOOD,站点自定义化验名
eicu,customLab,URINE LEUKOCYTE ESTERASE,站点自定义化验名
eicu,customLab,URINE SQUAMOUS EPITH CELLS,站点自定义化验名
eicu,customLab,URINE CLARITY,站点自定义化验名
eicu,customLab,UR SPICIFIC GRAVITY,站点自定义化验名
eicu,customLab,Heparin Anti-Xa Unfract,站点自定义化验名
eicu,customLab,Influenza Type B Ag,站点自定义化验名
eicu,customLab,B-Hydroxybutyrate,站点自定义化验名
eicu,customLab,Neut,站点自定义化验名
eicu,customLab,UIBC,站点自定义化验名
eicu,customLab,Mycoplasma,站点自定义化验名
eicu,customLab,25-OH Vitamin D Total,站点自定义化验名
eicu,customLab,DDimer,站点自定义化验名
eicu,customLab,CSF RBC,站点自定义化验名
eicu,customLab,CSF Volume,站点自定义化验名
eicu,customLab,CSF Gluc,站点自定义化验名
eicu,customLab,CSF Prot,站点自定义化验名
eicu,customLab,CSF WBC,站点自定义化验名
eicu,customLab,Bleeding Time,站点自定义化验名
eicu,customLab,Iron,站点自定义化验名
eicu,customLab,bedside glucose,站点自定义化验名
eicu,customLab,absolute neutrophil,站点自定义化验名
eicu,customLab,MRSA DNA PCR,站点自定义化验名
eicu,customLab,barbituates,站点自定义化验名
eicu,customLab,Benzo,站点自定义化验名
eicu,customLab,THC,站点自定义化验名
eicu,customLab,PCP,站点自定义化验名
eicu,customLab,Methamphetamine,站点自定义化验名
eicu,customLab,Epithelial cells,站点自定义化验名
eicu,customLab,Bacteria,站点自定义化验名
eicu,customLab,"occult blood, urine",站点自定义化验名
eicu,customLab,"UA, color",站点自定义化验名
eicu,customLab,specific gravity,站点自定义化验名
eicu,customLab,"Protein, urine",站点自定义化验名
eicu,customLab,T Chol/HDL,站点自定义化验名
eicu,customLab,SALICYLATES,站点自定义化验名
eicu,customLab,UR METHAMPHETAMINES,站点自定义化验名
eicu,customLab,UR TRICYCLICS,站点自定义化验名
eicu,customLab,ETHYL ALCOHOL,站点自定义化验名
eicu,customLab,T4 free,站点自定义化验名
eicu,customLab,neuts absol,站点自定义化验名
eicu,customLab,UR SQUAMOUS EPITH CELLS,站点自定义化验名
eicu,customLab,% Ethyl Alcohol,站点自定义化验名
eicu,customLab,"Alcohol, Quantitative",站点自定义化验名
eicu,customLab,mycoplasma IgM,站点自定义化验名
eicu,customLab,WB Ionized Ca+ pH,站点自定义化验名
eicu,customLab,Whole blood Ionized CA+,站点自定义化验名
eicu,customLab,mucous urine,站点自定义化验名
eicu,customLab,Leuk Est,站点自定义化验名
eicu,customLab,RTE's urine,站点自定义化验名
eicu,customLab,urine bile,站点自定义化验名
eicu,customLab,c&s,站点自定义化验名
eicu,customLab,Vitamin B 12,站点自定义化验名
eicu,customLab,benzos,站点自定义化验名
eicu,customLab,troponin,站点自定义化验名
eicu,customLab,Samply Typle,站点自定义化验名
eicu,customLab,AC,站点自定义化验名
eicu,infusionDrug,Fentanyl (ml/hr),"输注药名, 不在概念目录内"
eicu,infusionDrug,Propofol (ml/hr),"输注药名, 不在概念目录内"
eicu,infusionDrug,Fentanyl (mcg/hr),"输注药名, 不在概念目录内"
eicu,infusionDrug,Insulin (units/hr),"输注药名, 不在概念目录内"
eicu,infusionDrug,Propofol (mcg/kg/min),"输注药名, 不在概念目录内"
eicu,infusionDrug,Midazolam (mg/hr),"输注药名, 不在概念目录内"
eicu,infusionDrug,Heparin (ml/hr),"输注药名, 不在概念目录内"
eicu,infusionDrug,Midazolam (ml/hr),"输注药名, 不在概念目录内"
eicu,infusionDrug,Dexmedetomidine (ml/hr),"输注药名, 不在概念目录内"
eicu,infusionDrug,Insulin (ml/hr),"输注药名, 不在概念目录内"
eicu,infusionDrug,Amiodarone (ml/hr),"输注药名, 不在概念目录内"
eicu,infusionDrug,Heparin (units/hr),"输注药名, 不在概念目录内"
eicu,infusionDrug,NS (ml/hr),"输注药名, 不在概念目录内"
eicu,infusionDrug,Amiodarone (mg/min),"输注药名, 不在概念目录内"
eicu,infusionDrug,Dexmedetomidine (mcg/kg/hr),"输注药名, 不在概念目录内"
eicu,infusionDrug,NSS (ml/hr),"输注药名, 不在概念目录内"
eicu,infusionDrug,Phenylephrine (ml/hr),"输注药名, 不在概念目录内"
eicu,infusionDrug,Nicardipine (ml/hr),"输注药名, 不在概念目录内"
eicu,infusionDrug,Milrinone (ml/hr),"输注药名, 不在概念目录内"
eicu,infusionDrug,Nicardipine (mg/hr),"输注药名, 不在概念目录内"
eicu,infusionDrug,Phenylephrine (mcg/min),"输注药名, 不在概念目录内"
eicu,infusionDrug,Pantoprazole (ml/hr),"输注药名, 不在概念目录内"
eicu,infusionDrug,Propofol (),"输注药名, 不在概念目录内"
eicu,infusionDrug,Diltiazem (ml/hr),"输注药名, 不在概念目录内"
eicu,infusionDrug,Diltiazem (mg/hr),"输注药名, 不在概念目录内"
eicu,infusionDrug,Pantoprazole (mg/hr),"输注药名, 不在概念目录内"
eicu,infusionDrug,Fentanyl (),"输注药名, 不在概念目录内"
eicu,infusionDrug,IVF (ml/hr),"输注药名, 不在概念目录内"
eicu,infusionDrug,Nitroglycerin (ml/hr),"输注药名, 不在概念目录内"
eicu,infusionDrug,Sodium Bicarb IVF Infused (ml/hr),"输注药名, 不在概念目录内"
eicu,infusionDrug,Furosemide (ml/hr),"输注药名, 不在概念目录内"
eicu,infusionDrug,Nitroglycerin (mcg/min),"输注药名, 不在概念目录内"
eicu,infusionDrug,Octreotide (ml/hr),"输注药名, 不在概念目录内"
eicu,infusionDrug,Furosemide (mg/hr),"输注药名, 不在概念目录内"
eicu,infusionDrug,Amiodarone (),"输注药名, 不在概念目录内"
eicu,infusionDrug,Octreotide (mcg/hr),"输注药名, 不在概念目录内"
eicu,infusionDrug,LR (ml/hr),"输注药名, 不在概念目录内"
eicu,infusionDrug,Phenylephrine (mcg/kg/min),"输注药名, 不在概念目录内"
eicu,infusionDrug,Milrinone (mcg/kg/min),"输注药名, 不在概念目录内"
eicu,infusionDrug,MIV (ml/hr),"输注药名, 不在概念目录内"
eicu,infusionDrug,Heparin (),"输注药名, 不在概念目录内"
eicu,infusionDrug,Insulin (),"输注药名, 不在概念目录内"
eicu,infusionDrug,Insulin 250 Units Sodium Chloride 0.9% 250 ml (units/hr),"输注药名, 不在概念目录内"
eicu,infusionDrug,NitroGLYCERIN IVF Infused (ml/hr),"输注药名, 不在概念目录内"
eicu,infusionDrug,TPN (ml/hr),"输注药名, 不在概念目录内"
eicu,infusionDrug,"Volume (ml) Heparin-heparin 25,000 units in dextrose 500 mL infusion (ml/hr)","输注药名, 不在概念目录内"
eicu,infusionDrug,Calcium Gluconate IVF Infused (ml/hr),"输注药名, 不在概念目录内"
eicu,infusionDrug,Bumetanide (ml/hr),"输注药名, 不在概念目录内"
eicu,infusionDrug,Volume (mL) TPN (ml/hr),"输注药名, 不在概念目录内"
eicu,infusionDrug,Nitroprusside (ml/hr),"输注药名, 不在概念目录内"
eicu,infusionDrug,"Volume (ml) Heparin-heparin 25,000 units in 0.45 % sodium chloride 500 mL infusion (ml/hr)","输注药名, 不在概念目录内"
eicu,infusionDrug,Hydromorphone IVF Infused (ml/hr),"输注药名, 不在概念目录内"
eicu,infusionDrug,Volume (mL) Lipids (ml/hr),"输注药名, 不在概念目录内"
eicu,infusionDrug,D5W (ml/hr),"输注药名, 不在概念目录内"
eicu,infusionDrug,Esmolol (mcg/kg/min),"输注药名, 不在概念目录内"
eicu,infusionDrug,Phenylephrine (),"输注药名, 不在概念目录内"
eicu,infusionDrug,Nicardipine (),"输注药名, 不在概念目录内"
eicu,infusionDrug,Fentanyl (mcg/kg/hr),"输注药名, 不在概念目录内"
eicu,infusionDrug,Morphine (mg/hr),"输注药名, 不在概念目录内"
eicu,infusionDrug,0.9% NS (ml/hr),"输注药名, 不在概念目录内"
eicu,infusionDrug,Nimbex (mcg/kg/min),"输注药名, 不在概念目录内"
eicu,infusionDrug,Esmolol (ml/hr),"输注药名, 不在概念目录内"
eicu,infusionDrug,Pantoprazole (),"输注药名, 不在概念目录内"
eicu,infusionDrug,Volume (ml) Phenylephrine (),"输注药名, 不在概念目录内"
eicu,infusionDrug,3% Sodium Chloride IVF Infused (ml/hr),"输注药名, 不在概念目录内"
eicu,infusionDrug,Volume (mL) Magnesium  (ml/hr),"输注药名, 不在概念目录内"
eicu,infusionDrug,Lorazepam (mg/hr),"输注药名, 不在概念目录内"
eicu,infusionDrug,Bumetanide (mg/hr),"输注药名, 不在概念目录内"
eicu,infusionDrug,Diltiazem (),"输注药名, 不在概念目录内"
eicu,infusionDrug,Propofol (Diprivan) 1000 mg  100 ml  Premix (mcg/kg/min),"输注药名, 不在概念目录内"
eicu,infusionDrug,0.9% NSS (ml/hr),"输注药名, 不在概念目录内"
eicu,infusionDrug,Lorazepam (ml/hr),"输注药名, 不在概念目录内"
eicu,infusionDrug,Normal Saline (ml/hr),"输注药名, 不在概念目录内"
eicu,infusionDrug,Lidocaine (ml/hr),"输注药名, 不在概念目录内"
eicu,infusionDrug,Eptifibatide (ml/hr),"输注药名, 不在概念目录内"
eicu,infusionDrug,Nitroglycerin (),"输注药名, 不在概念目录内"
eicu,infusionDrug,Heparin (units/kg/hr),"输注药名, 不在概念目录内"
eicu,infusionDrug,Fentanyl (mcg/kg/min),"输注药名, 不在概念目录内"
eicu,infusionDrug,Cisatracurium IVF Infused (ml/hr),"输注药名, 不在概念目录内"
eicu,infusionDrug,Furosemide (),"输注药名, 不在概念目录内"
eicu,infusionDrug,Morphine (ml/hr),"输注药名, 不在概念目录内"
eicu,infusionDrug,FentaNYL (Sublimaze) 2500 mcg Sodium Chloride 0.9% 250 ml  Premix (mcg/hr),"输注药名, 不在概念目录内"
eicu,infusionDrug,Propofol (mg/kg/min),"输注药名, 不在概念目录内"
eicu,infusionDrug,Magnesium Sulfate IVF Infused (ml/hr),"输注药名, 不在概念目录内"
eicu,infusionDrug,Volume-Transfuse RBC (ml/hr),"输注药名, 不在概念目录内"
eicu,infusionDrug,0.9 NS (ml/hr),"输注药名, 不在概念目录内"
eicu,infusionDrug,Argatroban (mcg/kg/min),"输注药名, 不在概念目录内"
eicu,infusionDrug,Eptifibatide (mcg/kg/min),"输注药名, 不在概念目录内"
eicu,infusionDrug,0.9 NSS (ml/hr),"输注药名, 不在概念目录内"
eicu,infusionDrug,Ketamine (mg/hr),"输注药名, 不在概念目录内"
eicu,infusionDrug,0.9NS (ml/hr),"输注药名, 不在概念目录内"
eicu,infusionDrug,Alteplase IVF Infused (ml/hr),"输注药名, 不在概念目录内"
eicu,infusionDrug,D10 (ml/hr),"输注药名, 不在概念目录内"
eicu,infusionDrug,Aminocaproic Acid IVF Infused (ml/hr),"输注药名, 不在概念目录内"
eicu,infusionDrug,Nitroprusside (mcg/kg/min),"输注药名, 不在概念目录内"
eicu,infusionDrug,NUTREN 1.5 (ml/hr),"输注药名, 不在概念目录内"
eicu,infusionDrug,D5NS (ml/hr),"输注药名, 不在概念目录内"
eicu,infusionDrug,Labetalol (ml/hr),"输注药名, 不在概念目录内"
eicu,infusionDrug,Argatroban IVF Infused (ml/hr),"输注药名, 不在概念目录内"
eicu,infusionDrug,Labetalol (mg/min),"输注药名, 不在概念目录内"
eicu,infusionDrug,Dexmedetomidine (mcg/kg/hr) (mcg/kg/hr),"输注药名, 不在概念目录内"
eicu,infusionDrug,Octreotide (),"输注药名, 不在概念目录内"
eicu,infusionDrug,PRBC (ml/hr),"输注药名, 不在概念目录内"
eicu,infusionDrug,Milrinone (),"输注药名, 不在概念目录内"
eicu,infusionDrug,Dexmedetomidine(Precedex) 400 mcg Sodium Chloride 0.9% 100 ml (mcg/kg/hr),"输注药名, 不在概念目录内"
eicu,infusionDrug,Methylprednisolone IVF infused (Unknown),"输注药名, 不在概念目录内"
eicu,infusionDrug,IV (ml/hr),"输注药名, 不在概念目录内"
eicu,infusionDrug,1/2 NS (ml/hr),"输注药名, 不在概念目录内"
eicu,infusionDrug,Lidocaine (mg/min),"输注药名, 不在概念目录内"
eicu,infusionDrug,cisatracurium (mcg/kg/min),"输注药名, 不在概念目录内"
eicu,infusionDrug,0.9%NS (ml/hr),"输注药名, 不在概念目录内"
eicu,infusionDrug,Lorazepam (),"输注药名, 不在概念目录内"
eicu,infusionDrug,Morphine (),"输注药名, 不在概念目录内"
eicu,infusionDrug,Fentanyl,"输注药名, 不在概念目录内"
eicu,infusionDrug,Isoproterenol (mcg/min),"输注药名, 不在概念目录内"
eicu,infusionDrug,Lipids (ml/hr),"输注药名, 不在概念目录内"
eicu,infusionDrug,Propofol,"输注药名, 不在概念目录内"
eicu,infusionDrug,MAIN (ml/hr),"输注药名, 不在概念目录内"
eicu,infusionDrug,TF (ml/hr),"输注药名, 不在概念目录内"
eicu,infusionDrug,.9 NS (ml/hr),"输注药名, 不在概念目录内"
eicu,infusionDrug,Lactated Ringers (ml/hr),"输注药名, 不在概念目录内"
eicu,infusionDrug,0.9%NSS (ml/hr),"输注药名, 不在概念目录内"
eicu,infusionDrug,Insulin,"输注药名, 不在概念目录内"
eicu,infusionDrug,0.9% NaCl (ml/hr),"输注药名, 不在概念目录内"
eicu,infusionDrug,NSS  (ml/hr),"输注药名, 不在概念目录内"
eicu,infusionDrug,cisatracurium Volume (ml) (ml/hr),"输注药名, 不在概念目录内"
eicu,infusionDrug,NS  (ml/hr),"输注药名, 不在概念目录内"
eicu,infusionDrug,Phenylephrine  STD 20 mg Sodium Chloride 0.9% 250 ml (mcg/min),"输注药名, 不在概念目录内"
eicu,infusionDrug,D5 1/2 NS (ml/hr),"输注药名, 不在概念目录内"
eicu,infusionDrug,Epoprostenol (nanograms/kg/min),"输注药名, 不在概念目录内"
eicu,infusionDrug,Pantoprazole(Protonix) (mg/hr),"输注药名, 不在概念目录内"
eicu,infusionDrug,D5LR (ml/hr),"输注药名, 不在概念目录内"
eicu,infusionDrug,Levophed (mcg/min),"输注药名, 不在概念目录内"
eicu,infusionDrug,3% NS (ml/hr),"输注药名, 不在概念目录内"
eicu,infusionDrug,Phenylephrine  MAX 100 mg Sodium Chloride 0.9% 250 ml (mcg/min),"输注药名, 不在概念目录内"
eicu,infusionDrug,.9NSS (ml/hr),"输注药名, 不在概念目录内"
eicu,infusionDrug,Nitroglycerin (mcg/kg/min),"输注药名, 不在概念目录内"
eicu,infusionDrug,0.9NSS (ml/hr),"输注药名, 不在概念目录内"
eicu,infusionDrug,Insulin Scale A (units/hr),"输注药名, 不在概念目录内"
eicu,infusionDrug,Heparin,"输注药名, 不在概念目录内"
eicu,infusionDrug,Midazolam (Versed) 100 mg Sodium Chloride 0.9% 100 ml (mg/hr),"输注药名, 不在概念目录内"
eicu,infusionDrug,Isoproterenol (ml/hr),"输注药名, 不在概念目录内"
eicu,infusionDrug,Calcium Chloride mL/hr (ml/hr),"输注药名, 不在概念目录内"
eicu,infusionDrug,D51/2NS (ml/hr),"输注药名, 不在概念目录内"
eicu,infusionDrug,Citrate mL/hr (ml/hr),"输注药名, 不在概念目录内"
eicu,infusionDrug,D5 1/2NS (ml/hr),"输注药名, 不在概念目录内"
eicu,infusionDrug,Amicar (ml/hr),"输注药名, 不在概念目录内"
eicu,infusionDrug,KVO (ml/hr),"输注药名, 不在概念目录内"
eicu,infusionDrug,Bicarb (ml/hr),"输注药名, 不在概念目录内"
eicu,infusionDrug,Volume-Transfuse fresh frozen plasma (ml/hr),"输注药名, 不在概念目录内"
eicu,infusionDrug,Insulin (units/kg/hr),"输注药名, 不在概念目录内"
eicu,infusionDrug,Cisatracurium (mg/hr),"输注药名, 不在概念目录内"
eicu,infusionDrug,.9 NSS (ml/hr),"输注药名, 不在概念目录内"
eicu,infusionDrug,D5 (ml/hr),"输注药名, 不在概念目录内"
eicu,infusionDrug,0.45 NSS (ml/hr),"输注药名, 不在概念目录内"
eicu,infusionDrug,Vecuronium (mcg/kg/min),"输注药名, 不在概念目录内"
eicu,infusionDrug,Heparin 25000 Units Dextrose 5% 500 ml  Premix (units/kg/hr),"输注药名, 不在概念目录内"
eicu,infusionDrug,Amiodarone,"输注药名, 不在概念目录内"
eicu,infusionDrug,Alteplase (mg/hr),"输注药名, 不在概念目录内"
eicu,infusionDrug,NS for Blood Administration (ml/hr),"输注药名, 不在概念目录内"
eicu,infusionDrug,Dilaudid (mg/hr),"输注药名, 不在概念目录内"
eicu,infusionDrug,0.9% (ml/hr),"输注药名, 不在概念目录内"
eicu,infusionDrug,"Volume (mL)-sodium chloride 0.9 % bolus 1,000 mL (ml/hr)","输注药名, 不在概念目录内"
eicu,infusionDrug,Mannitol IVF Infused (ml/hr),"输注药名, 不在概念目录内"
eicu,infusionDrug,Isoproterenol (),"输注药名, 不在概念目录内"
eicu,infusionDrug,Nimbex (mg/hr),"输注药名, 不在概念目录内"
eicu,infusionDrug,Dexmedetomidine,"输注药名, 不在概念目录内"
eicu,infusionDrug,Esmolol (),"输注药名, 不在概念目录内"
eicu,infusionDrug,hydromorphone (mg/hr),"输注药名, 不在概念目录内"
eicu,infusionDrug,.45 NSS (ml/hr),"输注药名, 不在概念目录内"
eicu,infusionDrug,3% saline (ml/hr),"输注药名, 不在概念目录内"
eicu,infusionDrug,Volume (mL) Argatroban (ml/hr),"输注药名, 不在概念目录内"
eicu,infusionDrug,Amiodarone (mg/min) (mg/min),"输注药名, 不在概念目录内"
eicu,infusionDrug,Phenylephrine,"输注药名, 不在概念目录内"
eicu,infusionDrug,Pentobarbital (mg/kg/hr),"输注药名, 不在概念目录内"
eicu,infusionDrug,Midazolam,"输注药名, 不在概念目录内"
eicu,infusionDrug,Volume (mL)-sodium chloride 0.9 % bolus 500 mL (ml/hr),"输注药名, 不在概念目录内"
eicu,infusionDrug,Dexmetetomidine (Precedex) (mcg/kg/hr),"输注药名, 不在概念目录内"
eicu,infusionDrug,Tube Feed (ml/hr),"输注药名, 不在概念目录内"
eicu,infusionDrug,NiCARDipine (premix) 20 mg Sodium Chloride 0.9% 200 ml (mg/hr),"输注药名, 不在概念目录内"
eicu,infusionDrug,.45 NS (ml/hr),"输注药名, 不在概念目录内"
eicu,infusionDrug,D10W (ml/hr),"输注药名, 不在概念目录内"
eicu,infusionDrug,1/2 NSS (ml/hr),"输注药名, 不在概念目录内"
eicu,infusionDrug,Water flush (ml/hr),"输注药名, 不在概念目录内"
eicu,infusionDrug,Normal Saline 0.9% (ml/hr),"输注药名, 不在概念目录内"
eicu,infusionDrug,Nitroprusside (),"输注药名, 不在概念目录内"
eicu,infusionDrug,Eptifibatide (mcg/min),"输注药名, 不在概念目录内"
eicu,infusionDrug,Protonix (mg/hr),"输注药名, 不在概念目录内"
eicu,infusionDrug,ZOSYN (ml/hr),"输注药名, 不在概念目录内"
eicu,infusionDrug,HYDROmorphone (Dilaudid) 50 mg Sodium Chloride 0.9% 250 ml  Premix (mg/hr),"输注药名, 不在概念目录内"
eicu,infusionDrug,Naloxone IVF Infused (ml/hr),"输注药名, 不在概念目录内"
eicu,infusionDrug,D5.45NS (ml/hr),"输注药名, 不在概念目录内"
eicu,infusionDrug,D5 / 0.45% NSS (ml/hr),"输注药名, 不在概念目录内"
eicu,infusionDrug,Nitroglycerin(25mg/250ml) 25 mg Dextrose 5% 250 ml  Premix (glass bottle) (mcg/min),"输注药名, 不在概念目录内"
eicu,infusionDrug,3% NaCl (ml/hr),"输注药名, 不在概念目录内"
eicu,infusionDrug,Normal Saline  (ml/hr),"输注药名, 不在概念目录内"
eicu,infusionDrug,NiCARDipine (std) 50 mg Sodium Chloride 0.9% 500 ml (mg/hr),"输注药名, 不在概念目录内"
eicu,infusionDrug,Rocuronium (mcg/kg/min),"输注药名, 不在概念目录内"
eicu,infusionDrug,NS KVO (ml/hr),"输注药名, 不在概念目录内"
eicu,infusionDrug,NIMBEX  (mcg/kg/min),"输注药名, 不在概念目录内"
eicu,infusionDrug,H20 TF flush  (ml/hr),"输注药名, 不在概念目录内"
eicu,infusionDrug,Angiomax (mg/kg/hr),"输注药名, 不在概念目录内"
eicu,infusionDrug,Aminophylline IVF Infused (ml/hr),"输注药名, 不在概念目录内"
eicu,infusionDrug,Sodium Bicarb (ml/hr),"输注药名, 不在概念目录内"
eicu,infusionDrug,D5 1/2NSS (ml/hr),"输注药名, 不在概念目录内"
eicu,infusionDrug,0.45NS (ml/hr),"输注药名, 不在概念目录内"
eicu,infusionDrug,Nicardipine,"输注药名, 不在概念目录内"
eicu,infusionDrug,Levothyroxine (mcg/hr),"输注药名, 不在概念目录内"
eicu,infusionDrug,Amiodarone (maintenance) 900 mg Dextrose 5% 500 ml (mg/min),"输注药名, 不在概念目录内"
eicu,infusionDrug,D5NSS (ml/hr),"输注药名, 不在概念目录内"
eicu,infusionDrug,Dexmedetomidine Inj 400 Mcg in Sodium Chloride 0.9% 100 ml (mcg/kg/hr),"输注药名, 不在概念目录内"
eicu,infusionDrug,epidural (ml/hr),"输注药名, 不在概念目录内"
eicu,infusionDrug,TPA (mg/hr),"输注药名, 不在概念目录内"
eicu,infusionDrug,Banana Bag (ml/hr),"输注药名, 不在概念目录内"
eicu,infusionDrug,Insulin Scale B (units/hr),"输注药名, 不在概念目录内"
eicu,infusionDrug,0.45 NS (ml/hr),"输注药名, 不在概念目录内"
eicu,infusionDrug,ARGACTROBAN (mcg/kg/min),"输注药名, 不在概念目录内"
eicu,infusionDrug,NS +20KCL (ml/hr),"输注药名, 不在概念目录内"
eicu,infusionDrug,Glucerna 1.5 (ml/hr),"输注药名, 不在概念目录内"
eicu,infusionDrug,Acetylcysteine (mg/kg/hr),"输注药名, 不在概念目录内"
eicu,infusionDrug,0.9% Normal Saline (ml/hr),"输注药名, 不在概念目录内"
eicu,infusionDrug,Abciximab (ml/hr),"输注药名, 不在概念目录内"
eicu,infusionDrug,Morphine 250 mg Sodium Chloride 0.9% 250 ml  Premix (mg/hr),"输注药名, 不在概念目录内"
eicu,infusionDrug,0.9% NSS  (ml/hr),"输注药名, 不在概念目录内"
eicu,infusionDrug,0.9% Saline (ml/hr),"输注药名, 不在概念目录内"
eicu,infusionDrug,Pantoprazole (mg/hr) (mg/hr),"输注药名, 不在概念目录内"
eicu,infusionDrug,Other mL/hr (ml/hr),"输注药名, 不在概念目录内"
eicu,infusionDrug,Hypertonic Saline (ml/hr),"输注药名, 不在概念目录内"
eicu,infusionDrug,Normosol (ml/hr),"输注药名, 不在概念目录内"
eicu,infusionDrug,Esomeprazole (mg/hr),"输注药名, 不在概念目录内"
eicu,infusionDrug,FFP (ml/hr),"输注药名, 不在概念目录内"
eicu,infusionDrug,Diltiazem,"输注药名, 不在概念目录内"
eicu,infusionDrug,Dilaudid PCA (mg/hr),"输注药名, 不在概念目录内"
eicu,infusionDrug,Diltiazem(Cardizem) mg/hr (mg/hr),"输注药名, 不在概念目录内"
eicu,infusionDrug,NS,"输注药名, 不在概念目录内"
eicu,infusionDrug,ivpb (ml/hr),"输注药名, 不在概念目录内"
eicu,infusionDrug,Diltiazem (Cardizem) 125 mg Sodium Chloride 0.9% 125 ml (mg/hr),"输注药名, 不在概念目录内"
eicu,infusionDrug,Pentobarbital (ml/hr),"输注药名, 不在概念目录内"
eicu,infusionDrug,Ketamine (mg/kg/hr),"输注药名, 不在概念目录内"
eicu,infusionDrug,0.45%NS (ml/hr),"输注药名, 不在概念目录内"
eicu,infusionDrug,0.45% NS (ml/hr),"输注药名, 不在概念目录内"
eicu,infusionDrug,Volume (mL) Acetylcysteine (ml/hr),"输注药名, 不在概念目录内"
eicu,infusionDrug,PPN (ml/hr),"输注药名, 不在概念目录内"
eicu,infusionDrug,Precedex (mcg/kg/hr),"输注药名, 不在概念目录内"
eicu,infusionDrug,Midazolam (),"输注药名, 不在概念目录内"
eicu,infusionDrug,atracurium (mcg/kg/min),"输注药名, 不在概念目录内"
eicu,infusionDrug,Vecuronium IVF Infused (ml/hr),"输注药名, 不在概念目录内"
eicu,infusionDrug,Argatroban (mcg/kg/hr),"输注药名, 不在概念目录内"
eicu,infusionDrug,Bicarb gtt (ml/hr),"输注药名, 不在概念目录内"
eicu,infusionDrug,Dilaudid PCA -Infusion (ml/hr),"输注药名, 不在概念目录内"
eicu,infusionDrug,Volume-Transfuse Pheresed Platelets (ml/hr),"输注药名, 不在概念目录内"
eicu,infusionDrug,3% hypertonic (ml/hr),"输注药名, 不在概念目录内"
eicu,infusionDrug,Insulin- Scale A (units/hr),"输注药名, 不在概念目录内"
eicu,infusionDrug,Protonix (ml/hr),"输注药名, 不在概念目录内"
eicu,infusionDrug,D5 0.45 NS (ml/hr),"输注药名, 不在概念目录内"
eicu,infusionDrug,NOVASOURCE RENAL (ml/hr),"输注药名, 不在概念目录内"
eicu,infusionDrug,5% Dextrose (ml/hr),"输注药名, 不在概念目录内"
eicu,infusionDrug,D5/0.45NS (ml/hr),"输注药名, 不在概念目录内"
eicu,infusionDrug,LORazepam (Ativan) 100 mg Sodium Chloride 0.9% 100 ml  Premix (mg/hr),"输注药名, 不在概念目录内"
eicu,infusionDrug,Esmolol (Brevibloc) 2500 mg Sodium Chloride 0.9% 250 ml (mcg/kg/min),"输注药名, 不在概念目录内"
eicu,infusionDrug,NS + ABX (ml/hr),"输注药名, 不在概念目录内"
eicu,infusionDrug,PRBCs (ml/hr),"输注药名, 不在概念目录内"
eicu,infusionDrug,Albumin (ml/hr),"输注药名, 不在概念目录内"
eicu,infusionDrug,NaHCO3 (ml/hr),"输注药名, 不在概念目录内"
eicu,infusionDrug,Volume-Transfuse RBC,"输注药名, 不在概念目录内"
eicu,infusionDrug,Volume (mL) Tenecteplase (ml/hr),"输注药名, 不在概念目录内"
eicu,infusionDrug,D5 LR (ml/hr),"输注药名, 不在概念目录内"
eicu,infusionDrug,Eptifibatide (),"输注药名, 不在概念目录内"
eicu,infusionDrug,Amicar (mg/hr),"输注药名, 不在概念目录内"
eicu,infusionDrug,LASIX (ml/hr),"输注药名, 不在概念目录内"
eicu,infusionDrug,Lactated Ringer (ml/hr),"输注药名, 不在概念目录内"
eicu,infusionDrug,Nitroglycerin,"输注药名, 不在概念目录内"
eicu,infusionDrug,HCO3 (ml/hr),"输注药名, 不在概念目录内"
eicu,infusionDrug,Sodium Bicarbonate mL/hr (ml/hr),"输注药名, 不在概念目录内"
eicu,infusionDrug,Labetalol (mg/hr),"输注药名, 不在概念目录内"
eicu,infusionDrug,NUTREN 1..5 (ml/hr),"输注药名, 不在概念目录内"
eicu,infusionDrug,NS with KCL 20 MeQ (ml/hr),"输注药名, 不在概念目录内"
eicu,infusionDrug,Magnesium Sulfate (mg/hr),"输注药名, 不在概念目录内"
eicu,infusionDrug,.45NS (ml/hr),"输注药名, 不在概念目录内"
eicu,infusionDrug,Altepase (mg/hr),"输注药名, 不在概念目录内"
eicu,infusionDrug,0.45% NSS (ml/hr),"输注药名, 不在概念目录内"
eicu,infusionDrug,NSS + abx (ml/hr),"输注药名, 不在概念目录内"
eicu,infusionDrug,3% (ml/hr),"输注药名, 不在概念目录内"
eicu,infusionDrug,Tirofiban (ml/hr),"输注药名, 不在概念目录内"
eicu,infusionDrug,Sodium Bicarbonate (ml/hr),"输注药名, 不在概念目录内"
eicu,infusionDrug,Veletri (ml/hr),"输注药名, 不在概念目录内"
eicu,infusionDrug,0.9%NSS  (ml/hr),"输注药名, 不在概念目录内"
eicu,infusionDrug,Fentanyl PCA (mcg/hr),"输注药名, 不在概念目录内"
eicu,infusionDrug,Cisatracurium (Nimbex)STD 200 mg Sodium Chloride 0.9% 1000 ml (mcg/kg/min),"输注药名, 不在概念目录内"
eicu,infusionDrug,Tube Feeds  (ml/hr),"输注药名, 不在概念目录内"
eicu,infusionDrug,KCL RIDER (ml/hr),"输注药名, 不在概念目录内"
eicu,infusionDrug,D5 .45NS (ml/hr),"输注药名, 不在概念目录内"
eicu,infusionDrug,NS MF (ml/hr),"输注药名, 不在概念目录内"
eicu,infusionDrug,Tube Feed Flushes (ml/hr),"输注药名, 不在概念目录内"
eicu,infusionDrug,3% HYPERTONIC SALINE (ml/hr),"输注药名, 不在概念目录内"
eicu,infusionDrug,Lidocaine (),"输注药名, 不在概念目录内"
eicu,infusionDrug,Fentanyl (mg/hr),"输注药名, 不在概念目录内"
eicu,infusionDrug,tube feeds (ml/hr),"输注药名, 不在概念目录内"
eicu,infusionDrug,Pantoprazole,"输注药名, 不在概念目录内"
eicu,infusionDrug,BOLUS (ml/hr),"输注药名, 不在概念目录内"
eicu,infusionDrug,D5.45NSS (ml/hr),"输注药名, 不在概念目录内"
eicu,infusionDrug,D5/W (ml/hr),"输注药名, 不在概念目录内"
eicu,infusionDrug,Neosynephrine (mcg/min),"输注药名, 不在概念目录内"
eicu,infusionDrug,NS abx (ml/hr),"输注药名, 不在概念目录内"
eicu,infusionDrug,Fibersource TF (ml/hr),"输注药名, 不在概念目录内"
eicu,infusionDrug,cardene (mg/hr),"输注药名, 不在概念目录内"
eicu,infusionDrug,Pantoprazole (mg/kg/hr),"输注药名, 不在概念目录内"
eicu,infusionDrug,Bivalirudin IVF Infused (ml/hr),"输注药名, 不在概念目录内"
eicu,infusionDrug,Milrinone,"输注药名, 不在概念目录内"
eicu,infusionDrug,Propofol (mcg/kg/hr),"输注药名, 不在概念目录内"
eicu,infusionDrug,Furosemide,"输注药名, 不在概念目录内"
eicu,infusionDrug,1/2NS (ml/hr),"输注药名, 不在概念目录内"
eicu,infusionDrug,D5 0.9 NS (ml/hr),"输注药名, 不在概念目录内"
eicu,infusionDrug,Narcan (mg/hr),"输注药名, 不在概念目录内"
eicu,infusionDrug,MVI (ml/hr),"输注药名, 不在概念目录内"
eicu,infusionDrug,Tirofiban (mcg/kg/min),"输注药名, 不在概念目录内"
eicu,infusionDrug,1/2NSS (ml/hr),"输注药名, 不在概念目录内"
eicu,infusionDrug,NS w/ 20 KCL (ml/hr),"输注药名, 不在概念目录内"
eicu,infusionDrug,NSS 3% (ml/hr),"输注药名, 不在概念目录内"
eicu,infusionDrug,Rocuronium IVF Infused (ml/hr),"输注药名, 不在概念目录内"
eicu,infusionDrug,NSS,"输注药名, 不在概念目录内"
eicu,infusionDrug,D5 NS (ml/hr),"输注药名, 不在概念目录内"
eicu,infusionDrug,Volume (ml) Heparin-heparin infusion 2 units/mL in 0.9% sodium chloride (ARTERIAL LINE) (ml/hr),"输注药名, 不在概念目录内"
eicu,infusionDrug,Acetylcysteine (ml/hr),"输注药名, 不在概念目录内"
eicu,infusionDrug,3% NORMAL SALINE (ml/hr),"输注药名, 不在概念目录内"
eicu,infusionDrug,Precedex (mg/kg/hr),"输注药名, 不在概念目录内"
eicu,infusionDrug,NS 0.9% (ml/hr),"输注药名, 不在概念目录内"
eicu,infusionDrug,NSS/ atbx (ml/hr),"输注药名, 不在概念目录内"
eicu,infusionDrug,IVF's (ml/hr),"输注药名, 不在概念目录内"
eicu,infusionDrug,Volume (mL) Naloxone (ml/hr),"输注药名, 不在概念目录内"
eicu,infusionDrug,abx (ml/hr),"输注药名, 不在概念目录内"
eicu,infusionDrug,0.9% NS  (ml/hr),"输注药名, 不在概念目录内"
eicu,infusionDrug,NSS #1 (ml/hr),"输注药名, 不在概念目录内"
eicu,infusionDrug,Versed (mg/hr),"输注药名, 不在概念目录内"
eicu,infusionDrug,NSS 0.9% (ml/hr),"输注药名, 不在概念目录内"
eicu,infusionDrug,Agatroban (mcg/kg/min),"输注药名, 不在概念目录内"
eicu,infusionDrug,NiCARDipine (max) 100 mg Sodium Chloride 0.9% 250 ml (mg/hr),"输注药名, 不在概念目录内"
eicu,infusionDrug,D5 1/2 NSS (ml/hr),"输注药名, 不在概念目录内"
eicu,infusionDrug,Amiodarone (mg/hr),"输注药名, 不在概念目录内"
eicu,infusionDrug,TPA (ml/hr),"输注药名, 不在概念目录内"
eicu,infusionDrug,D5 0.9%NSS (ml/hr),"输注药名, 不在概念目录内"
eicu,infusionDrug,N/S (ml/hr),"输注药名, 不在概念目录内"
eicu,infusionDrug,3%NaCl (ml/hr),"输注药名, 不在概念目录内"
eicu,infusionDrug,CISATRACURIUM  (mg/hr),"输注药名, 不在概念目录内"
eicu,infusionDrug,NIMBEX (mcg/kg/hr),"输注药名, 不在概念目录内"
eicu,infusionDrug,NS + 20meq KCL (ml/hr),"输注药名, 不在概念目录内"
eicu,infusionDrug,Dexmedetomidine Inj 400 Mcg in Dextrose 5% 100 ml (mcg/kg/hr),"输注药名, 不在概念目录内"
eicu,infusionDrug,D5/0.45 NSS (ml/hr),"输注药名, 不在概念目录内"
eicu,infusionDrug,PRBC's (ml/hr),"输注药名, 不在概念目录内"
eicu,infusionDrug,H2O flush (ml/hr),"输注药名, 不在概念目录内"
eicu,infusionDrug,Levophed (ml/hr),"输注药名, 不在概念目录内"
eicu,infusionDrug,0.9 NSS (carrier) (ml/hr),"输注药名, 不在概念目录内"
eicu,infusionDrug,Hypertonic 3% saline (ml/hr),"输注药名, 不在概念目录内"
eicu,infusionDrug,NSS control (ml/hr),"输注药名, 不在概念目录内"
eicu,infusionDrug,Oxytocin IVF Infused (ml/hr),"输注药名, 不在概念目录内"
eicu,infusionDrug,Dexmedetomidine (mcg/min),"输注药名, 不在概念目录内"
eicu,infusionDrug,NSS w/ABT (ml/hr),"输注药名, 不在概念目录内"
eicu,infusionDrug,NSS w/ Anbx (ml/hr),"输注药名, 不在概念目录内"
eicu,infusionDrug,.45% Normal Saline (ml/hr),"输注药名, 不在概念目录内"
eicu,infusionDrug,Aminocaproic acid MAX 25 g Sodium Chloride 0.9% 250 ml (Unknown),"输注药名, 不在概念目录内"
eicu,infusionDrug,Midazolam (mcg/kg/min),"输注药名, 不在概念目录内"
eicu,infusionDrug,0.2 % NS (ml/hr),"输注药名, 不在概念目录内"
eicu,infusionDrug,Octreotide (mcg/hr) (mcg/hr),"输注药名, 不在概念目录内"
eicu,infusionDrug,RL (ml/hr),"输注药名, 不在概念目录内"
eicu,infusionDrug,Ninbex (mcg/kg/min),"输注药名, 不在概念目录内"
eicu,infusionDrug,NaBicarb (ml/hr),"输注药名, 不在概念目录内"
eicu,infusionDrug,NS 0.9%  (ml/hr),"输注药名, 不在概念目录内"
eicu,infusionDrug,Pantoprazole (Protonix) 80 mg Sodium Chloride 0.9% 250 ml (mg/hr),"输注药名, 不在概念目录内"
eicu,infusionDrug,NACL (ml/hr),"输注药名, 不在概念目录内"
eicu,infusionDrug,Hypertonic Saline 3% (ml/hr),"输注药名, 不在概念目录内"
eicu,infusionDrug,0.45% NaCl (ml/hr),"输注药名, 不在概念目录内"
eicu,infusionDrug,Fibersource (ml/hr),"输注药名, 不在概念目录内"
eicu,infusionDrug,Insulin (mg/hr),"输注药名, 不在概念目录内"
eicu,infusionDrug,Fibersource HN (ml/hr),"输注药名, 不在概念目录内"
eicu,infusionDrug,Fentanyl (Unknown),"输注药名, 不在概念目录内"
eicu,infusionDrug,Dexmedetomidine (mcg/hr),"输注药名, 不在概念目录内"
eicu,infusionDrug,Volume (ml) Abciximab  (ml/hr),"输注药名, 不在概念目录内"
eicu,infusionDrug,Nitroglycerin (Unknown),"输注药名, 不在概念目录内"
eicu,infusionDrug,Abciximab (mcg/kg/min),"输注药名, 不在概念目录内"
eicu,infusionDrug,Midazolam (mg/kg/hr),"输注药名, 不在概念目录内"
eicu,infusionDrug,Na Bicarb (ml/hr),"输注药名, 不在概念目录内"
eicu,infusionDrug,"bupiv .1%, fent 2mcg/ml, duramorph 40mcg/ml (ml/hr)","输注药名, 不在概念目录内"
eicu,infusionDrug,Nepro (ml/hr),"输注药名, 不在概念目录内"
eicu,infusionDrug,Prograf drip (ml/hr),"输注药名, 不在概念目录内"
eicu,infusionDrug,NSw/20KCL (ml/hr),"输注药名, 不在概念目录内"
eicu,infusionDrug,TKO (ml/hr),"输注药名, 不在概念目录内"
eicu,infusionDrug,D5.9NSS (ml/hr),"输注药名, 不在概念目录内"
eicu,infusionDrug,PCA Dilaudid (mg/hr),"输注药名, 不在概念目录内"
eicu,infusionDrug,Vecuronium (mcg/kg/hr),"输注药名, 不在概念目录内"
eicu,infusionDrug,narcan (mcg/kg/hr),"输注药名, 不在概念目录内"
eicu,infusionDrug,D5/0.45%NS (ml/hr),"输注药名, 不在概念目录内"
eicu,infusionDrug,Volume (mL)-sodium chloride 0.9 % bolus 250 mL (ml/hr),"输注药名, 不在概念目录内"
eicu,infusionDrug,Cisatracurium (Nimbex)MAX 200 mg Sodium Chloride 0.9% 500 ml (mcg/kg/min),"输注药名, 不在概念目录内"
eicu,infusionDrug,SODIUM BICARB. GTT (ml/hr),"输注药名, 不在概念目录内"
eicu,infusionDrug,Sodium bicarb  (ml/hr),"输注药名, 不在概念目录内"
eicu,infusionDrug,Procainamide (mg/min),"输注药名, 不在概念目录内"
eicu,infusionDrug,Phenylephrine (mcg/hr),"输注药名, 不在概念目录内"
eicu,infusionDrug,Abciximab (mcg/min),"输注药名, 不在概念目录内"
eicu,infusionDrug,Insulin (Scale A) (units/hr),"输注药名, 不在概念目录内"
eicu,infusionDrug,.45NSS (ml/hr),"输注药名, 不在概念目录内"
eicu,infusionDrug,Blood Products (ml/hr),"输注药名, 不在概念目录内"
eicu,infusionDrug,ALBUMIN 5% (ml/hr),"输注药名, 不在概念目录内"
eicu,infusionDrug,normal slaine  (ml/hr),"输注药名, 不在概念目录内"
eicu,infusionDrug,Acetylcystine 20% (mg/kg/hr),"输注药名, 不在概念目录内"
eicu,infusionDrug,PEPTAMEN AF (ml/hr),"输注药名, 不在概念目录内"
eicu,infusionDrug,NSS w/ atb (ml/hr),"输注药名, 不在概念目录内"
eicu,infusionDrug,D5 0.9NS (ml/hr),"输注药名, 不在概念目录内"
eicu,infusionDrug,1/2 NS w/ 2 amp bicarb (ml/hr),"输注药名, 不在概念目录内"
eicu,infusionDrug,NS BOLUS (ml/hr),"输注药名, 不在概念目录内"
eicu,infusionDrug,Epidural: 0.1% Bupivicaine/ 40mcg/ml Duramorph (ml/hr),"输注药名, 不在概念目录内"
eicu,infusionDrug,D5 1/2 (ml/hr),"输注药名, 不在概念目录内"
eicu,infusionDrug,D5 1/2NS w/ KCL (ml/hr),"输注药名, 不在概念目录内"
eicu,infusionDrug,IVF bolus (ml/hr),"输注药名, 不在概念目录内"
eicu,infusionDrug,D5/NSS (ml/hr),"输注药名, 不在概念目录内"
eicu,infusionDrug,3% hypertonic saline  (ml/hr),"输注药名, 不在概念目录内"
eicu,infusionDrug,Versed (ml/hr),"输注药名, 不在概念目录内"
eicu,infusionDrug,LR,"输注药名, 不在概念目录内"
eicu,infusionDrug,Acetadote (ml/hr),"输注药名, 不在概念目录内"
eicu,infusionDrug,magnesium (ml/hr),"输注药名, 不在概念目录内"
eicu,infusionDrug,Volume (ml) Eptifibatide (),"输注药名, 不在概念目录内"
eicu,infusionDrug,Cardizem (ml/hr),"输注药名, 不在概念目录内"
eicu,infusionDrug,D5/.45NS (ml/hr),"输注药名, 不在概念目录内"
eicu,infusionDrug,D5 1/2 NS with 10k+ (ml/hr),"输注药名, 不在概念目录内"
eicu,infusionDrug,Fentanyl/Bupivi Epidural (ml/hr),"输注药名, 不在概念目录内"
eicu,infusionDrug,normal saline 20K (ml/hr),"输注药名, 不在概念目录内"
eicu,infusionDrug,NS w/ABX (ml/hr),"输注药名, 不在概念目录内"
eicu,infusionDrug,NaCl 0.9% (ml/hr),"输注药名, 不在概念目录内"
eicu,infusionDrug,D5 0.45% NS (ml/hr),"输注药名, 不在概念目录内"
eicu,infusionDrug,argatroban  (mcg/kg/min),"输注药名, 不在概念目录内"
eicu,infusionDrug,3% SODIUM (ml/hr),"输注药名, 不在概念目录内"
eicu,infusionDrug,Pentobarbital (mg/hr),"输注药名, 不在概念目录内"
eicu,infusionDrug,Haldol (mg/hr),"输注药名, 不在概念目录内"
eicu,infusionDrug,Octreotide (mg/hr),"输注药名, 不在概念目录内"
eicu,infusionDrug,Platelets (ml/hr),"输注药名, 不在概念目录内"
eicu,infusionDrug,d5 w/ 3 amps bicarb (ml/hr),"输注药名, 不在概念目录内"
eicu,infusionDrug,NS+20MEQKCL (ml/hr),"输注药名, 不在概念目录内"
eicu,infusionDrug,Dilaudid PCA (ml/hr),"输注药名, 不在概念目录内"
eicu,infusionDrug,D5 .9 NSS (ml/hr),"输注药名, 不在概念目录内"
eicu,infusionDrug,HA (ml/hr),"输注药名, 不在概念目录内"
eicu,infusionDrug,Cisatracurium (mg/kg/min),"输注药名, 不在概念目录内"
eicu,infusionDrug,D5 NS w 20K (ml/hr),"输注药名, 不在概念目录内"
eicu,infusionDrug,NSS Bolus (ml/hr),"输注药名, 不在概念目录内"
eicu,infusionDrug,Volume (mL) Lipids,"输注药名, 不在概念目录内"
eicu,infusionDrug,LR w/ Anbx (ml/hr),"输注药名, 不在概念目录内"
eicu,infusionDrug,NS with 20 KCL (ml/hr),"输注药名, 不在概念目录内"
eicu,infusionDrug,1/2NS +20KCL (ml/hr),"输注药名, 不在概念目录内"
eicu,infusionDrug,D5 0.9NSS (ml/hr),"输注药名, 不在概念目录内"
eicu,infusionDrug,NSS # 2 (ml/hr),"输注药名, 不在概念目录内"
eicu,infusionDrug,D51/2 (ml/hr),"输注药名, 不在概念目录内"
eicu,infusionDrug,Volume (mL) Vecuronium  (ml/hr),"输注药名, 不在概念目录内"
eicu,infusionDrug,Phenylephrine (mcg/min) (mcg/min),"输注药名, 不在概念目录内"
eicu,infusionDrug,D5/LR (ml/hr),"输注药名, 不在概念目录内"
eicu,infusionDrug,D5LR w/10 KCL (ml/hr),"输注药名, 不在概念目录内"
eicu,infusionDrug,Octreotide,"输注药名, 不在概念目录内"
eicu,infusionDrug,NSS flush (ml/hr),"输注药名, 不在概念目录内"
eicu,infusionDrug,LR  (ml/hr),"输注药名, 不在概念目录内"
eicu,infusionDrug,nss/manifold (ml/hr),"输注药名, 不在概念目录内"
eicu,infusionDrug,vecorunium (mcg/kg/min),"输注药名, 不在概念目录内"
eicu,infusionDrug,KVO- 0.9% NS (ml/hr),"输注药名, 不在概念目录内"
eicu,infusionDrug,NS/abx (ml/hr),"输注药名, 不在概念目录内"
eicu,infusionDrug,sod bicarb-75 meqs (ml/hr),"输注药名, 不在概念目录内"
eicu,infusionDrug,Amiodarone (mcg/min) (mcg/min),"输注药名, 不在概念目录内"
eicu,infusionDrug,0.9 % NS (ml/hr),"输注药名, 不在概念目录内"
eicu,infusionDrug,0.45 Normal Saline (ml/hr),"输注药名, 不在概念目录内"
eicu,infusionDrug,Milrinone (Primacor) 40 mg Dextrose 5% 200 ml (mcg/kg/min),"输注药名, 不在概念目录内"
eicu,infusionDrug,D51/2NS20K (ml/hr),"输注药名, 不在概念目录内"
eicu,infusionDrug,Naloxone (mg/hr),"输注药名, 不在概念目录内"
eicu,infusionDrug,Nafcillin (mg/hr),"输注药名, 不在概念目录内"
eicu,infusionDrug,glucagon (mg/hr),"输注药名, 不在概念目录内"
eicu,infusionDrug,Alteplase (ml/hr),"输注药名, 不在概念目录内"
eicu,infusionDrug,Vancomycin (ml/hr),"输注药名, 不在概念目录内"
eicu,infusionDrug,dobutrex (mcg/kg/min),"输注药名, 不在概念目录内"
eicu,infusionDrug,NSS w/ precedex/fent (ml/hr),"输注药名, 不在概念目录内"
eicu,infusionDrug,IL (ml/hr),"输注药名, 不在概念目录内"
eicu,infusionDrug,normasol (ml/hr),"输注药名, 不在概念目录内"
eicu,infusionDrug,NS + 20 KCL MEQ (ml/hr),"输注药名, 不在概念目录内"
eicu,infusionDrug,d5 0.45NS (ml/hr),"输注药名, 不在概念目录内"
eicu,infusionDrug,Vecuronium (mg/hr),"输注药名, 不在概念目录内"
eicu,infusionDrug,HTS 3% (ml/hr),"输注药名, 不在概念目录内"
eicu,infusionDrug,integrilin (mcg/kg/min),"输注药名, 不在概念目录内"
eicu,infusionDrug,0.9 NaCl (ml/hr),"输注药名, 不在概念目录内"
eicu,infusionDrug,D5W +10KCL (ml/hr),"输注药名, 不在概念目录内"
eicu,infusionDrug,Dextrose 10% (ml/hr),"输注药名, 不在概念目录内"
eicu,infusionDrug,Aminophylline (ml/hr),"输注药名, 不在概念目录内"
eicu,infusionDrug,1.8%NaCl (ml/hr),"输注药名, 不在概念目录内"
eicu,infusionDrug,ABX/KVO (ml/hr),"输注药名, 不在概念目录内"
eicu,infusionDrug,D5W + NaHCO3 150meq (ml/hr),"输注药名, 不在概念目录内"
eicu,infusionDrug,TPA L Femoral (ml/hr),"输注药名, 不在概念目录内"
eicu,infusionDrug,Normal Saline 0.9 (ml/hr),"输注药名, 不在概念目录内"
eicu,infusionDrug,NS L Femoral (ml/hr),"输注药名, 不在概念目录内"
eicu,infusionDrug,TPA R Femoral (ml/hr),"输注药名, 不在概念目录内"
eicu,infusionDrug,NS R Femoral (ml/hr),"输注药名, 不在概念目录内"
eicu,infusionDrug,Naloxone (mcg/kg/hr),"输注药名, 不在概念目录内"
eicu,infusionDrug,Magnesium (mg/hr),"输注药名, 不在概念目录内"
eicu,infusionDrug,D5W w bicarb (ml/hr),"输注药名, 不在概念目录内"
eicu,infusionDrug,Tacrolimus  (mg/hr),"输注药名, 不在概念目录内"
eicu,infusionDrug,0.45%NSS (ml/hr),"输注药名, 不在概念目录内"
eicu,infusionDrug,neo-synephrine (mcg/min),"输注药名, 不在概念目录内"
eicu,infusionDrug,NSS w/ MVI (ml/hr),"输注药名, 不在概念目录内"
eicu,infusionDrug,Sterile Water with Amp Bicarb (ml/hr),"输注药名, 不在概念目录内"
eicu,infusionDrug,IVF  (ml/hr),"输注药名, 不在概念目录内"
eicu,infusionDrug,NTG (mcg/min) (mcg/min),"输注药名, 不在概念目录内"
eicu,infusionDrug,Novasource Renal TF (ml/hr),"输注药名, 不在概念目录内"
eicu,infusionDrug,epidural; fentanyl/lido/duramorph (ml/hr),"输注药名, 不在概念目录内"
eicu,infusionDrug,Cardizem (mg/hr),"输注药名, 不在概念目录内"
eicu,infusionDrug,D5.45%NS w/ 20 kcl (ml/hr),"输注药名, 不在概念目录内"
eicu,infusionDrug,TPN w/insulin (ml/hr),"输注药名, 不在概念目录内"
eicu,infusionDrug,Volume (mL) TPN,"输注药名, 不在概念目录内"
eicu,infusionDrug,Nesiritide (BNP) (ml/hr),"输注药名, 不在概念目录内"
eicu,infusionDrug,Bupivicaine Epidural infusion (ml/hr),"输注药名, 不在概念目录内"
eicu,infusionDrug,D5 0.45%NS (ml/hr),"输注药名, 不在概念目录内"
eicu,infusionDrug,D5/SodiumBicarbonate  (ml/hr),"输注药名, 不在概念目录内"
eicu,infusionDrug,SODIUM CHLORIDE 3% (ml/hr),"输注药名, 不在概念目录内"
eicu,infusionDrug,NS maintance (ml/hr),"输注药名, 不在概念目录内"
eicu,infusionDrug,cardene (ml/hr),"输注药名, 不在概念目录内"
eicu,infusionDrug,D5.45 with 20 KCL (ml/hr),"输注药名, 不在概念目录内"
eicu,infusionDrug,Epoprostenol (ml/hr),"输注药名, 不在概念目录内"
eicu,infusionDrug,Dexmedetomidine (mg/hr),"输注药名, 不在概念目录内"
eicu,infusionDrug,TubeFeed (ml/hr),"输注药名, 不在概念目录内"
eicu,infusionDrug,norma lsaline (ml/hr),"输注药名, 不在概念目录内"
eicu,infusionDrug,D 5 .45 (ml/hr),"输注药名, 不在概念目录内"
eicu,infusionDrug,ns with 20k (ml/hr),"输注药名, 不在概念目录内"
eicu,infusionDrug,D5W1/2NS W/ 10 KCL (ml/hr),"输注药名, 不在概念目录内"
eicu,infusionDrug,D5 -1/2NS (ml/hr),"输注药名, 不在概念目录内"
eicu,infusionDrug,BICARB DRIP (ml/hr),"输注药名, 不在概念目录内"
eicu,infusionDrug,SOLUMEDROL  (ml/hr),"输注药名, 不在概念目录内"
eicu,infusionDrug,D51/2NSS (ml/hr),"输注药名, 不在概念目录内"
eicu,infusionDrug,NS med flush (ml/hr),"输注药名, 不在概念目录内"
eicu,infusionDrug,Insulin (Scale B) (units/hr),"输注药名, 不在概念目录内"
eicu,infusionDrug,D5W + 3 AMPs Sodium Bicarbonate (ml/hr),"输注药名, 不在概念目录内"
eicu,infusionDrug,IVF without vasoactives (ml/hr),"输注药名, 不在概念目录内"
eicu,infusionDrug,D5 w/ 150 mEq bicarb (ml/hr),"输注药名, 不在概念目录内"
eicu,infusionDrug,Morphine,"输注药名, 不在概念目录内"
eicu,infusionDrug,NS + MVI (ml/hr),"输注药名, 不在概念目录内"
eicu,infusionDrug,blood (ml/hr),"输注药名, 不在概念目录内"
eicu,infusionDrug,.9NS (ml/hr),"输注药名, 不在概念目录内"
eicu,infusionDrug,TPA mL/hr (ml/hr),"输注药名, 不在概念目录内"
eicu,infusionDrug,.45 NS BICARB (ml/hr),"输注药名, 不在概念目录内"
eicu,infusionDrug,D5.45 (ml/hr),"输注药名, 不在概念目录内"
eicu,infusionDrug,cistacurium (mg/hr),"输注药名, 不在概念目录内"
eicu,infusionDrug,Lactated Ringers  (ml/hr),"输注药名, 不在概念目录内"
eicu,infusionDrug,D5/0.45 (ml/hr),"输注药名, 不在概念目录内"
eicu,infusionDrug,NS 0.9 % (ml/hr),"输注药名, 不在概念目录内"
eicu,infusionDrug,D51/2 NS (ml/hr),"输注药名, 不在概念目录内"
eicu,infusionDrug,Replete (ml/hr),"输注药名, 不在概念目录内"
eicu,infusionDrug,NaHCO3 in steril H20 (ml/hr),"输注药名, 不在概念目录内"
eicu,infusionDrug,0.9%  (ml/hr),"输注药名, 不在概念目录内"
eicu,infusionDrug,NS+ (ml/hr),"输注药名, 不在概念目录内"
eicu,infusionDrug,0.9NSS (carrier) (ml/hr),"输注药名, 不在概念目录内"
eicu,infusionDrug,NOVASOURCE RENAL  (ml/hr),"输注药名, 不在概念目录内"
eicu,infusionDrug,NSS 20 KCL (ml/hr),"输注药名, 不在概念目录内"
eicu,infusionDrug,Nesiritide (BNP) (mcg/kg/min),"输注药名, 不在概念目录内"
eicu,infusionDrug,D5 1/2 NS with 20meq K (ml/hr),"输注药名, 不在概念目录内"
eicu,infusionDrug,Acetylcysteine (mcg/kg/hr),"输注药名, 不在概念目录内"
eicu,infusionDrug,0.09 NS (ml/hr),"输注药名, 不在概念目录内"
eicu,infusionDrug,Glucerna 1.5 TF (ml/hr),"输注药名, 不在概念目录内"
eicu,infusionDrug,levothroxine (ml/hr),"输注药名, 不在概念目录内"
eicu,infusionDrug,Amiodarone (load) 150 mg Dextrose 5% 100 ml (mg/min),"输注药名, 不在概念目录内"
eicu,infusionDrug,D5/0.45% NS (ml/hr),"输注药名, 不在概念目录内"
eicu,infusionDrug,23.4% nacl (ml/hr),"输注药名, 不在概念目录内"
eicu,infusionDrug,NSS +abx (ml/hr),"输注药名, 不在概念目录内"
eicu,infusionDrug,Volume-Transfuse fresh frozen plasma,"输注药名, 不在概念目录内"
eicu,infusionDrug,D10/NS (ml/hr),"输注药名, 不在概念目录内"
eicu,infusionDrug,0.9% w/20meqKCL (ml/hr),"输注药名, 不在概念目录内"
eicu,infusionDrug,rbc (ml/hr),"输注药名, 不在概念目录内"
eicu,infusionDrug,Tacrolimus (ml/hr),"输注药名, 不在概念目录内"
eicu,infusionDrug,Amino acids 2.75% (ml/hr),"输注药名, 不在概念目录内"
eicu,infusionDrug,D5NS  (ml/hr),"输注药名, 不在概念目录内"
eicu,infusionDrug,Dexmedetomidine (mcg/kg/min),"输注药名, 不在概念目录内"
eicu,infusionDrug,Cisatrscurium (mg/hr),"输注药名, 不在概念目录内"
eicu,infusionDrug,0.9% NSS Main (ml/hr),"输注药名, 不在概念目录内"
eicu,infusionDrug,d5LR 10K (ml/hr),"输注药名, 不在概念目录内"
eicu,infusionDrug,0.45NS w/20mEq KCL (ml/hr),"输注药名, 不在概念目录内"
eicu,infusionDrug,D5/ NS (ml/hr),"输注药名, 不在概念目录内"
eicu,infusionDrug,D5W2AMPNAHCO3 (ml/hr),"输注药名, 不在概念目录内"
eicu,infusionDrug,Lasix (mg/hr),"输注药名, 不在概念目录内"
eicu,infusionDrug,Tranexamic Acid (ml/hr),"输注药名, 不在概念目录内"
eicu,infusionDrug,Fenoldopam IVF Infused (ml/hr),"输注药名, 不在概念目录内"
eicu,infusionDrug,1/2 NS  (ml/hr),"输注药名, 不在概念目录内"
eicu,infusionDrug,Procainamide (ml/hr),"输注药名, 不在概念目录内"
eicu,infusionDrug,D5 0.45% (ml/hr),"输注药名, 不在概念目录内"
eicu,infusionDrug,IVIG (ml/hr),"输注药名, 不在概念目录内"
eicu,infusionDrug,fentanyl/bupivicaine (ml/hr),"输注药名, 不在概念目录内"
eicu,infusionDrug,Sandostatin (ml/hr),"输注药名, 不在概念目录内"
eicu,infusionDrug,NS +Abx (ml/hr),"输注药名, 不在概念目录内"
eicu,infusionDrug,NS abx line (ml/hr),"输注药名, 不在概念目录内"
eicu,infusionDrug,Bupivacaine 0.5%/fentanyl 1000mcg (ml/hr),"输注药名, 不在概念目录内"
eicu,infusionDrug,PCA Dilaudid (ml/hr),"输注药名, 不在概念目录内"
eicu,infusionDrug,D5 N (ml/hr),"输注药名, 不在概念目录内"
eicu,infusionDrug,Sandostatin (mcg/hr),"输注药名, 不在概念目录内"
eicu,infusionDrug,NS+MVI (ml/hr),"输注药名, 不在概念目录内"
eicu,infusionDrug,NS/20meqKCL (ml/hr),"输注药名, 不在概念目录内"
eicu,infusionDrug,D5W w/150 meq bicarb (ml/hr),"输注药名, 不在概念目录内"
eicu,infusionDrug,Bupivicaine 0.125% (ml/hr),"输注药名, 不在概念目录内"
eicu,infusionDrug,1/2NS  w/ 75 HCO3 (ml/hr),"输注药名, 不在概念目录内"
eicu,infusionDrug,D 10 (ml/hr),"输注药名, 不在概念目录内"
eicu,infusionDrug,Hydromorphone (mcg/hr) (mcg/hr),"输注药名, 不在概念目录内"
eicu,infusionDrug,D5 0.45 (ml/hr),"输注药名, 不在概念目录内"
eicu,infusionDrug,0.45% NS w/75meq NaHco3 (ml/hr),"输注药名, 不在概念目录内"
eicu,infusionDrug,D5/0.9% NS w/20KCl (ml/hr),"输注药名, 不在概念目录内"
eicu,infusionDrug,Nitroprusside,"输注药名, 不在概念目录内"
eicu,infusionDrug,IVF with MVI (ml/hr),"输注药名, 不在概念目录内"
eicu,infusionDrug,morphine pca (mg/hr),"输注药名, 不在概念目录内"
eicu,infusionDrug,Potassium CL (Central) 20 mEq Sterile Water (SWFI) 50 ml  Premix (Unknown),"输注药名, 不在概念目录内"
eicu,infusionDrug,Nitroprusside(Nipride)MAX 100 mg Dextrose 5% 250 ml (mcg/kg/min),"输注药名, 不在概念目录内"
eicu,infusionDrug,0.9%NS w/ 20 kcl (ml/hr),"输注药名, 不在概念目录内"
eicu,infusionDrug,lactated ringer's (ml/hr),"输注药名, 不在概念目录内"
eicu,infusionDrug,NSS w/Abx (ml/hr),"输注药名, 不在概念目录内"
eicu,infusionDrug,Calcium gluconate (mg/hr),"输注药名, 不在概念目录内"
eicu,infusionDrug,NUTREN 1.5  (ml/hr),"输注药名, 不在概念目录内"
eicu,infusionDrug,Levothyroid (mcg/hr),"输注药名, 不在概念目录内"
eicu,infusionDrug,D5/ 150 MeQ Bicarb (ml/hr),"输注药名, 不在概念目录内"
eicu,infusionDrug,1/2 NS + KCl 20 mEq (ml/hr),"输注药名, 不在概念目录内"
eicu,infusionDrug,cycstacurium (mg/hr),"输注药名, 不在概念目录内"
eicu,infusionDrug,LR bolus (ml/hr),"输注药名, 不在概念目录内"
eicu,infusionDrug,0.2% NSS w HC03 (ml/hr),"输注药名, 不在概念目录内"
eicu,infusionDrug,Epidural-Bupivicaine/Fentanyl (ml/hr),"输注药名, 不在概念目录内"
eicu,infusionDrug,K PHOS RIDER (ml/hr),"输注药名, 不在概念目录内"
eicu,infusionDrug,3 % NaCl (ml/hr),"输注药名, 不在概念目录内"
eicu,infusionDrug,RHI Scale A (units/hr),"输注药名, 不在概念目录内"
eicu,infusionDrug,NS/20MEQ KCL (ml/hr),"输注药名, 不在概念目录内"
eicu,infusionDrug,Replete TF (ml/hr),"输注药名, 不在概念目录内"
eicu,infusionDrug,Pitocin (ml/hr),"输注药名, 不在概念目录内"
eicu,infusionDrug,NS with 20kcl/l  (ml/hr),"输注药名, 不在概念目录内"
eicu,infusionDrug,NS W/KCL 20 (ml/hr),"输注药名, 不在概念目录内"
eicu,infusionDrug,D50.9 (ml/hr),"输注药名, 不在概念目录内"
eicu,infusionDrug,D5 & 150meq bicarb (ml/hr),"输注药名, 不在概念目录内"
eicu,infusionDrug,Fentanyl625 mcg/Bupivicaine 312.5 mg (ml/hr),"输注药名, 不在概念目录内"
eicu,infusionDrug,.45 NORMAL SALINE (ml/hr),"输注药名, 不在概念目录内"
eicu,infusionDrug,Heparin (Unknown),"输注药名, 不在概念目录内"
eicu,infusionDrug,1/2NS w/ 20meq KCL (ml/hr),"输注药名, 不在概念目录内"
eicu,infusionDrug,Remodulin (nanograms/kg/min),"输注药名, 不在概念目录内"
eicu,infusionDrug,Magnesium Sulfate MAX 2 g Sterile Water (SWFI) 50 ml  Premix (Unknown),"输注药名, 不在概念目录内"
eicu,infusionDrug,1/2NSS w/75meq bicarb (ml/hr),"输注药名, 不在概念目录内"
eicu,infusionDrug,D5W 150meq Bicarb (ml/hr),"输注药名, 不在概念目录内"
eicu,infusionDrug,Nafcilln (mg/hr),"输注药名, 不在概念目录内"
eicu,infusionDrug,0.45NSS (ml/hr),"输注药名, 不在概念目录内"
eicu,infusionDrug,R Leg Arterial TPA (mg/hr),"输注药名, 不在概念目录内"
eicu,infusionDrug,NS + 20 mEq KCl (ml/hr),"输注药名, 不在概念目录内"
eicu,infusionDrug,bicarb 3amps (ml/hr),"输注药名, 不在概念目录内"
eicu,infusionDrug,Clinimix (ml/hr),"输注药名, 不在概念目录内"
eicu,infusionDrug,0.45% Sodium Chloride (ml/hr),"输注药名, 不在概念目录内"
eicu,infusionDrug,RHI (units/hr),"输注药名, 不在概念目录内"
eicu,infusionDrug,d5/0.45% nacl/10K (ml/hr),"输注药名, 不在概念目录内"
eicu,infusionDrug,Synthroid (ml/hr),"输注药名, 不在概念目录内"
eicu,infusionDrug,D5 1/2 +20KCL (ml/hr),"输注药名, 不在概念目录内"
eicu,infusionDrug,COOLANT (ml/hr),"输注药名, 不在概念目录内"
eicu,infusionDrug,NS with abx (ml/hr),"输注药名, 不在概念目录内"
eicu,infusionDrug,NS+ abx (ml/hr),"输注药名, 不在概念目录内"
eicu,infusionDrug,NSS w/ versed/fent (ml/hr),"输注药名, 不在概念目录内"
eicu,infusionDrug,NS + KCl 40 mEq (ml/hr),"输注药名, 不在概念目录内"
eicu,infusionDrug,Synthroid (mcg/hr),"输注药名, 不在概念目录内"
eicu,infusionDrug,D5/0.45 NaCl (ml/hr),"输注药名, 不在概念目录内"
eicu,infusionDrug,D5W 3 amp bicarb (ml/hr),"输注药名, 不在概念目录内"
eicu,infusionDrug,D5 1/4ns (ml/hr),"输注药名, 不在概念目录内"
eicu,infusionDrug,0.9NS with ABx (ml/hr),"输注药名, 不在概念目录内"
eicu,infusionDrug,D5+150 mEq Bicarb (ml/hr),"输注药名, 不在概念目录内"
eicu,infusionDrug,NS+40K (ml/hr),"输注药名, 不在概念目录内"
eicu,infusionDrug,Piperacillin-Tazo 3.375GM 50 ml (ml/hr),"输注药名, 不在概念目录内"
eicu,infusionDrug,NSS carrier (ml/hr),"输注药名, 不在概念目录内"
eicu,infusionDrug,3%Hypertonic (ml/hr),"输注药名, 不在概念目录内"
eicu,infusionDrug,1/2 NS w/thiamine + Folic acid (ml/hr),"输注药名, 不在概念目录内"
eicu,infusionDrug,D5LR with 10 meq K (ml/hr),"输注药名, 不在概念目录内"
eicu,infusionDrug,D5% 0.45%NS (ml/hr),"输注药名, 不在概念目录内"
eicu,infusionDrug,NS + KCl 20mEq (ml/hr),"输注药名, 不在概念目录内"
eicu,infusionDrug,D5W 0.45NS (ml/hr),"输注药名, 不在概念目录内"
eicu,infusionDrug,Insulin (scaleB) (units/hr),"输注药名, 不在概念目录内"
eicu,infusionDrug,NS w/ tPA (ml/hr),"输注药名, 不在概念目录内"
eicu,infusionDrug,D5 with 150 meq BiCarb (ml/hr),"输注药名, 不在概念目录内"
eicu,infusionDrug,NSS w/ 7fr sheath (ml/hr),"输注药名, 不在概念目录内"
eicu,infusionDrug,PCA Morphine (mg/hr),"输注药名, 不在概念目录内"
eicu,infusionDrug,Nimbix (mcg/kg/min),"输注药名, 不在概念目录内"
eicu,infusionDrug,Esmolol,"输注药名, 不在概念目录内"
eicu,infusionDrug,.45 NaCl (ml/hr),"输注药名, 不在概念目录内"
eicu,infusionDrug,NSS 20KCL (ml/hr),"输注药名, 不在概念目录内"
eicu,infusionDrug,0.9 Normal Saline (ml/hr),"输注药名, 不在概念目录内"
eicu,infusionDrug,"Volume (ml) Heparin-heparin 25,000 units in dextrose 500 mL infusion","输注药名, 不在概念目录内"
eicu,infusionDrug,Integrilin mL/hr (ml/hr),"输注药名, 不在概念目录内"
eicu,infusionDrug,HTS (ml/hr),"输注药名, 不在概念目录内"
eicu,infusionDrug,D5+MVI (ml/hr),"输注药名, 不在概念目录内"
eicu,infusionDrug,NS w/5g Mag sulfate (ml/hr),"输注药名, 不在概念目录内"
eicu,infusionDrug,D5.45 WITH 20 MEQ (ml/hr),"输注药名, 不在概念目录内"
eicu,infusionDrug,D5W/0.45%NS (ml/hr),"输注药名, 不在概念目录内"
eicu,infusionDrug,ns w/ 3 amp bicarb (ml/hr),"输注药名, 不在概念目录内"
eicu,infusionDrug,0.9NS  (ml/hr),"输注药名, 不在概念目录内"
eicu,infusionDrug,NSS #3 (ml/hr),"输注药名, 不在概念目录内"
eicu,infusionDrug,Sod Bicarb (ml/hr),"输注药名, 不在概念目录内"
eicu,infusionDrug,Nimbex (mg/kg/hr),"输注药名, 不在概念目录内"
eicu,infusionDrug,Bupivicaine Epidural (ml/hr),"输注药名, 不在概念目录内"
eicu,infusionDrug,fentanyl/bupivacaine (ml/hr),"输注药名, 不在概念目录内"
eicu,infusionDrug,D5 w/150meq bicarb (ml/hr),"输注药名, 不在概念目录内"
eicu,infusionDrug,Lidocaine (mg/min) (mg/min),"输注药名, 不在概念目录内"
eicu,infusionDrug,dobutrex (mg/kg/min),"输注药名, 不在概念目录内"
eicu,infusionDrug,1/2 normal saline (ml/hr),"输注药名, 不在概念目录内"
eicu,infusionDrug,Ativan (mg/hr),"输注药名, 不在概念目录内"
eicu,infusionDrug,Veletri (nanograms/kg/min),"输注药名, 不在概念目录内"
eicu,infusionDrug,D5W w 150mEq NaHCO3 (ml/hr),"输注药名, 不在概念目录内"
eicu,infusionDrug,D5 0.45 %NS (ml/hr),"输注药名, 不在概念目录内"
eicu,infusionDrug,NS with Multi-vits (ml/hr),"输注药名, 不在概念目录内"
eicu,infusionDrug,D10 NSS (ml/hr),"输注药名, 不在概念目录内"
eicu,infusionDrug,MVI/Thiamine gtt (ml/hr),"输注药名, 不在概念目录内"
eicu,infusionDrug,Ketamine500mg/250ccNS (mg/hr),"输注药名, 不在概念目录内"
eicu,infusionDrug,1.8% NaCl (ml/hr),"输注药名, 不在概念目录内"
eicu,infusionDrug,D5 LR w/ multivitamins (ml/hr),"输注药名, 不在概念目录内"
eicu,infusionDrug,Sterile W c 150 mEq (ml/hr),"输注药名, 不在概念目录内"
eicu,infusionDrug,NS 10 mEq K (ml/hr),"输注药名, 不在概念目录内"
eicu,infusionDrug,Jevity 1.5 TF (ml/hr),"输注药名, 不在概念目录内"
eicu,infusionDrug,Promote Tube Feed (ml/hr),"输注药名, 不在概念目录内"
eicu,infusionDrug,Prograft (ml/hr),"输注药名, 不在概念目录内"
eicu,infusionDrug,PCA Dilaudid cont dose (mg/hr),"输注药名, 不在概念目录内"
eicu,infusionDrug,Insuline Scale B (units/hr),"输注药名, 不在概念目录内"
eicu,infusionDrug,glucerna 1.5 per peg (ml/hr),"输注药名, 不在概念目录内"
eicu,infusionDrug,IV immunoglobulin (ml/hr),"输注药名, 不在概念目录内"
eicu,infusionDrug,D5 1/2NS W/20K  (ml/hr),"输注药名, 不在概念目录内"
eicu,infusionDrug,levophed  (mcg/min),"输注药名, 不在概念目录内"
eicu,infusionDrug,D5%/0.9%NS (ml/hr),"输注药名, 不在概念目录内"
eicu,infusionDrug,Sodium Bicarb w/ 0.45% NaCl (ml/hr),"输注药名, 不在概念目录内"
eicu,infusionDrug,0.9% sodium chloride (ml/hr),"输注药名, 不在概念目录内"
eicu,infusionDrug,Isuprel  drip (mcg/min),"输注药名, 不在概念目录内"
eicu,infusionDrug,D5 w/ 150meq Bicarb (ml/hr),"输注药名, 不在概念目录内"
eicu,infusionDrug,water flush  (ml/hr),"输注药名, 不在概念目录内"
eicu,infusionDrug,d51/2 w/ 40kcl (ml/hr),"输注药名, 不在概念目录内"
eicu,infusionDrug,Ativan  (mg/hr),"输注药名, 不在概念目录内"
eicu,infusionDrug,NIMEX (mg/hr),"输注药名, 不在概念目录内"
eicu,infusionDrug,D5W +20KCL (ml/hr),"输注药名, 不在概念目录内"
eicu,infusionDrug,0.45% NS D5W (ml/hr),"输注药名, 不在概念目录内"
eicu,infusionDrug,NaHCO3 150mEq/1L 0.45%NaCl (ml/hr),"输注药名, 不在概念目录内"
eicu,infusionDrug,NSS main (ml/hr),"输注药名, 不在概念目录内"
eicu,infusionDrug,D5% LR w/ 40 K (ml/hr),"输注药名, 不在概念目录内"
eicu,infusionDrug,NS PCA carry (ml/hr),"输注药名, 不在概念目录内"
eicu,infusionDrug,Fentanyl (mcg/min),"输注药名, 不在概念目录内"
eicu,infusionDrug,0.9 Saline (ml/hr),"输注药名, 不在概念目录内"
eicu,infusionDrug,3%NS (ml/hr),"输注药名, 不在概念目录内"
eicu,infusionDrug,3% NA CL (ml/hr),"输注药名, 不在概念目录内"
eicu,infusionDrug,D5W w/ Anbx (ml/hr),"输注药名, 不在概念目录内"
eicu,infusionDrug,D5W/ Abx (ml/hr),"输注药名, 不在概念目录内"
eicu,infusionDrug,0.9NS w/20meq KCL (ml/hr),"输注药名, 不在概念目录内"
eicu,infusionDrug,Normosol-R (ml/hr),"输注药名, 不在概念目录内"
eicu,infusionDrug,D5/ 0.45 NS (ml/hr),"输注药名, 不在概念目录内"
eicu,infusionDrug,.45% NSS (ml/hr),"输注药名, 不在概念目录内"
eicu,infusionDrug,Nss atbx (ml/hr),"输注药名, 不在概念目录内"
eicu,infusionDrug,clevidipine (mg/hr),"输注药名, 不在概念目录内"
eicu,infusionDrug,D5  1/2 NS (ml/hr),"输注药名, 不在概念目录内"
eicu,infusionDrug,Immune Globulin (10%) (mg/kg/hr),"输注药名, 不在概念目录内"
eicu,infusionDrug,1/2 N.S (ml/hr),"输注药名, 不在概念目录内"
eicu,infusionDrug,NS antibx (ml/hr),"输注药名, 不在概念目录内"
eicu,infusionDrug,NS w/20 KCL (ml/hr),"输注药名, 不在概念目录内"
eicu,infusionDrug,Volume (ml) Phenylephrine,"输注药名, 不在概念目录内"
eicu,infusionDrug,Octreotide 500 mcg Sodium Chloride 0.9% 500 ml (mcg/hr),"输注药名, 不在概念目录内"
eicu,infusionDrug,D5W LR (ml/hr),"输注药名, 不在概念目录内"
eicu,infusionDrug,Agatroban (ml/hr),"输注药名, 不在概念目录内"
eicu,infusionDrug,Fluids with bi-carb (ml/hr),"输注药名, 不在概念目录内"
eicu,infusionDrug,Epidural  (ml/hr),"输注药名, 不在概念目录内"
eicu,infusionDrug,.45%NS (ml/hr),"输注药名, 不在概念目录内"
eicu,infusionDrug,Scale A RHI (units/hr),"输注药名, 不在概念目录内"
eicu,infusionDrug,(mcg/kg/min),"输注药名, 不在概念目录内"
eicu,infusionDrug,Sterile water with 3 amps of HCO3 (ml/hr),"输注药名, 不在概念目录内"
eicu,infusionDrug,mivf (ml/hr),"输注药名, 不在概念目录内"
eicu,infusionDrug,tranexamic acid (mg/hr),"输注药名, 不在概念目录内"
eicu,infusionDrug,D5 .45 NS (ml/hr),"输注药名, 不在概念目录内"
eicu,infusionDrug,KCL (ml/hr),"输注药名, 不在概念目录内"
eicu,infusionDrug,D5 0.9% NS (ml/hr),"输注药名, 不在概念目录内"
eicu,infusionDrug,Angiomax (mcg/kg/hr),"输注药名, 不在概念目录内"
eicu,infusionDrug,ACTIVASE (mg/hr),"输注药名, 不在概念目录内"
eicu,infusionDrug,Flolan (nanograms/kg/min),"输注药名, 不在概念目录内"
eicu,infusionDrug,D5 0.2% NaCl/20K (ml/hr),"输注药名, 不在概念目录内"
eicu,infusionDrug,Normosol R (ml/hr),"输注药名, 不在概念目录内"
eicu,infusionDrug,D5W,"输注药名, 不在概念目录内"
eicu,infusionDrug,D5.9NS (ml/hr),"输注药名, 不在概念目录内"
eicu,infusionDrug,RHI - Scale A (units/hr),"输注药名, 不在概念目录内"
eicu,infusionDrug,Fentanyl/Bupivacaine/Dilaudid (ml/hr),"输注药名, 不在概念目录内"
eicu,infusionDrug,D51/2nss w 20kcl (ml/hr),"输注药名, 不在概念目录内"
eicu,infusionDrug,epidural :fentanyl/duramorph/bupivicaine (ml/hr),"输注药名, 不在概念目录内"
eicu,infusionDrug,D5 1/2NS +75MEQ HCO3 (ml/hr),"输注药名, 不在概念目录内"
eicu,infusionDrug,NSS w/ ABX (ml/hr),"输注药名, 不在概念目录内"
eicu,infusionDrug,Fibersource Enteral Feed (ml/hr),"输注药名, 不在概念目录内"
eicu,infusionDrug,Fenoldopam (mcg/kg/min),"输注药名, 不在概念目录内"
eicu,infusionDrug,Amiodarone (mcg/min),"输注药名, 不在概念目录内"
eicu,infusionDrug,D5 . 45 (ml/hr),"输注药名, 不在概念目录内"
eicu,infusionDrug,0.9%  Normal Saline (ml/hr),"输注药名, 不在概念目录内"
eicu,infusionDrug,".45 normal saline,  (ml/hr)","输注药名, 不在概念目录内"
eicu,infusionDrug,Volume (mL)-sodium chloride 0.9 % bolus 750 mL (ml/hr),"输注药名, 不在概念目录内"
eicu,infusionDrug,Penicillin (ml/hr),"输注药名, 不在概念目录内"
eicu,infusionDrug,NaCL 0.9% Calcium gluconate (ml/hr),"输注药名, 不在概念目录内"
eicu,infusionDrug,D10W @ 75 (ml/hr),"输注药名, 不在概念目录内"
eicu,infusionDrug,Diluadid  (mg/hr),"输注药名, 不在概念目录内"
eicu,infusionDrug,Propofol (mcg/min),"输注药名, 不在概念目录内"
eicu,infusionDrug,D51/2 NSS (ml/hr),"输注药名, 不在概念目录内"
eicu,infusionDrug,NS 20 K (ml/hr),"输注药名, 不在概念目录内"
eicu,infusionDrug,D50.9%NS (ml/hr),"输注药名, 不在概念目录内"
eicu,infusionDrug,D5.45 NS (ml/hr),"输注药名, 不在概念目录内"
eicu,infusionDrug,Calcium Chloride 6gms in 500ml d5w (ml/hr),"输注药名, 不在概念目录内"
eicu,infusionDrug,3% NA+ CL (ml/hr),"输注药名, 不在概念目录内"
eicu,infusionDrug,D5 1/2NS 20KCL (ml/hr),"输注药名, 不在概念目录内"
eicu,infusionDrug,D5 0.45% NSS (ml/hr),"输注药名, 不在概念目录内"
eicu,infusionDrug,Sodim Bicarb in D5W (ml/hr),"输注药名, 不在概念目录内"
eicu,infusionDrug,Volume (mL) Magnesium,"输注药名, 不在概念目录内"
eicu,infusionDrug,NS w/20K (ml/hr),"输注药名, 不在概念目录内"
eicu,infusionDrug,NS w/20kcl (ml/hr),"输注药名, 不在概念目录内"
eicu,infusionDrug,D10 1/2 NSS (ml/hr),"输注药名, 不在概念目录内"
eicu,infusionDrug,D5/.45Ns+20KCl (ml/hr),"输注药名, 不在概念目录内"
eicu,infusionDrug,0.22 NSS (ml/hr),"输注药名, 不在概念目录内"
eicu,infusionDrug,NS @ 75ml/hr (ml/hr),"输注药名, 不在概念目录内"
eicu,infusionDrug,D5+40KCL (ml/hr),"输注药名, 不在概念目录内"
eicu,infusionDrug,1/2NS + 40 KCl (ml/hr),"输注药名, 不在概念目录内"
eicu,infusionDrug,dextran (ml/hr),"输注药名, 不在概念目录内"
eicu,infusionDrug,normalsol (ml/hr),"输注药名, 不在概念目录内"
eicu,infusionDrug,Cisatracurium (Nimbex)STD 200 mg Sodium Chloride 0.9% 500 ml (mcg/kg/min),"输注药名, 不在概念目录内"
eicu,infusionDrug,D51/2ns with 20kcl/l (ml/hr),"输注药名, 不在概念目录内"
eicu,infusionDrug,D5NS +20KCL (ml/hr),"输注药名, 不在概念目录内"
eicu,infusionDrug,IVF NSS (ml/hr),"输注药名, 不在概念目录内"
eicu,infusionDrug,D5/LR with 10 mEq KCl (ml/hr),"输注药名, 不在概念目录内"
eicu,infusionDrug,D5 1/2 NS W/ 20 KCL (ml/hr),"输注药名, 不在概念目录内"
eicu,infusionDrug,D5 w 150 mEq bicarb (ml/hr),"输注药名, 不在概念目录内"
eicu,infusionDrug,D5/ 0.45%NS (ml/hr),"输注药名, 不在概念目录内"
eicu,infusionDrug,D5W/ 0.45NS (ml/hr),"输注药名, 不在概念目录内"
eicu,infusionDrug,NS+20KCL (ml/hr),"输注药名, 不在概念目录内"
eicu,infusionDrug,D5LRMVI (ml/hr),"输注药名, 不在概念目录内"
eicu,infusionDrug,D5 1/2NS with 20 KCl (ml/hr),"输注药名, 不在概念目录内"
eicu,infusionDrug,D10 1/2 ns (ml/hr),"输注药名, 不在概念目录内"
eicu,infusionDrug,1/2 NS + 20 KCL (ml/hr),"输注药名, 不在概念目录内"
eicu,infusionDrug,Lorazepam,"输注药名, 不在概念目录内"
eicu,infusionDrug,MAG RIDER (ml/hr),"输注药名, 不在概念目录内"
eicu,infusionDrug,0.45NSS+MVI (ml/hr),"输注药名, 不在概念目录内"
eicu,infusionDrug,D5W c 20K (ml/hr),"输注药名, 不在概念目录内"
eicu,infusionDrug,D5 150mEqBicarb (ml/hr),"输注药名, 不在概念目录内"
eicu,infusionDrug,D51/2 + KCl 20meq (ml/hr),"输注药名, 不在概念目录内"
eicu,infusionDrug,Anmiocaproic Acid (ml/hr),"输注药名, 不在概念目录内"
eicu,infusionDrug,3 nacl (ml/hr),"输注药名, 不在概念目录内"
eicu,infusionDrug,D5 1/2NS w/ 10K+ (ml/hr),"输注药名, 不在概念目录内"
eicu,infusionDrug,NS/20KCL (ml/hr),"输注药名, 不在概念目录内"
eicu,infusionDrug,D5/ 0.45%NSS/20meq KCL (ml/hr),"输注药名, 不在概念目录内"
eicu,infusionDrug,D5W 40 MEQ KCL (ml/hr),"输注药名, 不在概念目录内"
eicu,infusionDrug,d5w + abx (ml/hr),"输注药名, 不在概念目录内"
eicu,infusionDrug,NS rider (ml/hr),"输注药名, 不在概念目录内"
eicu,infusionDrug,PROTONEX (mg/hr),"输注药名, 不在概念目录内"
eicu,infusionDrug,D5-1/2 NS w/40 KCL (ml/hr),"输注药名, 不在概念目录内"
eicu,infusionDrug,ns w/ 20 meq kcl (ml/hr),"输注药名, 不在概念目录内"
eicu,infusionDrug,D5/0.9NS (ml/hr),"输注药名, 不在概念目录内"
eicu,infusionDrug,Bicarb IVF (ml/hr),"输注药名, 不在概念目录内"
eicu,infusionDrug,Vecuronium (mcg/kg/min) (mcg/kg/min),"输注药名, 不在概念目录内"
eicu,infusionDrug,Labetalol STD 500 mg Sodium Chloride 0.9% 500 ml (mg/min),"输注药名, 不在概念目录内"
eicu,infusionDrug,0.45%NSS+40mEq potassium (ml/hr),"输注药名, 不在概念目录内"
eicu,infusionDrug,Multivitamin fluid (ml/hr),"输注药名, 不在概念目录内"
eicu,infusionDrug,1000cc d5w w/ 3 amps nahco3 (ml/hr),"输注药名, 不在概念目录内"
eicu,infusionDrug,1/2NS + 2Amps HCO3 (ml/hr),"输注药名, 不在概念目录内"
eicu,infusionDrug,1/4 NS (ml/hr),"输注药名, 不在概念目录内"
eicu,infusionDrug,"Sodium Chloride 0.9% 1,000 ml (ml/hr)","输注药名, 不在概念目录内"
eicu,infusionDrug,.45% NS (ml/hr),"输注药名, 不在概念目录内"
eicu,infusionDrug,NS via Venous Sheath (ml/hr),"输注药名, 不在概念目录内"
eicu,infusionDrug,d5W/ .9% NS (ml/hr),"输注药名, 不在概念目录内"
eicu,infusionDrug,1/4 NSS (ml/hr),"输注药名, 不在概念目录内"
eicu,infusionDrug,D5/0.2%NACL w/20meq kcl (ml/hr),"输注药名, 不在概念目录内"
eicu,infusionDrug,Sodium Bicarb drip (ml/hr),"输注药名, 不在概念目录内"
eicu,infusionDrug,D51/2NS20KCL10MMKPHO (ml/hr),"输注药名, 不在概念目录内"
eicu,infusionDrug,Activase Cathflo (mg/hr),"输注药名, 不在概念目录内"
eicu,infusionDrug,D5 150meq bicarb (ml/hr),"输注药名, 不在概念目录内"
eicu,infusionDrug,Dilaudid (ml/hr),"输注药名, 不在概念目录内"
eicu,infusionDrug,D5 0.9% (ml/hr),"输注药名, 不在概念目录内"
eicu,infusionDrug,D5/0.9NSS (ml/hr),"输注药名, 不在概念目录内"
eicu,infusionDrug,N-Acetylcystine (mg/kg/hr),"输注药名, 不在概念目录内"
eicu,infusionDrug,nss/abx (ml/hr),"输注药名, 不在概念目录内"
eicu,infusionDrug,Hypertonic NSS (ml/hr),"输注药名, 不在概念目录内"
eicu,infusionDrug,D5W 1/2NS (ml/hr),"输注药名, 不在概念目录内"
eicu,infusionDrug,D5 1/2NS +KCl 10 mEq (ml/hr),"输注药名, 不在概念目录内"
eicu,infusionDrug,NS for Blood Administration,"输注药名, 不在概念目录内"
eicu,infusionDrug,D5W w/150MEQ NaHC03 (ml/hr),"输注药名, 不在概念目录内"
eicu,infusionDrug,LR + 10 meq KCl  (ml/hr),"输注药名, 不在概念目录内"
eicu,infusionDrug,Na Bicarb  (ml/hr),"输注药名, 不在概念目录内"
eicu,infusionDrug,D5HCO3 (ml/hr),"输注药名, 不在概念目录内"
eicu,infusionDrug,TPA (),"输注药名, 不在概念目录内"
eicu,infusionDrug,ketamine (mg/kg/min),"输注药名, 不在概念目录内"
eicu,infusionDrug,3 %NaCl (ml/hr),"输注药名, 不在概念目录内"
eicu,infusionDrug,NSS carrier lasix (ml/hr),"输注药名, 不在概念目录内"
eicu,infusionDrug,Dexmedetomidine (mg/kg/hr),"输注药名, 不在概念目录内"
eicu,infusionDrug,2% Saline (ml/hr),"输注药名, 不在概念目录内"
eicu,infusionDrug,NS 20KCL (ml/hr),"输注药名, 不在概念目录内"
eicu,infusionDrug,D5LR20K (ml/hr),"输注药名, 不在概念目录内"
eicu,infusionDrug,1.8% NS (ml/hr),"输注药名, 不在概念目录内"
eicu,infusionDrug,Bivalirudin (Angiomax) 250 mg Sodium Chloride 0.9% 50 ml (mg/kg/hr),"输注药名, 不在概念目录内"
eicu,infusionDrug,NSS carrier heparin (ml/hr),"输注药名, 不在概念目录内"
eicu,infusionDrug,0.9 Sodium Chloride (ml/hr),"输注药名, 不在概念目录内"
eicu,infusionDrug,D5NSS.45 c 75 mEq (ml/hr),"输注药名, 不在概念目录内"
eicu,infusionDrug,NSS RFS (ml/hr),"输注药名, 不在概念目录内"
eicu,infusionDrug,C ABX _NSS (ml/hr),"输注药名, 不在概念目录内"
eicu,infusionDrug,Volume (mL) Immune Globulin (Human) (ml/hr),"输注药名, 不在概念目录内"
eicu,infusionDrug,D5 45%NS (ml/hr),"输注药名, 不在概念目录内"
eicu,infusionDrug,MVI BAG (ml/hr),"输注药名, 不在概念目录内"
eicu,infusionDrug,Fent/Bupi Epidural (ml/hr),"输注药名, 不在概念目录内"
eicu,infusionDrug,Other #2 mL/hr (ml/hr),"输注药名, 不在概念目录内"
eicu,infusionDrug,Nitroprusside(Nipride)STD 50 mg Dextrose 5% 250 ml (mcg/kg/min),"输注药名, 不在概念目录内"
eicu,infusionDrug,d5W/NaCO3 (ml/hr),"输注药名, 不在概念目录内"
eicu,infusionDrug,Warmed NS - Belmont (ml/hr),"输注药名, 不在概念目录内"
eicu,infusionDrug,d5 1/2ns. (ml/hr),"输注药名, 不在概念目录内"
eicu,infusionDrug,D5W with 150meq NaHCO3/L (ml/hr),"输注药名, 不在概念目录内"
eicu,infusionDrug,D10/0.45 (ml/hr),"输注药名, 不在概念目录内"
eicu,infusionDrug,D5 .45 (ml/hr),"输注药名, 不在概念目录内"
eicu,infusionDrug,Lorazepam (mg/kg/hr),"输注药名, 不在概念目录内"
eicu,infusionDrug,TF  (ml/hr),"输注药名, 不在概念目录内"
eicu,infusionDrug,Solumedrol  (mg/kg/hr),"输注药名, 不在概念目录内"
eicu,infusionDrug,1/2 NS with 30 KCl (ml/hr),"输注药名, 不在概念目录内"
eicu,infusionDrug,albumin 25% (ml/hr),"输注药名, 不在概念目录内"
eicu,infusionDrug,Sterile Water w/75meq Bicarb (ml/hr),"输注药名, 不在概念目录内"
eicu,infusionDrug,FE Dextran (ml/hr),"输注药名, 不在概念目录内"
eicu,infusionDrug,D51/2 NSS + KCL 40meq (ml/hr),"输注药名, 不在概念目录内"
eicu,infusionDrug,RBC's (ml/hr),"输注药名, 不在概念目录内"
eicu,infusionDrug,FLAGYL (ml/hr),"输注药名, 不在概念目录内"
eicu,infusionDrug,NS w/ 20meq KCL (ml/hr),"输注药名, 不在概念目录内"
eicu,infusionDrug,D5.45 NS/20meq KCL (ml/hr),"输注药名, 不在概念目录内"
eicu,infusionDrug,D5W WITH HCO3 (ml/hr),"输注药名, 不在概念目录内"
eicu,infusionDrug,TPA2 mL/hr (ml/hr),"输注药名, 不在概念目录内"
eicu,infusionDrug,Eptifibatide (Integrilin) 75 mg  100 ml  Premix (mcg/kg/min),"输注药名, 不在概念目录内"
eicu,infusionDrug,D5NaHCO3 (ml/hr),"输注药名, 不在概念目录内"
eicu,infusionDrug,Calcium (ml/hr),"输注药名, 不在概念目录内"
eicu,infusionDrug,multivitamin bag (ml/hr),"输注药名, 不在概念目录内"
eicu,infusionDrug,D5LR w/ 10 mEq KCL (ml/hr),"输注药名, 不在概念目录内"
eicu,infusionDrug,Propofol (mg/hr),"输注药名, 不在概念目录内"
eicu,infusionDrug,D5W/Bicarb (ml/hr),"输注药名, 不在概念目录内"
eicu,infusionDrug,NS + MV/Thiamine/Folic acid (ml/hr),"输注药名, 不在概念目录内"
eicu,infusionDrug,NS 20mEQ KCL (ml/hr),"输注药名, 不在概念目录内"
eicu,infusionDrug,"Volume (mL)-sodium chloride 0.9 % bolus 2,000 mL (ml/hr)","输注药名, 不在概念目录内"
eicu,infusionDrug,Volume (mL) Levothyroxine (ml/hr),"输注药名, 不在概念目录内"
eicu,infusionDrug,CaCl (ml/hr),"输注药名, 不在概念目录内"
eicu,infusionDrug,txa (mg/hr),"输注药名, 不在概念目录内"
eicu,infusionDrug,NSS with LEVO (ml/hr),"输注药名, 不在概念目录内"
eicu,infusionDrug,SODIUM BICARBONATE / 0.45%NS (ml/hr),"输注药名, 不在概念目录内"
eicu,infusionDrug,sodium bicarbonate 2 AMPS (ml/hr),"输注药名, 不在概念目录内"
eicu,infusionDrug,D5W + 20 KCL (ml/hr),"输注药名, 不在概念目录内"
eicu,infusionDrug,1/2NS w/ 40K (ml/hr),"输注药名, 不在概念目录内"
eicu,infusionDrug,D5W with 40 mEq KCl (ml/hr),"输注药名, 不在概念目录内"
eicu,infusionDrug,Blood (PRBCs) (ml/hr),"输注药名, 不在概念目录内"
eicu,infusionDrug,0.45%NS with 20meq KCl (ml/hr),"输注药名, 不在概念目录内"
eicu,infusionDrug,D5 0.9% NaCl W 10 mEq KCl (ml/hr),"输注药名, 不在概念目录内"
eicu,infusionDrug,0.9% NSS (Sheath) (ml/hr),"输注药名, 不在概念目录内"
eicu,infusionDrug,1/2 NS W/ 20 KCL (ml/hr),"输注药名, 不在概念目录内"
eicu,infusionDrug,Volume (mL)-sodium chloride 0.9 % bolus 500 mL,"输注药名, 不在概念目录内"
eicu,infusionDrug,D5LR w/ 20 KCL (ml/hr),"输注药名, 不在概念目录内"
eicu,infusionDrug,0.9NS w/20KCl (ml/hr),"输注药名, 不在概念目录内"
eicu,infusionDrug,Aminophylline (mg/kg/hr),"输注药名, 不在概念目录内"
eicu,infusionDrug,D5W w NA Bicarb (ml/hr),"输注药名, 不在概念目录内"
eicu,infusionDrug,Zemuron (mcg/kg/min),"输注药名, 不在概念目录内"
eicu,infusionDrug,0.45 NSS/Sodium Bicarbonate 150meq (ml/hr),"输注药名, 不在概念目录内"
eicu,infusionDrug,"d50,45%NS (ml/hr)","输注药名, 不在概念目录内"
eicu,infusionDrug,ANBX (ml/hr),"输注药名, 不在概念目录内"
eicu,infusionDrug,D5Ww/3ampNaHC03 (ml/hr),"输注药名, 不在概念目录内"
eicu,infusionDrug,d5/0.45%nacl/20K (ml/hr),"输注药名, 不在概念目录内"
eicu,infusionDrug,D5 c 150 mEq Bicarb (ml/hr),"输注药名, 不在概念目录内"
eicu,infusionDrug,D5w/150MEQ sodium bicarb (ml/hr),"输注药名, 不在概念目录内"
eicu,infusionDrug,d10 +bicarb (ml/hr),"输注药名, 不在概念目录内"
eicu,infusionDrug,D5 NaCl 0.9% (ml/hr),"输注药名, 不在概念目录内"
eicu,infusionDrug,0.9% Normal Saline Solution (ml/hr),"输注药名, 不在概念目录内"
eicu,infusionDrug,0.9% NS Venous Sheath (ml/hr),"输注药名, 不在概念目录内"
eicu,infusionDrug,NA PHOS RIDER (ml/hr),"输注药名, 不在概念目录内"
eicu,infusionDrug,D5NSS + 40 KCL (ml/hr),"输注药名, 不在概念目录内"
eicu,infusionDrug,Ca/Mg replacement (ml/hr),"输注药名, 不在概念目录内"
eicu,infusionDrug,0.3%NS (ml/hr),"输注药名, 不在概念目录内"
eicu,infusionDrug,Neo Synephrine (mcg/min),"输注药名, 不在概念目录内"
eicu,infusionDrug,IVF + electrolytes (ml/hr),"输注药名, 不在概念目录内"
eicu,infusionDrug,0.45NSS w/ 75mEq NAHCO3 (ml/hr),"输注药名, 不在概念目录内"
eicu,infusionDrug,D5w +atbx (ml/hr),"输注药名, 不在概念目录内"
eicu,infusionDrug,Potassium Lower Cocktail mL/hr (ml/hr),"输注药名, 不在概念目录内"
eicu,infusionDrug,Ketamine (mcg/kg/min),"输注药名, 不在概念目录内"
eicu,infusionDrug,diprivan (mcg/min),"输注药名, 不在概念目录内"
eicu,infusionDrug,NSS carrier for Prima (ml/hr),"输注药名, 不在概念目录内"
eicu,infusionDrug,Bicarb 250 mEq/250 mls (ml/hr),"输注药名, 不在概念目录内"
eicu,infusionDrug,LR with 40mEq KCl (ml/hr),"输注药名, 不在概念目录内"
eicu,infusionDrug,tpn w/ fat (ml/hr),"输注药名, 不在概念目录内"
eicu,infusionDrug,keatmine (mg/hr),"输注药名, 不在概念目录内"
eicu,infusionDrug,D5RL (ml/hr),"输注药名, 不在概念目录内"
eicu,infusionDrug,iv with thiamine and folate (ml/hr),"输注药名, 不在概念目录内"
eicu,infusionDrug,Amicar Drip (ml/hr),"输注药名, 不在概念目录内"
eicu,infusionDrug,Normal Saline,"输注药名, 不在概念目录内"
eicu,infusionDrug,SWI w/ 150meq HCO3 (ml/hr),"输注药名, 不在概念目录内"
eicu,infusionDrug,0.2NSS (ml/hr),"输注药名, 不在概念目录内"
eicu,infusionDrug,D5 + 150 Bicarb (ml/hr),"输注药名, 不在概念目录内"
eicu,infusionDrug,NS w/20meq kcl (ml/hr),"输注药名, 不在概念目录内"
eicu,infusionDrug,Volume-Transfuse cryoprecipitate (ml/hr),"输注药名, 不在概念目录内"
eicu,infusionDrug,Bicarbonate (ml/hr),"输注药名, 不在概念目录内"
eicu,infusionDrug,NS with thiamine/folite/VitB12 (ml/hr),"输注药名, 不在概念目录内"
eicu,infusionDrug,D5/0.9% NaCl (ml/hr),"输注药名, 不在概念目录内"
eicu,infusionDrug,D5 1/2NS with 40mEq K (ml/hr),"输注药名, 不在概念目录内"
eicu,infusionDrug,NaBicarb Gtt (ml/hr),"输注药名, 不在概念目录内"
eicu,infusionDrug,D5.45 NS  (ml/hr),"输注药名, 不在概念目录内"
eicu,infusionDrug,D5W 0.45%NACL+40MEK KCL (ml/hr),"输注药名, 不在概念目录内"
eicu,infusionDrug,Pantoprazole (Unknown),"输注药名, 不在概念目录内"
eicu,infusionDrug,NaCl 3% (ml/hr),"输注药名, 不在概念目录内"
eicu,infusionDrug,0.2% NS (ml/hr),"输注药名, 不在概念目录内"
eicu,infusionDrug,D5 1/2NSS w/75meq bicarb (ml/hr),"输注药名, 不在概念目录内"
eicu,infusionDrug,NS (coolant-Ekos) (ml/hr),"输注药名, 不在概念目录内"
eicu,infusionDrug,Sod. Bicarb (ml/hr),"输注药名, 不在概念目录内"
eicu,infusionDrug,Bumetanide,"输注药名, 不在概念目录内"
eicu,infusionDrug,primacore (mcg/kg/min),"输注药名, 不在概念目录内"
eicu,infusionDrug,0.45%NS MF (ml/hr),"输注药名, 不在概念目录内"
eicu,infusionDrug,Dextrose 10 (ml/hr),"输注药名, 不在概念目录内"
eicu,infusionDrug,Sterile Water & 150meq Bicarb (ml/hr),"输注药名, 不在概念目录内"
eicu,infusionDrug,D5 with150MEQ HC03 (ml/hr),"输注药名, 不在概念目录内"
eicu,infusionDrug,ns w 20 k (ml/hr),"输注药名, 不在概念目录内"
eicu,infusionDrug,LR KCL (ml/hr),"输注药名, 不在概念目录内"
eicu,infusionDrug,NaCL ).45% with MVI (ml/hr),"输注药名, 不在概念目录内"
eicu,infusionDrug,D5/0.45%NaCl (ml/hr),"输注药名, 不在概念目录内"
eicu,infusionDrug,20 meq KCL (ml/hr),"输注药名, 不在概念目录内"
eicu,infusionDrug,"Volume (ml) Heparin-heparin 25,000 units in 0.45 % sodium chloride 500 mL infusion","输注药名, 不在概念目录内"
eicu,infusionDrug,IVF withOut additives (ml/hr),"输注药名, 不在概念目录内"
eicu,infusionDrug,Heparin 25000 Units Dextrose 5% 500 ml  Premix (units/hr),"输注药名, 不在概念目录内"
eicu,infusionDrug,.9% NS (ml/hr),"输注药名, 不在概念目录内"
eicu,infusionDrug,1/2NS w 20kcl (ml/hr),"输注药名, 不在概念目录内"
eicu,infusionDrug,NS WITH 20 MEQ KCL (ml/hr),"输注药名, 不在概念目录内"
eicu,infusionDrug,oxacillin (ml/hr),"输注药名, 不在概念目录内"
eicu,infusionDrug,D5 1/2NS + 20 mEq KCL (ml/hr),"输注药名, 不在概念目录内"
eicu,infusionDrug,BREVIBLOC (mcg/kg/min),"输注药名, 不在概念目录内"
eicu,infusionDrug,D5 1/2 NSS  (ml/hr),"输注药名, 不在概念目录内"
eicu,infusionDrug,D5 Bicarb 150 (ml/hr),"输注药名, 不在概念目录内"
eicu,infusionDrug,D 5 W (ml/hr),"输注药名, 不在概念目录内"
eicu,infusionDrug,hydromorphorne (mg/hr),"输注药名, 不在概念目录内"
eicu,infusionDrug,Mannitol gtt(100gm/500mL) 100 g Dextrose 5% 500 ml (Unknown),"输注药名, 不在概念目录内"
eicu,infusionDrug,Propofol (Unknown),"输注药名, 不在概念目录内"
eicu,infusionDrug,MVI  (ml/hr),"输注药名, 不在概念目录内"
eicu,infusionDrug,D5W w/ 100 meq bicarb (ml/hr),"输注药名, 不在概念目录内"
eicu,infusionDrug,Altepase (ml/hr),"输注药名, 不在概念目录内"
eicu,infusionDrug,NSS 2 (ml/hr),"输注药名, 不在概念目录内"
eicu,infusionDrug,D5%Na Bicarbonate (ml/hr),"输注药名, 不在概念目录内"
eicu,infusionDrug,NS (Coolant) (ml/hr),"输注药名, 不在概念目录内"
eicu,infusionDrug,SW/150meqNaHCO3 (ml/hr),"输注药名, 不在概念目录内"
eicu,infusionDrug,D5NS w/ Multivits (ml/hr),"输注药名, 不在概念目录内"
eicu,infusionDrug,Precedex (mcg/kg/min),"输注药名, 不在概念目录内"
eicu,infusionDrug,3% SODIUM CHLORIDE (ml/hr),"输注药名, 不在概念目录内"
eicu,infusionDrug,Activase (ml/hr),"输注药名, 不在概念目录内"
eicu,infusionDrug,NS+ABX (ml/hr),"输注药名, 不在概念目录内"
eicu,infusionDrug,Potassium rider (ml/hr),"输注药名, 不在概念目录内"
eicu,infusionDrug,water w/ 150 bicarb (ml/hr),"输注药名, 不在概念目录内"
eicu,infusionDrug,Phenylephrine (mcg/kg/min) (mcg/kg/min),"输注药名, 不在概念目录内"
eicu,infusionDrug,Naloxone(Narcan)-Obtunded 8 mg Sodium Chloride 0.9% 250 ml (mg/hr),"输注药名, 不在概念目录内"
eicu,infusionDrug,D5W/LR (ml/hr),"输注药名, 不在概念目录内"
eicu,infusionDrug,D5 with 2 amps bicarb (ml/hr),"输注药名, 不在概念目录内"
eicu,infusionDrug,D51/2NSw 40 kcl (ml/hr),"输注药名, 不在概念目录内"
eicu,infusionDrug,D5 .45%NS w/fol/thiam. (ml/hr),"输注药名, 不在概念目录内"
eicu,infusionDrug,0.9% NS BOLUS (ml/hr),"输注药名, 不在概念目录内"
eicu,infusionDrug,D10/0.45%NS (ml/hr),"输注药名, 不在概念目录内"
eicu,infusionDrug,D10 1/2NSS (ml/hr),"输注药名, 不在概念目录内"
eicu,infusionDrug,Insulin- Scale B (units/hr),"输注药名, 不在概念目录内"
eicu,infusionDrug,NS coolant (ml/hr),"输注药名, 不在概念目录内"
eicu,infusionDrug,Morphine-PCA  (ml/hr),"输注药名, 不在概念目录内"
eicu,infusionDrug,bumex (ml/hr),"输注药名, 不在概念目录内"
eicu,infusionDrug,D50 (ml/hr),"输注药名, 不在概念目录内"
eicu,infusionDrug,D5 0.45 NS  (ml/hr),"输注药名, 不在概念目录内"
eicu,infusionDrug,Ativan (ml/hr),"输注药名, 不在概念目录内"
eicu,infusionDrug,10G Mg in 1000NS (ml/hr),"输注药名, 不在概念目录内"
eicu,infusionDrug,D 5% (ml/hr),"输注药名, 不在概念目录内"
eicu,infusionDrug,d5ns 20k (ml/hr),"输注药名, 不在概念目录内"
eicu,infusionDrug,D5W 40MEQ KCL (ml/hr),"输注药名, 不在概念目录内"
eicu,infusionDrug,D5W with bicarb (ml/hr),"输注药名, 不在概念目录内"
eicu,infusionDrug,D51/2 WITH mvi (ml/hr),"输注药名, 不在概念目录内"
eicu,infusionDrug,D5 1/2 NS with 40KCL (ml/hr),"输注药名, 不在概念目录内"
eicu,infusionDrug,Mag Sulfate + Thiamine (ml/hr),"输注药名, 不在概念目录内"
eicu,infusionDrug,NSwith40KCL (ml/hr),"输注药名, 不在概念目录内"
eicu,infusionDrug,Altaplase (mg/hr),"输注药名, 不在概念目录内"
eicu,infusionDrug,NS with 10KCL (ml/hr),"输注药名, 不在概念目录内"
eicu,infusionDrug,Labetalol,"输注药名, 不在概念目录内"
eicu,infusionDrug,D 10% (ml/hr),"输注药名, 不在概念目录内"
eicu,infusionDrug,D5LR w/10KCL (ml/hr),"输注药名, 不在概念目录内"
eicu,infusionDrug,Ciklokapron (ml/hr),"输注药名, 不在概念目录内"
eicu,infusionDrug,Insulin Scale A  (units/hr),"输注药名, 不在概念目录内"
eicu,infusionDrug,0.45%NS w/ MVI (ml/hr),"输注药名, 不在概念目录内"
eicu,infusionDrug,0.9W/20K (ml/hr),"输注药名, 不在概念目录内"
eicu,infusionDrug,Sandostatin (mcg/min),"输注药名, 不在概念目录内"
eicu,infusionDrug,Haloperidol IVF Infused (ml/hr),"输注药名, 不在概念目录内"
eicu,infusionDrug,D5 0.9%NaCl (ml/hr),"输注药名, 不在概念目录内"
eicu,infusionDrug,Levophed (mg/hr),"输注药名, 不在概念目录内"
eicu,infusionDrug,"Volume (mL)-sodium chloride 0.9 % bolus 1,000 mL","输注药名, 不在概念目录内"
eicu,infusionDrug,Bupivicaine 2% (ml/hr),"输注药名, 不在概念目录内"
eicu,infusionDrug,Lidocaine (Xylocaine) STD 2 g Dextrose 5% 500 ml  Premix (mg/min),"输注药名, 不在概念目录内"
eicu,infusionDrug,D5 45NS (ml/hr),"输注药名, 不在概念目录内"
eicu,infusionDrug,D/5&1/2NS w/150NaHCO3 (ml/hr),"输注药名, 不在概念目录内"
eicu,infusionDrug,Hydromorphone (ml/hr),"输注药名, 不在概念目录内"
eicu,infusionDrug,MVI IVF (ml/hr),"输注药名, 不在概念目录内"
eicu,infusionDrug,D5 1/2 NS 20KCL (ml/hr),"输注药名, 不在概念目录内"
eicu,infusionDrug,D5 1/2NS KCL (ml/hr),"输注药名, 不在概念目录内"
eicu,infusionDrug,D5 .20 NS (ml/hr),"输注药名, 不在概念目录内"
eicu,infusionDrug,Reapro (mcg/kg/min),"输注药名, 不在概念目录内"
eicu,infusionDrug,D5/.45NaCl MVI (ml/hr),"输注药名, 不在概念目录内"
eicu,infusionDrug,Sterile Water + 3 amps bicarb (ml/hr),"输注药名, 不在概念目录内"
eicu,infusionDrug,Angiomax (ml/hr),"输注药名, 不在概念目录内"
eicu,infusionDrug,D5W w/ 3amps bicarb (ml/hr),"输注药名, 不在概念目录内"
eicu,infusionDrug,STERILE H2O 3/bicarb (ml/hr),"输注药名, 不在概念目录内"
eicu,infusionDrug,IVF sterile water+ bicarbs+40K (ml/hr),"输注药名, 不在概念目录内"
eicu,infusionDrug,Mucomyst (mg/kg/hr),"输注药名, 不在概念目录内"
eicu,infusionDrug,D5 1/4 WITH 20KCL (ml/hr),"输注药名, 不在概念目录内"
eicu,infusionDrug,0.45%NS w/150 NaBicarb (ml/hr),"输注药名, 不在概念目录内"
eicu,infusionDrug,D5 W/150meq NAHCO3 (ml/hr),"输注药名, 不在概念目录内"
eicu,infusionDrug,D5W w/ BICARB (ml/hr),"输注药名, 不在概念目录内"
eicu,infusionDrug,D5W w/ Bicardb (ml/hr),"输注药名, 不在概念目录内"
eicu,infusionDrug,vitamin bag (ml/hr),"输注药名, 不在概念目录内"
eicu,infusionDrug,D5W w/3amps Bicarb (ml/hr),"输注药名, 不在概念目录内"
eicu,infusionDrug,D10  (ml/hr),"输注药名, 不在概念目录内"
eicu,infusionDrug,REGULAR INSULIN (units/hr),"输注药名, 不在概念目录内"
eicu,infusionDrug,D5 1/2 NS W 20KCL (ml/hr),"输注药名, 不在概念目录内"
eicu,infusionDrug,d5LR with 10 meq K+ (ml/hr),"输注药名, 不在概念目录内"
eicu,infusionDrug,0.9% NS,"输注药名, 不在概念目录内"
eicu,infusionDrug,D5 1/2 w/folic+B1 (ml/hr),"输注药名, 不在概念目录内"
eicu,infusionDrug,NSS Venous Sheath (ml/hr),"输注药名, 不在概念目录内"
eicu,infusionDrug,Na HCO3 in 0.45% NS (ml/hr),"输注药名, 不在概念目录内"
eicu,infusionDrug,D5 w/ 75 meq Bicarb (ml/hr),"输注药名, 不在概念目录内"
eicu,infusionDrug,D5 w/ 150 bicarb (ml/hr),"输注药名, 不在概念目录内"
eicu,infusionDrug,D51/2NS with 20mEq KCL (ml/hr),"输注药名, 不在概念目录内"
eicu,infusionDrug,NS-EKOS (ml/hr),"输注药名, 不在概念目录内"
eicu,infusionDrug,Alteplase-EKOS (mg/hr),"输注药名, 不在概念目录内"
eicu,infusionDrug,Octreotide (mcg/kg/hr),"输注药名, 不在概念目录内"
eicu,infusionDrug,D5 with bicarb (ml/hr),"输注药名, 不在概念目录内"
eicu,infusionDrug,.45NS w/75mEq NaBicarb (ml/hr),"输注药名, 不在概念目录内"
eicu,infusionDrug,D5 NSS w/ 20KCL (ml/hr),"输注药名, 不在概念目录内"
eicu,infusionDrug,0.45 NS  (ml/hr),"输注药名, 不在概念目录内"
eicu,infusionDrug,D5/Sodium Bicarb (ml/hr),"输注药名, 不在概念目录内"
eicu,infusionDrug,NSS control #2 (ml/hr),"输注药名, 不在概念目录内"
eicu,infusionDrug,D5 1/2NS w/ 20K  (ml/hr),"输注药名, 不在概念目录内"
eicu,infusionDrug,D5W & LR (ml/hr),"输注药名, 不在概念目录内"
eicu,infusionDrug,D5%./NaCl 0.45% (ml/hr),"输注药名, 不在概念目录内"
eicu,infusionDrug,d10 with 40 MEQ K (ml/hr),"输注药名, 不在概念目录内"
eicu,infusionDrug,Heparin-EKOS (units/hr),"输注药名, 不在概念目录内"
eicu,infusionDrug,Sterile Water w/ 3 AMPs BiCarb (ml/hr),"输注药名, 不在概念目录内"
eicu,infusionDrug,1/2 NS w/ 2 amps bicarb (ml/hr),"输注药名, 不在概念目录内"
eicu,infusionDrug,flolan (ml/hr),"输注药名, 不在概念目录内"
eicu,infusionDrug,TPN mL/hr (ml/hr),"输注药名, 不在概念目录内"
eicu,infusionDrug,1.8% (ml/hr),"输注药名, 不在概念目录内"
eicu,infusionDrug,Potassium CL (Peripheral) 10 mEq Sterile Water (SWFI) 100 ml  Premix (Unknown),"输注药名, 不在概念目录内"
eicu,infusionDrug,Mag/KPhos (ml/hr),"输注药名, 不在概念目录内"
eicu,infusionDrug,0.9% NSS Venous Sheath (ml/hr),"输注药名, 不在概念目录内"
eicu,infusionDrug,NAHCO3-150meq 1000ml (ml/hr),"输注药名, 不在概念目录内"
eicu,infusionDrug,0.45%NS w/2amps NaHCO3 (ml/hr),"输注药名, 不在概念目录内"
eicu,infusionDrug,D5 1/2 NS WITH 20 KCL (ml/hr),"输注药名, 不在概念目录内"
eicu,infusionDrug,0.45 NS + 75 MEQ SODIUM BICARBONATE (ml/hr),"输注药名, 不在概念目录内"
eicu,infusionDrug,"D5NS MVI, THIAMINE, FOLATE (ml/hr)","输注药名, 不在概念目录内"
eicu,infusionDrug,D51/2NS 1 AMP NAHCO3 (ml/hr),"输注药名, 不在概念目录内"
eicu,infusionDrug,D5 1/2NS KCL10 (ml/hr),"输注药名, 不在概念目录内"
eicu,infusionDrug,D5 NaBicarb150 (ml/hr),"输注药名, 不在概念目录内"
eicu,infusionDrug,Multivitamin Infusion (ml/hr),"输注药名, 不在概念目录内"
eicu,infusionDrug,Scale A Insulin (units/hr),"输注药名, 不在概念目录内"
eicu,infusionDrug,D5W/0.45%NS+MVI (ml/hr),"输注药名, 不在概念目录内"
eicu,infusionDrug,Potassium 20meq IV K-rider (mg/hr),"输注药名, 不在概念目录内"
eicu,infusionDrug,Alteplase (EKOS #2) (mg/hr),"输注药名, 不在概念目录内"
eicu,infusionDrug,Alteplase (EKOS) (mg/hr),"输注药名, 不在概念目录内"
eicu,infusionDrug,NAC (mg/kg/hr),"输注药名, 不在概念目录内"
eicu,infusionDrug,TPN (mg/hr),"输注药名, 不在概念目录内"
eicu,infusionDrug,D5W/ 0.45 NS (ml/hr),"输注药名, 不在概念目录内"
eicu,infusionDrug,Hydromorephone PCA (ml/hr),"输注药名, 不在概念目录内"
eicu,infusionDrug,D5/0.45% NaCl/40mEq KCL (ml/hr),"输注药名, 不在概念目录内"
eicu,infusionDrug,D5W W/40K (ml/hr),"输注药名, 不在概念目录内"
eicu,infusionDrug,L/R (ml/hr),"输注药名, 不在概念目录内"
eicu,infusionDrug,NS--EKOS (ml/hr),"输注药名, 不在概念目录内"
eicu,infusionDrug,NS (EKOS #2) (ml/hr),"输注药名, 不在概念目录内"
eicu,infusionDrug,Normal Saline with Sodium Bicarb (ml/hr),"输注药名, 不在概念目录内"
eicu,infusionDrug,D5/0.45NSS (ml/hr),"输注药名, 不在概念目录内"
eicu,infusionDrug,D5W+150meqNaHCO3 (ml/hr),"输注药名, 不在概念目录内"
eicu,infusionDrug,D5W w/ 150meq NaHCO3 (ml/hr),"输注药名, 不在概念目录内"
eicu,infusionDrug,non-PRBC (ml/hr),"输注药名, 不在概念目录内"
eicu,infusionDrug,Ketamine  (mg/hr),"输注药名, 不在概念目录内"
eicu,infusionDrug,NS/MF (ml/hr),"输注药名, 不在概念目录内"
eicu,infusionDrug,0.9% NSS w/20mEq KCl (ml/hr),"输注药名, 不在概念目录内"
eicu,infusionDrug,nsc20k (ml/hr),"输注药名, 不在概念目录内"
eicu,infusionDrug,D5/0.45NaCl (ml/hr),"输注药名, 不在概念目录内"
eicu,infusionDrug,D5W w.3 amps of bicarb (ml/hr),"输注药名, 不在概念目录内"
eicu,infusionDrug,D5/0.9 (ml/hr),"输注药名, 不在概念目录内"
eicu,infusionDrug,Nicardipine (mcg/hr),"输注药名, 不在概念目录内"
eicu,infusionDrug,Insulin (Regular) (ml/hr),"输注药名, 不在概念目录内"
eicu,infusionDrug,Sodium Bicarb. (ml/hr),"输注药名, 不在概念目录内"
eicu,infusionDrug,D5W + 40 meq potassium acetate/L (ml/hr),"输注药名, 不在概念目录内"
eicu,infusionDrug,Nicardipine (mcg/kg/min),"输注药名, 不在概念目录内"
eicu,infusionDrug,Mgnesium (mg/hr),"输注药名, 不在概念目录内"
eicu,infusionDrug,5%Albumin (ml/hr),"输注药名, 不在概念目录内"
eicu,infusionDrug,NS Replacement (ml/hr),"输注药名, 不在概念目录内"
eicu,infusionDrug,D5w+150meq  sodium bicarb (ml/hr),"输注药名, 不在概念目录内"
eicu,infusionDrug,NSS+additives (ml/hr),"输注药名, 不在概念目录内"
eicu,infusionDrug,IVF Non-VasoActive (ml/hr),"输注药名, 不在概念目录内"
eicu,infusionDrug,IV w additives (ml/hr),"输注药名, 不在概念目录内"
eicu,infusionDrug,D51/2NS w/ KCL (ml/hr),"输注药名, 不在概念目录内"
eicu,infusionDrug,NS w/40mEq KCL (ml/hr),"输注药名, 不在概念目录内"
eicu,infusionDrug,ns + 40 kcl (ml/hr),"输注药名, 不在概念目录内"
eicu,infusionDrug,NA 3% (ml/hr),"输注药名, 不在概念目录内"
eicu,infusionDrug,REOPRO (mcg/min),"输注药名, 不在概念目录内"
eicu,infusionDrug,D10 (mg/hr),"输注药名, 不在概念目录内"
eicu,infusionDrug,Zemuron (mcg/kg/hr),"输注药名, 不在概念目录内"
eicu,infusionDrug,D5 w/ 3 amps NaHCO3 (ml/hr),"输注药名, 不在概念目录内"
eicu,infusionDrug,"D5,0.45NSW/40meq KCL (ml/hr)","输注药名, 不在概念目录内"
eicu,infusionDrug,NSS w/ protonix (ml/hr),"输注药名, 不在概念目录内"
eicu,infusionDrug,2% NS (ml/hr),"输注药名, 不在概念目录内"
eicu,infusionDrug,Ketamine (mg/min),"输注药名, 不在概念目录内"
eicu,infusionDrug,Alteplase TPA (mg/hr),"输注药名, 不在概念目录内"
eicu,infusionDrug,D5 with 150meq bicarb (ml/hr),"输注药名, 不在概念目录内"
eicu,infusionDrug,0.9% NSS via venous sheath (ml/hr),"输注药名, 不在概念目录内"
eicu,infusionDrug,narcan (ml/hr),"输注药名, 不在概念目录内"
eicu,infusionDrug,NS 20K MEQ (ml/hr),"输注药名, 不在概念目录内"
eicu,infusionDrug,D5W 0.45 NS w 20 mEq kCl (ml/hr),"输注药名, 不在概念目录内"
eicu,infusionDrug,D5LRKCL (ml/hr),"输注药名, 不在概念目录内"
eicu,infusionDrug,D5NS1/4 (ml/hr),"输注药名, 不在概念目录内"
eicu,infusionDrug,d5 1/2 + 20 KCl (ml/hr),"输注药名, 不在概念目录内"
eicu,infusionDrug,NS W/ 10MEQ KCL (ml/hr),"输注药名, 不在概念目录内"
eicu,infusionDrug,NS 1000 ml + 2 amp bicarb (ml/hr),"输注药名, 不在概念目录内"
eicu,infusionDrug,3 % SALINE (ml/hr),"输注药名, 不在概念目录内"
eicu,infusionDrug,Eptifibatide,"输注药名, 不在概念目录内"
eicu,infusionDrug,0.9% NSS,"输注药名, 不在概念目录内"
eicu,infusionDrug,D5 w/ 150 mEq HCO3 (ml/hr),"输注药名, 不在概念目录内"
eicu,infusionDrug,D5W.45NS (ml/hr),"输注药名, 不在概念目录内"
eicu,infusionDrug,D5W/.45 NaCL (ml/hr),"输注药名, 不在概念目录内"
eicu,infusionDrug,Nimbex (mg/kg/min),"输注药名, 不在概念目录内"
eicu,infusionDrug,d51/2ns  (ml/hr),"输注药名, 不在概念目录内"
eicu,infusionDrug,D5/LR/Thiamine/Folic Acid (ml/hr),"输注药名, 不在概念目录内"
eicu,infusionDrug,Fibersource tube feeding (ml/hr),"输注药名, 不在概念目录内"
eicu,infusionDrug,D5%NS (ml/hr),"输注药名, 不在概念目录内"
eicu,infusionDrug,Lac Ringers (ml/hr),"输注药名, 不在概念目录内"
eicu,infusionDrug,D5W 1L + 3 VIALS OF NAHCO3 (ml/hr),"输注药名, 不在概念目录内"
eicu,infusionDrug,D5W + 40K (ml/hr),"输注药名, 不在概念目录内"
eicu,infusionDrug,calicum gluconate (ml/hr),"输注药名, 不在概念目录内"
eicu,infusionDrug,IVF + MVI (ml/hr),"输注药名, 不在概念目录内"
eicu,infusionDrug,D5.45 NS + 20 meq KCL (ml/hr),"输注药名, 不在概念目录内"
eicu,infusionDrug,Propofol (mcg/hr),"输注药名, 不在概念目录内"
eicu,infusionDrug,D5W+250meqNaHco3 (ml/hr),"输注药名, 不在概念目录内"
eicu,infusionDrug,meTHYLpredNISolone (ml/hr),"输注药名, 不在概念目录内"
eicu,infusionDrug,"0.9NS w/thiamine, mvi and folate (ml/hr)","输注药名, 不在概念目录内"
eicu,infusionDrug,d5w 150 meq hco3 (ml/hr),"输注药名, 不在概念目录内"
eicu,infusionDrug,D51/2NSKCL (ml/hr),"输注药名, 不在概念目录内"
eicu,infusionDrug,acetylcistine (ml/hr),"输注药名, 不在概念目录内"
eicu,infusionDrug,D5NS w/20K (ml/hr),"输注药名, 不在概念目录内"
eicu,infusionDrug,Heparin via sheath (units/hr),"输注药名, 不在概念目录内"
eicu,infusionDrug,tPA via right sheath (units/hr),"输注药名, 不在概念目录内"
eicu,infusionDrug,NSS Maintenance (ml/hr),"输注药名, 不在概念目录内"
eicu,infusionDrug,D5 0.45%NS w/ 40 KCL (ml/hr),"输注药名, 不在概念目录内"
eicu,infusionDrug,"MVI/thiamine, folic acid  (ml/hr)","输注药名, 不在概念目录内"
eicu,infusionDrug,Insulin Regular (ml/hr),"输注药名, 不在概念目录内"
eicu,infusionDrug,D5W/.45%NS + 40 mEq K (ml/hr),"输注药名, 不在概念目录内"
eicu,infusionDrug,D5 w/ Bicarb 150meq (ml/hr),"输注药名, 不在概念目录内"
eicu,infusionDrug,NS block replacement (ml/hr),"输注药名, 不在概念目录内"
eicu,infusionDrug,D5W with 20KCL (ml/hr),"输注药名, 不在概念目录内"
eicu,infusionDrug,D5 1/2 ns with kcl (ml/hr),"输注药名, 不在概念目录内"
eicu,infusionDrug,1.8 % NaCl (ml/hr),"输注药名, 不在概念目录内"
eicu,infusionDrug,1/2 NSS with75meq sodium bicarb (ml/hr),"输注药名, 不在概念目录内"
eicu,infusionDrug,D5 w/NSBicarb (ml/hr),"输注药名, 不在概念目录内"
eicu,infusionDrug,D5 0.45NaCl (ml/hr),"输注药名, 不在概念目录内"
eicu,infusionDrug,NSS with MV (ml/hr),"输注药名, 不在概念目录内"
eicu,infusionDrug,d5-1/2NS (ml/hr),"输注药名, 不在概念目录内"
eicu,infusionDrug,Folic Acid/Thiamine (ml/hr),"输注药名, 不在概念目录内"
eicu,infusionDrug,d5 w/ MVI (ml/hr),"输注药名, 不在概念目录内"
eicu,infusionDrug,TPA(alteplase) (mg/hr),"输注药名, 不在概念目录内"
eicu,infusionDrug,"EPIDURAL, FENT/BUPIV (ml/hr)","输注药名, 不在概念目录内"
eicu,infusionDrug,1/2NS NaHCO3 (ml/hr),"输注药名, 不在概念目录内"
eicu,infusionDrug,0.45%ns c 40kcl (ml/hr),"输注药名, 不在概念目录内"
eicu,infusionDrug,tPA (units/hr),"输注药名, 不在概念目录内"
eicu,infusionDrug,1/2 NS + 20 meEq KCL (ml/hr),"输注药名, 不在概念目录内"
eicu,infusionDrug,0.45% NS w/ 75mEq NaHCO3 (ml/hr),"输注药名, 不在概念目录内"
eicu,infusionDrug,Na Bicarb 150meq sterile water (ml/hr),"输注药名, 不在概念目录内"
eicu,infusionDrug,D10 NS (ml/hr),"输注药名, 不在概念目录内"
eicu,infusionDrug,D5+150meq NaHCO3 (ml/hr),"输注药名, 不在概念目录内"
eicu,infusionDrug,D 5 1/2 NS (ml/hr),"输注药名, 不在概念目录内"
eicu,infusionDrug,ARGATROBAN (mg/kg/min),"输注药名, 不在概念目录内"
eicu,infusionDrug,D5W+MVI/Thiamine/FolicAcid (ml/hr),"输注药名, 不在概念目录内"
eicu,infusionDrug,d5w/.45% NSS (ml/hr),"输注药名, 不在概念目录内"
eicu,infusionDrug,NS0.9% (ml/hr),"输注药名, 不在概念目录内"
eicu,infusionDrug,D5W + 20meq KcL (ml/hr),"输注药名, 不在概念目录内"
eicu,infusionDrug,Fent 625mcg/Bupiv 312.5 Epidual (ml/hr),"输注药名, 不在概念目录内"
eicu,infusionDrug,PPN  (ml/hr),"输注药名, 不在概念目录内"
eicu,infusionDrug,MVI/BANANA BAG (ml/hr),"输注药名, 不在概念目录内"
eicu,infusionDrug,D5 1/2 NS 10 K (ml/hr),"输注药名, 不在概念目录内"
eicu,infusionDrug,NSS KVO (ml/hr),"输注药名, 不在概念目录内"
eicu,infusionDrug,D5W/ 75 mEq HCO3 (ml/hr),"输注药名, 不在概念目录内"
eicu,infusionDrug,NaCL 0.2% (ml/hr),"输注药名, 不在概念目录内"
eicu,infusionDrug,IVF c MVI (ml/hr),"输注药名, 不在概念目录内"
eicu,infusionDrug,PLTS (ml/hr),"输注药名, 不在概念目录内"
eicu,infusionDrug,d5ns+2amps sodium bicarb (ml/hr),"输注药名, 不在概念目录内"
eicu,infusionDrug,D5 0.45% 20k (ml/hr),"输注药名, 不在概念目录内"
eicu,infusionDrug,D5NaBi-carb (ml/hr),"输注药名, 不在概念目录内"
eicu,infusionDrug,Na HCO3 (ml/hr),"输注药名, 不在概念目录内"
eicu,infusionDrug,D5 & 0.45NS w MVI (ml/hr),"输注药名, 不在概念目录内"
eicu,infusionDrug,1/2 NS w/40meqK+ (ml/hr),"输注药名, 不在概念目录内"
eicu,infusionDrug,0.45% NS w/40meq KCL (ml/hr),"输注药名, 不在概念目录内"
eicu,infusionDrug,D5.45NSw/40Kcl (ml/hr),"输注药名, 不在概念目录内"
eicu,infusionDrug,D5W + NaHCO3 300meq (ml/hr),"输注药名, 不在概念目录内"
eicu,infusionDrug,Mag Sulfate + Potassium Phosphate (ml/hr),"输注药名, 不在概念目录内"
eicu,infusionDrug,D5W/.9NSS (ml/hr),"输注药名, 不在概念目录内"
eicu,infusionDrug,D5 150 bicarb (ml/hr),"输注药名, 不在概念目录内"
eicu,infusionDrug,Isosource TF (ml/hr),"输注药名, 不在概念目录内"
eicu,infusionDrug,D5W c 75meq NaHCO3 (ml/hr),"输注药名, 不在概念目录内"
eicu,infusionDrug,D5 1/2 W/20K (ml/hr),"输注药名, 不在概念目录内"
eicu,infusionDrug,0.45% NS + 75 meq sodium bicarbonate (ml/hr),"输注药名, 不在概念目录内"
eicu,infusionDrug,cardene (),"输注药名, 不在概念目录内"
eicu,infusionDrug,D5W +1/2NS 10 MEQ KCL (ml/hr),"输注药名, 不在概念目录内"
eicu,infusionDrug,tpn (),"输注药名, 不在概念目录内"
eicu,infusionDrug,d5+NS (ml/hr),"输注药名, 不在概念目录内"
eicu,infusionDrug,D5 100meq bicarb (ml/hr),"输注药名, 不在概念目录内"
eicu,infusionDrug,Calcium Gluconate (ml/hr),"输注药名, 不在概念目录内"
eicu,infusionDrug,D5 & 0.45NS (ml/hr),"输注药名, 不在概念目录内"
eicu,infusionDrug,.45NS w/75mEq Bicarb (ml/hr),"输注药名, 不在概念目录内"
eicu,infusionDrug,D51/2NS w/ 20meqK (ml/hr),"输注药名, 不在概念目录内"
eicu,infusionDrug,IV ABx (ml/hr),"输注药名, 不在概念目录内"
eicu,infusionDrug,Lipid 20% (ml/hr),"输注药名, 不在概念目录内"
eicu,infusionDrug,Amicar (mcg/kg/hr),"输注药名, 不在概念目录内"
eicu,infusionDrug,D50  (ml/hr),"输注药名, 不在概念目录内"
eicu,infusionDrug,D5 Electrolye Bag (ml/hr),"输注药名, 不在概念目录内"
eicu,infusionDrug,H20 w/150mEq Bicarb (ml/hr),"输注药名, 不在概念目录内"
eicu,infusionDrug,D5 w/ 150meq HCO3 (ml/hr),"输注药名, 不在概念目录内"
eicu,infusionDrug,"D5.45 w/ MVI, Folate, Thiamine (ml/hr)","输注药名, 不在概念目录内"
eicu,infusionDrug,0.9% w/20 KCl (ml/hr),"输注药名, 不在概念目录内"
eicu,infusionDrug,hco3 gtt (ml/hr),"输注药名, 不在概念目录内"
eicu,infusionDrug,cardene gtt (ml/hr),"输注药名, 不在概念目录内"
eicu,infusionDrug,D50.45NS20K (ml/hr),"输注药名, 不在概念目录内"
eicu,infusionDrug,NACL 20MEQ KCL (ml/hr),"输注药名, 不在概念目录内"
eicu,infusionDrug,D5W150BiCarb (ml/hr),"输注药名, 不在概念目录内"
eicu,infusionDrug,D5%W (ml/hr),"输注药名, 不在概念目录内"
eicu,infusionDrug,D5 1/2 NS with 20 mEq KCL (ml/hr),"输注药名, 不在概念目录内"
eicu,infusionDrug,0.45ns with acetylcysteine6985mg -  (ml/hr),"输注药名, 不在概念目录内"
eicu,infusionDrug,N Acetylcysteine (mg/kg/hr),"输注药名, 不在概念目录内"
eicu,infusionDrug,D5 1/2NS 20MEQ KCL 10MMOL KPHOS (ml/hr),"输注药名, 不在概念目录内"
eicu,infusionDrug,D5W+ 150 meq NaHCO3 (ml/hr),"输注药名, 不在概念目录内"
eicu,infusionDrug,Sterile Water w/ 150mEq Sod Bicarb (ml/hr),"输注药名, 不在概念目录内"
eicu,infusionDrug,0.45NS/ Bicarb 150 mEq (ml/hr),"输注药名, 不在概念目录内"
eicu,infusionDrug,Coolant--NSS right (ml/hr),"输注药名, 不在概念目录内"
eicu,infusionDrug,NSS w/ECOS left (ml/hr),"输注药名, 不在概念目录内"
eicu,infusionDrug,D5 w/ 150 HCO3 (ml/hr),"输注药名, 不在概念目录内"
eicu,infusionDrug,D10 0.45% NS (ml/hr),"输注药名, 不在概念目录内"
eicu,infusionDrug,d5w/150meq HCO3 (ml/hr),"输注药名, 不在概念目录内"
eicu,infusionDrug,D5LR  (ml/hr),"输注药名, 不在概念目录内"
eicu,infusionDrug,integrelin (mcg/kg/min),"输注药名, 不在概念目录内"
eicu,infusionDrug,3% Na (ml/hr),"输注药名, 不在概念目录内"
eicu,infusionDrug,D5NS + 20 meq KCL (ml/hr),"输注药名, 不在概念目录内"
eicu,infusionDrug,D5%/NaCl0.45% (ml/hr),"输注药名, 不在概念目录内"
eicu,infusionDrug,D5 0.45 NaCl (ml/hr),"输注药名, 不在概念目录内"
eicu,infusionDrug,D5/0.45%NSS (ml/hr),"输注药名, 不在概念目录内"
eicu,infusionDrug,1/2 nss w/ bicarb (ml/hr),"输注药名, 不在概念目录内"
eicu,infusionDrug,1L Sterile Water w/150mEq Bicarb (ml/hr),"输注药名, 不在概念目录内"
eicu,infusionDrug,bicarb 2amps (ml/hr),"输注药名, 不在概念目录内"
eicu,infusionDrug,mannitol (ml/hr),"输注药名, 不在概念目录内"
eicu,infusionDrug,Transeximic Acid (mg/hr),"输注药名, 不在概念目录内"
eicu,infusionDrug,ns w/ kcl 40 meq (ml/hr),"输注药名, 不在概念目录内"
eicu,infusionDrug,Nitroprusside(Nipride)STD 100 mg Dextrose 5% 250 ml (mcg/kg/min),"输注药名, 不在概念目录内"
eicu,infusionDrug,argatroban (mg/hr),"输注药名, 不在概念目录内"
eicu,infusionDrug,1/2NS D5W (ml/hr),"输注药名, 不在概念目录内"
eicu,infusionDrug,D5.45NS w/MVI (ml/hr),"输注药名, 不在概念目录内"
eicu,infusionDrug,D5/0.45 NS (ml/hr),"输注药名, 不在概念目录内"
eicu,infusionDrug,Coolant-NSS left (ml/hr),"输注药名, 不在概念目录内"
eicu,infusionDrug,TPA w/ECOS right (ml/hr),"输注药名, 不在概念目录内"
eicu,infusionDrug,NSS w/ECOS right (ml/hr),"输注药名, 不在概念目录内"
eicu,infusionDrug,TPA w/ECOS left (ml/hr),"输注药名, 不在概念目录内"
eicu,infusionDrug,D10 with 150 NaHCO3 (ml/hr),"输注药名, 不在概念目录内"
eicu,infusionDrug,D5 0.45NSS w/KCl (ml/hr),"输注药名, 不在概念目录内"
eicu,infusionDrug,NS w/20 meq KCL (ml/hr),"输注药名, 不在概念目录内"
eicu,infusionDrug,D5W w/10 kcl  (ml/hr),"输注药名, 不在概念目录内"
eicu,infusionDrug,sodium bcarb (ml/hr),"输注药名, 不在概念目录内"
eicu,infusionDrug,NSS R femoral (ml/hr),"输注药名, 不在概念目录内"
eicu,infusionDrug,0.45NaCl (ml/hr),"输注药名, 不在概念目录内"
eicu,infusionDrug,0.45 NSS Bicarb 150 MEQ (ml/hr),"输注药名, 不在概念目录内"
eicu,infusionDrug,D5W w/sodium bicarb (ml/hr),"输注药名, 不在概念目录内"
eicu,infusionDrug,D10/NSS (ml/hr),"输注药名, 不在概念目录内"
eicu,infusionDrug,Bivalirudin (ml/hr),"输注药名, 不在概念目录内"
eicu,infusionDrug,TPN,"输注药名, 不在概念目录内"
eicu,infusionDrug,3% Hyertonic (ml/hr),"输注药名, 不在概念目录内"
eicu,infusionDrug,normal saline with 20 k (ml/hr),"输注药名, 不在概念目录内"
eicu,infusionDrug,Na Bicard (mcg/hr),"输注药名, 不在概念目录内"
eicu,infusionDrug,1.8% saline (ml/hr),"输注药名, 不在概念目录内"
eicu,infusionDrug,Nexium (mg/hr),"输注药名, 不在概念目录内"
eicu,infusionDrug,atricuriom (mcg/kg/min),"输注药名, 不在概念目录内"
eicu,infusionDrug,0.9NS/20KCL (ml/hr),"输注药名, 不在概念目录内"
eicu,infusionDrug,sterile H20 w/100meqNaHco3 (ml/hr),"输注药名, 不在概念目录内"
eicu,infusionDrug,D5/0.5NS (ml/hr),"输注药名, 不在概念目录内"
eicu,infusionDrug,Thiamine  (ml/hr),"输注药名, 不在概念目录内"
eicu,infusionDrug,D51/2+10KCL (ml/hr),"输注药名, 不在概念目录内"
eicu,infusionDrug,0.45%NS w/ 20meq KCL (ml/hr),"输注药名, 不在概念目录内"
eicu,infusionDrug,D5 ns + 20k (ml/hr),"输注药名, 不在概念目录内"
eicu,infusionDrug,BICARB IN D5W (ml/hr),"输注药名, 不在概念目录内"
eicu,infusionDrug,0.45% NS with 75 meql BiCarb (ml/hr),"输注药名, 不在概念目录内"
eicu,infusionDrug,Isuprel (mcg/min),"输注药名, 不在概念目录内"
eicu,infusionDrug,Insulin (Unknown),"输注药名, 不在概念目录内"
eicu,infusionDrug,D10NSS (ml/hr),"输注药名, 不在概念目录内"
eicu,infusionDrug,D5 W (ml/hr),"输注药名, 不在概念目录内"
eicu,infusionDrug,0.225% sodium chloride (ml/hr),"输注药名, 不在概念目录内"
eicu,infusionDrug,D5LR with 40meq KCL/L (ml/hr),"输注药名, 不在概念目录内"
eicu,infusionDrug,0.9% NaCl (venous sheath) (ml/hr),"输注药名, 不在概念目录内"
eicu,infusionDrug,Rocuronium (ml/hr),"输注药名, 不在概念目录内"
eicu,infusionDrug,"Volume (mL)-lactated ringers bolus 1,000 mL (ml/hr)","输注药名, 不在概念目录内"
eicu,infusionDrug,IVF Plain (ml/hr),"输注药名, 不在概念目录内"
eicu,infusionDrug,Abciximab (),"输注药名, 不在概念目录内"
eicu,infusionDrug,0.9% NS w/ 20kcl (ml/hr),"输注药名, 不在概念目录内"
eicu,infusionDrug,levaquin (ml/hr),"输注药名, 不在概念目录内"
eicu,infusionDrug,D5 & 0.45% NS (ml/hr),"输注药名, 不在概念目录内"
eicu,infusionDrug,D5 + 150 meq Bicarb (ml/hr),"输注药名, 不在概念目录内"
eicu,infusionDrug,D5.45 with thimaine and folic acid (ml/hr),"输注药名, 不在概念目录内"
eicu,infusionDrug,D5 w/150 NaBicarb (ml/hr),"输注药名, 不在概念目录内"
eicu,infusionDrug,D5/0.9%NS (ml/hr),"输注药名, 不在概念目录内"
eicu,infusionDrug,precedex (ml/hr),"输注药名, 不在概念目录内"
eicu,infusionDrug,K Phos (ml/hr),"输注药名, 不在概念目录内"
eicu,infusionDrug,D5 Normal Saline (ml/hr),"输注药名, 不在概念目录内"
eicu,infusionDrug,reglan (mcg/hr),"输注药名, 不在概念目录内"
eicu,infusionDrug,1.8 NACL (ml/hr),"输注药名, 不在概念目录内"
eicu,infusionDrug,D5 1/2 w/ 20KCL (ml/hr),"输注药名, 不在概念目录内"
eicu,infusionDrug,D5W w/ 75 meq NaBicarb (ml/hr),"输注药名, 不在概念目录内"
eicu,infusionDrug,0.9 NS,"输注药名, 不在概念目录内"
eicu,infusionDrug,D5 w/ 150mEq (ml/hr),"输注药名, 不在概念目录内"
eicu,infusionDrug,NS with MVI (ml/hr),"输注药名, 不在概念目录内"
eicu,infusionDrug,D5W 1/2 NS (ml/hr),"输注药名, 不在概念目录内"
eicu,infusionDrug,Fresh Frozen Plasma (ml/hr),"输注药名, 不在概念目录内"
eicu,infusionDrug,3%na cl (ml/hr),"输注药名, 不在概念目录内"
eicu,infusionDrug,ivp (ml/hr),"输注药名, 不在概念目录内"
eicu,infusionDrug,PRBC  (ml/hr),"输注药名, 不在概念目录内"
eicu,infusionDrug,argatoban (mcg/kg/min),"输注药名, 不在概念目录内"
eicu,infusionDrug,cisatracurium (ml/hr),"输注药名, 不在概念目录内"
eicu,infusionDrug,acetylysteine (mg/kg/hr),"输注药名, 不在概念目录内"
eicu,infusionDrug,D5NS,"输注药名, 不在概念目录内"
eicu,infusionDrug,Fat Emulsion IV 20% 250 ml (ml/hr),"输注药名, 不在概念目录内"
eicu,infusionDrug,Sodium bicarbonate with Sterile Water (ml/hr),"输注药名, 不在概念目录内"
eicu,infusionDrug,D5W w/150 meq HCO3 (ml/hr),"输注药名, 不在概念目录内"
eicu,infusionDrug,D5 NS 40K (ml/hr),"输注药名, 不在概念目录内"
eicu,infusionDrug,Narcan  (mg/hr),"输注药名, 不在概念目录内"
eicu,infusionDrug,D5LR + 40 meq KCL (ml/hr),"输注药名, 不在概念目录内"
eicu,infusionDrug,D5/0.2%NS w/ KCL (ml/hr),"输注药名, 不在概念目录内"
eicu,infusionDrug,20 K+ IN d5w (ml/hr),"输注药名, 不在概念目录内"
eicu,infusionDrug,D5 1/2NS  KCL 20MEQ (ml/hr),"输注药名, 不在概念目录内"
eicu,infusionDrug,Fentanyl/Bupivicaine PCEA (ml/hr),"输注药名, 不在概念目录内"
eicu,infusionDrug,0.9%NACL (ml/hr),"输注药名, 不在概念目录内"
eicu,infusionDrug,Nitroglycerin (mcg/kg/hr),"输注药名, 不在概念目录内"
eicu,infusionDrug,NaCl 3% Hypertonic (ml/hr),"输注药名, 不在概念目录内"
eicu,infusionDrug,D5 NSS + 20K (ml/hr),"输注药名, 不在概念目录内"
eicu,infusionDrug,Levothyroxine Sodium (mcg/hr),"输注药名, 不在概念目录内"
eicu,infusionDrug,D% + 1/2 NS + 40meq K  (ml/hr),"输注药名, 不在概念目录内"
eicu,infusionDrug,NS carrier (ml/hr),"输注药名, 不在概念目录内"
eicu,infusionDrug,H2O/HCO2/K (ml/hr),"输注药名, 不在概念目录内"
eicu,infusionDrug,IV bolus (ml/hr),"输注药名, 不在概念目录内"
eicu,infusionDrug,HEPARIN #2 (units/hr),"输注药名, 不在概念目录内"
eicu,infusionDrug,IV w/ Bicarb (ml/hr),"输注药名, 不在概念目录内"
eicu,infusionDrug,D5 0.45%NSS (ml/hr),"输注药名, 不在概念目录内"
eicu,infusionDrug,Cisatrcurium/Nimbex(mcg/kg/min) (mcg/kg/min),"输注药名, 不在概念目录内"
eicu,infusionDrug,Nitroglycerin(50mg/500ml) 50 mg Dextrose 5% 500 ml  Premix (glass bottle) (mcg/min),"输注药名, 不在概念目录内"
eicu,infusionDrug,ND (ml/hr),"输注药名, 不在概念目录内"
eicu,infusionDrug,Nimbex (ml/hr),"输注药名, 不在概念目录内"
eicu,infusionDrug,D5 1/2 w/20meq KCL (ml/hr),"输注药名, 不在概念目录内"
eicu,infusionDrug,D5W flush (ml/hr),"输注药名, 不在概念目录内"
eicu,infusionDrug,D5 NaBicarb (ml/hr),"输注药名, 不在概念目录内"
eicu,infusionDrug,"NSS wtih MVI, Thiamine,folate (ml/hr)","输注药名, 不在概念目录内"
eicu,infusionDrug,D5 0.45 NSS (ml/hr),"输注药名, 不在概念目录内"
eicu,infusionDrug,Integralin (mcg/kg/min),"输注药名, 不在概念目录内"
eicu,infusionDrug,D5NS W/20 MEQ KCL (ml/hr),"输注药名, 不在概念目录内"
eicu,infusionDrug,NSS w.20kcl (ml/hr),"输注药名, 不在概念目录内"
eicu,infusionDrug,ATRACRIUM (mcg/kg/min),"输注药名, 不在概念目录内"
eicu,infusionDrug,iced saline (ml/hr),"输注药名, 不在概念目录内"
eicu,infusionDrug,bivalirudin/angiomax (ml/hr),"输注药名, 不在概念目录内"
eicu,infusionDrug,LR/ 20 mEq KCl (ml/hr),"输注药名, 不在概念目录内"
eicu,infusionDrug,D5 + Bicarb (ml/hr),"输注药名, 不在概念目录内"
eicu,infusionDrug,D5W/.45%NS (ml/hr),"输注药名, 不在概念目录内"
eicu,infusionDrug,D5 1/2NS 40mEq (ml/hr),"输注药名, 不在概念目录内"
eicu,infusionDrug,Rocuronium (mcg/kg/hr),"输注药名, 不在概念目录内"
eicu,infusionDrug,D5W w/NaHCO3 (ml/hr),"输注药名, 不在概念目录内"
eicu,infusionDrug,D5 1/2 +20k (ml/hr),"输注药名, 不在概念目录内"
eicu,infusionDrug,d5 1/2 ns + 40 mEq kcl (ml/hr),"输注药名, 不在概念目录内"
eicu,infusionDrug,"Volume (mL)-lactated ringers bolus 1,000 mL","输注药名, 不在概念目录内"
eicu,infusionDrug,magnesiym (ml/hr),"输注药名, 不在概念目录内"
eicu,infusionDrug,D5 Sodium Bicarb (ml/hr),"输注药名, 不在概念目录内"
eicu,infusionDrug,NS - PCA (ml/hr),"输注药名, 不在概念目录内"
eicu,infusionDrug,D5/.45%NaCl (ml/hr),"输注药名, 不在概念目录内"
eicu,infusionDrug,1/2nss+sodium bicarb (ml/hr),"输注药名, 不在概念目录内"
eicu,infusionDrug,D5 .45NSS (ml/hr),"输注药名, 不在概念目录内"
eicu,infusionDrug,D5/150mEq Na Bicarb (ml/hr),"输注药名, 不在概念目录内"
eicu,infusionDrug,1/2 NSS + 75 meq Na Bicarb (ml/hr),"输注药名, 不在概念目录内"
eicu,infusionDrug,D51/2NS w. KCL (ml/hr),"输注药名, 不在概念目录内"
eicu,infusionDrug,NS @50/HR (ml/hr),"输注药名, 不在概念目录内"
eicu,infusionDrug,NS w/ 30meq K+ (ml/hr),"输注药名, 不在概念目录内"
eicu,infusionDrug,D5 0.45NS w/10K+ (ml/hr),"输注药名, 不在概念目录内"
eicu,infusionDrug,NS @ 60 (ml/hr),"输注药名, 不在概念目录内"
eicu,infusionDrug,NS w/ KCL 20meq (ml/hr),"输注药名, 不在概念目录内"
eicu,infusionDrug,MVI Infusion (ml/hr),"输注药名, 不在概念目录内"
eicu,infusionDrug,NS w/60 meq KCl (ml/hr),"输注药名, 不在概念目录内"
eicu,infusionDrug,D5 1/2NSS w/ MVI (ml/hr),"输注药名, 不在概念目录内"
eicu,infusionDrug,Naloxone (Narcan) (mg/hr),"输注药名, 不在概念目录内"
eicu,infusionDrug,Multivitamin (ml/hr),"输注药名, 不在概念目录内"
eicu,infusionDrug,NSS + Potassium (ml/hr),"输注药名, 不在概念目录内"
eicu,infusionDrug,d5W/.45NSS w/ MV (ml/hr),"输注药名, 不在概念目录内"
eicu,infusionDrug,D5 1/2 NS w/40MeQ KCL (ml/hr),"输注药名, 不在概念目录内"
eicu,infusionDrug,D51/2NS150NaHCO3 (ml/hr),"输注药名, 不在概念目录内"
eicu,infusionDrug,NS with 20KCL (ml/hr),"输注药名, 不在概念目录内"
eicu,infusionDrug,Bolus  (ml/hr),"输注药名, 不在概念目录内"
eicu,infusionDrug,D5.9 (ml/hr),"输注药名, 不在概念目录内"
eicu,infusionDrug,Vecuronium  (mcg/kg/min),"输注药名, 不在概念目录内"
eicu,infusionDrug,0.45% SODIUM CHOLRIDE (ml/hr),"输注药名, 不在概念目录内"
eicu,infusionDrug,SterileWater/150Bicarb (ml/hr),"输注药名, 不在概念目录内"
eicu,infusionDrug,Bupivacaine (ml/hr),"输注药名, 不在概念目录内"
eicu,infusionDrug,Normosol 7.4 (ml/hr),"输注药名, 不在概念目录内"
eicu,infusionDrug,D5 1/2 NSS w/ 40KCL (ml/hr),"输注药名, 不在概念目录内"
eicu,infusionDrug,D5w0.45 NSS (ml/hr),"输注药名, 不在概念目录内"
eicu,infusionDrug,d10w/ns (ml/hr),"输注药名, 不在概念目录内"
eicu,infusionDrug,D5 0.45%  with 20meq KCL (ml/hr),"输注药名, 不在概念目录内"
eicu,infusionDrug,NS control (ml/hr),"输注药名, 不在概念目录内"
eicu,infusionDrug,D5 NS 0.2% (ml/hr),"输注药名, 不在概念目录内"
eicu,infusionDrug,Sodium Bicarb,"输注药名, 不在概念目录内"
eicu,infusionDrug,NSS w/5gms Calcium gluconate (ml/hr),"输注药名, 不在概念目录内"
eicu,infusionDrug,Magnesium,"输注药名, 不在概念目录内"
eicu,infusionDrug,d5W/.45%NSS + 150mEq NaBicarb (ml/hr),"输注药名, 不在概念目录内"
eicu,infusionDrug,PRBC,"输注药名, 不在概念目录内"
eicu,infusionDrug,isosource (ml/hr),"输注药名, 不在概念目录内"
eicu,infusionDrug,D5 1/2 +KLCL 40meq (ml/hr),"输注药名, 不在概念目录内"
eicu,infusionDrug,Oxytocin (ml/hr),"输注药名, 不在概念目录内"
eicu,infusionDrug,NS with Folic Acid & Thiamine (ml/hr),"输注药名, 不在概念目录内"
eicu,infusionDrug,antibiotics (ml/hr),"输注药名, 不在概念目录内"
eicu,infusionDrug,alprostadil (mcg/kg/hr),"输注药名, 不在概念目录内"
eicu,infusionDrug,Vecuronium (Norcuron) 100 mg Sodium Chloride 0.9% 100 ml (mcg/kg/min),"输注药名, 不在概念目录内"
eicu,infusionDrug,NS+20meq KCL (ml/hr),"输注药名, 不在概念目录内"
eicu,infusionDrug,Sterile H2O w/ bicarb (ml/hr),"输注药名, 不在概念目录内"
eicu,infusionDrug,LR 40 MEQ KCL (ml/hr),"输注药名, 不在概念目录内"
eicu,infusionDrug,D5\0.9 NSS (ml/hr),"输注药名, 不在概念目录内"
eicu,infusionDrug,0.45% NS w/40 mEq K (ml/hr),"输注药名, 不在概念目录内"
eicu,infusionDrug,NS + 20 KCL (ml/hr),"输注药名, 不在概念目录内"
eicu,infusionDrug,D5 1/2NS w/MVI (ml/hr),"输注药名, 不在概念目录内"
eicu,infusionDrug,D5+Bicarb 150meq (ml/hr),"输注药名, 不在概念目录内"
eicu,infusionDrug,packed cells (ml/hr),"输注药名, 不在概念目录内"
eicu,infusionDrug,NS w/10 kcl  (ml/hr),"输注药名, 不在概念目录内"
eicu,infusionDrug,1/2NS with 20 kcl  (ml/hr),"输注药名, 不在概念目录内"
eicu,infusionDrug,D5 .45 % NS (ml/hr),"输注药名, 不在概念目录内"
eicu,infusionDrug,NS 20kcl  (ml/hr),"输注药名, 不在概念目录内"
eicu,infusionDrug,HACo3 (ml/hr),"输注药名, 不在概念目录内"
eicu,infusionDrug,Pitocin (units/hr),"输注药名, 不在概念目录内"
eicu,infusionDrug,NS w/ Anbx (ml/hr),"输注药名, 不在概念目录内"
eicu,infusionDrug,Bivalirudin (mg/kg/hr),"输注药名, 不在概念目录内"
eicu,infusionDrug,D5.45+20kcl (ml/hr),"输注药名, 不在概念目录内"
eicu,infusionDrug,D50.45NS (ml/hr),"输注药名, 不在概念目录内"
eicu,infusionDrug,D5 150meq of bicarb (ml/hr),"输注药名, 不在概念目录内"
eicu,infusionDrug,Angiomax (mcg/kg/min),"输注药名, 不在概念目录内"
eicu,infusionDrug,D5NSS w/ MVI/thiamine (ml/hr),"输注药名, 不在概念目录内"
eicu,infusionDrug,D5 1/2 NS w/ 10 mEq K+ (ml/hr),"输注药名, 不在概念目录内"
eicu,infusionDrug,D5 1/2 NS w/20meq K+ (ml/hr),"输注药名, 不在概念目录内"
eicu,infusionDrug,Volume-Transfuse Pheresed Platelets,"输注药名, 不在概念目录内"
eicu,infusionDrug,kryder (ml/hr),"输注药名, 不在概念目录内"
eicu,infusionDrug,Hydromorphine (mg/hr),"输注药名, 不在概念目录内"
eicu,infusionDrug,sodium bicarb 150 MEQ/D5 (ml/hr),"输注药名, 不在概念目录内"
eicu,infusionDrug,Aminocaproic acid STD 1 g Sodium Chloride 0.9% 50 ml (Unknown),"输注药名, 不在概念目录内"
eicu,infusionDrug,D5W/NaHCO3 (ml/hr),"输注药名, 不在概念目录内"
eicu,infusionDrug,cyklokapron (ml/hr),"输注药名, 不在概念目录内"
eicu,infusionDrug,NSS #2 (ml/hr),"输注药名, 不在概念目录内"
eicu,infusionDrug,Humulin R Insulin (ml/hr),"输注药名, 不在概念目录内"
eicu,infusionDrug,NS 20meq K (ml/hr),"输注药名, 不在概念目录内"
eicu,infusionDrug,Thymoglobulin (ml/hr),"输注药名, 不在概念目录内"
eicu,infusionDrug,D5LR with 10mEq potassium (ml/hr),"输注药名, 不在概念目录内"
eicu,infusionDrug,d5 with 10 KCL  (ml/hr),"输注药名, 不在概念目录内"
eicu,infusionDrug,"1000cc ,45 w. 75neq sodium bicarb (ml/hr)","输注药名, 不在概念目录内"
eicu,infusionDrug,D5W with KCL (ml/hr),"输注药名, 不在概念目录内"
eicu,infusionDrug,D5 w/Acetylcysteine (ml/hr),"输注药名, 不在概念目录内"
eicu,infusionDrug,D5/NS (ml/hr),"输注药名, 不在概念目录内"
eicu,infusionDrug,10% Dextrose  (ml/hr),"输注药名, 不在概念目录内"
eicu,infusionDrug,0.9NS,"输注药名, 不在概念目录内"
eicu,infusionDrug,0.45 NSS w/ bicarb (ml/hr),"输注药名, 不在概念目录内"
eicu,infusionDrug,D5/NS/20MEQKCL (ml/hr),"输注药名, 不在概念目录内"
eicu,infusionDrug,0.9%NS (KVO) (ml/hr),"输注药名, 不在概念目录内"
eicu,infusionDrug,D10W 0.45 NaCl (ml/hr),"输注药名, 不在概念目录内"
eicu,infusionDrug,D10NS (ml/hr),"输注药名, 不在概念目录内"
eicu,infusionDrug,1/2NSS w/ 40KCL (ml/hr),"输注药名, 不在概念目录内"
eicu,infusionDrug,D10 1/2NS (ml/hr),"输注药名, 不在概念目录内"
eicu,infusionDrug,NGT Flush (ml/hr),"输注药名, 不在概念目录内"
eicu,infusionDrug,ATB (ml/hr),"输注药名, 不在概念目录内"
eicu,infusionDrug,.9NSwNaHCO3200 (ml/hr),"输注药名, 不在概念目录内"
eicu,infusionDrug,hydrocortisone (ml/hr),"输注药名, 不在概念目录内"
eicu,infusionDrug,"Total Parenteral Nutrition 1,800 ml (ml/hr)","输注药名, 不在概念目录内"
eicu,infusionDrug,Dexmedetomidine Inj 400 Mcg in Sodium Chloride 0.9% 100 ml (ml/hr),"输注药名, 不在概念目录内"
eicu,infusionDrug,D5 1/2 +KLC 20meq (ml/hr),"输注药名, 不在概念目录内"
eicu,infusionDrug,3% Hypertonic NaCl (ml/hr),"输注药名, 不在概念目录内"
eicu,infusionDrug,D5W / 0.45NS (ml/hr),"输注药名, 不在概念目录内"
eicu,infusionDrug,NS 0.9 %  (ml/hr),"输注药名, 不在概念目录内"
eicu,infusionDrug,Sterile water w/ NA HCO3 (ml/hr),"输注药名, 不在概念目录内"
eicu,infusionDrug,"NSS + MVI, Thiamine, Folic Acid (ml/hr)","输注药名, 不在概念目录内"
eicu,infusionDrug,D10% (ml/hr),"输注药名, 不在概念目录内"
eicu,infusionDrug,d5lr w/ kcl (ml/hr),"输注药名, 不在概念目录内"
eicu,infusionDrug,D5W 1/2NS w/ 20K (ml/hr),"输注药名, 不在概念目录内"
eicu,infusionDrug,NS c 20 mEql KCL (ml/hr),"输注药名, 不在概念目录内"
eicu,infusionDrug,0.45% NS with 20meq K (ml/hr),"输注药名, 不在概念目录内"
eicu,infusionDrug,D5/LR/10mEq KCl (ml/hr),"输注药名, 不在概念目录内"
eicu,infusionDrug,Atricurium (mcg/kg/min),"输注药名, 不在概念目录内"
eicu,infusionDrug,Midazolam (mcg/hr),"输注药名, 不在概念目录内"
eicu,infusionDrug,D5/150mEq NAa Bicarb (ml/hr),"输注药名, 不在概念目录内"
eicu,infusionDrug,D5% with 3 amps of bicarb (ml/hr),"输注药名, 不在概念目录内"
eicu,infusionDrug,D5W bicarb (ml/hr),"输注药名, 不在概念目录内"
eicu,infusionDrug,D%W/.45Ns (ml/hr),"输注药名, 不在概念目录内"
eicu,infusionDrug,D5 150meq NaHCO3 (ml/hr),"输注药名, 不在概念目录内"
eicu,infusionDrug,250 ml NSS challenge over 15 minutes per order G. Poppiti (ml/hr),"输注药名, 不在概念目录内"
eicu,infusionDrug,1/2 NSS,"输注药名, 不在概念目录内"
eicu,infusionDrug,D5NS with 20meq KCL (ml/hr),"输注药名, 不在概念目录内"
eicu,infusionDrug,Sterile H2O/HCO2/K (ml/hr),"输注药名, 不在概念目录内"
eicu,infusionDrug,Tube feeding (ml/hr),"输注药名, 不在概念目录内"
eicu,infusionDrug,Desmopressin (ml/hr),"输注药名, 不在概念目录内"
eicu,infusionDrug,IVF w MVI (ml/hr),"输注药名, 不在概念目录内"
eicu,infusionDrug,IV with MVI (ml/hr),"输注药名, 不在概念目录内"
eicu,infusionDrug,NS with 20mEq KCl  (ml/hr),"输注药名, 不在概念目录内"
eicu,infusionDrug,D5NS WITH 20 KCL (ml/hr),"输注药名, 不在概念目录内"
eicu,infusionDrug,narcan (mcg/hr),"输注药名, 不在概念目录内"
eicu,infusionDrug,D5NS/40KCL (ml/hr),"输注药名, 不在概念目录内"
eicu,infusionDrug,NSS w/ levo/vaso (ml/hr),"输注药名, 不在概念目录内"
eicu,infusionDrug,D5/0.45NS w 20meq K (ml/hr),"输注药名, 不在概念目录内"
eicu,infusionDrug,Sterile Water + 75mEQ NA Bicarb (ml/hr),"输注药名, 不在概念目录内"
eicu,infusionDrug,D5 1/2 NSS w/ 20 meq KCL (ml/hr),"输注药名, 不在概念目录内"
eicu,infusionDrug,D5+.45NS+MVI (ml/hr),"输注药名, 不在概念目录内"
eicu,infusionDrug,D5 NS  (ml/hr),"输注药名, 不在概念目录内"
eicu,infusionDrug,D5N (ml/hr),"输注药名, 不在概念目录内"
eicu,infusionDrug,Bicarb 150 meq (ml/hr),"输注药名, 不在概念目录内"
eicu,infusionDrug,TPA (mcg/hr),"输注药名, 不在概念目录内"
eicu,infusionDrug,ABT (ml/hr),"输注药名, 不在概念目录内"
eicu,infusionDrug,D5W/3amps Bicarb (ml/hr),"输注药名, 不在概念目录内"
eicu,infusionDrug,"Vitamin B1, Thiamine (ml/hr)","输注药名, 不在概念目录内"
eicu,infusionDrug,D5W.45NACL WITH 20MEQ K+ (ml/hr),"输注药名, 不在概念目录内"
eicu,infusionDrug,D545 (ml/hr),"输注药名, 不在概念目录内"
eicu,infusionDrug,D5W W/40 MEQL KCL  (ml/hr),"输注药名, 不在概念目录内"
eicu,infusionDrug,D5+ 0.45% NS (ml/hr),"输注药名, 不在概念目录内"
eicu,infusionDrug,NS with 100 mg Thiamine (ml/hr),"输注药名, 不在概念目录内"
eicu,infusionDrug,0.45% normal saline (ml/hr),"输注药名, 不在概念目录内"
eicu,infusionDrug,D5LR w 10k  (ml/hr),"输注药名, 不在概念目录内"
eicu,infusionDrug,RALLY PACK (ml/hr),"输注药名, 不在概念目录内"
eicu,infusionDrug,D5 & 1/2NS (ml/hr),"输注药名, 不在概念目录内"
eicu,infusionDrug,D5W w/ABX (ml/hr),"输注药名, 不在概念目录内"
eicu,infusionDrug,Bicarb 150mEq (ml/hr),"输注药名, 不在概念目录内"
eicu,infusionDrug,NSS w/ MVI banana bag (ml/hr),"输注药名, 不在概念目录内"
eicu,infusionDrug,KCL 20 meq in NS (ml/hr),"输注药名, 不在概念目录内"
eicu,infusionDrug,1/2 NS with 20kcl (ml/hr),"输注药名, 不在概念目录内"
eicu,infusionDrug,D5/0.45NS with 40meq KCL (ml/hr),"输注药名, 不在概念目录内"
eicu,infusionDrug,Insulin gtt (units/hr),"输注药名, 不在概念目录内"
eicu,infusionDrug,FB (ml/hr),"输注药名, 不在概念目录内"
eicu,infusionDrug,Cistracuronium (mcg/kg/min),"输注药名, 不在概念目录内"
eicu,infusionDrug,Epoprostenol,"输注药名, 不在概念目录内"
eicu,infusionDrug,TPA - left 2 (mcg/hr),"输注药名, 不在概念目录内"
eicu,infusionDrug,Amicar (mg/kg/hr),"输注药名, 不在概念目录内"
eicu,infusionDrug,"Total Parenteral Nutrition 1,512 ml (ml/hr)","输注药名, 不在概念目录内"
eicu,infusionDrug,Meropenem/Ns 500 mg/100Ml 100 ml (ml/hr),"输注药名, 不在概念目录内"
eicu,infusionDrug,D5W w/75meq NaHCO3 (ml/hr),"输注药名, 不在概念目录内"
eicu,infusionDrug,Magnesium Sulfate (ml/hr),"输注药名, 不在概念目录内"
eicu,infusionDrug,D5c  0.45NS (ml/hr),"输注药名, 不在概念目录内"
eicu,infusionDrug,1/2 NS w/ 40mEq K+ (ml/hr),"输注药名, 不在概念目录内"
eicu,infusionDrug,Calcium chloride 136meq in 1000 d5 (ml/hr),"输注药名, 不在概念目录内"
eicu,infusionDrug,sodium citrate  (ml/hr),"输注药名, 不在概念目录内"
eicu,infusionDrug,D5 75meq Sodium Bicarbonate (ml/hr),"输注药名, 不在概念目录内"
eicu,infusionDrug,NS + 20 MEQ (ml/hr),"输注药名, 不在概念目录内"
eicu,infusionDrug,0.2 NS (ml/hr),"输注药名, 不在概念目录内"
eicu,infusionDrug,LR/D5/20mEq K+ (ml/hr),"输注药名, 不在概念目录内"
eicu,infusionDrug,MVI w/ Thiamine (ml/hr),"输注药名, 不在概念目录内"
eicu,infusionDrug,D5.45% NS (ml/hr),"输注药名, 不在概念目录内"
eicu,infusionDrug,NSS with anti (ml/hr),"输注药名, 不在概念目录内"
eicu,infusionDrug,IVF+ multivitamin (ml/hr),"输注药名, 不在概念目录内"
eicu,infusionDrug,sterile water with 38.5meq NaCl (ml/hr),"输注药名, 不在概念目录内"
eicu,infusionDrug,mucomyst (ml/hr),"输注药名, 不在概念目录内"
eicu,infusionDrug,3% NaCL  (ml/hr),"输注药名, 不在概念目录内"
eicu,infusionDrug,fent epidural (ml/hr),"输注药名, 不在概念目录内"
eicu,infusionDrug,TPA - right (mcg/hr),"输注药名, 不在概念目录内"
eicu,infusionDrug,Thiamine Bag (ml/hr),"输注药名, 不在概念目录内"
eicu,infusionDrug,Methylene Blue (mg/kg/hr),"输注药名, 不在概念目录内"
eicu,infusionDrug,D5 NS +20 K (ml/hr),"输注药名, 不在概念目录内"
eicu,infusionDrug,Magnesium  (ml/hr),"输注药名, 不在概念目录内"
eicu,infusionDrug,Calcium GLUCONATE MAX 2 g Sodium Chloride 0.9% 100 ml (Unknown),"输注药名, 不在概念目录内"
eicu,infusionDrug,Midazolam (Versed) 100 mg Sodium Chloride 0.9% 350 ml (mg/hr),"输注药名, 不在概念目录内"
eicu,infusionDrug,75 MEQ Sodium Bicarb (ml/hr),"输注药名, 不在概念目录内"
eicu,infusionDrug,D5W 150meq NAHCO3 (ml/hr),"输注药名, 不在概念目录内"
eicu,infusionDrug,D5W + 40 mEq KCL (ml/hr),"输注药名, 不在概念目录内"
eicu,infusionDrug,D5+0.45NSS (ml/hr),"输注药名, 不在概念目录内"
eicu,infusionDrug,D5 1/2 NSS w/ 75mEq Bicarb (ml/hr),"输注药名, 不在概念目录内"
eicu,infusionDrug,Cistracurium (mg/hr),"输注药名, 不在概念目录内"
eicu,infusionDrug,Novasource TF (ml/hr),"输注药名, 不在概念目录内"
eicu,infusionDrug,Tpn  (ml/hr),"输注药名, 不在概念目录内"
eicu,infusionDrug,IV maintenance (ml/hr),"输注药名, 不在概念目录内"
eicu,infusionDrug,Normosol pH 7.4 (ml/hr),"输注药名, 不在概念目录内"
eicu,infusionDrug,D5.45 W/ 20KCL (ml/hr),"输注药名, 不在概念目录内"
eicu,infusionDrug,EPI (mcg/min),"输注药名, 不在概念目录内"
eicu,infusionDrug,D50.45%ns 40KCL (ml/hr),"输注药名, 不在概念目录内"
eicu,infusionDrug,ZITHROMAX (ml/hr),"输注药名, 不在概念目录内"
eicu,infusionDrug,D5 bicarb (ml/hr),"输注药名, 不在概念目录内"
eicu,infusionDrug,1/2NS +  75 meq NaHCO3 (ml/hr),"输注药名, 不在概念目录内"
eicu,infusionDrug,D5 1/2NS w/ 40mEq K+ (ml/hr),"输注药名, 不在概念目录内"
eicu,infusionDrug,MVI 10ml+Thiamine 100mg+Folic Acid 1mg (ml/hr),"输注药名, 不在概念目录内"
eicu,infusionDrug,D5 in 0.9NS (ml/hr),"输注药名, 不在概念目录内"
eicu,infusionDrug,"Thiamine, MVI , folic acid (ml/hr)","输注药名, 不在概念目录内"
eicu,infusionDrug,0.9 (ml/hr),"输注药名, 不在概念目录内"
eicu,infusionDrug,D5/.9 with KCL (ml/hr),"输注药名, 不在概念目录内"
eicu,infusionDrug,D5W 10 KCL (ml/hr),"输注药名, 不在概念目录内"
eicu,infusionDrug,HCO3 w/20meq K+ (ml/hr),"输注药名, 不在概念目录内"
eicu,infusionDrug,D5W w/150 mEq NaHCO3 (ml/hr),"输注药名, 不在概念目录内"
eicu,infusionDrug,Bicarb gtt 3 amps (ml/hr),"输注药名, 不在概念目录内"
eicu,infusionDrug,NS 40K (ml/hr),"输注药名, 不在概念目录内"
eicu,infusionDrug,Diltiazem (mg/kg/hr),"输注药名, 不在概念目录内"
eicu,infusionDrug,NA CHL 3% (ml/hr),"输注药名, 不在概念目录内"
eicu,infusionDrug,0.45% ns 20 MEQL kcl (ml/hr),"输注药名, 不在概念目录内"
eicu,infusionDrug,ACETYLC YSTEINE (ml/hr),"输注药名, 不在概念目录内"
eicu,infusionDrug,Isoproterenol,"输注药名, 不在概念目录内"
eicu,infusionDrug,Magnesium drip (mg/hr),"输注药名, 不在概念目录内"
eicu,infusionDrug,Cardizam (mg/hr),"输注药名, 不在概念目录内"
eicu,infusionDrug,D5/0.45NS/K+40meq (ml/hr),"输注药名, 不在概念目录内"
eicu,infusionDrug,D10 40meq K (ml/hr),"输注药名, 不在概念目录内"
eicu,infusionDrug,D5 LR 30mEqK (ml/hr),"输注药名, 不在概念目录内"
eicu,infusionDrug,D5 Na Bicarb (ml/hr),"输注药名, 不在概念目录内"
eicu,infusionDrug,"1/2 NS /MVI, Thiamine, folic acid (ml/hr)","输注药名, 不在概念目录内"
eicu,infusionDrug,Volume (mL)-lactated ringers bolus 500 mL (ml/hr),"输注药名, 不在概念目录内"
eicu,infusionDrug,D5.45 Saline (ml/hr),"输注药名, 不在概念目录内"
eicu,infusionDrug,IVF Maintenance (ml/hr),"输注药名, 不在概念目录内"
eicu,infusionDrug,NAHCO (ml/hr),"输注药名, 不在概念目录内"
eicu,infusionDrug,Aminophylline (mg/hr),"输注药名, 不在概念目录内"
eicu,infusionDrug,pc (ml/hr),"输注药名, 不在概念目录内"
eicu,infusionDrug,Albumin 25%  (ml/hr),"输注药名, 不在概念目录内"
eicu,infusionDrug,NS + 20 MEQ  (ml/hr),"输注药名, 不在概念目录内"
eicu,infusionDrug,0.45%NS w/ 30 mEq K (ml/hr),"输注药名, 不在概念目录内"
eicu,infusionDrug,NSS c Folic Acid/Vit B (ml/hr),"输注药名, 不在概念目录内"
eicu,infusionDrug,0.45NSS + 40 KCL (ml/hr),"输注药名, 不在概念目录内"
eicu,infusionDrug,1/2 NS w/ MVI (ml/hr),"输注药名, 不在概念目录内"
eicu,infusionDrug,"D5 1/2 w/mvi, thiamine and folic acid (ml/hr)","输注药名, 不在概念目录内"
eicu,infusionDrug,D5 0.45 + 40mEq Potassium (ml/hr),"输注药名, 不在概念目录内"
eicu,infusionDrug,1/2 NSS  (ml/hr),"输注药名, 不在概念目录内"
eicu,infusionDrug,D5.45NSw/40meqK (ml/hr),"输注药名, 不在概念目录内"
eicu,infusionDrug,NS c abx (ml/hr),"输注药名, 不在概念目录内"
eicu,infusionDrug,D5 0.45% 20 Meq KCL (ml/hr),"输注药名, 不在概念目录内"
eicu,infusionDrug,Volume-Transfuse Unmatched O-Neg RBC (ml/hr),"输注药名, 不在概念目录内"
eicu,infusionDrug,IVF bolus.   (ml/hr),"输注药名, 不在概念目录内"
eicu,infusionDrug,d5 0.45% nacl (ml/hr),"输注药名, 不在概念目录内"
eicu,infusionDrug,NS WITH KCL 20MMOL (ml/hr),"输注药名, 不在概念目录内"
eicu,infusionDrug,D5/SOD BICARB (ml/hr),"输注药名, 不在概念目录内"
eicu,infusionDrug,3%  SALINE (ml/hr),"输注药名, 不在概念目录内"
eicu,infusionDrug,NS + 20meqKCL (ml/hr),"输注药名, 不在概念目录内"
eicu,infusionDrug,Dilaudid PCA pump (mg/hr),"输注药名, 不在概念目录内"
eicu,infusionDrug,0.9 NSS,"输注药名, 不在概念目录内"
eicu,infusionDrug,D5 1/2 NS w/ 40meq K (ml/hr),"输注药名, 不在概念目录内"
eicu,infusionDrug,D5LR w/thiamine and folate (ml/hr),"输注药名, 不在概念目录内"
eicu,infusionDrug,D5+0.45%NSS40K (ml/hr),"输注药名, 不在概念目录内"
eicu,infusionDrug,D5 .45%NS (ml/hr),"输注药名, 不在概念目录内"
eicu,infusionDrug,vec (mcg/kg/min),"输注药名, 不在概念目录内"
eicu,infusionDrug,NS w/ 20 mEq K+ (ml/hr),"输注药名, 不在概念目录内"
eicu,infusionDrug,NS w/20 meq (ml/hr),"输注药名, 不在概念目录内"
eicu,infusionDrug,Bld products (ml/hr),"输注药名, 不在概念目录内"
eicu,infusionDrug,fluid bolus (ml/hr),"输注药名, 不在概念目录内"
eicu,infusionDrug,bupivicaine (ml/hr),"输注药名, 不在概念目录内"
eicu,infusionDrug,Cisatracurium,"输注药名, 不在概念目录内"
eicu,infusionDrug,0.9 W/THI AND FA (ml/hr),"输注药名, 不在概念目录内"
eicu,infusionDrug,Treprostinil (nanograms/kg/min),"输注药名, 不在概念目录内"
eicu,infusionDrug,Calcium GLUCONATE STD 1 g Sodium Chloride 0.9% 100 ml (Unknown),"输注药名, 不在概念目录内"
eicu,infusionDrug,Acetylcysteine 20% 3 ml in Sterile Diluent 0 ml (ml/hr),"输注药名, 不在概念目录内"
eicu,infusionDrug,D5+1/2 NSS (ml/hr),"输注药名, 不在概念目录内"
eicu,infusionDrug,1/2NS w/50MEQ NaBicarb. (ml/hr),"输注药名, 不在概念目录内"
eicu,infusionDrug,0.45%NS w Na Bicarb (ml/hr),"输注药名, 不在概念目录内"
eicu,infusionDrug,Cryoprecipitate (ml/hr),"输注药名, 不在概念目录内"
eicu,infusionDrug,0.45%NS + MVI (ml/hr),"输注药名, 不在概念目录内"
eicu,infusionDrug,Integrillin (mcg/kg/min),"输注药名, 不在概念目录内"
eicu,infusionDrug,0.9% NS with 40 MEQ KCL (ml/hr),"输注药名, 不在概念目录内"
eicu,infusionDrug,D5LRw/40KCl (ml/hr),"输注药名, 不在概念目录内"
eicu,infusionDrug,argatroban (ml/hr),"输注药名, 不在概念目录内"
eicu,infusionDrug,Cistaracurium (mcg/kg/min),"输注药名, 不在概念目录内"
eicu,infusionDrug,amikar (ml/hr),"输注药名, 不在概念目录内"
eicu,infusionDrug,D5 1/2 NS + 150 MEQ BICARB (ml/hr),"输注药名, 不在概念目录内"
eicu,infusionDrug,Theophylline IVF Infused (ml/hr),"输注药名, 不在概念目录内"
eicu,infusionDrug,Plasma (ml/hr),"输注药名, 不在概念目录内"
eicu,infusionDrug,D5 NS w/ thiamine (ml/hr),"输注药名, 不在概念目录内"
eicu,infusionDrug,d5W/ Na Bicarb (ml/hr),"输注药名, 不在概念目录内"
eicu,infusionDrug,D10/.45NaCL (ml/hr),"输注药名, 不在概念目录内"
eicu,infusionDrug,d5w/abx (ml/hr),"输注药名, 不在概念目录内"
eicu,infusionDrug,D5W w/40KCL (ml/hr),"输注药名, 不在概念目录内"
eicu,infusionDrug,Potassium Chloside 40 meq (ml/hr),"输注药名, 不在概念目录内"
eicu,infusionDrug,D5 1/2 NS,"输注药名, 不在概念目录内"
eicu,infusionDrug,K-Rider 20 mEq (ml/hr),"输注药名, 不在概念目录内"
eicu,infusionDrug,Iron Dextran (ml/hr),"输注药名, 不在概念目录内"
eicu,infusionDrug,1/2 NS 1 amp HCO3 (ml/hr),"输注药名, 不在概念目录内"
eicu,infusionDrug,Intralipids (ml/hr),"输注药名, 不在概念目录内"
eicu,infusionDrug,IVF-KCL (ml/hr),"输注药名, 不在概念目录内"
eicu,infusionDrug,bicarb3amps (ml/hr),"输注药名, 不在概念目录内"
eicu,infusionDrug,ivf+ MVI (ml/hr),"输注药名, 不在概念目录内"
eicu,infusionDrug,Cisatracirium (mcg/kg/min),"输注药名, 不在概念目录内"
eicu,infusionDrug,Platelet (ml/hr),"输注药名, 不在概念目录内"
eicu,infusionDrug,Ativan (mg/hr) (mg/hr),"输注药名, 不在概念目录内"
eicu,infusionDrug,NACL 1.8% (ml/hr),"输注药名, 不在概念目录内"
eicu,infusionDrug,Fluconazole/Ns 200Mg/100Ml 100 ml (ml/hr),"输注药名, 不在概念目录内"
eicu,infusionDrug,Dexmedetomidine Inj 400 Mcg in Sodium Chloride 0.9% 100 ml (),"输注药名, 不在概念目录内"
eicu,infusionDrug,NSS medflush (ml/hr),"输注药名, 不在概念目录内"
eicu,infusionDrug,Sterile water & 75mEq bicarb (ml/hr),"输注药名, 不在概念目录内"
eicu,infusionDrug,Insulin B (units/hr),"输注药名, 不在概念目录内"
eicu,infusionDrug,D5+0.45%NS+potphos (ml/hr),"输注药名, 不在概念目录内"
eicu,infusionDrug,D5 1/2 + MVI (ml/hr),"输注药名, 不在概念目录内"
eicu,infusionDrug,D20W (ml/hr),"输注药名, 不在概念目录内"
eicu,infusionDrug,D5/NaBicarb 150mEq (ml/hr),"输注药名, 不在概念目录内"
eicu,infusionDrug,D5 NSS with additives (ml/hr),"输注药名, 不在概念目录内"
eicu,infusionDrug,D10.45NS (ml/hr),"输注药名, 不在概念目录内"
eicu,infusionDrug,D5W+150meqSodiumBicarm (ml/hr),"输注药名, 不在概念目录内"
eicu,infusionDrug,LR w/ 40mEq K (ml/hr),"输注药名, 不在概念目录内"
eicu,infusionDrug,1/2NSS w/ 20mEqK+ (ml/hr),"输注药名, 不在概念目录内"
eicu,infusionDrug,D5 1/2 NS w/20 meq of kcl (ml/hr),"输注药名, 不在概念目录内"
eicu,infusionDrug,LR w 20mEq KCl (ml/hr),"输注药名, 不在概念目录内"
eicu,infusionDrug,D5 LR KCL (ml/hr),"输注药名, 不在概念目录内"
eicu,infusionDrug,0.9NS w/Thiamine 100mg (ml/hr),"输注药名, 不在概念目录内"
eicu,infusionDrug,POTASSIUM PHOSPATE (ml/hr),"输注药名, 不在概念目录内"
eicu,infusionDrug,1/2 NS W HCO3 (ml/hr),"输注药名, 不在概念目录内"
eicu,infusionDrug,TPA,"输注药名, 不在概念目录内"
eicu,infusionDrug,Nimbex,"输注药名, 不在概念目录内"
eicu,infusionDrug,3%  NSS (ml/hr),"输注药名, 不在概念目录内"
eicu,infusionDrug,"0,45%NSS (ml/hr)","输注药名, 不在概念目录内"
eicu,infusionDrug,Sterile Water w/ 500 meq NaHCO3 (ml/hr),"输注药名, 不在概念目录内"
eicu,infusionDrug,D5/NS0.9%  (ml/hr),"输注药名, 不在概念目录内"
eicu,infusionDrug,D5 0.45%NS,"输注药名, 不在概念目录内"
eicu,infusionDrug,NS c K (ml/hr),"输注药名, 不在概念目录内"
eicu,infusionDrug,Bivalirudin (mcg/kg/hr),"输注药名, 不在概念目录内"
eicu,infusionDrug,IVF,"输注药名, 不在概念目录内"
eicu,infusionDrug,Flagyl PB 500mg/100ml (ml/hr),"输注药名, 不在概念目录内"
eicu,infusionDrug,D5W1/2NS (ml/hr),"输注药名, 不在概念目录内"
eicu,infusionDrug,D51/2NS,"输注药名, 不在概念目录内"
eicu,infusionDrug,NS + 20 K+ (ml/hr),"输注药名, 不在概念目录内"
eicu,infusionDrug,Packed RBCs (ml/hr),"输注药名, 不在概念目录内"
eicu,infusionDrug,IVF/KCL (ml/hr),"输注药名, 不在概念目录内"
eicu,infusionDrug,bicarb 1amp (ml/hr),"输注药名, 不在概念目录内"
eicu,infusionDrug,bicarb 2 amps (ml/hr),"输注药名, 不在概念目录内"
eicu,infusionDrug,kvo  (ml/hr),"输注药名, 不在概念目录内"
eicu,infusionDrug,Midazolam (mcg/kg/hr),"输注药名, 不在概念目录内"
eicu,infusionDrug,Tranexamic AC (ml/hr),"输注药名, 不在概念目录内"
eicu,infusionDrug,Tranxemic acid (mg/hr),"输注药名, 不在概念目录内"
eicu,infusionDrug,LR w/20meq kcl (ml/hr),"输注药名, 不在概念目录内"
eicu,infusionDrug,Magnesium Sulfate STD 1 g Sterile Water (SWFI) 100 ml  Premix (Unknown),"输注药名, 不在概念目录内"
eicu,infusionDrug,FentaNYL (Sublimaze) 2500 mcg Sodium Chloride 0.9% 500 ml  Premix (mcg/hr),"输注药名, 不在概念目录内"
eicu,infusionDrug,Other Med 500 mg Sodium Chloride 0.9% 250 ml Ketamine HCl (mcg/kg/min),"输注药名, 不在概念目录内"
eicu,infusionDrug,NiCARDipine (std) 50 mg  500 ml  Sodium Chloride 0.45% (mg/hr),"输注药名, 不在概念目录内"
eicu,infusionDrug,"Total Parenteral Nutrition 1,200 ml (ml/hr)","输注药名, 不在概念目录内"
eicu,infusionDrug,"leveTIRACETAM INJ 1,500 mg in Dextrose 5% 100 ml (ml/hr)","输注药名, 不在概念目录内"
eicu,infusionDrug,Hydromorphone (),"输注药名, 不在概念目录内"
eicu,infusionDrug,D5 0.45 NS,"输注药名, 不在概念目录内"
eicu,infusionDrug,.45NS w/20KCl (ml/hr),"输注药名, 不在概念目录内"
eicu,infusionDrug,D5 w/ 150 meq sodium bicarb (ml/hr),"输注药名, 不在概念目录内"
eicu,infusionDrug,D5 1/2 c thiamine/folic acid (ml/hr),"输注药名, 不在概念目录内"
eicu,infusionDrug,TPA flush (ml/hr),"输注药名, 不在概念目录内"
eicu,infusionDrug,D5. 45NaCL (ml/hr),"输注药名, 不在概念目录内"
eicu,infusionDrug,nss/control (ml/hr),"输注药名, 不在概念目录内"
eicu,infusionDrug,D5W w/ 100 mEq Sodium Bicarbonate  (ml/hr),"输注药名, 不在概念目录内"
eicu,infusionDrug,Sterile WaterHCO3 150meq (ml/hr),"输注药名, 不在概念目录内"
eicu,infusionDrug,Rituximab (mg/hr),"输注药名, 不在概念目录内"
eicu,infusionDrug,tPA (alteplase) (mg/hr),"输注药名, 不在概念目录内"
eicu,infusionDrug,Dilaudid  (mg/hr),"输注药名, 不在概念目录内"
eicu,infusionDrug,IVB (ml/hr),"输注药名, 不在概念目录内"
eicu,infusionDrug,Na Bicarb 3 amps (ml/hr),"输注药名, 不在概念目录内"
eicu,infusionDrug,Acetylcysteine  (ml/hr),"输注药名, 不在概念目录内"
eicu,infusionDrug,bicarb 3amp (ml/hr),"输注药名, 不在概念目录内"
eicu,infusionDrug,Bupivaciane 0.125% (ml/hr),"输注药名, 不在概念目录内"
eicu,infusionDrug,narcan (),"输注药名, 不在概念目录内"
eicu,infusionDrug,D5 1/2 with 10KCl (ml/hr),"输注药名, 不在概念目录内"
eicu,infusionDrug,0.45% NS c 20 mEql KCL  (ml/hr),"输注药名, 不在概念目录内"
eicu,infusionDrug,d5w na bicarb (ml/hr),"输注药名, 不在概念目录内"
eicu,infusionDrug,NSS w KCL (ml/hr),"输注药名, 不在概念目录内"
eicu,infusionDrug,0.9%NS w/20KCl (ml/hr),"输注药名, 不在概念目录内"
eicu,infusionDrug,. 9 NS  (ml/hr),"输注药名, 不在概念目录内"
eicu,infusionDrug,1/2NS  (ml/hr),"输注药名, 不在概念目录内"
eicu,infusionDrug,D5 w/0.45% NS (ml/hr),"输注药名, 不在概念目录内"
eicu,infusionDrug,d5.45 with 20kcl (ml/hr),"输注药名, 不在概念目录内"
eicu,infusionDrug,D5/ 0.9NSS (ml/hr),"输注药名, 不在概念目录内"
eicu,infusionDrug,MultiVit (ml/hr),"输注药名, 不在概念目录内"
eicu,infusionDrug,0.2% NS w/Na HCO3 (ml/hr),"输注药名, 不在概念目录内"
eicu,infusionDrug,D5 1/2NS + 40 mEq K (ml/hr),"输注药名, 不在概念目录内"
eicu,infusionDrug,IVF with MV (ml/hr),"输注药名, 不在概念目录内"
eicu,infusionDrug,D5 in 0.9NS with vitamins (ml/hr),"输注药名, 不在概念目录内"
eicu,infusionDrug,NSS bolus  (ml/hr),"输注药名, 不在概念目录内"
eicu,infusionDrug,NS 40 K (ml/hr),"输注药名, 不在概念目录内"
eicu,infusionDrug,sterile water with na birc (ml/hr),"输注药名, 不在概念目录内"
eicu,infusionDrug,Rocuronium (mg/kg/min),"输注药名, 不在概念目录内"
eicu,infusionDrug,(ml/hr),"输注药名, 不在概念目录内"
eicu,infusionDrug,IVF w KCL (ml/hr),"输注药名, 不在概念目录内"
eicu,infusionDrug,LIPID (ml/hr),"输注药名, 不在概念目录内"
eicu,infusionDrug,TPA - left (mcg/hr),"输注药名, 不在概念目录内"
eicu,infusionDrug,"Dextrose 5%/0.2% Sod Chl 1,000 ml (ml/hr)","输注药名, 不在概念目录内"
eicu,infusionDrug,Dexmedetomidine (mg/kg/min),"输注药名, 不在概念目录内"
eicu,infusionDrug,D5/0.45NS/20mEqK+ (ml/hr),"输注药名, 不在概念目录内"
eicu,infusionDrug,D5/LR/40mEq potassium (ml/hr),"输注药名, 不在概念目录内"
eicu,infusionDrug,D5W/0.45NS (ml/hr),"输注药名, 不在概念目录内"
eicu,infusionDrug,D5 75 mEq Bicarb (ml/hr),"输注药名, 不在概念目录内"
eicu,infusionDrug,D5W sodium bicarb 150meq (ml/hr),"输注药名, 不在概念目录内"
eicu,infusionDrug,1L D5 0.9NS w/MVI/Thiamine 100mg/Folic Acid 1mg/Mg ++ 2gm (ml/hr),"输注药名, 不在概念目录内"
eicu,infusionDrug,Corlopam (mcg/kg/min),"输注药名, 不在概念目录内"
eicu,infusionDrug,morph (mg/hr),"输注药名, 不在概念目录内"
eicu,infusionDrug,Sodium Phos (ml/hr),"输注药名, 不在概念目录内"
eicu,infusionDrug,Transexamic acid (mg/hr),"输注药名, 不在概念目录内"
eicu,infusionDrug,D5W w/ 150 Nahco3 (ml/hr),"输注药名, 不在概念目录内"
eicu,infusionDrug,D5 .45 NORMAL SALINE (ml/hr),"输注药名, 不在概念目录内"
eicu,infusionDrug,D5LR with 10 meq kcl (ml/hr),"输注药名, 不在概念目录内"
eicu,infusionDrug,Precedex  (mcg/kg/hr),"输注药名, 不在概念目录内"
eicu,infusionDrug,NS W 20K (ml/hr),"输注药名, 不在概念目录内"
eicu,infusionDrug,0.9% Sodium Chloride NSS (ml/hr),"输注药名, 不在概念目录内"
eicu,infusionDrug,LR 20K (ml/hr),"输注药名, 不在概念目录内"
eicu,infusionDrug,PLASMONATE (ml/hr),"输注药名, 不在概念目录内"
eicu,infusionDrug,1/2 Normal Saline,"输注药名, 不在概念目录内"
eicu,infusionDrug,D5NS + 20 mEq KCL + 10 mmol KPhos (ml/hr),"输注药名, 不在概念目录内"
eicu,infusionDrug,argatroban,"输注药名, 不在概念目录内"
eicu,infusionDrug,0.45NS 40mEqK (ml/hr),"输注药名, 不在概念目录内"
eicu,infusionDrug,"D5 0,9 NS","输注药名, 不在概念目录内"
eicu,infusionDrug,RBCs (ml/hr),"输注药名, 不在概念目录内"
eicu,infusionDrug,D5LR/10meqKCL (ml/hr),"输注药名, 不在概念目录内"
eicu,infusionDrug,D5/ 0.45%NS/ thiamine and folic acid/ vitamin (ml/hr),"输注药名, 不在概念目录内"
eicu,infusionDrug,0.9 NSS 9 (carrier) (ml/hr),"输注药名, 不在概念目录内"
eicu,infusionDrug,Merren 500mg/100ml (ml/hr),"输注药名, 不在概念目录内"
eicu,infusionDrug,D5 1/2NS+ 20mEq KCl (ml/hr),"输注药名, 不在概念目录内"
eicu,infusionDrug,Octreotide (units/hr),"输注药名, 不在概念目录内"
eicu,infusionDrug,Alteplase to sheath (ml/hr),"输注药名, 不在概念目录内"
eicu,infusionDrug,bicarb1.5amps (ml/hr),"输注药名, 不在概念目录内"
eicu,infusionDrug,Esomeprazole (ml/hr),"输注药名, 不在概念目录内"
eicu,infusionDrug,Phenylephrine  STD 20 mg Sodium Chloride 0.9% 500 ml (mcg/min),"输注药名, 不在概念目录内"
eicu,infusionDrug,Lacosamide 200 mg in Dextrose 5% 50 ml (ml/hr),"输注药名, 不在概念目录内"
eicu,infusionDrug,D5NS + 20meq KCL (ml/hr),"输注药名, 不在概念目录内"
eicu,infusionDrug,D5/NS/20mEq KCL (ml/hr),"输注药名, 不在概念目录内"
eicu,infusionDrug,D5W.45NSw/40meqK (ml/hr),"输注药名, 不在概念目录内"
eicu,infusionDrug,1/2NS + MVI (ml/hr),"输注药名, 不在概念目录内"
eicu,infusionDrug,Sterile Water w/150Meq NaBicarb. (ml/hr),"输注药名, 不在概念目录内"
eicu,infusionDrug,0.45% NSS #2 (ml/hr),"输注药名, 不在概念目录内"
eicu,infusionDrug,Potassium phosphate 40mol (ml/hr),"输注药名, 不在概念目录内"
eicu,infusionDrug,D5 .45% NS (ml/hr),"输注药名, 不在概念目录内"
eicu,infusionDrug,Cistracurium,"输注药名, 不在概念目录内"
eicu,infusionDrug,D5 0.45 NS w/ 20 mEq KCL (ml/hr),"输注药名, 不在概念目录内"
eicu,infusionDrug,D5 with 150 Na Bicarb (ml/hr),"输注药名, 不在概念目录内"
eicu,infusionDrug,0.45% NSS with 150meq NAHCO3 (ml/hr),"输注药名, 不在概念目录内"
eicu,infusionDrug,IVF w MVI  (ml/hr),"输注药名, 不在概念目录内"
eicu,infusionDrug,Fent/Bupiv Epidural (ml/hr),"输注药名, 不在概念目录内"
eicu,infusionDrug,IVF W/KCL (ml/hr),"输注药名, 不在概念目录内"
eicu,infusionDrug,iv  (ml/hr),"输注药名, 不在概念目录内"
eicu,infusionDrug,IVF with vitamins (ml/hr),"输注药名, 不在概念目录内"
eicu,infusionDrug,Esomeprazole,"输注药名, 不在概念目录内"
eicu,infusionDrug,20 K IN NS (ml/hr),"输注药名, 不在概念目录内"
eicu,infusionDrug,d5 1/2ns  (ml/hr),"输注药名, 不在概念目录内"
eicu,infusionDrug,D5LR with KCl (ml/hr),"输注药名, 不在概念目录内"
eicu,infusionDrug,PRBS (ml/hr),"输注药名, 不在概念目录内"
eicu,infusionDrug,NS WITH KCL 20MMOL,"输注药名, 不在概念目录内"
eicu,infusionDrug,D5LR 10 MEQ K (ml/hr),"输注药名, 不在概念目录内"
eicu,infusionDrug,0.9%NS with 20 MEQ KCL (ml/hr),"输注药名, 不在概念目录内"
eicu,infusionDrug,0.45%  Na CL (ml/hr),"输注药名, 不在概念目录内"
eicu,infusionDrug,.9 ns with 20 kcl (ml/hr),"输注药名, 不在概念目录内"
eicu,infusionDrug,Sodium Bicarbonate 150mEq (ml/hr),"输注药名, 不在概念目录内"
eicu,infusionDrug,D5 1/2 nss w/ 40 kcl (ml/hr),"输注药名, 不在概念目录内"
eicu,infusionDrug,0.9%NSS,"输注药名, 不在概念目录内"
eicu,infusionDrug,Cryo (ml/hr),"输注药名, 不在概念目录内"
eicu,infusionDrug,D5 1/2NS w/ MVI folate & thiamine (ml/hr),"输注药名, 不在概念目录内"
eicu,infusionDrug,D5/0.9 NS c 40 K+ (ml/hr),"输注药名, 不在概念目录内"
eicu,infusionDrug,0.45 NS,"输注药名, 不在概念目录内"
eicu,infusionDrug,1L D5W w/150mEq Bicarb (ml/hr),"输注药名, 不在概念目录内"
eicu,infusionDrug,Bilvarudin (mg/kg/hr),"输注药名, 不在概念目录内"
eicu,infusionDrug,",9NSS (ml/hr)","输注药名, 不在概念目录内"
eicu,infusionDrug,Pacer NS (ml/hr),"输注药名, 不在概念目录内"
eicu,infusionDrug,D5 1/2NS w/ 20 mEq KCl (ml/hr),"输注药名, 不在概念目录内"
eicu,infusionDrug,1/2 NS w/ 40 KCL (mg/hr),"输注药名, 不在概念目录内"
eicu,infusionDrug,K-rider (ml/hr),"输注药名, 不在概念目录内"
eicu,infusionDrug,60 MEQ Kt in D5W (ml/hr),"输注药名, 不在概念目录内"
eicu,infusionDrug,D5/NaHCO3 75 (ml/hr),"输注药名, 不在概念目录内"
eicu,infusionDrug,10% Dextrose (ml/hr),"输注药名, 不在概念目录内"
eicu,infusionDrug,Morphine PCA (ml/hr),"输注药名, 不在概念目录内"
eicu,infusionDrug,Hespan (ml/hr),"输注药名, 不在概念目录内"
eicu,infusionDrug,TNP (ml/hr),"输注药名, 不在概念目录内"
eicu,infusionDrug,Furosemide (Lasix) STD 250 mg Sodium Chloride 0.9% 250 ml (mg/hr),"输注药名, 不在概念目录内"
eicu,infusionDrug,NiCARDipine (premix) 50 mg Sodium Chloride 0.9% 500 ml (mg/hr),"输注药名, 不在概念目录内"
eicu,infusionDrug,Acetylcysteine 3% (maint) 30000 mg Dextrose 5% 1000 ml (mg/kg/hr),"输注药名, 不在概念目录内"
eicu,infusionDrug,Total Parenteral Nutrition 720 ml (ml/hr),"输注药名, 不在概念目录内"
eicu,infusionDrug,Dilaudid PCA (),"输注药名, 不在概念目录内"
eicu,infusionDrug,D5 1/2+ KCL 20meq (ml/hr),"输注药名, 不在概念目录内"
eicu,infusionDrug,sterile water+150meq na bicarb (ml/hr),"输注药名, 不在概念目录内"
eicu,infusionDrug,0.45NSS bicarb (ml/hr),"输注药名, 不在概念目录内"
eicu,infusionDrug,D5 1/2NS +40meq KCL (ml/hr),"输注药名, 不在概念目录内"
eicu,infusionDrug,D5 with glucagon (mg/hr),"输注药名, 不在概念目录内"
eicu,infusionDrug,NSS w/ Mg (ml/hr),"输注药名, 不在概念目录内"
eicu,infusionDrug,D5/0.45NS/40 KCL (ml/hr),"输注药名, 不在概念目录内"
eicu,infusionDrug,D5 1/2NS 20mEqKCL (ml/hr),"输注药名, 不在概念目录内"
eicu,infusionDrug,D5 1/2NS with 20meq Potassium (ml/hr),"输注药名, 不在概念目录内"
eicu,infusionDrug,NA Bicarb/ NSS (ml/hr),"输注药名, 不在概念目录内"
eicu,infusionDrug,D5W c Bicarb (ml/hr),"输注药名, 不在概念目录内"
eicu,infusionDrug,1/2NSS w MVI & Thi (ml/hr),"输注药名, 不在概念目录内"
eicu,infusionDrug,PCA (mg/hr),"输注药名, 不在概念目录内"
eicu,infusionDrug,bicarb 3 amps (ml/hr),"输注药名, 不在概念目录内"
eicu,infusionDrug,MVI-IVF (ml/hr),"输注药名, 不在概念目录内"
eicu,infusionDrug,M. V. I. Bag (ml/hr),"输注药名, 不在概念目录内"
eicu,infusionDrug,D5  0.45% NS (ml/hr),"输注药名, 不在概念目录内"
eicu,infusionDrug,Calcium gluconate (mg/kg/hr),"输注药名, 不在概念目录内"
eicu,infusionDrug,D5 3amp NaHCO3 (ml/hr),"输注药名, 不在概念目录内"
eicu,infusionDrug,Normolsol (ml/hr),"输注药名, 不在概念目录内"
eicu,infusionDrug,D5 1/4 NS W/20 KCL (ml/hr),"输注药名, 不在概念目录内"
eicu,infusionDrug,D5/.45NS + 20 K (ml/hr),"输注药名, 不在概念目录内"
eicu,infusionDrug,0.9%NACL + 20 MEQ KCL (ml/hr),"输注药名, 不在概念目录内"
eicu,infusionDrug,Milrinone (mcg/kg/hr),"输注药名, 不在概念目录内"
eicu,infusionDrug,Banna Bag (ml/hr),"输注药名, 不在概念目录内"
eicu,infusionDrug,Ketamine,"输注药名, 不在概念目录内"
eicu,infusionDrug,NS fluid bolus 500ml (ml/hr),"输注药名, 不在概念目录内"
eicu,infusionDrug,D5/.45NSS/40KCL (ml/hr),"输注药名, 不在概念目录内"
eicu,infusionDrug,1/2NSS w/ 100meq NaBicarb (ml/hr),"输注药名, 不在概念目录内"
eicu,infusionDrug,IVF wtih  MVI (ml/hr),"输注药名, 不在概念目录内"
eicu,infusionDrug,D5W + NaBicarb (ml/hr),"输注药名, 不在概念目录内"
eicu,infusionDrug,NS w/ propofol (ml/hr),"输注药名, 不在概念目录内"
eicu,infusionDrug,Insulin Regular (units/hr),"输注药名, 不在概念目录内"
eicu,infusionDrug,H2O flush 25ml/h (ml/hr),"输注药名, 不在概念目录内"
eicu,infusionDrug,Clindamycin (ml/hr),"输注药名, 不在概念目录内"
eicu,infusionDrug,D5% (ml/hr),"输注药名, 不在概念目录内"
eicu,infusionDrug,IV without additives (ml/hr),"输注药名, 不在概念目录内"
eicu,infusionDrug,bld (ml/hr),"输注药名, 不在概念目录内"
eicu,infusionDrug,Morphine PCA (mg/min),"输注药名, 不在概念目录内"
eicu,infusionDrug,Blood product.   (ml/hr),"输注药名, 不在概念目录内"
eicu,infusionDrug,Amiodarone (Unknown),"输注药名, 不在概念目录内"
eicu,infusionDrug,Naffacilin (mg/hr),"输注药名, 不在概念目录内"
eicu,infusionDrug,Normal Saline (mg/hr),"输注药名, 不在概念目录内"
eicu,infusionDrug,0.45% NS + 100 MEQ SODIUM BICARB (ml/hr),"输注药名, 不在概念目录内"
eicu,infusionDrug,D5 1/2 ns with kcl,"输注药名, 不在概念目录内"
eicu,infusionDrug,TPA/Alteplase (ml/hr),"输注药名, 不在概念目录内"
eicu,infusionDrug,Other (mcg/kg/min) (mcg/kg/min),"输注药名, 不在概念目录内"
eicu,infusionDrug,nalxone (mcg/kg/hr),"输注药名, 不在概念目录内"
eicu,infusionDrug,Magnesium Sulfate STD 2 g Sterile Water (SWFI) 50 ml  Premix (Unknown),"输注药名, 不在概念目录内"
eicu,infusionDrug,Bivalirudin (Angiomax) 250 mg  50 ml (mg/kg/hr),"输注药名, 不在概念目录内"
eicu,infusionDrug,Propofol (Diprivan) 1000 mg  130 ml  Premix (mcg/kg/min),"输注药名, 不在概念目录内"
eicu,infusionDrug,Morphine 250 mg Sodium Chloride 0.9% 500 ml  Premix (mg/hr),"输注药名, 不在概念目录内"
eicu,infusionDrug,D5W0.9% (ml/hr),"输注药名, 不在概念目录内"
eicu,infusionDrug,0.45%NS w MVI (ml/hr),"输注药名, 不在概念目录内"
eicu,infusionDrug,D5+1/2NSS+MVI+Thiamine+Folic Acid (ml/hr),"输注药名, 不在概念目录内"
eicu,infusionDrug,D5 w amp HCO3 (ml/hr),"输注药名, 不在概念目录内"
eicu,infusionDrug,D5 c 40 mEq K+ (ml/hr),"输注药名, 不在概念目录内"
eicu,infusionDrug,D5 1/2 NSS 40kcl (ml/hr),"输注药名, 不在概念目录内"
eicu,infusionDrug,D5W 150 meq Bicarb (ml/hr),"输注药名, 不在概念目录内"
eicu,infusionDrug,1/2NS w/ 100mEq Bicarb (ml/hr),"输注药名, 不在概念目录内"
eicu,infusionDrug,D10/0.45 NS (ml/hr),"输注药名, 不在概念目录内"
eicu,infusionDrug,Plain IVF (ml/hr),"输注药名, 不在概念目录内"
eicu,infusionDrug,MV/thiamine/folic acid (ml/hr),"输注药名, 不在概念目录内"
eicu,infusionDrug,aminocaproic acid  (ml/hr),"输注药名, 不在概念目录内"
eicu,infusionDrug,Tranexamic 1Gm/100 ml (mg/hr),"输注药名, 不在概念目录内"
eicu,infusionDrug,D5.45 W/ 40 MEQ KCL (ml/hr),"输注药名, 不在概念目录内"
eicu,infusionDrug,0.45%ns with 75 meq sodium bicarb (ml/hr),"输注药名, 不在概念目录内"
eicu,infusionDrug,D5 LR with kcl (ml/hr),"输注药名, 不在概念目录内"
eicu,infusionDrug,LR WITH 40 Meq (ml/hr),"输注药名, 不在概念目录内"
eicu,infusionDrug,D50.45%ns (ml/hr),"输注药名, 不在概念目录内"
eicu,infusionDrug,Other (mcg/min) (mcg/min),"输注药名, 不在概念目录内"
eicu,infusionDrug,dilaudid (),"输注药名, 不在概念目录内"
eicu,infusionDrug,b carb (ml/hr),"输注药名, 不在概念目录内"
eicu,infusionDrug,D5 w/ BICARB (ml/hr),"输注药名, 不在概念目录内"
eicu,infusionDrug,Albumin 5%,"输注药名, 不在概念目录内"
eicu,infusionDrug,D5 LR w/ multivitamins,"输注药名, 不在概念目录内"
eicu,infusionDrug,D5 0.45NSw/20KCL (ml/hr),"输注药名, 不在概念目录内"
eicu,infusionDrug,D5NS MVI  (ml/hr),"输注药名, 不在概念目录内"
eicu,infusionDrug,D5W 150bicarb (ml/hr),"输注药名, 不在概念目录内"
eicu,infusionDrug,D5W .45% NS (ml/hr),"输注药名, 不在概念目录内"
eicu,infusionDrug,D5/ 0.9%NSS (ml/hr),"输注药名, 不在概念目录内"
eicu,infusionDrug,PRBCs,"输注药名, 不在概念目录内"
eicu,infusionDrug,0.9%NS,"输注药名, 不在概念目录内"
eicu,infusionDrug,Insulin (Scale A),"输注药名, 不在概念目录内"
eicu,infusionDrug,Rocuronium,"输注药名, 不在概念目录内"
eicu,infusionDrug,NS with 20meq  KCL (ml/hr),"输注药名, 不在概念目录内"
eicu,infusionDrug,Fentanyl/Bup Epidural (ml/hr),"输注药名, 不在概念目录内"
eicu,infusionDrug,IVF+additives (ml/hr),"输注药名, 不在概念目录内"
eicu,infusionDrug,fentanyl epidural (ml/hr),"输注药名, 不在概念目录内"
eicu,infusionDrug,Methylpredisolone (ml/hr),"输注药名, 不在概念目录内"
eicu,infusionDrug,Heparin (mcg/kg/hr),"输注药名, 不在概念目录内"
eicu,infusionDrug,nimbex/cisatracurium (mcg/kg/min),"输注药名, 不在概念目录内"
eicu,infusionDrug,Procainamide (),"输注药名, 不在概念目录内"
eicu,infusionDrug,vanco3.96 mg/ml (ml/hr),"输注药名, 不在概念目录内"
eicu,infusionDrug,Haldol  (mg/hr),"输注药名, 不在概念目录内"
eicu,infusionDrug,Lidocaine,"输注药名, 不在概念目录内"
eicu,infusionDrug,1000cc D5W  150 meq NAHCO3 (ml/hr),"输注药名, 不在概念目录内"
eicu,infusionDrug,Other #3 mL/hr (ml/hr),"输注药名, 不在概念目录内"
eicu,infusionDrug,Potassium Chloride Bolus 1 Each (ml/hr),"输注药名, 不在概念目录内"
eicu,infusionDrug,Iced NS (ml/hr),"输注药名, 不在概念目录内"
eicu,infusionDrug,5% Albumin (ml/hr),"输注药名, 不在概念目录内"
eicu,infusionDrug,NS w MVI (ml/hr),"输注药名, 不在概念目录内"
eicu,infusionDrug,5% Dextrose w/ 150 mEq bicarb (ml/hr),"输注药名, 不在概念目录内"
eicu,infusionDrug,D5W/.45NS (ml/hr),"输注药名, 不在概念目录内"
eicu,infusionDrug,D5W w/ 150 meq NaHCO3 (ml/hr),"输注药名, 不在概念目录内"
eicu,infusionDrug,d5 .45ns 40kcl (ml/hr),"输注药名, 不在概念目录内"
eicu,infusionDrug,0.9% NSS Bolus (ml/hr),"输注药名, 不在概念目录内"
eicu,infusionDrug,0.45 NaCL (ml/hr),"输注药名, 不在概念目录内"
eicu,infusionDrug,0.9% NS Sheath (ml/hr),"输注药名, 不在概念目录内"
eicu,infusionDrug,1/2 NSS + 40K (ml/hr),"输注药名, 不在概念目录内"
eicu,infusionDrug,D5 1/2 NS w/ 40K (ml/hr),"输注药名, 不在概念目录内"
eicu,infusionDrug,Tranaxemic acid (mg/hr),"输注药名, 不在概念目录内"
eicu,infusionDrug,d5lr+10 meq kcl (ml/hr),"输注药名, 不在概念目录内"
eicu,infusionDrug,LACTATE RINGERS (ml/hr),"输注药名, 不在概念目录内"
eicu,infusionDrug,D5 1/2 w/ 40 kcl (ml/hr),"输注药名, 不在概念目录内"
eicu,infusionDrug,2% NaCl (ml/hr),"输注药名, 不在概念目录内"
eicu,infusionDrug,hydromorphone (mcg/hr),"输注药名, 不在概念目录内"
eicu,infusionDrug,D5/0.45NS w/ Multivits (ml/hr),"输注药名, 不在概念目录内"
eicu,infusionDrug,D5/NS  (ml/hr),"输注药名, 不在概念目录内"
eicu,infusionDrug,D5/0.45NS/K (ml/hr),"输注药名, 不在概念目录内"
eicu,infusionDrug,D5 1/2 20K (ml/hr),"输注药名, 不在概念目录内"
eicu,infusionDrug,D5 w/100mEq NaHCO3 (ml/hr),"输注药名, 不在概念目录内"
eicu,infusionDrug,D5.45NSS + MVI (ml/hr),"输注药名, 不在概念目录内"
eicu,infusionDrug,Angiomax,"输注药名, 不在概念目录内"
eicu,infusionDrug,D5/0.9NS w/40mEq K (ml/hr),"输注药名, 不在概念目录内"
eicu,infusionDrug,1/2NS20K (ml/hr),"输注药名, 不在概念目录内"
eicu,infusionDrug,D5W with 3amps Na bicarb (ml/hr),"输注药名, 不在概念目录内"
eicu,infusionDrug,Sterile H2O with 3amp Bicarb (ml/hr),"输注药名, 不在概念目录内"
eicu,infusionDrug,CA GLUC RIDER (ml/hr),"输注药名, 不在概念目录内"
eicu,infusionDrug,bicarb 75meq (ml/hr),"输注药名, 不在概念目录内"
eicu,infusionDrug,CILAUDID PCA (mg/hr),"输注药名, 不在概念目录内"
eicu,infusionDrug,MIV  (ml/hr),"输注药名, 不在概念目录内"
eicu,infusionDrug,K ACETATE RIDER (ml/hr),"输注药名, 不在概念目录内"
eicu,infusionDrug,ivf 2 (ml/hr),"输注药名, 不在概念目录内"
eicu,infusionDrug,products (ml/hr),"输注药名, 不在概念目录内"
eicu,infusionDrug,Intralipid (ml/hr),"输注药名, 不在概念目录内"
eicu,infusionDrug,ANTIBIOTIC (ml/hr),"输注药名, 不在概念目录内"
eicu,infusionDrug,NaCO3 (ml/hr),"输注药名, 不在概念目录内"
eicu,infusionDrug,.9 NORMAL SALINE (ml/hr),"输注药名, 不在概念目录内"
eicu,infusionDrug,0.9%nacl  (ml/hr),"输注药名, 不在概念目录内"
eicu,infusionDrug,Sodium Chloride 0.9% 500 ml (ml/hr),"输注药名, 不在概念目录内"
eicu,infusionDrug,Vecuronium Inj 40 mg in Sodium Chloride 0.9% 100 ml (mcg/kg/min),"输注药名, 不在概念目录内"
eicu,infusionDrug,1/2 NS 20MEQKCL 10MMOLKPHOS (ml/hr),"输注药名, 不在概念目录内"
eicu,infusionDrug,D5 Sodium Bicarb,"输注药名, 不在概念目录内"
eicu,infusionDrug,D5 1/2NS w/ 75mEq NaBicarb (ml/hr),"输注药名, 不在概念目录内"
eicu,infusionDrug,Platelets  (ml/hr),"输注药名, 不在概念目录内"
eicu,infusionDrug,D5 0.45NS 40mEq Kcl (ml/hr),"输注药名, 不在概念目录内"
eicu,infusionDrug,D5 LR with 30meq K (ml/hr),"输注药名, 不在概念目录内"
eicu,infusionDrug,sterile water with 150 MEQ NA bicarb (ml/hr),"输注药名, 不在概念目录内"
eicu,infusionDrug,D10 W/ NS (ml/hr),"输注药名, 不在概念目录内"
eicu,infusionDrug,Cardiazem (mg/hr),"输注药名, 不在概念目录内"
eicu,infusionDrug,k ryder (ml/hr),"输注药名, 不在概念目录内"
eicu,infusionDrug,Bicarb.   (ml/hr),"输注药名, 不在概念目录内"
eicu,infusionDrug,Epidural (mg/hr),"输注药名, 不在概念目录内"
eicu,infusionDrug,Inamrinone (mcg/kg/min),"输注药名, 不在概念目录内"
eicu,infusionDrug,bicarb iv (ml/hr),"输注药名, 不在概念目录内"
eicu,infusionDrug,Nimbex (40mg/80ml) (mg/hr),"输注药名, 不在概念目录内"
eicu,infusionDrug,.9ns w/ kcl 40 meq (ml/hr),"输注药名, 不在概念目录内"
eicu,infusionDrug,D51/2NS20KCL (ml/hr),"输注药名, 不在概念目录内"
eicu,infusionDrug,NACL c 10%dextrose (ml/hr),"输注药名, 不在概念目录内"
eicu,infusionDrug,D21/2NS (ml/hr),"输注药名, 不在概念目录内"
eicu,infusionDrug,dextrose 10% in water (ml/hr),"输注药名, 不在概念目录内"
eicu,infusionDrug,D10/ 0.2NS (ml/hr),"输注药名, 不在概念目录内"
eicu,infusionDrug,1/2nss with 20 KCL (ml/hr),"输注药名, 不在概念目录内"
eicu,infusionDrug,D5/ LR (ml/hr),"输注药名, 不在概念目录内"
eicu,infusionDrug,D5 150meq bicarb,"输注药名, 不在概念目录内"
eicu,infusionDrug,3% NS,"输注药名, 不在概念目录内"
eicu,infusionDrug,Sterile H20 + NaHCO3 150meq (ml/hr),"输注药名, 不在概念目录内"
eicu,infusionDrug,D5 0.45%NS w/ 40mEq K (ml/hr),"输注药名, 不在概念目录内"
eicu,infusionDrug,D5NSS w/ MVI (ml/hr),"输注药名, 不在概念目录内"
eicu,infusionDrug,D5 1/2NSS with 20 KCL (ml/hr),"输注药名, 不在概念目录内"
eicu,infusionDrug,0.45%  NSS (ml/hr),"输注药名, 不在概念目录内"
eicu,infusionDrug,D5.45NS,"输注药名, 不在概念目录内"
eicu,infusionDrug,LR w/40Kcl (ml/hr),"输注药名, 不在概念目录内"
eicu,infusionDrug,D5W with 150 meq NaHCO3 (ml/hr),"输注药名, 不在概念目录内"
eicu,infusionDrug,PO Contrast (ml/hr),"输注药名, 不在概念目录内"
eicu,infusionDrug,packed red blood cells (ml/hr),"输注药名, 不在概念目录内"
eicu,infusionDrug,Volume (mL) Argatroban,"输注药名, 不在概念目录内"
eicu,infusionDrug,IVF w additives (ml/hr),"输注药名, 不在概念目录内"
eicu,infusionDrug,iv with additives (ml/hr),"输注药名, 不在概念目录内"
eicu,infusionDrug,bivalirudin/ angiomax (mg/kg/hr),"输注药名, 不在概念目录内"
eicu,infusionDrug,0.45 (ml/hr),"输注药名, 不在概念目录内"
eicu,infusionDrug,Labetalol (),"输注药名, 不在概念目录内"
eicu,infusionDrug,D5NS 40 KCL (ml/hr),"输注药名, 不在概念目录内"
eicu,infusionDrug,D10,"输注药名, 不在概念目录内"
eicu,infusionDrug,Amicar mL/hr (ml/hr),"输注药名, 不在概念目录内"
eicu,infusionDrug,Bivalirudin (Angiomax) 125 mg Sodium Chloride 0.9% 25 ml (mg/kg/hr),"输注药名, 不在概念目录内"
eicu,infusionDrug,Bivalirudin (Angiomax) 250 mg Dextrose 5% 50 ml (mg/kg/hr),"输注药名, 不在概念目录内"
eicu,infusionDrug,Isoproterenol(Isuprel)STD 1 mg Dextrose 5% 250 ml (mcg/min),"输注药名, 不在概念目录内"
eicu,infusionDrug,neosynsprine (mcg/kg/hr),"输注药名, 不在概念目录内"
eicu,infusionDrug,Abciximab (mg/kg/min),"输注药名, 不在概念目录内"
eicu,infusionDrug,D5 LR  (ml/hr),"输注药名, 不在概念目录内"
eicu,infusionDrug,D5+0.45%NS+potphos,"输注药名, 不在概念目录内"
eicu,infusionDrug,.45%NSS (ml/hr),"输注药名, 不在概念目录内"
eicu,infusionDrug,D5NS 40meqK+ (ml/hr),"输注药名, 不在概念目录内"
eicu,infusionDrug,D5 + 40K (ml/hr),"输注药名, 不在概念目录内"
eicu,infusionDrug,Potassium Chloride (ml/hr),"输注药名, 不在概念目录内"
eicu,infusionDrug,fentanyl  (mcg/hr),"输注药名, 不在概念目录内"
eicu,infusionDrug,D5/0.45 NS/ KCl 40 (ml/hr),"输注药名, 不在概念目录内"
eicu,infusionDrug,1/2NS + NaHCO3 75meq (ml/hr),"输注药名, 不在概念目录内"
eicu,infusionDrug,D5 +150mEq Bicarb (ml/hr),"输注药名, 不在概念目录内"
eicu,infusionDrug,Acetylcysteine (mg/hr),"输注药名, 不在概念目录内"
eicu,infusionDrug,d5lr w/ 20 meq KCL (ml/hr),"输注药名, 不在概念目录内"
eicu,infusionDrug,Potassium Phosphate (ml/hr),"输注药名, 不在概念目录内"
eicu,infusionDrug,BICARB 2AMP/D5W (ml/hr),"输注药名, 不在概念目录内"
eicu,infusionDrug,0.9%NS c 20 KCL (ml/hr),"输注药名, 不在概念目录内"
eicu,infusionDrug,dilaudid (mg/min),"输注药名, 不在概念目录内"
eicu,infusionDrug,200 meq sodium bicarb/sterile water (ml/hr),"输注药名, 不在概念目录内"
eicu,infusionDrug,dilaudud (mg/hr),"输注药名, 不在概念目录内"
eicu,infusionDrug,Bolus Insulin (units/hr),"输注药名, 不在概念目录内"
eicu,infusionDrug,d5/0.45ns/40mEqK+ (ml/hr),"输注药名, 不在概念目录内"
eicu,infusionDrug,NSS Bolus,"输注药名, 不在概念目录内"
eicu,infusionDrug,D101/2NS (ml/hr),"输注药名, 不在概念目录内"
eicu,infusionDrug,D5/0.45/40KCL (ml/hr),"输注药名, 不在概念目录内"
eicu,infusionDrug,Bivalrudin (mcg/kg/hr),"输注药名, 不在概念目录内"
eicu,infusionDrug,Levothyroxine (mcg/kg/min),"输注药名, 不在概念目录内"
eicu,infusionDrug,D5 NS 0.45 (ml/hr),"输注药名, 不在概念目录内"
eicu,infusionDrug,Levothyroxine Sodium (mcg/min),"输注药名, 不在概念目录内"
eicu,infusionDrug,Acetadote,"输注药名, 不在概念目录内"
eicu,infusionDrug,Albumin 5% 25G (ml/hr),"输注药名, 不在概念目录内"
eicu,infusionDrug,Insulin Scale A,"输注药名, 不在概念目录内"
eicu,infusionDrug,D5-1/2NS + 20KCL (ml/hr),"输注药名, 不在概念目录内"
eicu,infusionDrug,Tobramycin (ml/hr),"输注药名, 不在概念目录内"
eicu,infusionDrug,Vital 1.2  65ml/h  (ml/hr),"输注药名, 不在概念目录内"
eicu,infusionDrug,60meq Potassium in 250 D5W (ml/hr),"输注药名, 不在概念目录内"
eicu,infusionDrug,blood product (ml/hr),"输注药名, 不在概念目录内"
eicu,infusionDrug,ivf with thiamine (ml/hr),"输注药名, 不在概念目录内"
eicu,infusionDrug,MIV,"输注药名, 不在概念目录内"
eicu,infusionDrug,3 % (ml/hr),"输注药名, 不在概念目录内"
eicu,infusionDrug,IV w/ Additives (ml/hr),"输注药名, 不在概念目录内"
eicu,infusionDrug,Bicarb 8.4% (ml/hr),"输注药名, 不在概念目录内"
eicu,infusionDrug,3%hypertonic saline (ml/hr),"输注药名, 不在概念目录内"
eicu,infusionDrug,Clevidipine (ml/hr),"输注药名, 不在概念目录内"
eicu,infusionDrug,naloxzone (mcg/kg/hr),"输注药名, 不在概念目录内"
eicu,infusionDrug,Bumex (mg/hr) (mg/hr),"输注药名, 不在概念目录内"
eicu,infusionDrug,Eptifibatide (mcg/hr),"输注药名, 不在概念目录内"
eicu,infusionDrug,Levothyroxine gtt 200 mcg Sodium Chloride 0.9% 500 ml (mcg/hr),"输注药名, 不在概念目录内"
eicu,infusionDrug,"Sodium Chloride 0.45% 1,000 ml (ml/hr)","输注药名, 不在概念目录内"
eicu,infusionDrug,0.5 NS (ml/hr),"输注药名, 不在概念目录内"
eicu,infusionDrug,0.45% NaCl + Sodium Bicarbonate (ml/hr),"输注药名, 不在概念目录内"
eicu,infusionDrug,blood transfusion (ml/hr),"输注药名, 不在概念目录内"
eicu,infusionDrug,NSS 0.9%,"输注药名, 不在概念目录内"
eicu,infusionDrug,NS w/MVI (ml/hr),"输注药名, 不在概念目录内"
eicu,infusionDrug,d10 0.9NSS w/ 20kcl (ml/hr),"输注药名, 不在概念目录内"
eicu,infusionDrug,D5 1/2NSS MVI (ml/hr),"输注药名, 不在概念目录内"
eicu,infusionDrug,0.45 NS w/ 20mEq KCL  (ml/hr),"输注药名, 不在概念目录内"
eicu,infusionDrug,Albumin  (ml/hr),"输注药名, 不在概念目录内"
eicu,infusionDrug,D5LR w 40kcl (ml/hr),"输注药名, 不在概念目录内"
eicu,infusionDrug,Hydromorphone PCA (mg/hr),"输注药名, 不在概念目录内"
eicu,infusionDrug,Anticoagulant Citrate Dextrose Sol A (ml/hr),"输注药名, 不在概念目录内"
eicu,infusionDrug,NormalSaline (ml/hr),"输注药名, 不在概念目录内"
eicu,infusionDrug,500 1/2 ns with 20kcl (ml/hr),"输注药名, 不在概念目录内"
eicu,infusionDrug,0.9 NS 20 Kcl (ml/hr),"输注药名, 不在概念目录内"
eicu,infusionDrug,SodiumBicarb/d5w@150 (ml/hr),"输注药名, 不在概念目录内"
eicu,infusionDrug,bicarb GTT 8.4% with 75 meq (ml/hr),"输注药名, 不在概念目录内"
eicu,infusionDrug,bicarb GTT 8.4% with 75 meq,"输注药名, 不在概念目录内"
eicu,infusionDrug,k+ phos (ml/hr),"输注药名, 不在概念目录内"
eicu,infusionDrug,Lorazepam (mcg/kg/hr),"输注药名, 不在概念目录内"
eicu,infusionDrug,acetylcycsteine (ml/hr),"输注药名, 不在概念目录内"
eicu,infusionDrug,NS #2 (ml/hr),"输注药名, 不在概念目录内"
eicu,infusionDrug,D5 w/ 40 mEq K+ (ml/hr),"输注药名, 不在概念目录内"
eicu,infusionDrug,Lactated Ringers,"输注药名, 不在概念目录内"
eicu,infusionDrug,D5NS with MVI (ml/hr),"输注药名, 不在概念目录内"
eicu,infusionDrug,NS1/2 + 20KCL (ml/hr),"输注药名, 不在概念目录内"
eicu,infusionDrug,"D5 0,9 NS  (ml/hr)","输注药名, 不在概念目录内"
eicu,infusionDrug,NSS w/ 40mEq K (ml/hr),"输注药名, 不在概念目录内"
eicu,infusionDrug,D5 .45NS w/NaHCO3 (ml/hr),"输注药名, 不在概念目录内"
eicu,infusionDrug,Bicarbonate 150mEq (ml/hr),"输注药名, 不在概念目录内"
eicu,infusionDrug,D5LR MVI (ml/hr),"输注药名, 不在概念目录内"
eicu,infusionDrug,Anx (ml/hr),"输注药名, 不在概念目录内"
eicu,infusionDrug,Hepain (ml/hr),"输注药名, 不在概念目录内"
eicu,infusionDrug,Volume (mL) Naloxone,"输注药名, 不在概念目录内"
eicu,infusionDrug,MVI/thiamine (ml/hr),"输注药名, 不在概念目录内"
eicu,infusionDrug,fentanyl epi (ml/hr),"输注药名, 不在概念目录内"
eicu,infusionDrug,kvo ivf (ml/hr),"输注药名, 不在概念目录内"
eicu,infusionDrug,1.5%Na  (ml/hr),"输注药名, 不在概念目录内"
eicu,infusionDrug,IVF None VasoActives (ml/hr),"输注药名, 不在概念目录内"
eicu,infusionDrug,Acetylcstein (ml/hr),"输注药名, 不在概念目录内"
eicu,infusionDrug,AMINOPHYLLIN (mg/hr),"输注药名, 不在概念目录内"
eicu,infusionDrug,bicarb drip x 3 amps (ml/hr),"输注药名, 不在概念目录内"
eicu,infusionDrug,IV w/ Bicarb 150mEq (ml/hr),"输注药名, 不在概念目录内"
eicu,infusionDrug,D5/NA bicarb (ml/hr),"输注药名, 不在概念目录内"
eicu,infusionDrug,CLEVIPREX (mg/hr),"输注药名, 不在概念目录内"
eicu,infusionDrug,levithyroxine (mcg/hr),"输注药名, 不在概念目录内"
eicu,infusionDrug,1.8 % saline (ml/hr),"输注药名, 不在概念目录内"
eicu,infusionDrug,Heparin 25000 Units Dextrose 5% 950 ml  Premix (units/kg/hr),"输注药名, 不在概念目录内"
eicu,infusionDrug,NS +20KCL,"输注药名, 不在概念目录内"
eicu,infusionDrug,SODIUM BICARB 150 MEQ (ml/hr),"输注药名, 不在概念目录内"
eicu,infusionDrug,d5W/.45%NSS (ml/hr),"输注药名, 不在概念目录内"
eicu,infusionDrug,D5LR w/40meq K (ml/hr),"输注药名, 不在概念目录内"
eicu,infusionDrug,"D5.45 w/ folic acid, &thiamine (ml/hr)","输注药名, 不在概念目录内"
eicu,infusionDrug,anidulafungin (ml/hr),"输注药名, 不在概念目录内"
eicu,infusionDrug,D5 w/ 150mEq NaBicarb (ml/hr),"输注药名, 不在概念目录内"
eicu,infusionDrug,D5NS+40mEq Potassiuum (ml/hr),"输注药名, 不在概念目录内"
eicu,infusionDrug,D5 1/2 NS multi vit (ml/hr),"输注药名, 不在概念目录内"
eicu,infusionDrug,NSS + 40mEqK (ml/hr),"输注药名, 不在概念目录内"
eicu,infusionDrug,D5 LR 40K (ml/hr),"输注药名, 不在概念目录内"
eicu,infusionDrug,D5/LR + MVI (ml/hr),"输注药名, 不在概念目录内"
eicu,infusionDrug,D5 W/100meq Bicarb (ml/hr),"输注药名, 不在概念目录内"
eicu,infusionDrug,D5+KLC 40meq (ml/hr),"输注药名, 不在概念目录内"
eicu,infusionDrug,D5. 0.45 NS with150 mEq NaHCO3 (ml/hr),"输注药名, 不在概念目录内"
eicu,infusionDrug,D5 1/2 NS w/40KCl (ml/hr),"输注药名, 不在概念目录内"
eicu,infusionDrug,Sterile water c 500 meq bicarb (ml/hr),"输注药名, 不在概念目录内"
eicu,infusionDrug,IVF with K (ml/hr),"输注药名, 不在概念目录内"
eicu,infusionDrug,MIV (mcg/kg/min),"输注药名, 不在概念目录内"
eicu,infusionDrug,IVF w/ Bicarb (ml/hr),"输注药名, 不在概念目录内"
eicu,infusionDrug,cisatraturium (mg/hr),"输注药名, 不在概念目录内"
eicu,infusionDrug,levothyroxine (mcg/min),"输注药名, 不在概念目录内"
eicu,infusionDrug,bicarb,"输注药名, 不在概念目录内"
eicu,infusionDrug,.45  Normal Saline (ml/hr),"输注药名, 不在概念目录内"
eicu,infusionDrug,D5 1/2 20KCL (ml/hr),"输注药名, 不在概念目录内"
eicu,infusionDrug,NS WITH KCL 20MEQ (ml/hr),"输注药名, 不在概念目录内"
eicu,infusionDrug,0.9% NS KVO (ml/hr),"输注药名, 不在概念目录内"
eicu,infusionDrug,d5 1/2 ns 20 kcl (ml/hr),"输注药名, 不在概念目录内"
eicu,infusionDrug,K+phos (ml/hr),"输注药名, 不在概念目录内"
eicu,infusionDrug,solumedrol (mg/kg/hr),"输注药名, 不在概念目录内"
eicu,infusionDrug,Gamunex (ml/hr),"输注药名, 不在概念目录内"
eicu,infusionDrug,D5W 0.9NSS (ml/hr),"输注药名, 不在概念目录内"
eicu,infusionDrug,D5 1/2NSS w/ 75mEq NAHCO3 (ml/hr),"输注药名, 不在概念目录内"
eicu,infusionDrug,IV abx + electrolytes,"输注药名, 不在概念目录内"
eicu,infusionDrug,.9NSS,"输注药名, 不在概念目录内"
eicu,infusionDrug,LACTATED RINGER  (ml/hr),"输注药名, 不在概念目录内"
eicu,infusionDrug,D5W w/ 40mEq K+ (ml/hr),"输注药名, 不在概念目录内"
eicu,infusionDrug,D5/.45NSS (ml/hr),"输注药名, 不在概念目录内"
eicu,infusionDrug,Sodium bicarb 150meg/1 liter (ml/hr),"输注药名, 不在概念目录内"
eicu,infusionDrug,D10 0.45NS w/40K (ml/hr),"输注药名, 不在概念目录内"
eicu,infusionDrug,D5 1/2 NSS w/ 40mEq KCl (ml/hr),"输注药名, 不在概念目录内"
eicu,infusionDrug,1/2 NS w/ 20meq K (ml/hr),"输注药名, 不在概念目录内"
eicu,infusionDrug,TPA flush  (ml/hr),"输注药名, 不在概念目录内"
eicu,infusionDrug,K-Phosphate 21mmol (ml/hr),"输注药名, 不在概念目录内"
eicu,infusionDrug,D5LR+MVI (ml/hr),"输注药名, 不在概念目录内"
eicu,infusionDrug,NSS TPA flush (ml/hr),"输注药名, 不在概念目录内"
eicu,infusionDrug,KPO4 (ml/hr),"输注药名, 不在概念目录内"
eicu,infusionDrug,Plasmalyte (ml/hr),"输注药名, 不在概念目录内"
eicu,infusionDrug,N/S w 20 mEq K+ (ml/hr),"输注药名, 不在概念目录内"
eicu,infusionDrug,NS w/ 20meqKCL (ml/hr),"输注药名, 不在概念目录内"
eicu,infusionDrug,D5 1/4  (ml/hr),"输注药名, 不在概念目录内"
eicu,infusionDrug,NS + 40mEq K (ml/hr),"输注药名, 不在概念目录内"
eicu,infusionDrug,Potassium (mg/hr),"输注药名, 不在概念目录内"
eicu,infusionDrug,Volume (mL)-sodium chloride 0.45 % bolus 500 mL (ml/hr),"输注药名, 不在概念目录内"
eicu,infusionDrug,Acetycysteine (mg/kg/hr),"输注药名, 不在概念目录内"
eicu,infusionDrug,Aminophylline  (ml/hr),"输注药名, 不在概念目录内"
eicu,infusionDrug,norcuron (mcg/kg/min),"输注药名, 不在概念目录内"
eicu,infusionDrug,Epidural Fentanyl (ml/hr),"输注药名, 不在概念目录内"
eicu,infusionDrug,amiodarone bolus (mg/min),"输注药名, 不在概念目录内"
eicu,infusionDrug,Phytonadine (ml/hr),"输注药名, 不在概念目录内"
eicu,infusionDrug,Atracurium (),"输注药名, 不在概念目录内"
eicu,infusionDrug,0.45NS,"输注药名, 不在概念目录内"
eicu,infusionDrug,NS(bolus) (ml/hr),"输注药名, 不在概念目录内"
eicu,infusionDrug,d5 0.45%nacl  (ml/hr),"输注药名, 不在概念目录内"
eicu,infusionDrug,1.8 % NS (ml/hr),"输注药名, 不在概念目录内"
eicu,infusionDrug,Sodium Bicarbonate (mEq/hr) (Unknown),"输注药名, 不在概念目录内"
eicu,infusionDrug,Calcium GLUCONATE STD 2 g Sodium Chloride 0.9% 100 ml (Unknown),"输注药名, 不在概念目录内"
eicu,infusionDrug,Calcium CHLORIDE STD 1 g Sodium Chloride 0.9% 100 ml (Unknown),"输注药名, 不在概念目录内"
eicu,infusionDrug,D5.45NS/20KCL (ml/hr),"输注药名, 不在概念目录内"
eicu,infusionDrug,Propofol IV Emulsion 100 ml (ml/hr),"输注药名, 不在概念目录内"
eicu,infusionDrug,Dilaudid PCA,"输注药名, 不在概念目录内"
eicu,infusionDrug,Calcium Gluconate 1gm (ml/hr),"输注药名, 不在概念目录内"
eicu,infusionDrug,D5,"输注药名, 不在概念目录内"
eicu,infusionDrug,D5.45NSwith20KCl (ml/hr),"输注药名, 不在概念目录内"
eicu,infusionDrug,D5w Na Bicarb 150meq (ml/hr),"输注药名, 不在概念目录内"
eicu,infusionDrug,D5/0.45 w/40 KCL (ml/hr),"输注药名, 不在概念目录内"
eicu,infusionDrug,NS Fluid bolus (ml/hr),"输注药名, 不在概念目录内"
eicu,infusionDrug,NS + (ml/hr),"输注药名, 不在概念目录内"
eicu,infusionDrug,D5 w/250meq bicarb (ml/hr),"输注药名, 不在概念目录内"
eicu,infusionDrug,D5W NS (ml/hr),"输注药名, 不在概念目录内"
eicu,infusionDrug,d5W/LR + MVI (ml/hr),"输注药名, 不在概念目录内"
eicu,infusionDrug,D5W with sodium bicarb (ml/hr),"输注药名, 不在概念目录内"
eicu,infusionDrug,Albumin25% (ml/hr),"输注药名, 不在概念目录内"
eicu,infusionDrug,D5/.9NS w 20meq K (ml/hr),"输注药名, 不在概念目录内"
eicu,infusionDrug,D5 & 150meq Sodium Bicarbonate (ml/hr),"输注药名, 不在概念目录内"
eicu,infusionDrug,0.45%NS w/ 75meq NaBicarb (ml/hr),"输注药名, 不在概念目录内"
eicu,infusionDrug,Volume (ml) Heparin-heparin infusion 2 units/mL in 0.9% sodium chloride (ARTERIAL LINE),"输注药名, 不在概念目录内"
eicu,infusionDrug,i v (ml/hr),"输注药名, 不在概念目录内"
eicu,infusionDrug,Nembutal (mg/kg/hr),"输注药名, 不在概念目录内"
eicu,infusionDrug,5D/0.45 SS (ml/hr),"输注药名, 不在概念目录内"
eicu,infusionDrug,bicarn1.5amps (ml/hr),"输注药名, 不在概念目录内"
eicu,infusionDrug,bananna bag (ml/hr),"输注药名, 不在概念目录内"
eicu,infusionDrug,IVF # 1 (ml/hr),"输注药名, 不在概念目录内"
eicu,infusionDrug,IV + Kcl (ml/hr),"输注药名, 不在概念目录内"
eicu,infusionDrug,bicarb 1 amp (ml/hr),"输注药名, 不在概念目录内"
eicu,infusionDrug,IVF withOut VasoAcitves (ml/hr),"输注药名, 不在概念目录内"
eicu,infusionDrug,banana  bag (ml/hr),"输注药名, 不在概念目录内"
eicu,infusionDrug,D5W + 20 K+ (ml/hr),"输注药名, 不在概念目录内"
eicu,infusionDrug,0.9% NS w/MVI (ml/hr),"输注药名, 不在概念目录内"
eicu,infusionDrug,D5/W,"输注药名, 不在概念目录内"
eicu,infusionDrug,D5LR /w  30 mEq KCL (ml/hr),"输注药名, 不在概念目录内"
eicu,infusionDrug,KPHOS (ml/hr),"输注药名, 不在概念目录内"
eicu,infusionDrug,Sodium Bxc (ml/hr),"输注药名, 不在概念目录内"
eicu,infusionDrug,D5 1/2NS KCL 20 (ml/hr),"输注药名, 不在概念目录内"
eicu,infusionDrug,1/2 NS /SOD BICARB (ml/hr),"输注药名, 不在概念目录内"
eicu,infusionDrug,NS with Vit (ml/hr),"输注药名, 不在概念目录内"
eicu,infusionDrug,Acetylecystine (ml/hr),"输注药名, 不在概念目录内"
eicu,infusionDrug,CISATRACURIM (mcg/kg/min),"输注药名, 不在概念目录内"
eicu,infusionDrug,Heparin (mcg/kg/min),"输注药名, 不在概念目录内"
eicu,infusionDrug,NUTREN 1.5,"输注药名, 不在概念目录内"
eicu,infusionDrug,Hypertonic 3% NS (ml/hr),"输注药名, 不在概念目录内"
eicu,infusionDrug,oxytocin,"输注药名, 不在概念目录内"
eicu,infusionDrug,octagam (ml/hr),"输注药名, 不在概念目录内"
eicu,infusionDrug,D5 NA Bicarb 150meq (ml/hr),"输注药名, 不在概念目录内"
eicu,infusionDrug,nss w/ 40meq KCL (ml/hr),"输注药名, 不在概念目录内"
eicu,infusionDrug,1L Sterile Water w/150 mEq Bicarb,"输注药名, 不在概念目录内"
eicu,infusionDrug,Angiomax (mg/hr),"输注药名, 不在概念目录内"
eicu,infusionDrug,D5 1/2 c 150 mEq Bicarb,"输注药名, 不在概念目录内"
eicu,infusionDrug,D5 w/200 meq Bicarb (ml/hr),"输注药名, 不在概念目录内"
eicu,infusionDrug,D5 1/2NS,"输注药名, 不在概念目录内"
eicu,infusionDrug,D10 0.2 NS (ml/hr),"输注药名, 不在概念目录内"
eicu,infusionDrug,0.9% NaCl,"输注药名, 不在概念目录内"
eicu,infusionDrug,1/2 NSS with 40 meqPotassium (ml/hr),"输注药名, 不在概念目录内"
eicu,infusionDrug,IVF w/ MVI (ml/hr),"输注药名, 不在概念目录内"
eicu,infusionDrug,Bactrim + D5W (ml/hr),"输注药名, 不在概念目录内"
eicu,infusionDrug,angiomax  (ml/hr),"输注药名, 不在概念目录内"
eicu,infusionDrug,NS + 20K (ml/hr),"输注药名, 不在概念目录内"
eicu,infusionDrug,NS+ 20 mEq KCl (ml/hr),"输注药名, 不在概念目录内"
eicu,infusionDrug,D5W + 3amp bicarb (ml/hr),"输注药名, 不在概念目录内"
eicu,infusionDrug,Volume (mL)-sodium chloride 0.9 % bolus 200 mL (ml/hr),"输注药名, 不在概念目录内"
eicu,infusionDrug,D5-150meq Bicarb (ml/hr),"输注药名, 不在概念目录内"
eicu,infusionDrug,Heparin 8000u/1L NS (ml/hr),"输注药名, 不在概念目录内"
eicu,infusionDrug,Alteplase 7.5mg/NS 500ml (ml/hr),"输注药名, 不在概念目录内"
eicu,infusionDrug,IV with BICARB (ml/hr),"输注药名, 不在概念目录内"
eicu,infusionDrug,Immune globulin (ml/hr),"输注药名, 不在概念目录内"
eicu,infusionDrug,Aminocaproic Acid (ml/hr),"输注药名, 不在概念目录内"
eicu,infusionDrug,IV + MVI (ml/hr),"输注药名, 不在概念目录内"
eicu,infusionDrug,IVF (units/hr),"输注药名, 不在概念目录内"
eicu,infusionDrug,Blood (FFP) (ml/hr),"输注药名, 不在概念目录内"
eicu,infusionDrug,Vanco (ml/hr),"输注药名, 不在概念目录内"
eicu,infusionDrug,"ivf w k, bicarb 3amps (ml/hr)","输注药名, 不在概念目录内"
eicu,infusionDrug,Vanco  (ml/hr),"输注药名, 不在概念目录内"
eicu,infusionDrug,Left tPa (ml/hr),"输注药名, 不在概念目录内"
eicu,infusionDrug,Albumin w/ Bumex (ml/hr),"输注药名, 不在概念目录内"
eicu,infusionDrug,ivs (ml/hr),"输注药名, 不在概念目录内"
eicu,infusionDrug,Eptifibatide (Unknown),"输注药名, 不在概念目录内"
eicu,infusionDrug,Volume (ml) Eptifibatide,"输注药名, 不在概念目录内"
eicu,infusionDrug,vanco 0.04 mg/ml (ml/hr),"输注药名, 不在概念目录内"
eicu,infusionDrug,NS with Multivit (ml/hr),"输注药名, 不在概念目录内"
eicu,infusionDrug,NS with additives (ml/hr),"输注药名, 不在概念目录内"
eicu,infusionDrug,Alteplase (Cathflo) (mg/hr),"输注药名, 不在概念目录内"
eicu,infusionDrug,1.8%  NaCl (ml/hr),"输注药名, 不在概念目录内"
eicu,infusionDrug,Alteplase (tPA) Stroke/PE 100 mg Sterile Water (SWFI) 100 ml (mg/hr),"输注药名, 不在概念目录内"
eicu,infusionDrug,Alteplase(tPA)ArteriClot 20 mg Sodium Chloride 0.9% 100 ml (mg/hr),"输注药名, 不在概念目录内"
eicu,infusionDrug,Ceftriaxone 2 gm/D5w 250 ml (ml/hr),"输注药名, 不在概念目录内"
eicu,infusionDrug,D5W/3 amps HCO3 (ml/hr),"输注药名, 不在概念目录内"
eicu,infusionDrug,Rocuronium (mg/hr),"输注药名, 不在概念目录内"
eicu,infusionDrug,metroNIDAZOLE 500 MG/NS 100 ml (ml/hr),"输注药名, 不在概念目录内"
eicu,infusionDrug,D5W w/Bicarb (ml/hr),"输注药名, 不在概念目录内"
eicu,infusionDrug,d5 1/2NSS w/ 40meq KCL (ml/hr),"输注药名, 不在概念目录内"
eicu,infusionDrug,NS w/ 250meq Bicarb (ml/hr),"输注药名, 不在概念目录内"
eicu,infusionDrug,D5/0.45%NS + MVI (ml/hr),"输注药名, 不在概念目录内"
eicu,infusionDrug,D5 NSS w/ MVI (ml/hr),"输注药名, 不在概念目录内"
eicu,infusionDrug,0.45%NS w MVI,"输注药名, 不在概念目录内"
eicu,infusionDrug,d5w+3amps na bicarb (ml/hr),"输注药名, 不在概念目录内"
eicu,infusionDrug,TPA flush NS (ml/hr),"输注药名, 不在概念目录内"
eicu,infusionDrug,Multi-Vitamin Bag (ml/hr),"输注药名, 不在概念目录内"
eicu,infusionDrug,NS w/5g Mag sulfate,"输注药名, 不在概念目录内"
eicu,infusionDrug,LR w/ 40mEq K  (ml/hr),"输注药名, 不在概念目录内"
eicu,infusionDrug,D5 NSS (ml/hr),"输注药名, 不在概念目录内"
eicu,infusionDrug,D5 .45,"输注药名, 不在概念目录内"
eicu,infusionDrug,Heparin/Femoral Sheath   (units/hr),"输注药名, 不在概念目录内"
eicu,infusionDrug,PRBC'S  (ml/hr),"输注药名, 不在概念目录内"
eicu,infusionDrug,Naropin (ml/hr),"输注药名, 不在概念目录内"
eicu,infusionDrug,Cisastracurium (mcg/kg/min),"输注药名, 不在概念目录内"
eicu,infusionDrug,bicarb  (ml/hr),"输注药名, 不在概念目录内"
eicu,infusionDrug,Mucumyst (ml/hr),"输注药名, 不在概念目录内"
eicu,infusionDrug,D5`1/2NS (ml/hr),"输注药名, 不在概念目录内"
eicu,infusionDrug,K phos,"输注药名, 不在概念目录内"
eicu,infusionDrug,D5LR w/10mEq KCl (ml/hr),"输注药名, 不在概念目录内"
eicu,infusionDrug,sodium bicarb 150 meq in 1 L D5W (ml/hr),"输注药名, 不在概念目录内"
eicu,infusionDrug,Desferal (ml/hr),"输注药名, 不在概念目录内"
eicu,infusionDrug,Naloxone (mg/hr) (mg/hr),"输注药名, 不在概念目录内"
eicu,infusionDrug,octagam 5 % (ml/hr),"输注药名, 不在概念目录内"
eicu,infusionDrug,NS Bicarb 150meq,"输注药名, 不在概念目录内"
eicu,infusionDrug,D10 0.9%NS (ml/hr),"输注药名, 不在概念目录内"
eicu,infusionDrug,D5/NSS 0.45% (ml/hr),"输注药名, 不在概念目录内"
eicu,infusionDrug,1/2NS w/20 K (ml/hr),"输注药名, 不在概念目录内"
eicu,infusionDrug,PRBC |*----*| (ml/hr),"输注药名, 不在概念目录内"
eicu,infusionDrug,D5/.45NSS c MVI (ml/hr),"输注药名, 不在概念目录内"
eicu,infusionDrug,LR#1 (ml/hr),"输注药名, 不在概念目录内"
eicu,infusionDrug,D5/ 0.45% NS/ 75 MEQ sodium bicarb (ml/hr),"输注药名, 不在概念目录内"
eicu,infusionDrug,D5 0.9%NS (ml/hr),"输注药名, 不在概念目录内"
eicu,infusionDrug,D5W/ 0.45% NS/ 40 MEQ K (ml/hr),"输注药名, 不在概念目录内"
eicu,infusionDrug,Cipro (ml/hr),"输注药名, 不在概念目录内"
eicu,infusionDrug,D5 1/2 NS + KCl  (ml/hr),"输注药名, 不在概念目录内"
eicu,infusionDrug,IVF + additives (ml/hr),"输注药名, 不在概念目录内"
eicu,infusionDrug,Rifampin (ml/hr),"输注药名, 不在概念目录内"
eicu,infusionDrug,D20 (ml/hr),"输注药名, 不在概念目录内"
eicu,infusionDrug,Acetadote (mg/kg/hr),"输注药名, 不在概念目录内"
eicu,infusionDrug,25% ALBUMIN (ml/hr),"输注药名, 不在概念目录内"
eicu,infusionDrug,octreotide  (ml/hr),"输注药名, 不在概念目录内"
eicu,infusionDrug,vanco0.40mg/ml (ml/hr),"输注药名, 不在概念目录内"
eicu,infusionDrug,pitossin (ml/hr),"输注药名, 不在概念目录内"
eicu,infusionDrug,integralin (ml/hr),"输注药名, 不在概念目录内"
eicu,infusionDrug,Pentobarbital (mcg/kg/hr),"输注药名, 不在概念目录内"
eicu,infusionDrug,Phenylephrine (mg/kg/min),"输注药名, 不在概念目录内"
eicu,infusionDrug,Other Med 500 mg Sodium Chloride 0.9% 250 ml (mcg/kg/min),"输注药名, 不在概念目录内"
eicu,infusionDrug,Argatroban 250 mg Sodium Chloride 0.9% 250 ml (mcg/kg/min),"输注药名, 不在概念目录内"
eicu,infusionDrug,NS/20KCL  (ml/hr),"输注药名, 不在概念目录内"
eicu,infusionDrug,Potassium Chloride 10Meq/100Ml 100 ml (ml/hr),"输注药名, 不在概念目录内"
eicu,infusionDrug,"Calcium Gluconate 2,000 mg in Sodium Chloride 0.9% 100 ml (ml/hr)","输注药名, 不在概念目录内"
eicu,infusionDrug,Clindamycin 900 mg/D5w 50 ml (ml/hr),"输注药名, 不在概念目录内"
eicu,infusionDrug,SODIUM BICARB 1mEq/ml INJ 150 Meq in Dextrose 5% 850 ml (ml/hr),"输注药名, 不在概念目录内"
eicu,infusionDrug,Vancomycin Inj 500 mg in Dextrose 5% 100 ml (ml/hr),"输注药名, 不在概念目录内"
eicu,infusionDrug,cardene,"输注药名, 不在概念目录内"
eicu,infusionDrug,NSS/ anbx (ml/hr),"输注药名, 不在概念目录内"
eicu,infusionDrug,D5 1/2NS w/40mEq KCL (ml/hr),"输注药名, 不在概念目录内"
eicu,infusionDrug,D5 40K 1/2NS (ml/hr),"输注药名, 不在概念目录内"
eicu,infusionDrug,D5 w/3 amps Na Bicarb (ml/hr),"输注药名, 不在概念目录内"
eicu,infusionDrug,D15% (ml/hr),"输注药名, 不在概念目录内"
eicu,infusionDrug,Insulin (Scale B),"输注药名, 不在概念目录内"
eicu,infusionDrug,Potassium (ml/hr),"输注药名, 不在概念目录内"
eicu,infusionDrug,D5NS+20meq KCL (ml/hr),"输注药名, 不在概念目录内"
eicu,infusionDrug,D51/2 NS with 20 meq KCL (ml/hr),"输注药名, 不在概念目录内"
eicu,infusionDrug,0.9% NS 20 Meq KCL (ml/hr),"输注药名, 不在概念目录内"
eicu,infusionDrug,Non-VasoActive IVF (ml/hr),"输注药名, 不在概念目录内"
eicu,infusionDrug,mg (mg/hr),"输注药名, 不在概念目录内"
eicu,infusionDrug,IVF NaCl 0.45% (ml/hr),"输注药名, 不在概念目录内"
eicu,infusionDrug,Dextran 40 (10%) (ml/hr),"输注药名, 不在概念目录内"
eicu,infusionDrug,Clevidipine (mcg/min),"输注药名, 不在概念目录内"
eicu,infusionDrug,fentanyl/epidural (ml/hr),"输注药名, 不在概念目录内"
eicu,infusionDrug,Magnesium drip (ml/hr),"输注药名, 不在概念目录内"
eicu,infusionDrug,IIVF (ml/hr),"输注药名, 不在概念目录内"
eicu,infusionDrug,NaBicab (ml/hr),"输注药名, 不在概念目录内"
eicu,infusionDrug,DILAUDED (mg/hr),"输注药名, 不在概念目录内"
eicu,infusionDrug,bupivacaine epidural (ml/hr),"输注药名, 不在概念目录内"
eicu,infusionDrug,Reglan (ml/hr),"输注药名, 不在概念目录内"
eicu,infusionDrug,ZOSYN,"输注药名, 不在概念目录内"
eicu,infusionDrug,D5 LR,"输注药名, 不在概念目录内"
eicu,infusionDrug,D5 0.45%NS  (ml/hr),"输注药名, 不在概念目录内"
eicu,infusionDrug,folate thiamine drip (ml/hr),"输注药名, 不在概念目录内"
eicu,infusionDrug,1/2 NS with 20 mEq KCl,"输注药名, 不在概念目录内"
eicu,infusionDrug,Sodium Acetate (ml/hr),"输注药名, 不在概念目录内"
eicu,infusionDrug,K phos/ KCL IVPB (ml/hr),"输注药名, 不在概念目录内"
eicu,infusionDrug,LR + 40 mEq (ml/hr),"输注药名, 不在概念目录内"
eicu,infusionDrug,insulin drip (units/hr),"输注药名, 不在概念目录内"
eicu,infusionDrug,Amicar (mcg/kg/min),"输注药名, 不在概念目录内"
eicu,infusionDrug,cyclosporine (ml/hr),"输注药名, 不在概念目录内"
eicu,infusionDrug,Amicar  (mg/hr),"输注药名, 不在概念目录内"
eicu,infusionDrug,0.5NSS w 150mEq bicarb (ml/hr),"输注药名, 不在概念目录内"
eicu,infusionDrug,0.45% NSS with 75 mEq bicarb (ml/hr),"输注药名, 不在概念目录内"
eicu,infusionDrug,Rituxan (ml/hr),"输注药名, 不在概念目录内"
eicu,infusionDrug,NS + 40KCL (ml/hr),"输注药名, 不在概念目录内"
eicu,infusionDrug,Privigen  (ml/hr),"输注药名, 不在概念目录内"
eicu,infusionDrug,Phenylephrine (mg/hr),"输注药名, 不在概念目录内"
eicu,infusionDrug,cooled NSS (ml/hr),"输注药名, 不在概念目录内"
eicu,infusionDrug,nss/abx,"输注药名, 不在概念目录内"
eicu,infusionDrug,LR/ 20 mEq KCl,"输注药名, 不在概念目录内"
eicu,infusionDrug,D.45NS (ml/hr),"输注药名, 不在概念目录内"
eicu,infusionDrug,0.9%NS with ABx,"输注药名, 不在概念目录内"
eicu,infusionDrug,D5 LR w/ 40 k (ml/hr),"输注药名, 不在概念目录内"
eicu,infusionDrug,TPA  (ml/hr),"输注药名, 不在概念目录内"
eicu,infusionDrug,D5 w/ 150 mEq HCO3,"输注药名, 不在概念目录内"
eicu,infusionDrug,D5 1/2NSS w 75meq HCO3 (ml/hr),"输注药名, 不在概念目录内"
eicu,infusionDrug,D5 1/2NS w/40 mEq K (ml/hr),"输注药名, 不在概念目录内"
eicu,infusionDrug,Bicarbonate 150mEq,"输注药名, 不在概念目录内"
eicu,infusionDrug,D5 LR w/40KCL (ml/hr),"输注药名, 不在概念目录内"
eicu,infusionDrug,D5NS w/40KCL (ml/hr),"输注药名, 不在概念目录内"
eicu,infusionDrug,cytarabine (ml/hr),"输注药名, 不在概念目录内"
eicu,infusionDrug,D5 .9 NSS,"输注药名, 不在概念目录内"
eicu,infusionDrug,0.45 NS w/40MEQ KCL (ml/hr),"输注药名, 不在概念目录内"
eicu,infusionDrug,bactrum  (ml/hr),"输注药名, 不在概念目录内"
eicu,infusionDrug,"Volume (mL)-sodium chloride 0.45 % bolus 1,000 mL (ml/hr)","输注药名, 不在概念目录内"
eicu,infusionDrug,"Volume (mL)-sodium chloride 0.9 % bolus 1,500 mL (ml/hr)","输注药名, 不在概念目录内"
eicu,infusionDrug,ATRACURIUM (mg/kg/min),"输注药名, 不在概念目录内"
eicu,infusionDrug,Free water NGT (ml/hr),"输注药名, 不在概念目录内"
eicu,infusionDrug,ICVF (ml/hr),"输注药名, 不在概念目录内"
eicu,infusionDrug,D51/2 Saline (ml/hr),"输注药名, 不在概念目录内"
eicu,infusionDrug,RBC/Flush (ml/hr),"输注药名, 不在概念目录内"
eicu,infusionDrug,ALBUMIN/BUMEX (ml/hr),"输注药名, 不在概念目录内"
eicu,infusionDrug,Abciximab (mg/min),"输注药名, 不在概念目录内"
eicu,infusionDrug,S- IVF (ml/hr),"输注药名, 不在概念目录内"
eicu,infusionDrug,Glucagon  (ml/hr),"输注药名, 不在概念目录内"
eicu,infusionDrug,Nesiritide (BNP) (),"输注药名, 不在概念目录内"
eicu,infusionDrug,Pentobarbital,"输注药名, 不在概念目录内"
eicu,infusionDrug,Octreotide (mcg/min),"输注药名, 不在概念目录内"
eicu,infusionDrug,sodium bicarg gtt (ml/hr),"输注药名, 不在概念目录内"
eicu,infusionDrug,d5ns+2amps sodium bicarb,"输注药名, 不在概念目录内"
eicu,infusionDrug,Cisplatinum (ml/hr),"输注药名, 不在概念目录内"
eicu,infusionDrug,Acetylcystine (ml/hr),"输注药名, 不在概念目录内"
eicu,infusionDrug,(mcg/kg/hr),"输注药名, 不在概念目录内"
eicu,infusionDrug,2%NaCl (ml/hr),"输注药名, 不在概念目录内"
eicu,infusionDrug,Mannitol gtt(100gm/500mL) 50 g Dextrose 5% 500 ml (Unknown),"输注药名, 不在概念目录内"
eicu,infusionDrug,Other Med 20 Units Sodium Chloride 0.9% 2000 ml (units/hr),"输注药名, 不在概念目录内"
eicu,infusionDrug,Potassium CL (Peripheral) 10 mEq Sterile Water (SWFI) 200 ml  Premix (Unknown),"输注药名, 不在概念目录内"
eicu,infusionDrug,Dexmedetomidine Inj 400 Mcg in Dextrose 5% 100 ml (),"输注药名, 不在概念目录内"
eicu,infusionDrug,D5W/150mEq Bicarb (ml/hr),"输注药名, 不在概念目录内"
eicu,infusionDrug,D5W/3 Amp BiCarb (ml/hr),"输注药名, 不在概念目录内"
eicu,infusionDrug,D51/2NS/20KCL (ml/hr),"输注药名, 不在概念目录内"
eicu,infusionDrug,"Dextrose 5%/0.45% Sod Chl 1,000 ml (ml/hr)","输注药名, 不在概念目录内"
eicu,infusionDrug,"Vancomycin Inj 1,250 mg in Dextrose 5% 250 ml (ml/hr)","输注药名, 不在概念目录内"
eicu,infusionDrug,Cefazolin 2 gm/D5w 50 ml (ml/hr),"输注药名, 不在概念目录内"
eicu,infusionDrug,NS/2 amps bicarb MIV  (ml/hr),"输注药名, 不在概念目录内"
eicu,infusionDrug,Ciprofloxacin 200 mg/D5w 100 ml (ml/hr),"输注药名, 不在概念目录内"
eicu,infusionDrug,NS - PCA,"输注药名, 不在概念目录内"
eicu,infusionDrug,D5& 0.9NS with MVI (ml/hr),"输注药名, 不在概念目录内"
eicu,infusionDrug,Integrilin (mcg/kg/hr),"输注药名, 不在概念目录内"
eicu,infusionDrug,0.45% NS,"输注药名, 不在概念目录内"
eicu,infusionDrug,0.45% NS w/ 150 meq HCO3 (ml/hr),"输注药名, 不在概念目录内"
eicu,infusionDrug,D5 1/2nss,"输注药名, 不在概念目录内"
eicu,infusionDrug,D10W.45NS (ml/hr),"输注药名, 不在概念目录内"
eicu,infusionDrug,D5+150meqNaHco3  (ml/hr),"输注药名, 不在概念目录内"
eicu,infusionDrug,D5 1/2,"输注药名, 不在概念目录内"
eicu,infusionDrug,D5 1/2NSS w/40meq KCL (ml/hr),"输注药名, 不在概念目录内"
eicu,infusionDrug,Angiomax (mg/kg/min),"输注药名, 不在概念目录内"
eicu,infusionDrug,Replete,"输注药名, 不在概念目录内"
eicu,infusionDrug,1/2NS + KCL 40meq (ml/hr),"输注药名, 不在概念目录内"
eicu,infusionDrug,0.45% NS w/40 mEq K,"输注药名, 不在概念目录内"
eicu,infusionDrug,D5 0.2%NSS (ml/hr),"输注药名, 不在概念目录内"
eicu,infusionDrug,NSS +abx,"输注药名, 不在概念目录内"
eicu,infusionDrug,D5W + MVI (ml/hr),"输注药名, 不在概念目录内"
eicu,infusionDrug,D5NSS,"输注药名, 不在概念目录内"
eicu,infusionDrug,D5.45NSw/20KCl (ml/hr),"输注药名, 不在概念目录内"
eicu,infusionDrug,D5W/.9%NS (ml/hr),"输注药名, 不在概念目录内"
eicu,infusionDrug,IV Bicarb (ml/hr),"输注药名, 不在概念目录内"
eicu,infusionDrug,Volume (mL)-dextrose 5 % and 0.45% NaCl 5-0.45 % bolus 75 mL (ml/hr),"输注药名, 不在概念目录内"
eicu,infusionDrug,Volume (mL) Tenecteplase,"输注药名, 不在概念目录内"
eicu,infusionDrug,MIF (ml/hr),"输注药名, 不在概念目录内"
eicu,infusionDrug,Fent/Bup Epidural (ml/hr),"输注药名, 不在概念目录内"
eicu,infusionDrug,reopro (mcg/kg/min),"输注药名, 不在概念目录内"
eicu,infusionDrug,Dilaudid/PCA (ml/hr),"输注药名, 不在概念目录内"
eicu,infusionDrug,PCA/Dilaudid (ml/hr),"输注药名, 不在概念目录内"
eicu,infusionDrug,NaHCO3  150 meq (ml/hr),"输注药名, 不在概念目录内"
eicu,infusionDrug,Diamox (ml/hr),"输注药名, 不在概念目录内"
eicu,infusionDrug,Bic (ml/hr),"输注药名, 不在概念目录内"
eicu,infusionDrug,Bicarb (3-amps ) (ml/hr),"输注药名, 不在概念目录内"
eicu,infusionDrug,bcarb (ml/hr),"输注药名, 不在概念目录内"
eicu,infusionDrug,iron (ml/hr),"输注药名, 不在概念目录内"
eicu,infusionDrug,D5 Barcrbonate (150 meq) (ml/hr),"输注药名, 不在概念目录内"
eicu,infusionDrug,Epidural ropivacaine (ml/hr),"输注药名, 不在概念目录内"
eicu,infusionDrug,mucomyst (mcg/kg/hr),"输注药名, 不在概念目录内"
eicu,infusionDrug,ketamine (),"输注药名, 不在概念目录内"
eicu,infusionDrug,Acetylcysteine (units/kg/hr),"输注药名, 不在概念目录内"
eicu,infusionDrug,D5 1/2NS w/  20KCL (ml/hr),"输注药名, 不在概念目录内"
eicu,infusionDrug,D5RL,"输注药名, 不在概念目录内"
eicu,infusionDrug,D5.45 NS,"输注药名, 不在概念目录内"
eicu,infusionDrug,NS with 40K (ml/hr),"输注药名, 不在概念目录内"
eicu,infusionDrug,D5.45 W/20K (ml/hr),"输注药名, 不在概念目录内"
eicu,infusionDrug,NS W/ 20 K+ (ml/hr),"输注药名, 不在概念目录内"
eicu,infusionDrug,.45NSS,"输注药名, 不在概念目录内"
eicu,infusionDrug,D5LR W/ 10KCL (ml/hr),"输注药名, 不在概念目录内"
eicu,infusionDrug,D10 NS,"输注药名, 不在概念目录内"
eicu,infusionDrug,D5W 1 amp Bicarb,"输注药名, 不在概念目录内"
eicu,infusionDrug,LR w/ 50cc dextrose (ml/hr),"输注药名, 不在概念目录内"
eicu,infusionDrug,HCO-3 (ml/hr),"输注药名, 不在概念目录内"
eicu,infusionDrug,NS Bolus (total ml) (ml/hr),"输注药名, 不在概念目录内"
eicu,infusionDrug,D5W 0.45%NACL+40MEK KCL,"输注药名, 不在概念目录内"
eicu,infusionDrug,Abciximab,"输注药名, 不在概念目录内"
eicu,infusionDrug,D5 NS,"输注药名, 不在概念目录内"
eicu,infusionDrug,D51/2nss with 40 kcl (ml/hr),"输注药名, 不在概念目录内"
eicu,infusionDrug,Epinepherine (mcg/min),"输注药名, 不在概念目录内"
eicu,infusionDrug,Alteplase (mg/kg/hr),"输注药名, 不在概念目录内"
eicu,infusionDrug,D5HCO3,"输注药名, 不在概念目录内"
eicu,infusionDrug,D5W/.45% NS + 20 mEq K (ml/hr),"输注药名, 不在概念目录内"
eicu,infusionDrug,D10NS,"输注药名, 不在概念目录内"
eicu,infusionDrug,D5.45NS with 20meg kcl/l (ml/hr),"输注药名, 不在概念目录内"
eicu,infusionDrug,D5.9NSS,"输注药名, 不在概念目录内"
eicu,infusionDrug,3% Hypertonic Saline,"输注药名, 不在概念目录内"
eicu,infusionDrug,D5W w/ 40 meq KCL (ml/hr),"输注药名, 不在概念目录内"
eicu,infusionDrug,sterile water with bicarb (ml/hr),"输注药名, 不在概念目录内"
eicu,infusionDrug,Ampicillin (ml/hr),"输注药名, 不在概念目录内"
eicu,infusionDrug,1/2 NS,"输注药名, 不在概念目录内"
eicu,infusionDrug,Volume (mL)-dextrose 5 % and 0.45% NaCl 5-0.45 % bolus 100 mL (ml/hr),"输注药名, 不在概念目录内"
eicu,infusionDrug,3%Na (ml/hr),"输注药名, 不在概念目录内"
eicu,infusionDrug,iv fluid (ml/hr),"输注药名, 不在概念目录内"
eicu,infusionDrug,Zosyn  (ml/hr),"输注药名, 不在概念目录内"
eicu,infusionDrug,Left  Heparin (units/hr),"输注药名, 不在概念目录内"
eicu,infusionDrug,D30W/85 meq KCL/60 units insulin (ml/hr),"输注药名, 不在概念目录内"
eicu,infusionDrug,argatroban (),"输注药名, 不在概念目录内"
eicu,infusionDrug,IVF Bolus without additives (ml/hr),"输注药名, 不在概念目录内"
eicu,infusionDrug,S-Heparin (units/hr),"输注药名, 不在概念目录内"
eicu,infusionDrug,Dilaudid-PCA (ml/hr),"输注药名, 不在概念目录内"
eicu,infusionDrug,plt (ml/hr),"输注药名, 不在概念目录内"
eicu,infusionDrug,.9NS100wGlucagon10mg. (ml/hr),"输注药名, 不在概念目录内"
eicu,infusionDrug,Bumetanide (mg/min),"输注药名, 不在概念目录内"
eicu,infusionDrug,Vecuronium,"输注药名, 不在概念目录内"
eicu,infusionDrug,SODIUM BICARBONATE 150 MEQ,"输注药名, 不在概念目录内"
eicu,infusionDrug,NSS w bicarb,"输注药名, 不在概念目录内"
eicu,infusionDrug,CRRT Replacement Fluid mL/hr (ml/hr),"输注药名, 不在概念目录内"
eicu,infusionDrug,levothyroxine (ml/hr),"输注药名, 不在概念目录内"
eicu,infusionDrug,acetylcystine (mcg/kg/hr),"输注药名, 不在概念目录内"
eicu,infusionDrug,Propofol (mg/kg/hr),"输注药名, 不在概念目录内"
eicu,infusionDrug,Esomeprazole (mg/min),"输注药名, 不在概念目录内"
eicu,infusionDrug,Abciximab (Reopro) 7.2 mg Sodium Chloride 0.9% 250 ml (mcg/min),"输注药名, 不在概念目录内"
eicu,infusionDrug,Furosemide (Lasix) MAX 500 mg Sodium Chloride 0.9% 100 ml (mg/hr),"输注药名, 不在概念目录内"
eicu,infusionDrug,Micafungin/Ns  100 mg/ 100 ml 100 ml (ml/hr),"输注药名, 不在概念目录内"
eicu,infusionDrug,Esmolol (Unknown),"输注药名, 不在概念目录内"
eicu,infusionDrug,D5W/3amps HCO3 (ml/hr),"输注药名, 不在概念目录内"
eicu,infusionDrug,Theophylline (mg/kg/hr),"输注药名, 不在概念目录内"
eicu,infusionDrug,"Folic Acid Inj 5 mg Multivitamins-12 Inj 20 ml Thiamine Inj 200 mg Magnesium Sulfate Inj 4 gm in Sodium Chloride 0.9% 1,000 ml (ml/hr)","输注药名, 不在概念目录内"
eicu,infusionDrug,D5W/40meqKCL (ml/hr),"输注药名, 不在概念目录内"
eicu,infusionDrug,Potassium Chloride Bolus 100 Each (ml/hr),"输注药名, 不在概念目录内"
eicu,infusionDrug,sodiu bicarbonate (ml/hr),"输注药名, 不在概念目录内"
eicu,infusionDrug,D5 w 100meq Bicarb (ml/hr),"输注药名, 不在概念目录内"
eicu,infusionDrug,TPA flush (NSS) (ml/hr),"输注药名, 不在概念目录内"
eicu,infusionDrug,0.9%,"输注药名, 不在概念目录内"
eicu,infusionDrug,0.45 % NS (ml/hr),"输注药名, 不在概念目录内"
eicu,infusionDrug,D5 0.45% NS + 40mEq K (ml/hr),"输注药名, 不在概念目录内"
eicu,infusionDrug,PCA Dilaudid (),"输注药名, 不在概念目录内"
eicu,infusionDrug,IVIG,"输注药名, 不在概念目录内"
eicu,infusionDrug,azithromycin (ml/hr),"输注药名, 不在概念目录内"
eicu,infusionDrug,.45%NS + 150meq bicarb (ml/hr),"输注药名, 不在概念目录内"
eicu,infusionDrug,1/2NSS+potassium (ml/hr),"输注药名, 不在概念目录内"
eicu,infusionDrug,D5W/0.9% NS (ml/hr),"输注药名, 不在概念目录内"
eicu,infusionDrug,0.45 NS/Sodium Bicarbonate 5meq (ml/hr),"输注药名, 不在概念目录内"
eicu,infusionDrug,0.45% NS w/ 40 Meq K (ml/hr),"输注药名, 不在概念目录内"
eicu,infusionDrug,D5 with 150 meq NAHCO3 (ml/hr),"输注药名, 不在概念目录内"
eicu,infusionDrug,D5W/0.45% NS (ml/hr),"输注药名, 不在概念目录内"
eicu,infusionDrug,LR w/ 20KCL (ml/hr),"输注药名, 不在概念目录内"
eicu,infusionDrug,D5/.9NS (ml/hr),"输注药名, 不在概念目录内"
eicu,infusionDrug,D5 0.45 50meq (ml/hr),"输注药名, 不在概念目录内"
eicu,infusionDrug,D5/0.9%NS,"输注药名, 不在概念目录内"
eicu,infusionDrug,D5 1/2 NSS w/ 40 meq KCL,"输注药名, 不在概念目录内"
eicu,infusionDrug,MVI/Thiamine gtt,"输注药名, 不在概念目录内"
eicu,infusionDrug,NS with antibiotics (ml/hr),"输注药名, 不在概念目录内"
eicu,infusionDrug,NaCHO3 (ml/hr),"输注药名, 不在概念目录内"
eicu,infusionDrug,PCA-MS04 (ml/hr),"输注药名, 不在概念目录内"
eicu,infusionDrug,IVF w/ 1 amp NaHCO3 (ml/hr),"输注药名, 不在概念目录内"
eicu,infusionDrug,Nitroprusside (mg/hr),"输注药名, 不在概念目录内"
eicu,infusionDrug,NS (w/blood) (ml/hr),"输注药名, 不在概念目录内"
eicu,infusionDrug,Abx/ AntiMicrobials (ml/hr),"输注药名, 不在概念目录内"
eicu,infusionDrug,Epidural fent/bup (ml/hr),"输注药名, 不在概念目录内"
eicu,infusionDrug,NS + KCL (ml/hr),"输注药名, 不在概念目录内"
eicu,infusionDrug,D5wNaHCO3150 (ml/hr),"输注药名, 不在概念目录内"
eicu,infusionDrug,dextran 40 (ml/hr),"输注药名, 不在概念目录内"
eicu,infusionDrug,bicarb 3amps + k (ml/hr),"输注药名, 不在概念目录内"
eicu,infusionDrug,IV Fluids (ml/hr),"输注药名, 不在概念目录内"
eicu,infusionDrug,epidural,"输注药名, 不在概念目录内"
eicu,infusionDrug,0.3% Sodium Chloride,"输注药名, 不在概念目录内"
eicu,infusionDrug,D5W WITH 20MEQ KCL (ml/hr),"输注药名, 不在概念目录内"
eicu,infusionDrug,PROTONIX (units/hr),"输注药名, 不在概念目录内"
eicu,infusionDrug,D5LR,"输注药名, 不在概念目录内"
eicu,infusionDrug,d5.45ns with 20meq kcl (ml/hr),"输注药名, 不在概念目录内"
eicu,infusionDrug,LR w/ KCL,"输注药名, 不在概念目录内"
eicu,infusionDrug,0.9% NS + 20 MEQ KCL (ml/hr),"输注药名, 不在概念目录内"
eicu,infusionDrug,D5 N,"输注药名, 不在概念目录内"
eicu,infusionDrug,D5W with 150 mEq Bicarb (ml/hr),"输注药名, 不在概念目录内"
eicu,infusionDrug,D5 1/2 NS w/K (ml/hr),"输注药名, 不在概念目录内"
eicu,infusionDrug,NS + BICARB,"输注药名, 不在概念目录内"
eicu,infusionDrug,narcan (units/kg/hr),"输注药名, 不在概念目录内"
eicu,infusionDrug,Lidocaine (mcg/kg/min),"输注药名, 不在概念目录内"
eicu,infusionDrug,Lipids,"输注药名, 不在概念目录内"
eicu,infusionDrug,Prograf drip,"输注药名, 不在概念目录内"
eicu,infusionDrug,Levophed (mcg/kg/min),"输注药名, 不在概念目录内"
eicu,infusionDrug,Albumin 25G (ml/hr),"输注药名, 不在概念目录内"
eicu,infusionDrug,NS with Mag and k Phos (ml/hr),"输注药名, 不在概念目录内"
eicu,infusionDrug,0.45 NSS,"输注药名, 不在概念目录内"
eicu,infusionDrug,D5 w/ 150mEq BiCarb,"输注药名, 不在概念目录内"
eicu,infusionDrug,0.45 NSS w/ bicarb,"输注药名, 不在概念目录内"
eicu,infusionDrug,D5W w/ABX,"输注药名, 不在概念目录内"
eicu,infusionDrug,albumen (ml/hr),"输注药名, 不在概念目录内"
eicu,infusionDrug,D10 0.2NSS 40kcl (ml/hr),"输注药名, 不在概念目录内"
eicu,infusionDrug,D5 w/ 150meq NaHCO3 (ml/hr),"输注药名, 不在概念目录内"
eicu,infusionDrug,0.9%NS Bolus (ml/hr),"输注药名, 不在概念目录内"
eicu,infusionDrug,D5NS w/ 20KCL (ml/hr),"输注药名, 不在概念目录内"
eicu,infusionDrug,"D5NS w/ multivit, thiamine, folic acid (ml/hr)","输注药名, 不在概念目录内"
eicu,infusionDrug,NS with 20kcl/l,"输注药名, 不在概念目录内"
eicu,infusionDrug,Vancomycin 1500mg/250ml (ml/hr),"输注药名, 不在概念目录内"
eicu,infusionDrug,IVPB's (ml/hr),"输注药名, 不在概念目录内"
eicu,infusionDrug,manitol (ml/hr),"输注药名, 不在概念目录内"
eicu,infusionDrug,ivf with bicarb (ml/hr),"输注药名, 不在概念目录内"
eicu,infusionDrug,10% DEXT/NS (ml/hr),"输注药名, 不在概念目录内"
eicu,infusionDrug,PCN (ml/hr),"输注药名, 不在概念目录内"
eicu,infusionDrug,iv+3 amps hco3  (ml/hr),"输注药名, 不在概念目录内"
eicu,infusionDrug,D5.45  (ml/hr),"输注药名, 不在概念目录内"
eicu,infusionDrug,FERRIC GLUC (ml/hr),"输注药名, 不在概念目录内"
eicu,infusionDrug,IVF W/O Additives (ml/hr),"输注药名, 不在概念目录内"
eicu,infusionDrug,Aminiophylline (mg/hr),"输注药名, 不在概念目录内"
eicu,infusionDrug,D5.9 Saline (ml/hr),"输注药名, 不在概念目录内"
eicu,infusionDrug,NS w/ 150mEq Bicarb (ml/hr),"输注药名, 不在概念目录内"
eicu,infusionDrug,5D/.45 (ml/hr),"输注药名, 不在概念目录内"
eicu,infusionDrug,Oxycotin (ml/hr),"输注药名, 不在概念目录内"
eicu,infusionDrug,IVM (ml/hr),"输注药名, 不在概念目录内"
eicu,infusionDrug,Fent PCA Mode (ml/hr),"输注药名, 不在概念目录内"
eicu,infusionDrug,PRBC (Blood) (ml/hr),"输注药名, 不在概念目录内"
eicu,infusionDrug,NS to RLE (ml/hr),"输注药名, 不在概念目录内"
eicu,infusionDrug,Epidural Fent/Bupiv (ml/hr),"输注药名, 不在概念目录内"
eicu,infusionDrug,IVF Banana bag (ml/hr),"输注药名, 不在概念目录内"
eicu,infusionDrug,Dilaudid,"输注药名, 不在概念目录内"
eicu,infusionDrug,Sodium Bicarb 150meg /1Liter D5W (ml/hr),"输注药名, 不在概念目录内"
eicu,infusionDrug,Potassium Phos (ml/hr),"输注药名, 不在概念目录内"
eicu,infusionDrug,blood,"输注药名, 不在概念目录内"
eicu,infusionDrug,Alteplase (tPA) Stroke/PE 20 mg Sterile Water (SWFI) 100 ml (mg/hr),"输注药名, 不在概念目录内"
eicu,infusionDrug,Abciximab (Reopro) 7.2 mg Sodium Chloride 0.9% 250 ml (mcg/kg/min),"输注药名, 不在概念目录内"
eicu,infusionDrug,Eptifibatide (Integrilin) 75 mg  100 ml  Premix (mg/hr),"输注药名, 不在概念目录内"
eicu,infusionDrug,Potassium Chloride 20Meq/100Ml 100 ml (ml/hr),"输注药名, 不在概念目录内"
eicu,infusionDrug,"Heparin 25,000 Unit/D5w 250 ml (ml/hr)","输注药名, 不在概念目录内"
eicu,infusionDrug,Insulin (mcg/min),"输注药名, 不在概念目录内"
eicu,infusionDrug,Amikacin Inj 700 mg in Sodium Chloride 0.9% 250 ml (ml/hr),"输注药名, 不在概念目录内"
eicu,infusionDrug,NS 0.45% (ml/hr),"输注药名, 不在概念目录内"
eicu,infusionDrug,Mycomyst-Bag #2 (ml/hr),"输注药名, 不在概念目录内"
eicu,infusionDrug,D5 1/2NS 150meq bicarb (ml/hr),"输注药名, 不在概念目录内"
eicu,infusionDrug,NSS + MVI  (ml/hr),"输注药名, 不在概念目录内"
eicu,infusionDrug,D5 c 150 MEQ NaHCO3 (ml/hr),"输注药名, 不在概念目录内"
eicu,infusionDrug,Fluid bolus....NS (ml/hr),"输注药名, 不在概念目录内"
eicu,infusionDrug,FFP Unit 2 (ml/hr),"输注药名, 不在概念目录内"
eicu,infusionDrug,LR Bolus,"输注药名, 不在概念目录内"
eicu,infusionDrug,09% NS,"输注药名, 不在概念目录内"
eicu,infusionDrug,Insulin Scale B,"输注药名, 不在概念目录内"
eicu,infusionDrug,NSc20mEq KCL (ml/hr),"输注药名, 不在概念目录内"
eicu,infusionDrug,calcium chloride (ml/hr),"输注药名, 不在概念目录内"
eicu,infusionDrug,Mannitol 20%,"输注药名, 不在概念目录内"
eicu,infusionDrug,kcl 40 meq (ml/hr),"输注药名, 不在概念目录内"
eicu,infusionDrug,Albumin 25G/100ml (ml/hr),"输注药名, 不在概念目录内"
eicu,infusionDrug,Eraxis (ml/hr),"输注药名, 不在概念目录内"
eicu,infusionDrug,D5W w/150mEq Bicarb (ml/hr),"输注药名, 不在概念目录内"
eicu,infusionDrug,MVI 10ml+Thiamine 100mg+Folic Acid 1mg,"输注药名, 不在概念目录内"
eicu,infusionDrug,D51/2 NS with 20 meq KCL,"输注药名, 不在概念目录内"
eicu,infusionDrug,Volume (mL) Immune Globulin (Human),"输注药名, 不在概念目录内"
eicu,infusionDrug,ascorbic acid (ml/hr),"输注药名, 不在概念目录内"
eicu,infusionDrug,MAG DRIP (ml/hr),"输注药名, 不在概念目录内"
eicu,infusionDrug,altephase (ml/hr),"输注药名, 不在概念目录内"
eicu,infusionDrug,IVF # 2 (ml/hr),"输注药名, 不在概念目录内"
eicu,infusionDrug,EKOS-coolant (ml/hr),"输注药名, 不在概念目录内"
eicu,infusionDrug,EKOS-main (ml/hr),"输注药名, 不在概念目录内"
eicu,infusionDrug,Oxytocin (units/hr),"输注药名, 不在概念目录内"
eicu,infusionDrug,PIV (ml/hr),"输注药名, 不在概念目录内"
eicu,infusionDrug,D5.2NS (ml/hr),"输注药名, 不在概念目录内"
eicu,infusionDrug,MS (mg/hr),"输注药名, 不在概念目录内"
eicu,infusionDrug,BLD PRD (ml/hr),"输注药名, 不在概念目录内"
eicu,infusionDrug,IVFmaintenance (ml/hr),"输注药名, 不在概念目录内"
eicu,infusionDrug,NS 1L BOLUS (ml/hr),"输注药名, 不在概念目录内"
eicu,infusionDrug,0.9% NACL BOLUS (ml/hr),"输注药名, 不在概念目录内"
eicu,infusionDrug,20 K+ IN d5w,"输注药名, 不在概念目录内"
eicu,infusionDrug,d5 1/2 + 20 KCl,"输注药名, 不在概念目录内"
eicu,infusionDrug,LR 20K,"输注药名, 不在概念目录内"
eicu,infusionDrug,cleocin (ml/hr),"输注药名, 不在概念目录内"
eicu,infusionDrug,D5W 3 AMP SOD. BICARB (ml/hr),"输注药名, 不在概念目录内"
eicu,infusionDrug,Fentanyl PCA,"输注药名, 不在概念目录内"
eicu,infusionDrug,ABT,"输注药名, 不在概念目录内"
eicu,infusionDrug,D5 NORMAL SALINE,"输注药名, 不在概念目录内"
eicu,infusionDrug,Procainamide (mcg/kg/min),"输注药名, 不在概念目录内"
eicu,infusionDrug,Integrilin (ml/hr),"输注药名, 不在概念目录内"
eicu,infusionDrug,bicarb (units/hr),"输注药名, 不在概念目录内"
eicu,infusionDrug,1/2NSS w/ 40 KCL (ml/hr),"输注药名, 不在概念目录内"
eicu,infusionDrug,Synthroid,"输注药名, 不在概念目录内"
eicu,infusionDrug,D51/2NSS 20MEQKCL (ml/hr),"输注药名, 不在概念目录内"
eicu,infusionDrug,1/2 NS w/40 K (ml/hr),"输注药名, 不在概念目录内"
eicu,infusionDrug,Alnumin 25% (ml/hr),"输注药名, 不在概念目录内"
eicu,infusionDrug,D10W,"输注药名, 不在概念目录内"
eicu,infusionDrug,LR w/Anbx (ml/hr),"输注药名, 不在概念目录内"
eicu,infusionDrug,D5 W/ 40K,"输注药名, 不在概念目录内"
eicu,infusionDrug,3% saline,"输注药名, 不在概念目录内"
eicu,infusionDrug,LR /30meq KCL (ml/hr),"输注药名, 不在概念目录内"
eicu,infusionDrug,Fibersource TF,"输注药名, 不在概念目录内"
eicu,infusionDrug,sterile H2O w/150meq bicarb (ml/hr),"输注药名, 不在概念目录内"
eicu,infusionDrug,D5 .45NS w/ 20KCL (ml/hr),"输注药名, 不在概念目录内"
eicu,infusionDrug,D5 0.9NS w/20meqs KCL (ml/hr),"输注药名, 不在概念目录内"
eicu,infusionDrug,D5 .45NS w/NaHCO3,"输注药名, 不在概念目录内"
eicu,infusionDrug,D5 w/150meq HC03 (ml/hr),"输注药名, 不在概念目录内"
eicu,infusionDrug,KCL 20 meq in NS,"输注药名, 不在概念目录内"
eicu,infusionDrug,1/2 NS 1 amp HCO3,"输注药名, 不在概念目录内"
eicu,infusionDrug,Lactated Ringers x1L (ml/hr),"输注药名, 不在概念目录内"
eicu,infusionDrug,D51/2NS with 20K (ml/hr),"输注药名, 不在概念目录内"
eicu,infusionDrug,NS with 20KCl  (ml/hr),"输注药名, 不在概念目录内"
eicu,infusionDrug,Volume-Transfuse platelet pheresis (ml/hr),"输注药名, 不在概念目录内"
eicu,infusionDrug,"Volume (mL)-sodium chloride 0.9 % bolus 2,000 mL","输注药名, 不在概念目录内"
eicu,infusionDrug,albumin5% (ml/hr),"输注药名, 不在概念目录内"
eicu,infusionDrug,MSO4-PCA (ml/hr),"输注药名, 不在概念目录内"
eicu,infusionDrug,Morphine pca mode (ml/hr),"输注药名, 不在概念目录内"
eicu,infusionDrug,albimin (ml/hr),"输注药名, 不在概念目录内"
eicu,infusionDrug,IVFluid (ml/hr),"输注药名, 不在概念目录内"
eicu,infusionDrug,Eptifibatide (mg/hr),"输注药名, 不在概念目录内"
eicu,infusionDrug,10% DEXT (ml/hr),"输注药名, 不在概念目录内"
eicu,infusionDrug,bicarb 1.5amps (ml/hr),"输注药名, 不在概念目录内"
eicu,infusionDrug,MSO4 (ml/hr),"输注药名, 不在概念目录内"
eicu,infusionDrug,Methylprednisone (ml/hr),"输注药名, 不在概念目录内"
eicu,infusionDrug,D5/NaHCO3150 (ml/hr),"输注药名, 不在概念目录内"
eicu,infusionDrug,blood  (ml/hr),"输注药名, 不在概念目录内"
eicu,infusionDrug,L-CARTINE (ml/hr),"输注药名, 不在概念目录内"
eicu,infusionDrug,d5.45 with bicarb (ml/hr),"输注药名, 不在概念目录内"
eicu,infusionDrug,PRBCs #2 (ml/hr),"输注药名, 不在概念目录内"
eicu,infusionDrug,AMINOPHYLLIN (mg/kg/hr),"输注药名, 不在概念目录内"
eicu,infusionDrug,Naloxone (ml/hr),"输注药名, 不在概念目录内"
eicu,infusionDrug,MIV w/40 KCL (ml/hr),"输注药名, 不在概念目录内"
eicu,infusionDrug,Amphotericin B  (ml/hr),"输注药名, 不在概念目录内"
eicu,infusionDrug,IV w/ 75mEq Bicarb (ml/hr),"输注药名, 不在概念目录内"
eicu,infusionDrug,"MVI, thiamine, folic (ml/hr)","输注药名, 不在概念目录内"
eicu,infusionDrug,hypertonic NS 3% (ml/hr),"输注药名, 不在概念目录内"
eicu,infusionDrug,Tirofiban,"输注药名, 不在概念目录内"
eicu,infusionDrug,cisatracurium Volume (ml),"输注药名, 不在概念目录内"
eicu,infusionDrug,LR with Kcl (ml/hr),"输注药名, 不在概念目录内"
eicu,infusionDrug,Pantoprazole (mcg/kg/hr),"输注药名, 不在概念目录内"
eicu,infusionDrug,Sodium Biacrb (ml/hr),"输注药名, 不在概念目录内"
eicu,infusionDrug,AODA IV mL/hr (ml/hr),"输注药名, 不在概念目录内"
eicu,infusionDrug,Lidocaine (mg/kg/hr),"输注药名, 不在概念目录内"
eicu,infusionDrug,Bumetanide (Bumex) 10 mg Sodium Chloride 0.9% 100 ml (mg/hr),"输注药名, 不在概念目录内"
eicu,infusionDrug,Magnesium Sulfate STD 2 g Sterile Water (SWFI) 100 ml  Premix (Unknown),"输注药名, 不在概念目录内"
eicu,infusionDrug,Glucagon 10 mg Dextrose 5% 100 ml (mg/hr),"输注药名, 不在概念目录内"
eicu,infusionDrug,Potassium Chloride 20 Meq/50Ml 50 ml (ml/hr),"输注药名, 不在概念目录内"
eicu,infusionDrug,Thiamine Inj 100 mg in Dextrose 5% 50 ml (ml/hr),"输注药名, 不在概念目录内"
eicu,infusionDrug,Propofol (mg/min),"输注药名, 不在概念目录内"
eicu,infusionDrug,Vancomycin 1 gm/Dextrose 200 ml (ml/hr),"输注药名, 不在概念目录内"
eicu,infusionDrug,"Dextrose 10% 1,000 ml (ml/hr)","输注药名, 不在概念目录内"
eicu,infusionDrug,Cefazolin Sod Inj 2 gm in Dextrose 5% 50 ml (ml/hr),"输注药名, 不在概念目录内"
eicu,infusionDrug,"Ns + KCl 20 Meq 1,000 ml (ml/hr)","输注药名, 不在概念目录内"
eicu,infusionDrug,D5.45/20KCL (ml/hr),"输注药名, 不在概念目录内"
eicu,infusionDrug,NS/30KCL (ml/hr),"输注药名, 不在概念目录内"
eicu,infusionDrug,Ciprofloxacin 400 mg/D5w 200 ml (ml/hr),"输注药名, 不在概念目录内"
eicu,infusionDrug,Nitroglycerin (mcg/hr),"输注药名, 不在概念目录内"
eicu,infusionDrug,D5 Electrolye Bag,"输注药名, 不在概念目录内"
eicu,infusionDrug,D5W+MVI/Thiamine/FolicAcid,"输注药名, 不在概念目录内"
eicu,infusionDrug,MVI,"输注药名, 不在概念目录内"
eicu,infusionDrug,NS bolus,"输注药名, 不在概念目录内"
eicu,infusionDrug,D5/0.45 20 KCL (ml/hr),"输注药名, 不在概念目录内"
eicu,infusionDrug,D5/0.45%/NaCl+40mEq potassium (ml/hr),"输注药名, 不在概念目录内"
eicu,infusionDrug,Albumin 25 G (ml/hr),"输注药名, 不在概念目录内"
eicu,infusionDrug,d5w/.45%NSS + 40mEqK (ml/hr),"输注药名, 不在概念目录内"
eicu,infusionDrug,NSS w/Abx,"输注药名, 不在概念目录内"
eicu,infusionDrug,D5 with 150bicarb (ml/hr),"输注药名, 不在概念目录内"
eicu,infusionDrug,D5W w/ 150mEq sodium bicarbonate  (ml/hr),"输注药名, 不在概念目录内"
eicu,infusionDrug,kcl 40 meq,"输注药名, 不在概念目录内"
eicu,infusionDrug,D5W w/ 40KCL,"输注药名, 不在概念目录内"
eicu,infusionDrug,LR fluid bolus (ml/hr),"输注药名, 不在概念目录内"
eicu,infusionDrug,D5 1/2 NSS w/ 40 meq KCL (ml/hr),"输注药名, 不在概念目录内"
eicu,infusionDrug,D5 1/2NS w/MVI,"输注药名, 不在概念目录内"
eicu,infusionDrug,0.9NSw/MVI (ml/hr),"输注药名, 不在概念目录内"
eicu,infusionDrug,D5 c 40 K+ (ml/hr),"输注药名, 不在概念目录内"
eicu,infusionDrug,vf (ml/hr),"输注药名, 不在概念目录内"
eicu,infusionDrug,t-PA (mg/hr),"输注药名, 不在概念目录内"
eicu,infusionDrug,MIV/thiamine/folic (ml/hr),"输注药名, 不在概念目录内"
eicu,infusionDrug,Thiamin/MVI (ml/hr),"输注药名, 不在概念目录内"
eicu,infusionDrug,MSO4 (mg/hr),"输注药名, 不在概念目录内"
eicu,infusionDrug,IVF + KCL (ml/hr),"输注药名, 不在概念目录内"
eicu,infusionDrug,BUMEX/ALBUMIN (ml/hr),"输注药名, 不在概念目录内"
eicu,infusionDrug,acetylcystene (ml/hr),"输注药名, 不在概念目录内"
eicu,infusionDrug,Alteplase (units/hr),"输注药名, 不在概念目录内"
eicu,infusionDrug,IVABx (ml/hr),"输注药名, 不在概念目录内"
eicu,infusionDrug,IVC (ml/hr),"输注药名, 不在概念目录内"
eicu,infusionDrug,K  ACETATE RIDER (ml/hr),"输注药名, 不在概念目录内"
eicu,infusionDrug,solumedrol (mg/hr),"输注药名, 不在概念目录内"
eicu,infusionDrug,epidural; fentanyl/lido/duramorph,"输注药名, 不在概念目录内"
eicu,infusionDrug,D5 0.9% NaCl (ml/hr),"输注药名, 不在概念目录内"
eicu,infusionDrug,normal saline w/ 20KCL (ml/hr),"输注药名, 不在概念目录内"
eicu,infusionDrug,keppra (ml/hr),"输注药名, 不在概念目录内"
eicu,infusionDrug,0.45%NS w/ MVI,"输注药名, 不在概念目录内"
eicu,infusionDrug,SODIUM BICARBONATE / 0.45%NS,"输注药名, 不在概念目录内"
eicu,infusionDrug,NSS W/ mvi,"输注药名, 不在概念目录内"
eicu,infusionDrug,PROTONIX,"输注药名, 不在概念目录内"
eicu,infusionDrug,levoquin 750 (ml/hr),"输注药名, 不在概念目录内"
eicu,infusionDrug,SODIUM CHLORIDE (ml/hr),"输注药名, 不在概念目录内"
eicu,infusionDrug,glucogon (ml/hr),"输注药名, 不在概念目录内"
eicu,infusionDrug,D5W W/40K,"输注药名, 不在概念目录内"
eicu,infusionDrug,IVF NSS,"输注药名, 不在概念目录内"
eicu,infusionDrug,50meq sodium bicarb D5W (ml/hr),"输注药名, 不在概念目录内"
eicu,infusionDrug,narcan,"输注药名, 不在概念目录内"
eicu,infusionDrug,SALINE LOCK (ml/hr),"输注药名, 不在概念目录内"
eicu,infusionDrug,PPN,"输注药名, 不在概念目录内"
eicu,infusionDrug,1/2 NS with 20 mEq KCl (ml/hr),"输注药名, 不在概念目录内"
eicu,infusionDrug,D5 0.45% NS,"输注药名, 不在概念目录内"
eicu,infusionDrug,D5 1/2 20KCL,"输注药名, 不在概念目录内"
eicu,infusionDrug,dextrose 10% in water,"输注药名, 不在概念目录内"
eicu,infusionDrug,LR with 10 K (ml/hr),"输注药名, 不在概念目录内"
eicu,infusionDrug,NS+50MEQ HCO3 (ml/hr),"输注药名, 不在概念目录内"
eicu,infusionDrug,D5+Bicarb (ml/hr),"输注药名, 不在概念目录内"
eicu,infusionDrug,glucagon (ml/hr),"输注药名, 不在概念目录内"
eicu,infusionDrug,D5NS + 20 mEq KCL + 10 mmol KPhos,"输注药名, 不在概念目录内"
eicu,infusionDrug,octagam 5 %,"输注药名, 不在概念目录内"
eicu,infusionDrug,LASIX,"输注药名, 不在概念目录内"
eicu,infusionDrug,NSS KVO,"输注药名, 不在概念目录内"
eicu,infusionDrug,D5 1/2 NSS w/ 40KCL,"输注药名, 不在概念目录内"
eicu,infusionDrug,D5W w/ 75 meq NaBicarb,"输注药名, 不在概念目录内"
eicu,infusionDrug,D5NS with MVI,"输注药名, 不在概念目录内"
eicu,infusionDrug,1L Sterile Water w/150 mEq Bicarb (ml/hr),"输注药名, 不在概念目录内"
eicu,infusionDrug,D5/NS/20MEQKCL,"输注药名, 不在概念目录内"
eicu,infusionDrug,0.45NS 150 bicarb (ml/hr),"输注药名, 不在概念目录内"
eicu,infusionDrug,D51/2,"输注药名, 不在概念目录内"
eicu,infusionDrug,Albumin 25%,"输注药名, 不在概念目录内"
eicu,infusionDrug,D5NS MVI,"输注药名, 不在概念目录内"
eicu,infusionDrug,PRBC 11/13/14 (ml/hr),"输注药名, 不在概念目录内"
eicu,infusionDrug,0.45% Saline w/75mEq NaHCO3,"输注药名, 不在概念目录内"
eicu,infusionDrug,.45NS w/75mEq Bicarb,"输注药名, 不在概念目录内"
eicu,infusionDrug,NS with MVI,"输注药名, 不在概念目录内"
eicu,infusionDrug,0.2% NS,"输注药名, 不在概念目录内"
eicu,infusionDrug,D 5 W,"输注药名, 不在概念目录内"
eicu,infusionDrug,Magnesium Sulfate,"输注药名, 不在概念目录内"
eicu,infusionDrug,IVF + MVI,"输注药名, 不在概念目录内"
eicu,infusionDrug,Ativan,"输注药名, 不在概念目录内"
eicu,infusionDrug,NSS + Abx,"输注药名, 不在概念目录内"
eicu,infusionDrug,NS w/ abx (ml/hr),"输注药名, 不在概念目录内"
eicu,infusionDrug,D5W 1/2NS,"输注药名, 不在概念目录内"
eicu,infusionDrug,NS+K (ml/hr),"输注药名, 不在概念目录内"
eicu,infusionDrug,Post TPA NSS line flush (ml/hr),"输注药名, 不在概念目录内"
eicu,infusionDrug,D5W/ 0.45% NS/ 20meqK (ml/hr),"输注药名, 不在概念目录内"
eicu,infusionDrug,1/2NS c 40mEq KCl (ml/hr),"输注药名, 不在概念目录内"
eicu,infusionDrug,meds (ml/hr),"输注药名, 不在概念目录内"
eicu,infusionDrug,Water Flush,"输注药名, 不在概念目录内"
eicu,infusionDrug,Tube Feed,"输注药名, 不在概念目录内"
eicu,infusionDrug,D5 1/2 NS with 20meq K,"输注药名, 不在概念目录内"
eicu,infusionDrug,Ancef (ml/hr),"输注药名, 不在概念目录内"
eicu,infusionDrug,D5 1/2 NS +20KCL,"输注药名, 不在概念目录内"
eicu,infusionDrug,1/4NS (ml/hr),"输注药名, 不在概念目录内"
eicu,infusionDrug,bactrum,"输注药名, 不在概念目录内"
eicu,infusionDrug,Versed,"输注药名, 不在概念目录内"
eicu,infusionDrug,Volume (mL)-dextrose 5 % bolus 250 mL (ml/hr),"输注药名, 不在概念目录内"
eicu,infusionDrug,Volume (mL) Acetylcysteine,"输注药名, 不在概念目录内"
eicu,infusionDrug,"Volume (mL)-sodium chloride 0.9 % bolus 4,350 mL (ml/hr)","输注药名, 不在概念目录内"
eicu,infusionDrug,"Volume (mL)-sodium chloride 0.9 % bolus 3,350 mL (ml/hr)","输注药名, 不在概念目录内"
eicu,infusionDrug,Volume (mL)-sodium chloride 0.9 % bolus 750 mL,"输注药名, 不在概念目录内"
eicu,infusionDrug,Anti-Fungal/ Abx (ml/hr),"输注药名, 不在概念目录内"
eicu,infusionDrug,ivf1 (ml/hr),"输注药名, 不在概念目录内"
eicu,infusionDrug,fent epi (ml/hr),"输注药名, 不在概念目录内"
eicu,infusionDrug,D5-3 Bicarb (ml/hr),"输注药名, 不在概念目录内"
eicu,infusionDrug,IV + Bicarb  (ml/hr),"输注药名, 不在概念目录内"
eicu,infusionDrug,Hetastarch (ml/hr),"输注药名, 不在概念目录内"
eicu,infusionDrug,BICARB 100mEq (ml/hr),"输注药名, 不在概念目录内"
eicu,infusionDrug,Epidural/fentanyl (ml/hr),"输注药名, 不在概念目录内"
eicu,infusionDrug,ms pca (mg/hr),"输注药名, 不在概念目录内"
eicu,infusionDrug,NS Bolus #2 (ml/hr),"输注药名, 不在概念目录内"
eicu,infusionDrug,Bupivacaine=Marcaine 0.125% (ml/hr),"输注药名, 不在概念目录内"
eicu,infusionDrug,VIT BAG (ml/hr),"输注药名, 不在概念目录内"
eicu,infusionDrug,Abx1 (ml/hr),"输注药名, 不在概念目录内"
eicu,infusionDrug,Bicarb (3 amps) (ml/hr),"输注药名, 不在概念目录内"
eicu,infusionDrug,D5.9 w/ KCL (ml/hr),"输注药名, 不在概念目录内"
eicu,infusionDrug,Neosynephrine (ml/hr),"输注药名, 不在概念目录内"
eicu,infusionDrug,Altepase,"输注药名, 不在概念目录内"
eicu,infusionDrug,PCA dilaudid,"输注药名, 不在概念目录内"
eicu,infusionDrug,N Acetylcysteine,"输注药名, 不在概念目录内"
eicu,infusionDrug,D5.45 NS + 20 meq KCL,"输注药名, 不在概念目录内"
eicu,infusionDrug,NS K+ (ml/hr),"输注药名, 不在概念目录内"
eicu,infusionDrug,0.45% NACL,"输注药名, 不在概念目录内"
eicu,infusionDrug,Dexmedetomidine (mcg/kg/hr) (),"输注药名, 不在概念目录内"
eicu,infusionDrug,Soldium Bicarb (ml/hr),"输注药名, 不在概念目录内"
eicu,infusionDrug,Repro (mcg/min),"输注药名, 不在概念目录内"
eicu,infusionDrug,Alteplase(tPA)VasculrSur 10 mg Sodium Chloride 0.9% 1000 ml (mg/hr),"输注药名, 不在概念目录内"
eicu,infusionDrug,Magnesium Sulfate STD 1 g Sterile Water (SWFI) 500 ml  Premix (Unknown),"输注药名, 不在概念目录内"
eicu,infusionDrug,Protamine 250 mg Sodium Chloride 0.9% 100 ml (mg/hr),"输注药名, 不在概念目录内"
eicu,infusionDrug,Other Med 30 mmol Sodium Chloride 0.9% 510 ml SODIUM PHOSPHATE 30 MMOL SODIUM PHOSPHATE 30 MMOL (Unknown),"输注药名, 不在概念目录内"
eicu,infusionDrug,Bivalirudin (Angiomax) 200 mg Sodium Chloride 0.9% 50 ml (mg/kg/hr),"输注药名, 不在概念目录内"
eicu,infusionDrug,Abciximab (Reopro) 3.6 mg Sodium Chloride 0.9% 250 ml (mcg/min),"输注药名, 不在概念目录内"
eicu,infusionDrug,Mannitol gtt(100gm/500mL) 50 g Dextrose 5% 250 ml (Unknown),"输注药名, 不在概念目录内"
eicu,infusionDrug,Alteplase(tPA)VasculrSur 20 mg Sodium Chloride 0.9% 100 ml (mg/hr),"输注药名, 不在概念目录内"
eicu,infusionDrug,Fenoldopam 10 mg Sodium Chloride 0.9% 250 ml (mcg/kg/min),"输注药名, 不在概念目录内"
eicu,infusionDrug,Mannitol gtt(25gms/500mL) 25 g Dextrose 5% 500 ml (Unknown),"输注药名, 不在概念目录内"
eicu,infusionDrug,Magnesium Sulfate STD 1 g Sterile Water (SWFI) 50 ml  Premix (Unknown),"输注药名, 不在概念目录内"
eicu,infusionDrug,neosynsprine,"输注药名, 不在概念目录内"
eicu,infusionDrug,Esmolol 2500 mg/Ns 250 ml (),"输注药名, 不在概念目录内"
eicu,infusionDrug,fentaNYL PCA 100 ml (),"输注药名, 不在概念目录内"
eicu,infusionDrug,Diltiazem Inj 125 mg in Dextrose 5% 100 ml (),"输注药名, 不在概念目录内"
eicu,infusionDrug,Amiodarone Inj 450 mg in Dextrose 5% (Aviva) 250 ml (),"输注药名, 不在概念目录内"
eicu,infusionDrug,Dexmedetomidine Inj 400 Mcg in Sodium Chloride 0.9% 100 ml (mcg/kg/min),"输注药名, 不在概念目录内"
eicu,infusionDrug,.5 NS/20meq KCL (ml/hr),"输注药名, 不在概念目录内"
eicu,infusionDrug,D5 1/2NS / 20mmol K phos (ml/hr),"输注药名, 不在概念目录内"
eicu,infusionDrug,Insulin (mcg/kg/hr),"输注药名, 不在概念目录内"
eicu,infusionDrug,Sodium Chloride 0.9% 250 ml (ml/hr),"输注药名, 不在概念目录内"
eicu,infusionDrug,D5W/60 Kphos (ml/hr),"输注药名, 不在概念目录内"
eicu,infusionDrug,"Calcium Gluconate 1,000 mg in Sodium Chloride 0.9% 100 ml (ml/hr)","输注药名, 不在概念目录内"
eicu,infusionDrug,POTassium PHOSphate INJ 20 mm in Dextrose 5% 250 ml (ml/hr),"输注药名, 不在概念目录内"
eicu,infusionDrug,"Calcium Gluconate 1,000 mg in Sodium Chloride 0.9% 100 ml ()","输注药名, 不在概念目录内"
eicu,infusionDrug,"D51/2Ns + 20 Meq KCl 1,000 ml (ml/hr)","输注药名, 不在概念目录内"
eicu,infusionDrug,Insulin (mg/min),"输注药名, 不在概念目录内"
eicu,infusionDrug,Ceftriaxone 1 Gram/Dextrose 100 ml (ml/hr),"输注药名, 不在概念目录内"
eicu,infusionDrug,D5 w KCL (ml/hr),"输注药名, 不在概念目录内"
eicu,infusionDrug,Mgnesium,"输注药名, 不在概念目录内"
eicu,infusionDrug,cardizem,"输注药名, 不在概念目录内"
eicu,infusionDrug,Argatroban  (mg/hr),"输注药名, 不在概念目录内"
eicu,infusionDrug,Nicardipine (mg/min),"输注药名, 不在概念目录内"
eicu,infusionDrug,Nitroprusside (mcg/min),"输注药名, 不在概念目录内"
eicu,infusionDrug,0.5 NS,"输注药名, 不在概念目录内"
eicu,infusionDrug,D5 45NS,"输注药名, 不在概念目录内"
eicu,infusionDrug,Cold NS (ml/hr),"输注药名, 不在概念目录内"
eicu,infusionDrug,NS with MV (ml/hr),"输注药名, 不在概念目录内"
eicu,infusionDrug,Amio Bolus (ml/hr),"输注药名, 不在概念目录内"
eicu,infusionDrug,NSS flush  (ml/hr),"输注药名, 不在概念目录内"
eicu,infusionDrug,NS0.9%,"输注药名, 不在概念目录内"
eicu,infusionDrug,PCA Dilaudid cont dose,"输注药名, 不在概念目录内"
eicu,infusionDrug,0.45% Sodium Chloride,"输注药名, 不在概念目录内"
eicu,infusionDrug,D5/0.45%NaCl,"输注药名, 不在概念目录内"
eicu,infusionDrug,D5 .45 w 40meq KCL (ml/hr),"输注药名, 不在概念目录内"
eicu,infusionDrug,PRBC's,"输注药名, 不在概念目录内"
eicu,infusionDrug,D51/2NS 75bicarb (ml/hr),"输注药名, 不在概念目录内"
eicu,infusionDrug,0.9% NSS Venous Sheath,"输注药名, 不在概念目录内"
eicu,infusionDrug,D5 1/2NS w/40mEq KCL,"输注药名, 不在概念目录内"
eicu,infusionDrug,Aminophylline,"输注药名, 不在概念目录内"
eicu,infusionDrug,0.45% NSS,"输注药名, 不在概念目录内"
eicu,infusionDrug,D5 0.9%,"输注药名, 不在概念目录内"
eicu,infusionDrug,D5 !/2NS (ml/hr),"输注药名, 不在概念目录内"
eicu,infusionDrug,Dextrose 5% (ml/hr),"输注药名, 不在概念目录内"
eicu,infusionDrug,Folic Acid/Thiamine,"输注药名, 不在概念目录内"
eicu,infusionDrug,D5NSS w Vitamin (ml/hr),"输注药名, 不在概念目录内"
eicu,infusionDrug,D5% w/ 150meq Na Bicarb (ml/hr),"输注药名, 不在概念目录内"
eicu,infusionDrug,D5. 0.45 NS with150 mEq NaHCO3,"输注药名, 不在概念目录内"
eicu,infusionDrug,Vanco,"输注药名, 不在概念目录内"
eicu,infusionDrug,0.9 NS  (ml/hr),"输注药名, 不在概念目录内"
eicu,infusionDrug,D5W w/ 150meq NaHCO3,"输注药名, 不在概念目录内"
eicu,infusionDrug,0.9 % NS,"输注药名, 不在概念目录内"
eicu,infusionDrug,D5W/.45NS + 20 meq KCL (ml/hr),"输注药名, 不在概念目录内"
eicu,infusionDrug,Fluid bolus NS (ml/hr),"输注药名, 不在概念目录内"
eicu,infusionDrug,NS + MVI,"输注药名, 不在概念目录内"
eicu,infusionDrug,D5 1/2 NS w/ 40K,"输注药名, 不在概念目录内"
eicu,infusionDrug,.9 NS,"输注药名, 不在概念目录内"
eicu,infusionDrug,D5/0.5NS,"输注药名, 不在概念目录内"
eicu,infusionDrug,Volume (mL)-sodium chloride 0.9 % bolus 300 mL (ml/hr),"输注药名, 不在概念目录内"
eicu,infusionDrug,Volume (mL)-sodium chloride 0.9 % bolus 700 mL (ml/hr),"输注药名, 不在概念目录内"
eicu,infusionDrug,Volume (mL)-sodium chloride 0.9 % bolus 250 mL,"输注药名, 不在概念目录内"
eicu,infusionDrug,Volume (mL) Vecuronium,"输注药名, 不在概念目录内"
eicu,infusionDrug,Volume (mL)-sodium chloride 0.9 % bolus 100 mL (ml/hr),"输注药名, 不在概念目录内"
eicu,infusionDrug,Fld bolus (ml/hr),"输注药名, 不在概念目录内"
eicu,infusionDrug,IRON SUCROSE (ml/hr),"输注药名, 不在概念目录内"
eicu,infusionDrug,MAIN,"输注药名, 不在概念目录内"
eicu,infusionDrug,Fent. epidural (ml/hr),"输注药名, 不在概念目录内"
eicu,infusionDrug,Fentanyl PCA (cont) (ml/hr),"输注药名, 不在概念目录内"
eicu,infusionDrug,fat emulsion (ml/hr),"输注药名, 不在概念目录内"
eicu,infusionDrug,plat (ml/hr),"输注药名, 不在概念目录内"
eicu,infusionDrug,Lipids 20% (ml/hr),"输注药名, 不在概念目录内"
eicu,infusionDrug,IVPB,"输注药名, 不在概念目录内"
eicu,infusionDrug,MUCOMYST DRIP (ml/hr),"输注药名, 不在概念目录内"
eicu,infusionDrug,KV) (ml/hr),"输注药名, 不在概念目录内"
eicu,infusionDrug,Diluadid (mg/hr),"输注药名, 不在概念目录内"
eicu,infusionDrug,Dilaudid PCA -Infusion,"输注药名, 不在概念目录内"
eicu,infusionDrug,NS 20meq K,"输注药名, 不在概念目录内"
eicu,infusionDrug,Nitroglycerin (mg/min),"输注药名, 不在概念目录内"
eicu,infusionDrug,KEPPRA (mg/hr),"输注药名, 不在概念目录内"
eicu,infusionDrug,Aletplase (),"输注药名, 不在概念目录内"
eicu,infusionDrug,banana bag,"输注药名, 不在概念目录内"
eicu,infusionDrug,D5.45 with 20 KCL,"输注药名, 不在概念目录内"
eicu,infusionDrug,calcium guconate (ml/hr),"输注药名, 不在概念目录内"
eicu,infusionDrug,Potassium Acetate (ml/hr),"输注药名, 不在概念目录内"
eicu,infusionDrug,RBC's,"输注药名, 不在概念目录内"
eicu,infusionDrug,0.45%NS,"输注药名, 不在概念目录内"
eicu,infusionDrug,nsc20k,"输注药名, 不在概念目录内"
eicu,infusionDrug,D5/0.2%NS w/ KCL,"输注药名, 不在概念目录内"
eicu,infusionDrug,D5 1/2 NS WITH 20 KCL,"输注药名, 不在概念目录内"
eicu,infusionDrug,NS W/20K,"输注药名, 不在概念目录内"
eicu,infusionDrug,Platlets (ml/hr),"输注药名, 不在概念目录内"
eicu,infusionDrug,.9 nss,"输注药名, 不在概念目录内"
eicu,infusionDrug,nb bolus (ml/hr),"输注药名, 不在概念目录内"
eicu,infusionDrug,D5 W/3 amps bicarb (ml/hr),"输注药名, 不在概念目录内"
eicu,infusionDrug,D5W w/3amps Bicarb,"输注药名, 不在概念目录内"
eicu,infusionDrug,D5 ns + 20k,"输注药名, 不在概念目录内"
eicu,infusionDrug,1/2nss w/KCl (ml/hr),"输注药名, 不在概念目录内"
eicu,infusionDrug,D5 LR KCL,"输注药名, 不在概念目录内"
eicu,infusionDrug,NS 40K,"输注药名, 不在概念目录内"
eicu,infusionDrug,albumine (ml/hr),"输注药名, 不在概念目录内"
eicu,infusionDrug,Albuin 25%,"输注药名, 不在概念目录内"
eicu,infusionDrug,.45NS,"输注药名, 不在概念目录内"
eicu,infusionDrug,0.9%NS w/20KCl,"输注药名, 不在概念目录内"
eicu,infusionDrug,0.9&NS bolus (ml/hr),"输注药名, 不在概念目录内"
eicu,infusionDrug,D5 1/2NS 20KCL,"输注药名, 不在概念目录内"
eicu,infusionDrug,Tobramycin,"输注药名, 不在概念目录内"
eicu,infusionDrug,Sodium Bicarbonate mL/hr,"输注药名, 不在概念目录内"
eicu,infusionDrug,Aminocaproic aacid (mg/kg/hr),"输注药名, 不在概念目录内"
eicu,infusionDrug,Dexmedetomidine (units/min),"输注药名, 不在概念目录内"
eicu,infusionDrug,HYDROmorphone,"输注药名, 不在概念目录内"
eicu,infusionDrug,AMICAR,"输注药名, 不在概念目录内"
eicu,infusionDrug,Amiodarone (mcg/kg/min),"输注药名, 不在概念目录内"
eicu,infusionDrug,Nitroprusside (mg/kg/min),"输注药名, 不在概念目录内"
eicu,infusionDrug,D5W 0.9NSS,"输注药名, 不在概念目录内"
eicu,infusionDrug,LR w/40mEq KCL (ml/hr),"输注药名, 不在概念目录内"
eicu,infusionDrug,0.2% NS w/Na HCO3,"输注药名, 不在概念目录内"
eicu,infusionDrug,NS1/2 + 20KCL,"输注药名, 不在概念目录内"
eicu,infusionDrug,D10/0.45%NS,"输注药名, 不在概念目录内"
eicu,infusionDrug,"NSS w/ MVI,  thiamine 100mg, folic acid 1 mg  (ml/hr)","输注药名, 不在概念目录内"
eicu,infusionDrug,D5/.45NSS,"输注药名, 不在概念目录内"
eicu,infusionDrug,RL,"输注药名, 不在概念目录内"
eicu,infusionDrug,D5@ (ml/hr),"输注药名, 不在概念目录内"
eicu,infusionDrug,D5W/ 150mEq HCO3 (ml/hr),"输注药名, 不在概念目录内"
eicu,infusionDrug,D!) w bicarb (ml/hr),"输注药名, 不在概念目录内"
eicu,infusionDrug,NS + ABX,"输注药名, 不在概念目录内"
eicu,infusionDrug,D5W/150 mEq Bicard (ml/hr),"输注药名, 不在概念目录内"
eicu,infusionDrug,0.9%NS with ABx (ml/hr),"输注药名, 不在概念目录内"
eicu,infusionDrug,D5 LR w/ 40 k,"输注药名, 不在概念目录内"
eicu,infusionDrug,D5W/.45% NS + 20 mEq K,"输注药名, 不在概念目录内"
eicu,infusionDrug,Pitocin,"输注药名, 不在概念目录内"
eicu,infusionDrug,D5 w/150meq bicarb,"输注药名, 不在概念目录内"
eicu,infusionDrug,Normal Saline 0.9%,"输注药名, 不在概念目录内"
eicu,infusionDrug,NS + MV/Thiamine/Folic acid,"输注药名, 不在概念目录内"
eicu,infusionDrug,sterile water w/ 150meq NaHCO3 (ml/hr),"输注药名, 不在概念目录内"
eicu,infusionDrug,D5 LR 30mEqK,"输注药名, 不在概念目录内"
eicu,infusionDrug,D50.45NS,"输注药名, 不在概念目录内"
eicu,infusionDrug,D5 150meq of bicarb,"输注药名, 不在概念目录内"
eicu,infusionDrug,D5NS w/40KCL,"输注药名, 不在概念目录内"
eicu,infusionDrug,Albumin 5% 25gm/250ml  (ml/hr),"输注药名, 不在概念目录内"
eicu,infusionDrug,3% NSS (ml/hr),"输注药名, 不在概念目录内"
eicu,infusionDrug,D5%W,"输注药名, 不在概念目录内"
eicu,infusionDrug,Sterile Water 150meq sodium bicarbonate (ml/hr),"输注药名, 不在概念目录内"
eicu,infusionDrug,D5.45NSS w/ 40 meq KCL,"输注药名, 不在概念目录内"
eicu,infusionDrug,FFP,"输注药名, 不在概念目录内"
eicu,infusionDrug,1/2NS w/ 20meq KCL,"输注药名, 不在概念目录内"
eicu,infusionDrug,Other meds (ml/hr),"输注药名, 不在概念目录内"
eicu,infusionDrug,Glucerna 1.5 TF,"输注药名, 不在概念目录内"
eicu,infusionDrug,Potassium 20meq IV K-rider,"输注药名, 不在概念目录内"
eicu,infusionDrug,Tube Feed Flushes,"输注药名, 不在概念目录内"
eicu,infusionDrug,Tube Feeds,"输注药名, 不在概念目录内"
eicu,infusionDrug,N/S 20 KCL (ml/hr),"输注药名, 不在概念目录内"
eicu,infusionDrug,D5 -1/2NS,"输注药名, 不在概念目录内"
eicu,infusionDrug,ivbp (ml/hr),"输注药名, 不在概念目录内"
eicu,infusionDrug,5D/NS (ml/hr),"输注药名, 不在概念目录内"
eicu,infusionDrug,mag (mg/hr),"输注药名, 不在概念目录内"
eicu,infusionDrug,Meropenem (ml/hr),"输注药名, 不在概念目录内"
eicu,infusionDrug,IVF Bolus  plain (ml/hr),"输注药名, 不在概念目录内"
eicu,infusionDrug,ivf+ MVI,"输注药名, 不在概念目录内"
eicu,infusionDrug,MG RIDER (ml/hr),"输注药名, 不在概念目录内"
eicu,infusionDrug,CACL RIDER (ml/hr),"输注药名, 不在概念目录内"
eicu,infusionDrug,LPIDS (ml/hr),"输注药名, 不在概念目录内"
eicu,infusionDrug,Dialudid PCA (mg/hr),"输注药名, 不在概念目录内"
eicu,infusionDrug,K PHOS & MAG RIDER (ml/hr),"输注药名, 不在概念目录内"
eicu,infusionDrug,Ban Bag (ml/hr),"输注药名, 不在概念目录内"
eicu,infusionDrug,uivf (ml/hr),"输注药名, 不在概念目录内"
eicu,infusionDrug,Abx2 (ml/hr),"输注药名, 不在概念目录内"
eicu,infusionDrug,"bupiv .1%, fent 2mcg/ml, duramorph 40mcg/ml","输注药名, 不在概念目录内"
eicu,infusionDrug,Fentanyl/Bupivi Epidural,"输注药名, 不在概念目录内"
eicu,infusionDrug,cycstacurium,"输注药名, 不在概念目录内"
eicu,infusionDrug,Haldol,"输注药名, 不在概念目录内"
eicu,infusionDrug,tranexamic acid,"输注药名, 不在概念目录内"
eicu,infusionDrug,potassium chl (ml/hr),"输注药名, 不在概念目录内"
eicu,infusionDrug,precedex,"输注药名, 不在概念目录内"
eicu,infusionDrug,D5/NA bicarb,"输注药名, 不在概念目录内"
eicu,infusionDrug,NACL,"输注药名, 不在概念目录内"
eicu,infusionDrug,D5  1/2 NS,"输注药名, 不在概念目录内"
eicu,infusionDrug,.45 NSS,"输注药名, 不在概念目录内"
eicu,infusionDrug,NSS w bicarb (ml/hr),"输注药名, 不在概念目录内"
eicu,infusionDrug,levothyroxine (mcg/kg/hr),"输注药名, 不在概念目录内"
eicu,infusionDrug,Acetylcysteine 3% (load) 30000 mg Dextrose 5% 1000 ml (mg/kg/hr),"输注药名, 不在概念目录内"
eicu,infusionDrug,Calcium GLUCONATE MAX 2 g Sodium Chloride 0.9% 2600 ml (Unknown),"输注药名, 不在概念目录内"
eicu,infusionDrug,Calcium CHLORIDE MAX 2 g Sodium Chloride 0.9% 100 ml (Unknown),"输注药名, 不在概念目录内"
eicu,infusionDrug,Propofol (Diprivan) 1000 mg Sterile Water (SWFI) 100 ml  Premix (mcg/kg/min),"输注药名, 不在概念目录内"
eicu,infusionDrug,Calcium GLUCONATE STD 1 g Sodium Chloride 0.9% 200 ml (Unknown),"输注药名, 不在概念目录内"
eicu,infusionDrug,Aminocaproic acid STD 25 g Sodium Chloride 0.9% 250 ml (Unknown),"输注药名, 不在概念目录内"
eicu,infusionDrug,Bivalirudin (Angiomax) 250 mg Sodium Chloride 0.9% 50 ml (mcg/kg/hr),"输注药名, 不在概念目录内"
eicu,infusionDrug,Calcium CHLORIDE STD 2 g Sodium Chloride 0.9% 100 ml (Unknown),"输注药名, 不在概念目录内"
eicu,infusionDrug,Glucagon 10 mcg Dextrose 5% 100 ml (mg/hr),"输注药名, 不在概念目录内"
eicu,infusionDrug,Bivalirudin (Angiomax) 250 mg Sodium Chloride 0.9% 100 ml (mg/kg/hr),"输注药名, 不在概念目录内"
eicu,infusionDrug,NiCARDipine (std) 20 mg Sodium Chloride 0.9% 200 ml (mg/hr),"输注药名, 不在概念目录内"
eicu,infusionDrug,D51/2 NS/20KCL (ml/hr),"输注药名, 不在概念目录内"
eicu,infusionDrug,D5W/KCL/BiCarb (ml/hr),"输注药名, 不在概念目录内"
eicu,infusionDrug,Nicardipine (Unknown),"输注药名, 不在概念目录内"
eicu,infusionDrug,D5W/40KCL/BiCarb (ml/hr),"输注药名, 不在概念目录内"
eicu,infusionDrug,Sterile H2O/BiCarb (ml/hr),"输注药名, 不在概念目录内"
eicu,infusionDrug,Dexmedetomidine Inj 400 Mcg in Dextrose 5% 100 ml (mcg/min),"输注药名, 不在概念目录内"
eicu,infusionDrug,"Folic Acid Inj 5 mg Multivitamins-12 Inj 20 ml Thiamine Inj 200 mg Magnesium Sulfate Inj 4 gm in Sodium Chloride 0.9% 1,000 ml ()","输注药名, 不在概念目录内"
eicu,infusionDrug,POTassium PHOSphate INJ 20 mm in Sodium Chloride 0.9% 250 ml (ml/hr),"输注药名, 不在概念目录内"
eicu,infusionDrug,"Vancomycin Inj 2,000 mg in Dextrose 5% 500 ml (ml/hr)","输注药名, 不在概念目录内"
eicu,infusionDrug,Novolin-R 250 Units/Ns 250 ml (ml/hr),"输注药名, 不在概念目录内"
eicu,infusionDrug,Meropenem IV 2 gm in Sodium Chloride 0.9% 100 ml (ml/hr),"输注药名, 不在概念目录内"
eicu,infusionDrug,NaHCO3 gtt 1mEq/1ml  (ml/hr),"输注药名, 不在概念目录内"
eicu,infusionDrug,D51/2NS  20KCL (ml/hr),"输注药名, 不在概念目录内"
eicu,infusionDrug,Dexmedetomidine Inj 400 Mcg in Sodium Chloride 0.9% 100 ml (mcg/min),"输注药名, 不在概念目录内"
eicu,infusionDrug,Dexmedetomidine Inj 400 Mcg in Dextrose 5% 100 ml (ml/hr),"输注药名, 不在概念目录内"
eicu,infusionDrug,Albumin Human 25% Inj 100 ml (ml/hr),"输注药名, 不在概念目录内"
eicu,infusionDrug,Ertapenem 1 gm/Ns 50 ml (ml/hr),"输注药名, 不在概念目录内"
eicu,infusionDrug,D10 (),"输注药名, 不在概念目录内"
eicu,infusionDrug,dobutrex,"输注药名, 不在概念目录内"
eicu,infusionDrug,Nitroglycerin (mg/hr),"输注药名, 不在概念目录内"
eicu,infusionDrug,Lidocaine (mcg/min),"输注药名, 不在概念目录内"
eicu,infusionDrug,cistracurium (mg/kg/min),"输注药名, 不在概念目录内"
eicu,infusionDrug,LR + 40mEq K (ml/hr),"输注药名, 不在概念目录内"
eicu,infusionDrug,3% hypertonic,"输注药名, 不在概念目录内"
eicu,infusionDrug,1/2NS + MVI,"输注药名, 不在概念目录内"
eicu,infusionDrug,1L sterile H2O/NaBicarb 150 meq  (ml/hr),"输注药名, 不在概念目录内"
eicu,infusionDrug,Dextrose 5%/NaCl 0.45%,"输注药名, 不在概念目录内"
eicu,infusionDrug,.9NS,"输注药名, 不在概念目录内"
eicu,infusionDrug,D5W w/ 150 Bicarb (ml/hr),"输注药名, 不在概念目录内"
eicu,infusionDrug,Mag Sulfate + Potassium Phosphate,"输注药名, 不在概念目录内"
eicu,infusionDrug,D10% /NaCl 0.45% (ml/hr),"输注药名, 不在概念目录内"
eicu,infusionDrug,D5+150meqNaHco3,"输注药名, 不在概念目录内"
eicu,infusionDrug,NS w/MVI,"输注药名, 不在概念目录内"
eicu,infusionDrug,d5 0.45 nss  (ml/hr),"输注药名, 不在概念目录内"
eicu,infusionDrug,NS flush (ml/hr),"输注药名, 不在概念目录内"
eicu,infusionDrug,Calcium Carbonate,"输注药名, 不在概念目录内"
eicu,infusionDrug,NSS RFS,"输注药名, 不在概念目录内"
eicu,infusionDrug,D5/0.45NS,"输注药名, 不在概念目录内"
eicu,infusionDrug,D5 w/250meq bicarb,"输注药名, 不在概念目录内"
eicu,infusionDrug,D5 W/100meq Bicarb,"输注药名, 不在概念目录内"
eicu,infusionDrug,1/2 NSS w/ 75mEq Sodium Bicarbonate  (ml/hr),"输注药名, 不在概念目录内"
eicu,infusionDrug,Mannitol 20% (ml/hr),"输注药名, 不在概念目录内"
eicu,infusionDrug,D50.9%NS,"输注药名, 不在概念目录内"
eicu,infusionDrug,D5/ 0.45%NS,"输注药名, 不在概念目录内"
eicu,infusionDrug,D5/.45NS,"输注药名, 不在概念目录内"
eicu,infusionDrug,.02 NS (ml/hr),"输注药名, 不在概念目录内"
eicu,infusionDrug,D5 w/150 NaBicab (ml/hr),"输注药名, 不在概念目录内"
eicu,infusionDrug,0.9% Saline,"输注药名, 不在概念目录内"
eicu,infusionDrug,Fibersource,"输注药名, 不在概念目录内"
eicu,infusionDrug,NSS 3%,"输注药名, 不在概念目录内"
eicu,infusionDrug,"D5  w/ NaHCO3, 150 mEq (ml/hr)","输注药名, 不在概念目录内"
eicu,infusionDrug,D10 1/2 NS,"输注药名, 不在概念目录内"
eicu,infusionDrug,D5 NSS,"输注药名, 不在概念目录内"
eicu,infusionDrug,LR with 40mEq KCl,"输注药名, 不在概念目录内"
eicu,infusionDrug,d5w/ 100meq hco3 (ml/hr),"输注药名, 不在概念目录内"
eicu,infusionDrug,Volume (mL)-sodium chloride 0.9 % bolus 125 mL (ml/hr),"输注药名, 不在概念目录内"
eicu,infusionDrug,Volume (mL)-dextrose 5 % and 0.45% NaCl 5-0.45 % bolus 250 mL (ml/hr),"输注药名, 不在概念目录内"
eicu,infusionDrug,Volume (mL)-lactated ringers bolus 300 mL (ml/hr),"输注药名, 不在概念目录内"
eicu,infusionDrug,Volume (mL)-lactated ringers bolus 750 mL (ml/hr),"输注药名, 不在概念目录内"
eicu,infusionDrug,Milronone (mcg/kg/min),"输注药名, 不在概念目录内"
eicu,infusionDrug,D5.45 with K (ml/hr),"输注药名, 不在概念目录内"
eicu,infusionDrug,acetaminophen (ml/hr),"输注药名, 不在概念目录内"
eicu,infusionDrug,BLOOD PROD (ml/hr),"输注药名, 不在概念目录内"
eicu,infusionDrug,BBag (ml/hr),"输注药名, 不在概念目录内"
eicu,infusionDrug,IVF withOut vasoactive (ml/hr),"输注药名, 不在概念目录内"
eicu,infusionDrug,D5W per GTube (ml/hr),"输注药名, 不在概念目录内"
eicu,infusionDrug,N-Acetylcystine,"输注药名, 不在概念目录内"
eicu,infusionDrug,IVF with MVI,"输注药名, 不在概念目录内"
eicu,infusionDrug,1/2NS,"输注药名, 不在概念目录内"
eicu,infusionDrug,0.9NS w/20meq KCL,"输注药名, 不在概念目录内"
eicu,infusionDrug,D5LR with 10mEq potassium,"输注药名, 不在概念目录内"
eicu,infusionDrug,D51/2ns with 20kcl/l,"输注药名, 不在概念目录内"
eicu,infusionDrug,0.9% Sodium Chloride NSS,"输注药名, 不在概念目录内"
eicu,infusionDrug,d5LR+40 MEQ KCL,"输注药名, 不在概念目录内"
eicu,infusionDrug,Normosol R,"输注药名, 不在概念目录内"
eicu,infusionDrug,HCO3,"输注药名, 不在概念目录内"
eicu,infusionDrug,D5LR w/10mEq KCl,"输注药名, 不在概念目录内"
eicu,infusionDrug,Potassium Phosphate,"输注药名, 不在概念目录内"
eicu,infusionDrug,D5W 1 amp Bicarb (ml/hr),"输注药名, 不在概念目录内"
eicu,infusionDrug,Albuin 25% (ml/hr),"输注药名, 不在概念目录内"
eicu,infusionDrug,D21/2NS,"输注药名, 不在概念目录内"
eicu,infusionDrug,na bicarb,"输注药名, 不在概念目录内"
eicu,infusionDrug,D50.9,"输注药名, 不在概念目录内"
eicu,infusionDrug,D5.45,"输注药名, 不在概念目录内"
eicu,infusionDrug,Vecuronium (mg/kg/hr),"输注药名, 不在概念目录内"
eicu,infusionDrug,Alteplase (mcg/hr),"输注药名, 不在概念目录内"
eicu,infusionDrug,Esomeprazole (mcg/min),"输注药名, 不在概念目录内"
eicu,infusionDrug,Nitroglycerine (mcg/kg/min) (mcg/kg/min),"输注药名, 不在概念目录内"
mimic-iii,D_ITEMS:Free Form Intake,protonics,"自由文本入量描述, 目标概念库外"
mimic-iii,D_ITEMS:Free Form Intake,Bolus,"自由文本入量描述, 目标概念库外"
mimic-iii,D_ITEMS:Free Form Intake,free H2O,"自由文本入量描述, 目标概念库外"
mimic-iii,D_ITEMS:Free Form Intake,epidural-marcaine,"自由文本入量描述, 目标概念库外"
mimic-iii,D_ITEMS:Free Form Intake,pancreatic drain,"自由文本入量描述, 目标概念库外"
mimic-iii,D_ITEMS:Free Form Intake,readi - cat,"自由文本入量描述, 目标概念库外"
mimic-iii,D_ITEMS:Free Form Intake,IV MEDS,"自由文本入量描述, 目标概念库外"
mimic-iii,D_ITEMS:Free Form Intake,kcl 20 meq ivpb,"自由文本入量描述, 目标概念库外"
mimic-iii,D_ITEMS:Free Form Intake,procedure,"自由文本入量描述, 目标概念库外"
mimic-iii,D_ITEMS:Free Form Intake,urine flush,"自由文本入量描述, 目标概念库外"
mimic-iii,D_ITEMS:Free Form Intake,bicarb push,"自由文本入量描述, 目标概念库外"
mimic-iii,D_ITEMS:Free Form Intake,cisatricurium,"自由文本入量描述, 目标概念库外"
mimic-iii,D_ITEMS:Free Form Intake,t tube flush,"自由文本入量描述, 目标概念库外"
mimic-iii,D_ITEMS:Free Form Intake,Cath Lab Output,"自由文本入量描述, 目标概念库外"
mimic-iii,D_ITEMS:Free Form Intake,Meperidine cc/hr,"自由文本入量描述, 目标概念库外"
mimic-iii,D_ITEMS:Free Form Intake,readi-ct,"自由文本入量描述, 目标概念库外"
mimic-iii,D_ITEMS:Free Form Intake,na phosphate,"自由文本入量描述, 目标概念库外"
mimic-iii,D_ITEMS:Free Form Intake,K-PHOS,"自由文本入量描述, 目标概念库外"
mimic-iii,D_ITEMS:Free Form Intake,PROTONIX MG/HR,"自由文本入量描述, 目标概念库外"
mimic-iii,D_ITEMS:Free Form Intake,1/2 ns bolus,"自由文本入量描述, 目标概念库外"
mimic-iii,D_ITEMS:Free Form Intake,Pamidronate        l,"自由文本入量描述, 目标概念库外"
mimic-iii,D_ITEMS:Free Form Intake,iv protonix,"自由文本入量描述, 目标概念库外"
mimic-iii,D_ITEMS:Free Form Intake,enema-lactulose,"自由文本入量描述, 目标概念库外"
mimic-iii,D_ITEMS:Free Form Intake,floor intake,"自由文本入量描述, 目标概念库外"
mimic-iii,D_ITEMS:Free Form Intake,ns fluid boluses,"自由文本入量描述, 目标概念库外"
mimic-iii,D_ITEMS:Free Form Intake,bladder irrigation,"自由文本入量描述, 目标概念库外"
mimic-iii,D_ITEMS:Free Form Intake,nephrostomy flush,"自由文本入量描述, 目标概念库外"
mimic-iii,D_ITEMS:Free Form Intake,cath lab dye,"自由文本入量描述, 目标概念库外"
mimic-iii,D_ITEMS:Free Form Intake,rl bolus,"自由文本入量描述, 目标概念库外"
mimic-iii,D_ITEMS:Free Form Intake,QUINIDINE,"自由文本入量描述, 目标概念库外"
mimic-iii,D_ITEMS:Free Form Intake,ER FLUIDS,"自由文本入量描述, 目标概念库外"
mimic-iii,D_ITEMS:Free Form Intake,KPHOS,"自由文本入量描述, 目标概念库外"
mimic-iii,D_ITEMS:Free Form Intake,PD fluid retained,"自由文本入量描述, 目标概念库外"
mimic-iii,D_ITEMS:Free Form Intake,C.O,"自由文本入量描述, 目标概念库外"
mimic-iii,D_ITEMS:Free Form Intake,IV Bolus,"自由文本入量描述, 目标概念库外"
mimic-iii,D_ITEMS:Free Form Intake,iv fluid from osh,"自由文本入量描述, 目标概念库外"
mimic-iii,D_ITEMS:Free Form Intake,er ivf,"自由文本入量描述, 目标概念库外"
mimic-iii,D_ITEMS:Free Form Intake,ns fluid bolus,"自由文本入量描述, 目标概念库外"
mimic-iii,D_ITEMS:Free Form Intake,redicat,"自由文本入量描述, 目标概念库外"
mimic-iii,D_ITEMS:Free Form Intake,nsbolus,"自由文本入量描述, 目标概念库外"
mimic-iii,D_ITEMS:Free Form Intake,PLASMAPHERESIS,"自由文本入量描述, 目标概念库外"
mimic-iii,D_ITEMS:Free Form Intake,CATH LAB FLUID,"自由文本入量描述, 目标概念库外"
mimic-iii,D_ITEMS:Free Form Intake,ct contrast,"自由文本入量描述, 目标概念库外"
mimic-iii,D_ITEMS:Free Form Intake,k-phos 20mmol/500cc,"自由文本入量描述, 目标概念库外"
mimic-iii,D_ITEMS:Free Form Intake,ns b,"自由文本入量描述, 目标概念库外"
mimic-iii,D_ITEMS:Free Form Intake,ED Intake,"自由文本入量描述, 目标概念库外"
mimic-iii,D_ITEMS:Free Form Intake,Flolan,"自由文本入量描述, 目标概念库外"
mimic-iii,D_ITEMS:Free Form Intake,free h2o boluses,"自由文本入量描述, 目标概念库外"
mimic-iii,D_ITEMS:Free Form Intake,kayexalate pr,"自由文本入量描述, 目标概念库外"
mimic-iii,D_ITEMS:Free Form Intake,peg meds,"自由文本入量描述, 目标概念库外"
mimic-iii,D_ITEMS:Free Form Intake,ns .9% bolus,"自由文本入量描述, 目标概念库外"
mimic-iii,D_ITEMS:Free Form Intake,PD INFUSED,"自由文本入量描述, 目标概念库外"
mimic-iii,D_ITEMS:Free Form Intake,ampho bladder wash,"自由文本入量描述, 目标概念库外"
mimic-iii,D_ITEMS:Free Form Intake,sodium phos,"自由文本入量描述, 目标概念库外"
mimic-iii,D_ITEMS:Free Form Intake,NS IN ER,"自由文本入量描述, 目标概念库外"
mimic-iii,D_ITEMS:Free Form Intake,Panidronate,"自由文本入量描述, 目标概念库外"
mimic-iii,D_ITEMS:Free Form Intake,iv fluid in er,"自由文本入量描述, 目标概念库外"
mimic-iii,D_ITEMS:Free Form Intake,Barocet,"自由文本入量描述, 目标概念库外"
mimic-iii,D_ITEMS:Free Form Intake,thermodilution fluid,"自由文本入量描述, 目标概念库外"
mimic-iii,D_ITEMS:Free Form Intake,injectate,"自由文本入量描述, 目标概念库外"
mimic-iii,D_ITEMS:Free Form Intake,ivf boluses,"自由文本入量描述, 目标概念库外"
mimic-iii,D_ITEMS:Free Form Intake,angio intake,"自由文本入量描述, 目标概念库外"
mimic-iii,D_ITEMS:Free Form Intake,NA PHOS,"自由文本入量描述, 目标概念库外"
mimic-iii,D_ITEMS:Free Form Intake,KPHOS 30MMOL,"自由文本入量描述, 目标概念库外"
mimic-iii,D_ITEMS:Free Form Intake,PRECEDEX CC/HR,"自由文本入量描述, 目标概念库外"
mimic-iii,D_ITEMS:Free Form Intake,THAM GTT,"自由文本入量描述, 目标概念库外"
mimic-iii,D_ITEMS:Free Form Intake,FREE H20,"自由文本入量描述, 目标概念库外"
mimic-iii,D_ITEMS:Free Form Intake,GASTROGRAFIN,"自由文本入量描述, 目标概念库外"
mimic-iii,D_ITEMS:Free Form Intake,angio fluids /anes,"自由文本入量描述, 目标概念库外"
mimic-iii,D_ITEMS:Free Form Intake,Flush LT ct #1&2 q8',"自由文本入量描述, 目标概念库外"
mimic-iii,D_ITEMS:Free Form Intake,PROMOTE WIH FIBER,"自由文本入量描述, 目标概念库外"
mimic-iii,D_ITEMS:Free Form Intake,NS/PITOCIN 20U,"自由文本入量描述, 目标概念库外"
mimic-iii,D_ITEMS:Free Form Intake,readi cat,"自由文本入量描述, 目标概念库外"
mimic-iii,D_ITEMS:Free Form Intake,free water,"自由文本入量描述, 目标概念库外"
mimic-iii,D_ITEMS:Free Form Intake,FREE H20 NG,"自由文本入量描述, 目标概念库外"
mimic-iii,D_ITEMS:Free Form Intake,Demerol,"自由文本入量描述, 目标概念库外"
mimic-iii,D_ITEMS:Free Form Intake,dialysate,"自由文本入量描述, 目标概念库外"
mimic-iii,D_ITEMS:Free Form Intake,c.o.,"自由文本入量描述, 目标概念库外"
mimic-iii,D_ITEMS:Free Form Intake,radiographin,"自由文本入量描述, 目标概念库外"
mimic-iii,D_ITEMS:Free Form Intake,c.0. fluid,"自由文本入量描述, 目标概念库外"
mimic-iii,D_ITEMS:Free Form Intake,intake from paper,"自由文本入量描述, 目标概念库外"
mimic-iii,D_ITEMS:Free Form Intake,pheresis,"自由文本入量描述, 目标概念库外"
mimic-iii,D_ITEMS:Free Form Intake,go-lytley,"自由文本入量描述, 目标概念库外"
mimic-iii,D_ITEMS:Free Form Intake,OR intake,"自由文本入量描述, 目标概念库外"
mimic-iii,D_ITEMS:Free Form Intake,TPA .5mg/hr,"自由文本入量描述, 目标概念库外"
mimic-iii,D_ITEMS:Free Form Intake,chest tube,"自由文本入量描述, 目标概念库外"
mimic-iii,D_ITEMS:Free Form Intake,Soduim Phospate,"自由文本入量描述, 目标概念库外"
mimic-iii,D_ITEMS:Free Form Intake,Pigtail Flush,"自由文本入量描述, 目标概念库外"
mimic-iii,D_ITEMS:Free Form Intake,dialysis in,"自由文本入量描述, 目标概念库外"
mimic-iii,D_ITEMS:Free Form Intake,PO Contrast per NGT,"自由文本入量描述, 目标概念库外"
mimic-iii,D_ITEMS:Free Form Intake,EMERGENCY DEPT,"自由文本入量描述, 目标概念库外"
mimic-iii,D_ITEMS:Free Form Intake,"ngt flush,h20","自由文本入量描述, 目标概念库外"
mimic-iii,D_ITEMS:Free Form Intake,rt/lt nepro tube flh,"自由文本入量描述, 目标概念库外"
mimic-iii,D_ITEMS:Free Form Intake,PD Dialysate Intake,"自由文本入量描述, 目标概念库外"
mimic-iii,D_ITEMS:Free Form Intake,d5w 10gm ca+ glucon,"自由文本入量描述, 目标概念库外"
mimic-iii,D_ITEMS:Free Form Intake,d5w & 6gm ca+ glucon,"自由文本入量描述, 目标概念库外"
mimic-iii,D_ITEMS:Free Form Intake,Liperudin,"自由文本入量描述, 目标概念库外"
mimic-iii,D_ITEMS:Free Form Intake,MgSO4,"自由文本入量描述, 目标概念库外"
mimic-iii,D_ITEMS:Free Form Intake,Flowlan,"自由文本入量描述, 目标概念库外"
mimic-iii,D_ITEMS:Free Form Intake,METHYLPRED 450MG/HR,"自由文本入量描述, 目标概念库外"
mimic-iii,D_ITEMS:Free Form Intake,NaPhos,"自由文本入量描述, 目标概念库外"
mimic-iii,D_ITEMS:Free Form Intake,Calcium gluc gtt,"自由文本入量描述, 目标概念库外"
mimic-iii,D_ITEMS:Free Form Intake,PROBALANCE TF,"自由文本入量描述, 目标概念库外"
mimic-iii,D_ITEMS:Free Form Intake,Soduim Phosphate,"自由文本入量描述, 目标概念库外"
mimic-iii,D_ITEMS:Free Form Intake,Nephrostomy drain,"自由文本入量描述, 目标概念库外"
mimic-iii,D_ITEMS:Free Form Intake,acetylcysteine 20%,"自由文本入量描述, 目标概念库外"
mimic-iii,D_ITEMS:Free Form Intake,Sodium Phosphate,"自由文本入量描述, 目标概念库外"
mimic-iii,D_ITEMS:Free Form Intake,NS with Pit 20units,"自由文本入量描述, 目标概念库外"
mimic-iii,D_ITEMS:Free Form Intake,Neuro Angio Intake,"自由文本入量描述, 目标概念库外"
mimic-iii,D_ITEMS:Free Form Intake,Nicardipine mg/hr,"自由文本入量描述, 目标概念库外"
mimic-iii,D_ITEMS:Free Form Intake,cyclosporine,"自由文本入量描述, 目标概念库外"
mimic-iii,D_ITEMS:Free Form Intake,probalance fs,"自由文本入量描述, 目标概念库外"
mimic-iii,D_ITEMS:Free Form Intake,ns+40gm cagluconate,"自由文本入量描述, 目标概念库外"
mimic-iii,D_ITEMS:Free Form Intake,drain irrigant,"自由文本入量描述, 目标概念库外"
mimic-iii,D_ITEMS:Free Form Intake,NIMBEX CC/HR,"自由文本入量描述, 目标概念库外"
mimic-iii,D_ITEMS:Free Form Intake,STURDY HOSP,"自由文本入量描述, 目标概念库外"
mimic-iii,D_ITEMS:Free Form Intake,mgso4 gtt,"自由文本入量描述, 目标概念库外"
mimic-iii,D_ITEMS:Free Form Intake,Fluid bolus,"自由文本入量描述, 目标概念库外"
mimic-iii,D_ITEMS:Free Form Intake,CISATRA,"自由文本入量描述, 目标概念库外"
mimic-iii,D_ITEMS:Free Form Intake,EW INTAKE,"自由文本入量描述, 目标概念库外"
mimic-iii,D_ITEMS:Free Form Intake,CISATRA CC/HR,"自由文本入量描述, 目标概念库外"
mimic-iii,D_ITEMS:Free Form Intake,cisatricurium cc/hr,"自由文本入量描述, 目标概念库外"
mimic-iii,D_ITEMS:Free Form Intake,er crystalloids,"自由文本入量描述, 目标概念库外"
mimic-iii,D_ITEMS:Free Form Intake,er prbc,"自由文本入量描述, 目标概念库外"
mimic-iii,D_ITEMS:Free Form Intake,CARIPORIDE CC/HR,"自由文本入量描述, 目标概念库外"
mimic-iii,D_ITEMS:Free Form Intake,APRTININ CC/HR,"自由文本入量描述, 目标概念库外"
mimic-iii,D_ITEMS:Free Form Intake,1/2 STR. VIVONEX,"自由文本入量描述, 目标概念库外"
mimic-iii,D_ITEMS:Free Form Intake,NAHCO3- CC/HR,"自由文本入量描述, 目标概念库外"
mimic-iii,D_ITEMS:Free Form Intake,Amiodarone mg/hr,"自由文本入量描述, 目标概念库外"
mimic-iii,D_ITEMS:Free Form Intake,CARIPORIDE ML/HR,"自由文本入量描述, 目标概念库外"
mimic-iii,D_ITEMS:Free Form Intake,LR w/ 40 mEq,"自由文本入量描述, 目标概念库外"
mimic-iii,D_ITEMS:Free Form Intake,ngt/bile returned,"自由文本入量描述, 目标概念库外"
mimic-iii,D_ITEMS:Free Form Intake,free h20 via ngt,"自由文本入量描述, 目标概念库外"
mimic-iii,D_ITEMS:Free Form Intake,cariporide/ns,"自由文本入量描述, 目标概念库外"
mimic-iii,D_ITEMS:Free Form Intake,CATH LAB IV INTAKE,"自由文本入量描述, 目标概念库外"
mimic-iii,D_ITEMS:Free Form Intake,angio crystalloid,"自由文本入量描述, 目标概念库外"
mimic-iii,D_ITEMS:Free Form Intake,Bupivacaine,"自由文本入量描述, 目标概念库外"
mimic-iii,D_ITEMS:Free Form Intake,CONTRAST IN ANGIO,"自由文本入量描述, 目标概念库外"
mimic-iii,D_ITEMS:Free Form Intake,CRYSTALLOID IN ANGIO,"自由文本入量描述, 目标概念库外"
mimic-iii,D_ITEMS:Free Form Intake,CARIPORIDE,"自由文本入量描述, 目标概念库外"
mimic-iii,D_ITEMS:Free Form Intake,SOLUMEDEROL GTT,"自由文本入量描述, 目标概念库外"
mimic-iii,D_ITEMS:Free Form Intake,CC6 INTAKE,"自由文本入量描述, 目标概念库外"
mimic-iii,D_ITEMS:Free Form Intake,READI-CAT,"自由文本入量描述, 目标概念库外"
mimic-iii,D_ITEMS:Free Form Intake,90%CC/CC U/O REPLACE,"自由文本入量描述, 目标概念库外"
mimic-iii,D_ITEMS:Free Form Intake,Cisatracurium gtt,"自由文本入量描述, 目标概念库外"
mimic-iii,D_ITEMS:Free Form Intake,NA+ ACETATE,"自由文本入量描述, 目标概念库外"
mimic-iii,D_ITEMS:Free Form Intake,D5W + 40 KCL,"自由文本入量描述, 目标概念库外"
mimic-iii,D_ITEMS:Free Form Intake,vicu cryst,"自由文本入量描述, 目标概念库外"
mimic-iii,D_ITEMS:Free Form Intake,epidural drip,"自由文本入量描述, 目标概念库外"
mimic-iii,D_ITEMS:Free Form Intake,GASTROGRAFIN/NG,"自由文本入量描述, 目标概念库外"
mimic-iii,D_ITEMS:Free Form Intake,Precedex mcg/kg/hr,"自由文本入量描述, 目标概念库外"
mimic-iii,D_ITEMS:Free Form Intake,hcl 50meq/500cc@   0,"自由文本入量描述, 目标概念库外"
mimic-iii,D_ITEMS:Free Form Intake,D5LR W/40K,"自由文本入量描述, 目标概念库外"
mimic-iii,D_ITEMS:Free Form Intake,NEURO-RAD IN,"自由文本入量描述, 目标概念库外"
mimic-iii,D_ITEMS:Free Form Intake,Cisat mcg/kg/min,"自由文本入量描述, 目标概念库外"
mimic-iii,D_ITEMS:Free Form Intake,THAM (30 meq=100cc),"自由文本入量描述, 目标概念库外"
mimic-iii,D_ITEMS:Free Form Intake,nabicarb 250/1000,"自由文本入量描述, 目标概念库外"
mimic-iii,D_ITEMS:Free Form Intake,INTAKE ON FLOOR,"自由文本入量描述, 目标概念库外"
mimic-iii,D_ITEMS:Free Form Intake,SOLUMEDROL DRIPMG/HR,"自由文本入量描述, 目标概念库外"
mimic-iii,D_ITEMS:Free Form Intake,heparin via sheaths,"自由文本入量描述, 目标概念库外"
mimic-iii,D_ITEMS:Free Form Intake,ANCEF IRRIGATION,"自由文本入量描述, 目标概念库外"
mimic-iii,D_ITEMS:Free Form Intake,CARIPORIDE STUDY/CC,"自由文本入量描述, 目标概念库外"
mimic-iii,D_ITEMS:Free Form Intake,D5W w/20gm CaGluc,"自由文本入量描述, 目标概念库外"
mimic-iii,D_ITEMS:Free Form Intake,CAROPORIDE,"自由文本入量描述, 目标概念库外"
mimic-iii,D_ITEMS:Free Form Intake,farr 7 intake,"自由文本入量描述, 目标概念库外"
mimic-iii,D_ITEMS:Free Form Intake,1/2 STR. IMPACT/FIBR,"自由文本入量描述, 目标概念库外"
mimic-iii,D_ITEMS:Free Form Intake,250n/s 15mM NA PHOS,"自由文本入量描述, 目标概念库外"
mimic-iii,D_ITEMS:Free Form Intake,ANTI-THYMOCYTE GLOB,"自由文本入量描述, 目标概念库外"
mimic-iii,D_ITEMS:Free Form Intake,PD fluid 2.5%,"自由文本入量描述, 目标概念库外"
mimic-iii,D_ITEMS:Free Form Intake,FENOLDOPAM 10MG/250C,"自由文本入量描述, 目标概念库外"
mimic-iii,D_ITEMS:Free Form Intake,PENTOBARB DRIP,"自由文本入量描述, 目标概念库外"
mimic-iii,D_ITEMS:Free Form Intake,PD4.5%,"自由文本入量描述, 目标概念库外"
mimic-iii,D_ITEMS:Free Form Intake,drain flush l,"自由文本入量描述, 目标概念库外"
mimic-iii,D_ITEMS:Free Form Intake,NEPRO W/ PROMOD,"自由文本入量描述, 目标概念库外"
mimic-iii,D_ITEMS:Free Form Intake,GASTROGAVIN,"自由文本入量描述, 目标概念库外"
mimic-iii,D_ITEMS:Free Form Intake,4.25travasol/5%dex.,"自由文本入量描述, 目标概念库外"
mimic-iii,D_ITEMS:Free Form Intake,D5W/Ca Gluc 20Gm,"自由文本入量描述, 目标概念库外"
mimic-iii,D_ITEMS:Free Form Intake,d5w/20g cagluc/L,"自由文本入量描述, 目标概念库外"
mimic-iii,D_ITEMS:Free Form Intake,1000 D5W 20GM CAGLU,"自由文本入量描述, 目标概念库外"
mimic-iii,D_ITEMS:Free Form Intake,farr 7 crystalloid,"自由文本入量描述, 目标概念库外"
mimic-iii,D_ITEMS:Free Form Intake,anti-thymocyte globn,"自由文本入量描述, 目标概念库外"
mimic-iii,D_ITEMS:Free Form Intake,nepro with promod,"自由文本入量描述, 目标概念库外"
mimic-iii,D_ITEMS:Free Form Intake,Fluid in cath lab,"自由文本入量描述, 目标概念库外"
mimic-iii,D_ITEMS:Free Form Intake,1000NS/1000UHEPARIN,"自由文本入量描述, 目标概念库外"
mimic-iii,D_ITEMS:Free Form Intake,bivalirudin gtt,"自由文本入量描述, 目标概念库外"
mimic-iii,D_ITEMS:Free Form Intake,antithymocyte globin,"自由文本入量描述, 目标概念库外"
mimic-iii,D_ITEMS:Free Form Intake,aprotinen,"自由文本入量描述, 目标概念库外"
mimic-iii,D_ITEMS:Free Form Intake,SOLUMEDROL GTT,"自由文本入量描述, 目标概念库外"
mimic-iii,D_ITEMS:Free Form Intake,INR BLOOD PRODUCTS,"自由文本入量描述, 目标概念库外"
mimic-iii,D_ITEMS:Free Form Intake,po intake farr5,"自由文本入量描述, 目标概念库外"
mimic-iii,D_ITEMS:Free Form Intake,c-scan,"自由文本入量描述, 目标概念库外"
mimic-iii,D_ITEMS:Free Form Intake,cell saver/or,"自由文本入量描述, 目标概念库外"
mimic-iii,D_ITEMS:Free Form Intake,pos. dialysate intak,"自由文本入量描述, 目标概念库外"
mimic-iii,D_ITEMS:Free Form Intake,ALCOHOL 10%DRIP G/HR,"自由文本入量描述, 目标概念库外"
mimic-iii,D_ITEMS:Free Form Intake,TROMETHAMINE CC/HR,"自由文本入量描述, 目标概念库外"
mimic-iii,D_ITEMS:Free Form Intake,1000D5/130NA ACETATE,"自由文本入量描述, 目标概念库外"
mimic-iii,D_ITEMS:Free Form Intake,ACETYLCYSTEINE,"自由文本入量描述, 目标概念库外"
mimic-iii,D_ITEMS:Free Form Intake,alteplase,"自由文本入量描述, 目标概念库外"
mimic-iii,D_ITEMS:Free Form Intake,10% ALCOHOL DRIP,"自由文本入量描述, 目标概念库外"
mimic-iii,D_ITEMS:Free Form Intake,CONTRAST VIA NGT,"自由文本入量描述, 目标概念库外"
mimic-iii,D_ITEMS:Free Form Intake,VICU PRBC,"自由文本入量描述, 目标概念库外"
mimic-iii,D_ITEMS:Free Form Intake,IR CRYSTALLOID,"自由文本入量描述, 目标概念库外"
mimic-iii,D_ITEMS:Free Form Intake,"THIAME,FOLICACID,MVI","自由文本入量描述, 目标概念库外"
mimic-iii,D_ITEMS:Free Form Intake,Cisat mcg/kg/hr,"自由文本入量描述, 目标概念库外"
mimic-iii,D_ITEMS:Free Form Intake,AMPHO-B,"自由文本入量描述, 目标概念库外"
mimic-iii,D_ITEMS:Free Form Intake,WATER VIA NG,"自由文本入量描述, 目标概念库外"
mimic-iii,D_ITEMS:Free Form Intake,peg tail flush,"自由文本入量描述, 目标概念库外"
mimic-iii,D_ITEMS:Free Form Intake,KCL 20mEq bolus,"自由文本入量描述, 目标概念库外"
mimic-iii,D_ITEMS:Free Form Intake,potassium phos,"自由文本入量描述, 目标概念库外"
mimic-iii,D_ITEMS:Free Form Intake,CELL SAVER IN OR,"自由文本入量描述, 目标概念库外"
mimic-iii,D_ITEMS:Free Form Intake,Antithymocyte globu,"自由文本入量描述, 目标概念库外"
mimic-iii,D_ITEMS:Free Form Intake,100mgm ATG/250N/S,"自由文本入量描述, 目标概念库外"
mimic-iii,D_ITEMS:Free Form Intake,Pigtail Drain FlushI,"自由文本入量描述, 目标概念库外"
mimic-iii,D_ITEMS:Free Form Intake,fenoldopam,"自由文本入量描述, 目标概念库外"
mimic-iii,D_ITEMS:Free Form Intake,from flow sheet,"自由文本入量描述, 目标概念库外"
mimic-iii,D_ITEMS:Free Form Intake,3/4st impact w/fiber,"自由文本入量描述, 目标概念库外"
mimic-iii,D_ITEMS:Free Form Intake,HYDRALAZINE IV,"自由文本入量描述, 目标概念库外"
mimic-iii,D_ITEMS:Free Form Intake,LOPRESSOR IV,"自由文本入量描述, 目标概念库外"
mimic-iii,D_ITEMS:Free Form Intake,farr 2 intake,"自由文本入量描述, 目标概念库外"
mimic-iii,D_ITEMS:Free Form Intake,METHYLPREDNISOLONE,"自由文本入量描述, 目标概念库外"
mimic-iii,D_ITEMS:Free Form Intake,corlopam mcgs/kg/min,"自由文本入量描述, 目标概念库外"
mimic-iii,D_ITEMS:Free Form Intake,gastroview,"自由文本入量描述, 目标概念库外"
mimic-iii,D_ITEMS:Free Form Intake,E.R. CRYSTALLOID,"自由文本入量描述, 目标概念库外"
mimic-iii,D_ITEMS:Free Form Intake,1/2ST IMPACT/FIBER,"自由文本入量描述, 目标概念库外"
mimic-iii,D_ITEMS:Free Form Intake,GOLYTELY,"自由文本入量描述, 目标概念库外"
mimic-iii,D_ITEMS:Free Form Intake,KETAMINE MG/HR,"自由文本入量描述, 目标概念库外"
mimic-iii,D_ITEMS:Free Form Intake,1/2 H2O/impact fiber,"自由文本入量描述, 目标概念库外"
mimic-iii,D_ITEMS:Free Form Intake,20 GM CAGLUC/1L D5W,"自由文本入量描述, 目标概念库外"
mimic-iii,D_ITEMS:Free Form Intake,Alcohol Gm/hour,"自由文本入量描述, 目标概念库外"
mimic-iii,D_ITEMS:Free Form Intake,NS W/ 40 KCL,"自由文本入量描述, 目标概念库外"
mimic-iii,D_ITEMS:Free Form Intake,GU IRRIGANT,"自由文本入量描述, 目标概念库外"
mimic-iii,D_ITEMS:Free Form Intake,corlopam,"自由文本入量描述, 目标概念库外"
mimic-iii,D_ITEMS:Free Form Intake,k phos over 6hrs.,"自由文本入量描述, 目标概念库外"
mimic-iii,D_ITEMS:Free Form Intake,ms04 pca,"自由文本入量描述, 目标概念库外"
mimic-iii,D_ITEMS:Free Form Intake,ALCOHOL GTT ML/HR,"自由文本入量描述, 目标概念库外"
mimic-iii,D_ITEMS:Free Form Intake,carevue downtime,"自由文本入量描述, 目标概念库外"
mimic-iii,D_ITEMS:Free Form Intake,while carevue down,"自由文本入量描述, 目标概念库外"
mimic-iii,D_ITEMS:Free Form Intake,CRYSTAL IN/DAY SHIFT,"自由文本入量描述, 目标概念库外"
mimic-iii,D_ITEMS:Free Form Intake,40kcl in 500ns,"自由文本入量描述, 目标概念库外"
mimic-iii,D_ITEMS:Free Form Intake,cryo,"自由文本入量描述, 目标概念库外"
mimic-iii,D_ITEMS:Free Form Intake,40kcl in 500cc ns,"自由文本入量描述, 目标概念库外"
mimic-iii,D_ITEMS:Free Form Intake,GI IVF,"自由文本入量描述, 目标概念库外"
mimic-iii,D_ITEMS:Free Form Intake,15 mmol K phos/250cc,"自由文本入量描述, 目标概念库外"
mimic-iii,D_ITEMS:Free Form Intake,Intra-abd. Pressure,"自由文本入量描述, 目标概念库外"
mimic-iii,D_ITEMS:Free Form Intake,NA PHOS 30MMOL,"自由文本入量描述, 目标概念库外"
mimic-iii,D_ITEMS:Free Form Intake,er crystilliods,"自由文本入量描述, 目标概念库外"
mimic-iii,D_ITEMS:Free Form Intake,atg,"自由文本入量描述, 目标概念库外"
mimic-iii,D_ITEMS:Free Form Intake,anti-thomocyte glob.,"自由文本入量描述, 目标概念库外"
mimic-iii,D_ITEMS:Free Form Intake,FARR 6 IN IVF,"自由文本入量描述, 目标概念库外"
mimic-iii,D_ITEMS:Free Form Intake,PORK INSULIN GTT,"自由文本入量描述, 目标概念库外"
mimic-iii,D_ITEMS:Free Form Intake,PLAMA-LYTE,"自由文本入量描述, 目标概念库外"
mimic-iii,D_ITEMS:Free Form Intake,Rectal Irrigation,"自由文本入量描述, 目标概念库外"
mimic-iii,D_ITEMS:Free Form Intake,lepirudim,"自由文本入量描述, 目标概念库外"
mimic-iii,D_ITEMS:Free Form Intake,10% ALCOHOL IN 5% D5,"自由文本入量描述, 目标概念库外"
mimic-iii,D_ITEMS:Free Form Intake,HYDROCHLORIC ACID,"自由文本入量描述, 目标概念库外"
mimic-iii,D_ITEMS:Free Form Intake,HCL 75 meq/500ml,"自由文本入量描述, 目标概念库外"
mimic-iii,D_ITEMS:Free Form Intake,Prostaglandin,"自由文本入量描述, 目标概念库外"
mimic-iii,D_ITEMS:Free Form Intake,cell saver OR,"自由文本入量描述, 目标概念库外"
mimic-iii,D_ITEMS:Free Form Intake,OR CRYO,"自由文本入量描述, 目标概念库外"
mimic-iii,D_ITEMS:Free Form Intake,ns w/ 40meq kcl,"自由文本入量描述, 目标概念库外"
mimic-iii,D_ITEMS:Free Form Intake,Pheresis - In,"自由文本入量描述, 目标概念库外"
mimic-iii,D_ITEMS:Free Form Intake,nepro (1/2) & promod,"自由文本入量描述, 目标概念库外"
mimic-iii,D_ITEMS:Free Form Intake,contrast po,"自由文本入量描述, 目标概念库外"
mimic-iii,D_ITEMS:Free Form Intake,20Gm CaGluc/1000ccNS,"自由文本入量描述, 目标概念库外"
mimic-iii,D_ITEMS:Free Form Intake,K+ phosphate,"自由文本入量描述, 目标概念库外"
mimic-iii,D_ITEMS:Free Form Intake,protonix 8mg/250,"自由文本入量描述, 目标概念库外"
mimic-iii,D_ITEMS:Free Form Intake,21mM Potassium Phos,"自由文本入量描述, 目标概念库外"
mimic-iii,D_ITEMS:Free Form Intake,Free H20 intake,"自由文本入量描述, 目标概念库外"
mimic-iii,D_ITEMS:Free Form Intake,1/4 NS,"自由文本入量描述, 目标概念库外"
mimic-iii,D_ITEMS:Free Form Intake,capd dialysate,"自由文本入量描述, 目标概念库外"
mimic-iii,D_ITEMS:Free Form Intake,before icu ns,"自由文本入量描述, 目标概念库外"
mimic-iii,D_ITEMS:Free Form Intake,NS FLUSH OF DRAIN,"自由文本入量描述, 目标概念库外"
mimic-iii,D_ITEMS:Free Form Intake,d10 bolus,"自由文本入量描述, 目标概念库外"
mimic-iii,D_ITEMS:Free Form Intake,Bicarb drip,"自由文本入量描述, 目标概念库外"
mimic-iii,D_ITEMS:Free Form Intake,TPN D21.5 with hep,"自由文本入量描述, 目标概念库外"
mimic-iii,D_ITEMS:Free Form Intake,THAM,"自由文本入量描述, 目标概念库外"
mimic-iii,D_ITEMS:Free Form Intake,thermoldilution,"自由文本入量描述, 目标概念库外"
mimic-iii,D_ITEMS:Free Form Intake,dextrose gtt,"自由文本入量描述, 目标概念库外"
mimic-iii,D_ITEMS:Free Form Intake,cardiac output fluid,"自由文本入量描述, 目标概念库外"
mimic-iii,D_ITEMS:Free Form Intake,Water bolus,"自由文本入量描述, 目标概念库外"
mimic-iii,D_ITEMS:Free Form Intake,free h20 bolus,"自由文本入量描述, 目标概念库外"
mimic-iii,D_ITEMS:Free Form Intake,Chest tube flush,"自由文本入量描述, 目标概念库外"
mimic-iii,D_ITEMS:Free Form Intake,gall drain flush,"自由文本入量描述, 目标概念库外"
mimic-iii,D_ITEMS:Free Form Intake,Dextrose 15%,"自由文本入量描述, 目标概念库外"
mimic-iii,D_ITEMS:Free Form Intake,Rifampin,"自由文本入量描述, 目标概念库外"
mimic-iii,D_ITEMS:Free Form Intake,ER,"自由文本入量描述, 目标概念库外"
mimic-iii,D_ITEMS:Free Form Intake,dialysate in,"自由文本入量描述, 目标概念库外"
mimic-iii,D_ITEMS:Free Form Intake,Bannana Bag,"自由文本入量描述, 目标概念库外"
mimic-iii,D_ITEMS:Free Form Intake,pepcid gtt,"自由文本入量描述, 目标概念库外"
mimic-iii,D_ITEMS:Free Form Intake,15 mMol KPhos,"自由文本入量描述, 目标概念库外"
mimic-iii,D_ITEMS:Free Form Intake,famotidine,"自由文本入量描述, 目标概念库外"
mimic-iii,D_ITEMS:Free Form Intake,GO-LYTELY,"自由文本入量描述, 目标概念库外"
mimic-iii,D_ITEMS:Free Form Intake,Vanco Enema In:,"自由文本入量描述, 目标概念库外"
mimic-iii,D_ITEMS:Free Form Intake,Gastro Graphin,"自由文本入量描述, 目标概念库外"
mimic-iii,D_ITEMS:Free Form Intake,celestomy drain,"自由文本入量描述, 目标概念库外"
mimic-iii,D_ITEMS:Free Form Intake,mycomust,"自由文本入量描述, 目标概念库外"
mimic-iii,D_ITEMS:Free Form Intake,Xygris,"自由文本入量描述, 目标概念库外"
mimic-iii,D_ITEMS:Free Form Intake,EW,"自由文本入量描述, 目标概念库外"
mimic-iii,D_ITEMS:Free Form Intake,Angio IVF,"自由文本入量描述, 目标概念库外"
mimic-iii,D_ITEMS:Free Form Intake,lactulose Enema,"自由文本入量描述, 目标概念库外"
mimic-iii,D_ITEMS:Free Form Intake,15 MMOL NaPHOS,"自由文本入量描述, 目标概念库外"
mimic-iii,D_ITEMS:Free Form Intake,Verapamil,"自由文本入量描述, 目标概念库外"
mimic-iii,D_ITEMS:Free Form Intake,Verapamil drip,"自由文本入量描述, 目标概念库外"
mimic-iii,D_ITEMS:Free Form Intake,iv intake in angio,"自由文本入量描述, 目标概念库外"
mimic-iii,D_ITEMS:Free Form Intake,EW IVF,"自由文本入量描述, 目标概念库外"
mimic-iii,D_ITEMS:Free Form Intake,HD output,"自由文本入量描述, 目标概念库外"
mimic-iii,D_ITEMS:Free Form Intake,irrig for bldr press,"自由文本入量描述, 目标概念库外"
mimic-iii,D_ITEMS:Free Form Intake,Kayoxalate Enema,"自由文本入量描述, 目标概念库外"
mimic-iii,D_ITEMS:Free Form Intake,CAPD dialysate dwell,"自由文本入量描述, 目标概念库外"
mimic-iii,D_ITEMS:Free Form Intake,fee water bolus,"自由文本入量描述, 目标概念库外"
mimic-iii,D_ITEMS:Free Form Intake,Mannitol 50Gm/250mL,"自由文本入量描述, 目标概念库外"
mimic-iii,D_ITEMS:Free Form Intake,TOTAL IN FROM PAPERT,"自由文本入量描述, 目标概念库外"
mimic-iii,D_ITEMS:Free Form Intake,iv fluid since mn,"自由文本入量描述, 目标概念库外"
mimic-iii,D_ITEMS:Free Form Intake,Lactulose300mg/NS700,"自由文本入量描述, 目标概念库外"
mimic-iii,D_ITEMS:Free Form Intake,total intake since n,"自由文本入量描述, 目标概念库外"
mimic-iii,D_ITEMS:Free Form Intake,input from midnight,"自由文本入量描述, 目标概念库外"
mimic-iii,D_ITEMS:Free Form Intake,i&o by paper,"自由文本入量描述, 目标概念库外"
mimic-iii,D_ITEMS:Free Form Intake,FLOOR OUTPUT,"自由文本入量描述, 目标概念库外"
mimic-iii,D_ITEMS:Free Form Intake,READYCAT,"自由文本入量描述, 目标概念库外"
mimic-iii,D_ITEMS:Free Form Intake,gastrograffin,"自由文本入量描述, 目标概念库外"
mimic-iii,D_ITEMS:Free Form Intake,ns w/ 15mmol na+ phs,"自由文本入量描述, 目标概念库外"
mimic-iii,D_ITEMS:Free Form Intake,Bari-cat,"自由文本入量描述, 目标概念库外"
mimic-iii,D_ITEMS:Free Form Intake,HD putback,"自由文本入量描述, 目标概念库外"
mimic-iii,D_ITEMS:Free Form Intake,IR blood products,"自由文本入量描述, 目标概念库外"
mimic-iii,D_ITEMS:Free Form Intake,IR intake,"自由文本入量描述, 目标概念库外"
mimic-iii,D_ITEMS:Free Form Intake,Peritoneal dial in,"自由文本入量描述, 目标概念库外"
mimic-iii,D_ITEMS:Free Form Intake,2.5% dialysate in,"自由文本入量描述, 目标概念库外"
mimic-iii,D_ITEMS:Free Form Intake,1.5% dialysate,"自由文本入量描述, 目标概念库外"
mimic-iii,D_ITEMS:Free Form Intake,protonix gtt cc/hr,"自由文本入量描述, 目标概念库外"
mimic-iii,D_ITEMS:Free Form Intake,Hemo Vol,"自由文本入量描述, 目标概念库外"
mimic-iii,D_ITEMS:Free Form Intake,Calcium chloride IVP,"自由文本入量描述, 目标概念库外"
mimic-iii,D_ITEMS:Free Form Intake,sodium bicarb IVP,"自由文本入量描述, 目标概念库外"
mimic-iii,D_ITEMS:Free Form Intake,reaadicat,"自由文本入量描述, 目标概念库外"
mimic-iii,D_ITEMS:Free Form Intake,nicardipine gtt,"自由文本入量描述, 目标概念库外"
mimic-iii,D_ITEMS:Free Form Intake,D5W 150meq NAHCO3,"自由文本入量描述, 目标概念库外"
mimic-iii,D_ITEMS:Free Form Intake,golytlely,"自由文本入量描述, 目标概念库外"
mimic-iii,D_ITEMS:Free Form Intake,Dilaudid Epidural,"自由文本入量描述, 目标概念库外"
mimic-iii,D_ITEMS:Free Form Intake,nicardipine drip,"自由文本入量描述, 目标概念库外"
mimic-iii,D_ITEMS:Free Form Intake,Bicarb gtt,"自由文本入量描述, 目标概念库外"
mimic-iii,D_ITEMS:Free Form Intake,Nep Tube #1 flush,"自由文本入量描述, 目标概念库外"
mimic-iii,D_ITEMS:Free Form Intake,Neph tube #2 flush,"自由文本入量描述, 目标概念库外"
mimic-iii,D_ITEMS:Free Form Intake,]readi-cat,"自由文本入量描述, 目标概念库外"
mimic-iii,D_ITEMS:Free Form Intake,er crystalloid,"自由文本入量描述, 目标概念库外"
mimic-iii,D_ITEMS:Free Form Intake,ANGIO CRYSTALL,"自由文本入量描述, 目标概念库外"
mimic-iii,D_ITEMS:Free Form Intake,CISTACURIUM,"自由文本入量描述, 目标概念库外"
mimic-iii,D_ITEMS:Free Form Intake,barium sulfate,"自由文本入量描述, 目标概念库外"
mimic-iii,D_ITEMS:Free Form Intake,aprotinin cc/hr,"自由文本入量描述, 目标概念库外"
mimic-iii,D_ITEMS:Free Form Intake,nimbex mcg/kg/min,"自由文本入量描述, 目标概念库外"
mimic-iii,D_ITEMS:Free Form Intake,L neph tube irrig,"自由文本入量描述, 目标概念库外"
mimic-iii,D_ITEMS:Free Form Intake,criticare hn tf,"自由文本入量描述, 目标概念库外"
mimic-iii,D_ITEMS:Free Form Intake,promote with fiber,"自由文本入量描述, 目标概念库外"
mimic-iii,D_ITEMS:Free Form Intake,AMPHOTERCIN CC HR,"自由文本入量描述, 目标概念库外"
mimic-iii,D_ITEMS:Free Form Intake,GASTROGAVIN IN H20,"自由文本入量描述, 目标概念库外"
mimic-iii,D_ITEMS:Free Form Intake,ER INTAKE,"自由文本入量描述, 目标概念库外"
mimic-iii,D_ITEMS:Free Form Intake,promote/fiber,"自由文本入量描述, 目标概念库外"
mimic-iii,D_ITEMS:Free Form Intake,METHYLPREDNISONE GTT,"自由文本入量描述, 目标概念库外"
mimic-iii,D_ITEMS:Free Form Intake,CBI-NS,"自由文本入量描述, 目标概念库外"
mimic-iii,D_ITEMS:Free Form Intake,pamidronate,"自由文本入量描述, 目标概念库外"
mimic-iii,D_ITEMS:Free Form Intake,bladder press irrig,"自由文本入量描述, 目标概念库外"
mimic-iii,D_ITEMS:Free Form Intake,TPA 1MG/5CC,"自由文本入量描述, 目标概念库外"
mimic-iii,D_ITEMS:Free Form Intake,c scan,"自由文本入量描述, 目标概念库外"
mimic-iii,D_ITEMS:Free Form Intake,CONTRAST VIA NG.,"自由文本入量描述, 目标概念库外"
mimic-iii,D_ITEMS:Free Form Intake,ANGIO CRYSTALLOIDS,"自由文本入量描述, 目标概念库外"
mimic-iii,D_ITEMS:Free Form Intake,PRE ANGIO(PACU)CRYST,"自由文本入量描述, 目标概念库外"
mimic-iii,D_ITEMS:Free Form Intake,1/4STR BETAD. FLUSH,"自由文本入量描述, 目标概念库外"
mimic-iii,D_ITEMS:Free Form Intake,NS 40 KCL,"自由文本入量描述, 目标概念库外"
mimic-iii,D_ITEMS:Free Form Intake,METROWEST INTAKE,"自由文本入量描述, 目标概念库外"
mimic-iii,D_ITEMS:Free Form Intake,impact w/fiber+promo,"自由文本入量描述, 目标概念库外"
mimic-iii,D_ITEMS:Free Form Intake,cistatracurium,"自由文本入量描述, 目标概念库外"
mimic-iii,D_ITEMS:Free Form Intake,REPLACEMENT FLUID,"自由文本入量描述, 目标概念库外"
mimic-iii,D_ITEMS:Free Form Intake,iv fluid in angio,"自由文本入量描述, 目标概念库外"
mimic-iii,D_ITEMS:Free Form Intake,PROMOTE/w/FIBER,"自由文本入量描述, 目标概念库外"
mimic-iii,D_ITEMS:Free Form Intake,cistacur mcq/kg/min,"自由文本入量描述, 目标概念库外"
mimic-iii,D_ITEMS:Free Form Intake,FREE WATER/OR D5W,"自由文本入量描述, 目标概念库外"
mimic-iii,D_ITEMS:Free Form Intake,APROTONIN,"自由文本入量描述, 目标概念库外"
mimic-iii,D_ITEMS:Free Form Intake,ETOH DRIP,"自由文本入量描述, 目标概念库外"
mimic-iii,D_ITEMS:Free Form Intake,Bile instillation,"自由文本入量描述, 目标概念库外"
mimic-iii,D_ITEMS:Free Form Intake,k phosphate iv,"自由文本入量描述, 目标概念库外"
mimic-iii,D_ITEMS:Free Form Intake,solumedrol drip,"自由文本入量描述, 目标概念库外"
mimic-iii,D_ITEMS:Free Form Intake,CARDIAC OUTPUT FLUSH,"自由文本入量描述, 目标概念库外"
mimic-iii,D_ITEMS:Free Form Intake,bile replacement/q4h,"自由文本入量描述, 目标概念库外"
mimic-iii,D_ITEMS:Free Form Intake,ANGIO,"自由文本入量描述, 目标概念库外"
mimic-iii,D_ITEMS:Free Form Intake,MANITOL,"自由文本入量描述, 目标概念库外"
mimic-iii,D_ITEMS:Free Form Intake,approtinin,"自由文本入量描述, 目标概念库外"
mimic-iii,D_ITEMS:Free Form Intake,Pre admit FFP,"自由文本入量描述, 目标概念库外"
mimic-iii,D_ITEMS:Free Form Intake,REDI-CAT,"自由文本入量描述, 目标概念库外"
mimic-iii,D_ITEMS:Free Form Intake,CATH LAB CRYST,"自由文本入量描述, 目标概念库外"
mimic-iii,D_ITEMS:Free Form Intake,CONTRAST CATH LAB,"自由文本入量描述, 目标概念库外"
mimic-iii,D_ITEMS:Free Form Intake,CC7 FLUIDS,"自由文本入量描述, 目标概念库外"
mimic-iii,D_ITEMS:Free Form Intake,gi fluid,"自由文本入量描述, 目标概念库外"
mimic-iii,D_ITEMS:Free Form Intake,contrast via ft,"自由文本入量描述, 目标概念库外"
mimic-iii,D_ITEMS:Free Form Intake,.45ns w/ 20kcl,"自由文本入量描述, 目标概念库外"
mimic-iii,D_ITEMS:Free Form Intake,CRYS CC7,"自由文本入量描述, 目标概念库外"
mimic-iii,D_ITEMS:Free Form Intake,1/2ST IMPACT W/FIBER,"自由文本入量描述, 目标概念库外"
mimic-iii,D_ITEMS:Free Form Intake,pamidrinate in ns,"自由文本入量描述, 目标概念库外"
mimic-iii,D_ITEMS:Free Form Intake,study drug,"自由文本入量描述, 目标概念库外"
mimic-iii,D_ITEMS:Free Form Intake,Mucomyst,"自由文本入量描述, 目标概念库外"
mimic-iii,D_ITEMS:Free Form Intake,Drain Flush,"自由文本入量描述, 目标概念库外"
mimic-iii,D_ITEMS:Free Form Intake,golytle,"自由文本入量描述, 目标概念库外"
mimic-iii,D_ITEMS:Free Form Intake,3/4str impact w/fibr,"自由文本入量描述, 目标概念库外"
mimic-iii,D_ITEMS:Free Form Intake,GO LYTELY,"自由文本入量描述, 目标概念库外"
mimic-iii,D_ITEMS:Free Form Intake,NS w/ 40K,"自由文本入量描述, 目标概念库外"
mimic-iii,D_ITEMS:Free Form Intake,JT bile,"自由文本入量描述, 目标概念库外"
mimic-iii,D_ITEMS:Free Form Intake,natracor,"自由文本入量描述, 目标概念库外"
mimic-iii,D_ITEMS:Free Form Intake,K+ PHOS,"自由文本入量描述, 目标概念库外"
mimic-iii,D_ITEMS:Free Form Intake,free water infusion,"自由文本入量描述, 目标概念库外"
mimic-iii,D_ITEMS:Free Form Intake,po contrast,"自由文本入量描述, 目标概念库外"
mimic-iii,D_ITEMS:Free Form Intake,supra pubic flush,"自由文本入量描述, 目标概念库外"
mimic-iii,D_ITEMS:Free Form Intake,protonix infusion,"自由文本入量描述, 目标概念库外"
mimic-iii,D_ITEMS:Free Form Intake,foley irrigation,"自由文本入量描述, 目标概念库外"
mimic-iii,D_ITEMS:Free Form Intake,PROTONIX GTT,"自由文本入量描述, 目标概念库外"
mimic-iii,D_ITEMS:Free Form Intake,PD dialysate in,"自由文本入量描述, 目标概念库外"
mimic-iii,D_ITEMS:Free Form Intake,ns bladder,"自由文本入量描述, 目标概念库外"
mimic-iii,D_ITEMS:Free Form Intake,IGG,"自由文本入量描述, 目标概念库外"
mimic-iii,D_ITEMS:Free Form Intake,MANNITOL,"自由文本入量描述, 目标概念库外"
mimic-iii,D_ITEMS:Free Form Intake,DEXTRAN,"自由文本入量描述, 目标概念库外"
mimic-iii,D_ITEMS:Free Form Intake,plueral fluid,"自由文本入量描述, 目标概念库外"
mimic-iii,D_ITEMS:Free Form Intake,versed drip,"自由文本入量描述, 目标概念库外"
mimic-iii,D_ITEMS:Free Form Intake,talc in ct,"自由文本入量描述, 目标概念库外"
mimic-iii,D_ITEMS:Free Form Intake,bumex,"自由文本入量描述, 目标概念库外"
mimic-iii,D_ITEMS:Free Form Intake,IVF AT OSH,"自由文本入量描述, 目标概念库外"
mimic-iii,D_ITEMS:Free Form Intake,NA PHOS IN NSS,"自由文本入量描述, 目标概念库外"
mimic-iii,D_ITEMS:Free Form Intake,1/2STR. IMPACT + FIB,"自由文本入量描述, 目标概念库外"
mimic-iii,D_ITEMS:Free Form Intake,Vanco Enema,"自由文本入量描述, 目标概念库外"
mimic-iii,D_ITEMS:Free Form Intake,D51/4NS+100MeqNaHCO3,"自由文本入量描述, 目标概念库外"
mimic-iii,D_ITEMS:Free Form Intake,H20 BOlus,"自由文本入量描述, 目标概念库外"
mimic-iii,D_ITEMS:Free Form Intake,Vancomycin enema,"自由文本入量描述, 目标概念库外"
mimic-iii,D_ITEMS:Free Form Intake,Pleural Fluid,"自由文本入量描述, 目标概念库外"
mimic-iii,D_ITEMS:Free Form Intake,na phosphate in ns,"自由文本入量描述, 目标概念库外"
mimic-iii,D_ITEMS:Free Form Intake,FREE WATER BOLUSES,"自由文本入量描述, 目标概念库外"
mimic-iii,D_ITEMS:Free Form Intake,NS 500+40K,"自由文本入量描述, 目标概念库外"
mimic-iii,D_ITEMS:Free Form Intake,VICU INTAKE,"自由文本入量描述, 目标概念库外"
mimic-iii,D_ITEMS:Free Form Intake,dialysis/intake,"自由文本入量描述, 目标概念库外"
mimic-iii,D_ITEMS:Free Form Intake,CHEMOTHERAPY,"自由文本入量描述, 目标概念库外"
mimic-iii,D_ITEMS:Free Form Intake,40 KCL/500 NS,"自由文本入量描述, 目标概念库外"
mimic-iii,D_ITEMS:Free Form Intake,NA POSPHATE,"自由文本入量描述, 目标概念库外"
mimic-iii,D_ITEMS:Free Form Intake,OR Cyroprecipatate,"自由文本入量描述, 目标概念库外"
mimic-iii,D_ITEMS:Free Form Intake,15 m sodium phos   e,"自由文本入量描述, 目标概念库外"
mimic-iii,D_ITEMS:Free Form Intake,BM 26 with neocate,"自由文本入量描述, 目标概念库外"
mimic-iii,D_ITEMS:Free Form Intake,Neocate 26,"自由文本入量描述, 目标概念库外"
mimic-iii,D_ITEMS:Free Form Intake,kvo line,"自由文本入量描述, 目标概念库外"
mimic-iii,D_ITEMS:Free Form Intake,k phos 15 mmol,"自由文本入量描述, 目标概念库外"
mimic-iii,D_ITEMS:Free Form Intake,Nipple Type,"自由文本入量描述, 目标概念库外"
mimic-iii,D_ITEMS:Free Form Intake,FREE H20 BOLUSES,"自由文本入量描述, 目标概念库外"
mimic-iii,D_ITEMS:Free Form Intake,na+ phosphate,"自由文本入量描述, 目标概念库外"
mimic-iii,D_ITEMS:Free Form Intake,Cladribine,"自由文本入量描述, 目标概念库外"
mimic-iii,D_ITEMS:Free Form Intake,Pericardial flush:NS,"自由文本入量描述, 目标概念库外"
mimic-iii,D_ITEMS:Free Form Intake,Chest tube irrigate,"自由文本入量描述, 目标概念库外"
mimic-iii,D_ITEMS:Free Form Intake,SOD PHOSPHATE,"自由文本入量描述, 目标概念库外"
mimic-iii,D_ITEMS:Free Form Intake,15 MM NA PHOSPHATE,"自由文本入量描述, 目标概念库外"
mimic-iii,D_ITEMS:Free Form Intake,3/4 IMPACT/FIBER,"自由文本入量描述, 目标概念库外"
mimic-iii,D_ITEMS:Free Form Intake,D 10W bolus,"自由文本入量描述, 目标概念库外"
mimic-iii,D_ITEMS:Free Form Intake,anigo intake,"自由文本入量描述, 目标概念库外"
mimic-iii,D_ITEMS:Free Form Intake,floor in,"自由文本入量描述, 目标概念库外"
mimic-iii,D_ITEMS:Free Form Intake,Promote w/ fiber 3/4,"自由文本入量描述, 目标概念库外"
mimic-iii,D_ITEMS:Free Form Intake,baricat ct contrast,"自由文本入量描述, 目标概念库外"
mimic-iii,D_ITEMS:Free Form Intake,READICAT,"自由文本入量描述, 目标概念库外"
mimic-iii,D_ITEMS:Free Form Intake,Plasma-lyte,"自由文本入量描述, 目标概念库外"
mimic-iii,D_ITEMS:Free Form Intake,Dialysate Instilled,"自由文本入量描述, 目标概念库外"
mimic-iii,D_ITEMS:Free Form Intake,d5w&25meqk+acetate,"自由文本入量描述, 目标概念库外"
mimic-iii,D_ITEMS:Free Form Intake,D5W 50 meq Ca Acetat,"自由文本入量描述, 目标概念库外"
mimic-iii,D_ITEMS:Free Form Intake,40k/500ns,"自由文本入量描述, 目标概念库外"
mimic-iii,D_ITEMS:Free Form Intake,Angio in,"自由文本入量描述, 目标概念库外"
mimic-iii,D_ITEMS:Free Form Intake,3/4st promote wfiber,"自由文本入量描述, 目标概念库外"
mimic-iii,D_ITEMS:Free Form Intake,40 KCL/500CC,"自由文本入量描述, 目标概念库外"
mimic-iii,D_ITEMS:Free Form Intake,angio cryst,"自由文本入量描述, 目标概念库外"
mimic-iii,D_ITEMS:Free Form Intake,2/3 str impact/fiber,"自由文本入量描述, 目标概念库外"
mimic-iii,D_ITEMS:Free Form Intake,normal saline bolus,"自由文本入量描述, 目标概念库外"
mimic-iii,D_ITEMS:Free Form Intake,3/4 IMPACT W/ FIBER,"自由文本入量描述, 目标概念库外"
mimic-iii,D_ITEMS:Free Form Intake,plasma phoresis,"自由文本入量描述, 目标概念库外"
mimic-iii,D_ITEMS:Free Form Intake,Biliary tube flush,"自由文本入量描述, 目标概念库外"
mimic-iii,D_ITEMS:Free Form Intake,1/2na acetate1/2hep,"自由文本入量描述, 目标概念库外"
mimic-iii,D_ITEMS:Free Form Intake,1/2na acetate 1/2hep,"自由文本入量描述, 目标概念库外"
mimic-iii,D_ITEMS:Free Form Intake,solumedrol 10575/500,"自由文本入量描述, 目标概念库外"
mimic-iii,D_ITEMS:Free Form Intake,BILE REFEED,"自由文本入量描述, 目标概念库外"
mimic-iii,D_ITEMS:Free Form Intake,D5W with 3amps NaHC3,"自由文本入量描述, 目标概念库外"
mimic-iii,D_ITEMS:Free Form Intake,30 mmol na phos,"自由文本入量描述, 目标概念库外"
mimic-iii,D_ITEMS:Free Form Intake,Imp/fiberHALF,"自由文本入量描述, 目标概念库外"
mimic-iii,D_ITEMS:Free Form Intake,500NS/KPHOS30mm,"自由文本入量描述, 目标概念库外"
mimic-iii,D_ITEMS:Free Form Intake,CBP FLUID,"自由文本入量描述, 目标概念库外"
mimic-iii,D_ITEMS:Free Form Intake,Methylpred,"自由文本入量描述, 目标概念库外"
mimic-iii,D_ITEMS:Free Form Intake,PD catheter,"自由文本入量描述, 目标概念库外"
mimic-iii,D_ITEMS:Free Form Intake,Protonix Drip,"自由文本入量描述, 目标概念库外"
mimic-iii,D_ITEMS:Free Form Intake,fl bolus,"自由文本入量描述, 目标概念库外"
mimic-iii,D_ITEMS:Free Form Intake,NS with Folic Acid,"自由文本入量描述, 目标概念库外"
mimic-iii,D_ITEMS:Free Form Intake,ANTITHYMO-GLOBULIN,"自由文本入量描述, 目标概念库外"
mimic-iii,D_ITEMS:Free Form Intake,malinkot flush,"自由文本入量描述, 目标概念库外"
mimic-iii,D_ITEMS:Free Form Intake,ep intake,"自由文本入量描述, 目标概念库外"
mimic-iii,D_ITEMS:Free Form Intake,NIPPLE,"自由文本入量描述, 目标概念库外"
mimic-iii,D_ITEMS:Free Form Intake,BM24NEOSURE,"自由文本入量描述, 目标概念库外"
mimic-iii,D_ITEMS:Free Form Intake,Amino Acid 4.25%D5%,"自由文本入量描述, 目标概念库外"
mimic-iii,D_ITEMS:Free Form Intake,oxytocin 10 units/LR,"自由文本入量描述, 目标概念库外"
mimic-iii,D_ITEMS:Free Form Intake,KPO4,"自由文本入量描述, 目标概念库外"
mimic-iii,D_ITEMS:Free Form Intake,enema,"自由文本入量描述, 目标概念库外"
mimic-iii,D_ITEMS:Free Form Intake,APROTININ ML,"自由文本入量描述, 目标概念库外"
mimic-iii,D_ITEMS:Free Form Intake,BICARBONATE-HCO3,"自由文本入量描述, 目标概念库外"
mimic-iii,D_ITEMS:Free Form Intake,foley flush,"自由文本入量描述, 目标概念库外"
mimic-iii,D_ITEMS:Free Form Intake,FFP GTT,"自由文本入量描述, 目标概念库外"
mimic-iii,D_ITEMS:Free Form Intake,Blood emesis,"自由文本入量描述, 目标概念库外"
mimic-iii,D_ITEMS:Free Form Intake,rep.+dialysate,"自由文本入量描述, 目标概念库外"
mimic-iii,D_ITEMS:Free Form Intake,Impact w/fiber 2/3,"自由文本入量描述, 目标概念库外"
mimic-iii,D_ITEMS:Free Form Intake,D51/4 w/40meq Kcl,"自由文本入量描述, 目标概念库外"
mimic-iii,D_ITEMS:Free Form Intake,Calcium Gluc 40gm,"自由文本入量描述, 目标概念库外"
mimic-iii,D_ITEMS:Free Form Intake,E.R. FFP,"自由文本入量描述, 目标概念库外"
mimic-iii,D_ITEMS:Free Form Intake,kayexelate enema,"自由文本入量描述, 目标概念库外"
mimic-iii,D_ITEMS:Free Form Intake,D5W VIA J-TUBE,"自由文本入量描述, 目标概念库外"
mimic-iii,D_ITEMS:Free Form Intake,KPO4 30 MM,"自由文本入量描述, 目标概念库外"
mimic-iii,D_ITEMS:Free Form Intake,fluid bolus ns,"自由文本入量描述, 目标概念库外"
mimic-iii,D_ITEMS:Free Form Intake,Stool out,"自由文本入量描述, 目标概念库外"
mimic-iii,D_ITEMS:Free Form Intake,ER IV fluid,"自由文本入量描述, 目标概念库外"
mimic-iii,D_ITEMS:Free Form Intake,BICARB 150 MEQ,"自由文本入量描述, 目标概念库外"
mimic-iii,D_ITEMS:Free Form Intake,ice chips,"自由文本入量描述, 目标概念库外"
mimic-iii,D_ITEMS:Free Form Intake,ON FLOOR,"自由文本入量描述, 目标概念库外"
mimic-iii,D_ITEMS:Free Form Intake,Neosure 20 NG,"自由文本入量描述, 目标概念库外"
mimic-iii,D_ITEMS:Free Form Intake,Sim 28,"自由文本入量描述, 目标概念库外"
mimic-iii,D_ITEMS:Free Form Intake,Gtube flush,"自由文本入量描述, 目标概念库外"
mimic-iii,D_ITEMS:Free Form Intake,BAROCAT,"自由文本入量描述, 目标概念库外"
mimic-iii,D_ITEMS:Free Form Intake,f10 in,"自由文本入量描述, 目标概念库外"
mimic-iii,D_ITEMS:Free Form Intake,1/2 NaAc (UA),"自由文本入量描述, 目标概念库外"
mimic-iii,D_ITEMS:Free Form Intake,Impact/fiber/Pepto,"自由文本入量描述, 目标概念库外"
mimic-iii,D_ITEMS:Free Form Intake,PN D9.5 w/ heparin,"自由文本入量描述, 目标概念库外"
mimic-iii,D_ITEMS:Free Form Intake,"PE30,NG","自由文本入量描述, 目标概念库外"
mimic-iii,D_ITEMS:Free Form Intake,D5 0.45N/S+NAHCO3,"自由文本入量描述, 目标概念库外"
mimic-iii,D_ITEMS:Free Form Intake,"PE32, BENE PO","自由文本入量描述, 目标概念库外"
mimic-iii,D_ITEMS:Free Form Intake,pe32 + beneprotein,"自由文本入量描述, 目标概念库外"
mimic-iii,D_ITEMS:Free Form Intake,PE26cals/oz,"自由文本入量描述, 目标概念库外"
mimic-iii,D_ITEMS:Free Form Intake,N/S +KCL 40MEQ,"自由文本入量描述, 目标概念库外"
mimic-iii,D_ITEMS:Free Form Intake,N/S+KPO4 15MMOL,"自由文本入量描述, 目标概念库外"
mimic-iii,D_ITEMS:Free Form Intake,PE 32cals,"自由文本入量描述, 目标概念库外"
mimic-iii,D_ITEMS:Free Form Intake,E20,"自由文本入量描述, 目标概念库外"
mimic-iii,D_ITEMS:Free Form Intake,BM22 NG,"自由文本入量描述, 目标概念库外"
mimic-iii,D_ITEMS:Free Form Intake,DSG site,"自由文本入量描述, 目标概念库外"
mimic-iii,D_ITEMS:Free Form Intake,IV fluid bolus,"自由文本入量描述, 目标概念库外"
mimic-iii,D_ITEMS:Free Form Intake,pedialyte GT,"自由文本入量描述, 目标概念库外"
mimic-iii,D_ITEMS:Free Form Intake,500 cc ns bolus,"自由文本入量描述, 目标概念库外"
mimic-iii,D_ITEMS:Free Form Intake,epidural gtt,"自由文本入量描述, 目标概念库外"
mimic-iii,D_ITEMS:Free Form Intake,Enfamil 24 G-tube,"自由文本入量描述, 目标概念库外"
mimic-iii,D_ITEMS:Free Form Intake,CRYST FROM FLOOR,"自由文本入量描述, 目标概念库外"
mimic-iii,D_ITEMS:Free Form Intake,IV CONTRAST,"自由文本入量描述, 目标概念库外"
mimic-iii,D_ITEMS:Free Form Intake,Vecuronium drip,"自由文本入量描述, 目标概念库外"
mimic-iii,D_ITEMS:Free Form Intake,OSH input,"自由文本入量描述, 目标概念库外"
mimic-iii,D_ITEMS:Free Form Intake,free water q6hrs,"自由文本入量描述, 目标概念库外"
mimic-iii,D_ITEMS:Free Form Intake,EW crystalloids,"自由文本入量描述, 目标概念库外"
mimic-iii,D_ITEMS:Free Form Intake,PAPAVERINE,"自由文本入量描述, 目标概念库外"
mimic-iii,D_ITEMS:Free Form Intake,Hep B immune globuln,"自由文本入量描述, 目标概念库外"
mimic-iii,D_ITEMS:Free Form Intake,Portagen,"自由文本入量描述, 目标概念库外"
mimic-iii,D_ITEMS:Free Form Intake,1/2 NS flush,"自由文本入量描述, 目标概念库外"
mimic-iii,D_ITEMS:Free Form Intake,TPN D10.5 with hep,"自由文本入量描述, 目标概念库外"
mimic-iii,D_ITEMS:Free Form Intake,contrast dye,"自由文本入量描述, 目标概念库外"
mimic-iii,D_ITEMS:Free Form Intake,Potassium Chl. Bolus,"自由文本入量描述, 目标概念库外"
mimic-iii,D_ITEMS:Free Form Intake,Portagen NGT,"自由文本入量描述, 目标概念库外"
mimic-iii,D_ITEMS:Free Form Intake,Portagen 20 cal po,"自由文本入量描述, 目标概念库外"
mimic-iii,D_ITEMS:Free Form Intake,Carnation Good Start,"自由文本入量描述, 目标概念库外"
mimic-iii,D_ITEMS:Free Form Intake,D14.5 lytes and hep,"自由文本入量描述, 目标概念库外"
mimic-iii,D_ITEMS:Free Form Intake,tpn d13.5 with hepan,"自由文本入量描述, 目标概念库外"
mimic-iii,D_ITEMS:Free Form Intake,normal saline flushs,"自由文本入量描述, 目标概念库外"
mimic-iii,D_ITEMS:Free Form Intake,kcl infusion,"自由文本入量描述, 目标概念库外"
mimic-iii,D_ITEMS:Free Form Intake,Portagen NG,"自由文本入量描述, 目标概念库外"
mimic-iii,D_ITEMS:Free Form Intake,Portagen 24,"自由文本入量描述, 目标概念库外"
mimic-iii,D_ITEMS:Free Form Intake,BMFSPO+2HMF,"自由文本入量描述, 目标概念库外"
mimic-iii,D_ITEMS:Free Form Intake,Fentanyl bolus:,"自由文本入量描述, 目标概念库外"
mimic-iii,D_ITEMS:Free Form Intake,Similac,"自由文本入量描述, 目标概念库外"
mimic-iii,D_ITEMS:Free Form Intake,3/4 str Prosobee,"自由文本入量描述, 目标概念库外"
mimic-iii,D_ITEMS:Free Form Intake,IV D10W BOLUS,"自由文本入量描述, 目标概念库外"
mimic-iii,D_ITEMS:Free Form Intake,.45 NS,"自由文本入量描述, 目标概念库外"
mimic-iii,D_ITEMS:Free Form Intake,PE20 FS PO,"自由文本入量描述, 目标概念库外"
mimic-iii,D_ITEMS:Free Form Intake,PE20 PG,"自由文本入量描述, 目标概念库外"
mimic-iii,D_ITEMS:Free Form Intake,NG EAR 30cal,"自由文本入量描述, 目标概念库外"
mimic-iii,D_ITEMS:Free Form Intake,PO EAR30 cal,"自由文本入量描述, 目标概念库外"
mimic-iii,D_ITEMS:Free Form Intake,BMFSNG+ 4 HMF,"自由文本入量描述, 目标概念库外"
mimic-iii,D_ITEMS:Free Form Intake,Alimentum 28 NG,"自由文本入量描述, 目标概念库外"
mimic-iii,D_ITEMS:Free Form Intake,Alimentum 28 po,"自由文本入量描述, 目标概念库外"
mimic-iii,D_ITEMS:Free Form Intake,BMFSPO+ Promod+ HMF,"自由文本入量描述, 目标概念库外"
mimic-iii,D_ITEMS:Free Form Intake,PE24FSNG+Promod+HMF,"自由文本入量描述, 目标概念库外"
mimic-iii,D_ITEMS:Free Form Intake,GT,"自由文本入量描述, 目标概念库外"
mimic-iii,D_ITEMS:Free Form Intake,Prosobee 20cal GT,"自由文本入量描述, 目标概念库外"
mimic-iii,D_ITEMS:Free Form Intake,Portagen 20cal,"自由文本入量描述, 目标概念库外"
mimic-iii,D_ITEMS:Free Form Intake,gastric Ph,"自由文本入量描述, 目标概念库外"
mimic-iii,D_ITEMS:Free Form Intake,PE24+2HMF NG,"自由文本入量描述, 目标概念库外"
mimic-iii,D_ITEMS:Free Form Intake,PE24NG+MCT+Promod,"自由文本入量描述, 目标概念库外"
mimic-iii,D_ITEMS:Free Form Intake,PE24NG+2MCT+Promod,"自由文本入量描述, 目标概念库外"
mimic-iii,D_ITEMS:Free Form Intake,ENFAMIL AR,"自由文本入量描述, 目标概念库外"
mimic-iii,D_ITEMS:Free Form Intake,ENFAMIL AR 28 cal,"自由文本入量描述, 目标概念库外"
mimic-iii,D_ITEMS:Free Form Intake,NEOSURE 22,"自由文本入量描述, 目标概念库外"
mimic-iii,D_ITEMS:Free Form Intake,ml/kg/day,"自由文本入量描述, 目标概念库外"
mimic-iii,D_ITEMS:Free Form Intake,PN D10.5W,"自由文本入量描述, 目标概念库外"
mimic-iii,D_ITEMS:Free Form Intake,Pregestimil 22cal PO,"自由文本入量描述, 目标概念库外"
mimic-iii,D_ITEMS:Free Form Intake,PE22 PO,"自由文本入量描述, 目标概念库外"
mimic-iii,D_ITEMS:Free Form Intake,SPITS,"自由文本入量描述, 目标概念库外"
mimic-iii,D_ITEMS:Free Form Intake,BMFSNG + 4HMF + MCT,"自由文本入量描述, 目标概念库外"
mimic-iii,D_ITEMS:Free Form Intake,ER CRYST,"自由文本入量描述, 目标概念库外"
mimic-iii,D_ITEMS:Free Form Intake,NGT,"自由文本入量描述, 目标概念库外"
mimic-iii,D_ITEMS:Free Form Intake,ns w/40kcl,"自由文本入量描述, 目标概念库外"
mimic-iii,D_ITEMS:Free Form Intake,FARR 5 IN,"自由文本入量描述, 目标概念库外"
mimic-iii,D_ITEMS:Free Form Intake,baker tube/contrast,"自由文本入量描述, 目标概念库外"
mimic-iii,D_ITEMS:Free Form Intake,CRYST ANGIO,"自由文本入量描述, 目标概念库外"
mimic-iii,D_ITEMS:Free Form Intake,THYMOGLOBLIN,"自由文本入量描述, 目标概念库外"
mimic-iii,D_ITEMS:Free Form Intake,"APROTININ 10,000/100","自由文本入量描述, 目标概念库外"
mimic-iii,D_ITEMS:Free Form Intake,CC7 CRYSTALLOIDS,"自由文本入量描述, 目标概念库外"
mimic-iii,D_ITEMS:Free Form Intake,CC7 PRBC,"自由文本入量描述, 目标概念库外"
mimic-iii,D_ITEMS:Free Form Intake,.45NS & 1 AMP BICARB,"自由文本入量描述, 目标概念库外"
mimic-iii,D_ITEMS:Free Form Intake,anti-thymocyte globu,"自由文本入量描述, 目标概念库外"
mimic-iii,D_ITEMS:Free Form Intake,.45ns + 1 amp bicarb,"自由文本入量描述, 目标概念库外"
mimic-iii,D_ITEMS:Free Form Intake,CARIPORIDE STUDY,"自由文本入量描述, 目标概念库外"
mimic-iii,D_ITEMS:Free Form Intake,CISATRICARIUM CC/HR,"自由文本入量描述, 目标概念库外"
mimic-iii,D_ITEMS:Free Form Intake,BUPIVICAINE/EPIDURAL,"自由文本入量描述, 目标概念库外"
mimic-iii,D_ITEMS:Free Form Intake,IV fluid Farr5,"自由文本入量描述, 目标概念库外"
mimic-iii,D_ITEMS:Free Form Intake,bile replacement,"自由文本入量描述, 目标概念库外"
mimic-iii,D_ITEMS:Free Form Intake,vasopressin unit/min,"自由文本入量描述, 目标概念库外"
mimic-iii,D_ITEMS:Free Form Intake,CISATRACURIUM DRIP,"自由文本入量描述, 目标概念库外"
mimic-iii,D_ITEMS:Free Form Intake,calicium gluc gtt,"自由文本入量描述, 目标概念库外"
mimic-iii,D_ITEMS:Free Form Intake,250 N/S 15MM NA PHOS,"自由文本入量描述, 目标概念库外"
mimic-iii,D_ITEMS:Free Form Intake,dialysate 4.25%,"自由文本入量描述, 目标概念库外"
mimic-iii,D_ITEMS:Free Form Intake,potass phosp 15mm,"自由文本入量描述, 目标概念库外"
mimic-iii,D_ITEMS:Free Form Intake,GI UNIT INTAKE,"自由文本入量描述, 目标概念库外"
mimic-iii,D_ITEMS:Free Form Intake,NaAc7.5 st. water,"自由文本入量描述, 目标概念库外"
mimic-iii,D_ITEMS:Free Form Intake,Na Acetate/Heparin,"自由文本入量描述, 目标概念库外"
mimic-iii,D_ITEMS:Free Form Intake,BUPIVICAINE .1%,"自由文本入量描述, 目标概念库外"
mimic-iii,D_ITEMS:Free Form Intake,SterileH20/NaAcetate,"自由文本入量描述, 目标概念库外"
mimic-iii,D_ITEMS:Free Form Intake,k phos 30mmol,"自由文本入量描述, 目标概念库外"
mimic-iii,D_ITEMS:Free Form Intake,KPHOS 15MMOL,"自由文本入量描述, 目标概念库外"
mimic-iii,D_ITEMS:Free Form Intake,tpn 21 with heprin,"自由文本入量描述, 目标概念库外"
mimic-iii,D_ITEMS:Free Form Intake,3/4str impact/fiber,"自由文本入量描述, 目标概念库外"
mimic-iii,D_ITEMS:Free Form Intake,ns boluses,"自由文本入量描述, 目标概念库外"
mimic-iii,D_ITEMS:Free Form Intake,D50% (50g/100cc),"自由文本入量描述, 目标概念库外"
mimic-iii,D_ITEMS:Free Form Intake,GO LYTLE,"自由文本入量描述, 目标概念库外"
mimic-iii,D_ITEMS:Free Form Intake,D5W + 150MEQ BICARB,"自由文本入量描述, 目标概念库外"
mimic-iii,D_ITEMS:Free Form Intake,OCTREOTIDE MCG/HR,"自由文本入量描述, 目标概念库外"
mimic-iii,D_ITEMS:Free Form Intake,floor iv intake,"自由文本入量描述, 目标概念库外"
mimic-iii,D_ITEMS:Free Form Intake,mucomist,"自由文本入量描述, 目标概念库外"
mimic-iii,D_ITEMS:Free Form Intake,EleCare,"自由文本入量描述, 目标概念库外"
mimic-iii,D_ITEMS:Free Form Intake,1/2 ST IMPACT/FIBER,"自由文本入量描述, 目标概念库外"
mimic-iii,D_ITEMS:Free Form Intake,Elecare 20 PO,"自由文本入量描述, 目标概念库外"
mimic-iii,D_ITEMS:Free Form Intake,floor crystalloid,"自由文本入量描述, 目标概念库外"
mimic-iii,D_ITEMS:Free Form Intake,c.o. injectate,"自由文本入量描述, 目标概念库外"
mimic-iii,D_ITEMS:Free Form Intake,40mEq in 500cc.,"自由文本入量描述, 目标概念库外"
mimic-iii,D_ITEMS:Free Form Intake,SterileH2O+NaAcetate,"自由文本入量描述, 目标概念库外"
mimic-iii,D_ITEMS:Free Form Intake,NaAc w/hep/UAC,"自由文本入量描述, 目标概念库外"
mimic-iii,D_ITEMS:Free Form Intake,peritoneal dialysate,"自由文本入量描述, 目标概念库外"
mimic-iii,D_ITEMS:Free Form Intake,2/3 st impact /fiber,"自由文本入量描述, 目标概念库外"
mimic-iii,D_ITEMS:Free Form Intake,IVF IN ERCP,"自由文本入量描述, 目标概念库外"
mimic-iii,D_ITEMS:Free Form Intake,ed blood products,"自由文本入量描述, 目标概念库外"
mimic-iii,D_ITEMS:Free Form Intake,free water po intake,"自由文本入量描述, 目标概念库外"
mimic-iii,D_ITEMS:Free Form Intake,OR output,"自由文本入量描述, 目标概念库外"
mimic-iii,D_ITEMS:Free Form Intake,D5LR 40K,"自由文本入量描述, 目标概念库外"
mimic-iii,D_ITEMS:Free Form Intake,Readi-CAT 2,"自由文本入量描述, 目标概念库外"
mimic-iii,D_ITEMS:Free Form Intake,Rituximab,"自由文本入量描述, 目标概念库外"
mimic-iii,D_ITEMS:Free Form Intake,Plasmaphoresis,"自由文本入量描述, 目标概念库外"
mimic-iii,D_ITEMS:Free Form Intake,Cardiac output,"自由文本入量描述, 目标概念库外"
mimic-iii,D_ITEMS:Free Form Intake,3/4str impact w/fib,"自由文本入量描述, 目标概念库外"
mimic-iii,D_ITEMS:Free Form Intake,CRRT HEPARIN,"自由文本入量描述, 目标概念库外"
mimic-iii,D_ITEMS:Free Form Intake,vomit,"自由文本入量描述, 目标概念库外"
mimic-iii,D_ITEMS:Free Form Intake,CC7 Intake,"自由文本入量描述, 目标概念库外"
mimic-iii,D_ITEMS:Free Form Intake,mucomist 10000/250,"自由文本入量描述, 目标概念库外"
mimic-iii,D_ITEMS:Free Form Intake,MVI bag,"自由文本入量描述, 目标概念库外"
mimic-iii,D_ITEMS:Free Form Intake,cc/cc replacement,"自由文本入量描述, 目标概念库外"
mimic-iii,D_ITEMS:Free Form Intake,OR Albumin,"自由文本入量描述, 目标概念库外"
mimic-iii,D_ITEMS:Free Form Intake,OR plasmalyte,"自由文本入量描述, 目标概念库外"
mimic-iii,D_ITEMS:Free Form Intake,1/2strength respalor,"自由文本入量描述, 目标概念库外"
mimic-iii,D_ITEMS:Free Form Intake,go-lytly,"自由文本入量描述, 目标概念库外"
mimic-iii,D_ITEMS:Free Form Intake,40meq K,"自由文本入量描述, 目标概念库外"
mimic-iii,D_ITEMS:Free Form Intake,CALC GLUC,"自由文本入量描述, 目标概念库外"
mimic-iii,D_ITEMS:Free Form Intake,1/2NSS & 100 NAHCO3,"自由文本入量描述, 目标概念库外"
mimic-iii,D_ITEMS:Free Form Intake,OGT,"自由文本入量描述, 目标概念库外"
mimic-iii,D_ITEMS:Free Form Intake,INTAKE from cc6,"自由文本入量描述, 目标概念库外"
mimic-iii,D_ITEMS:Free Form Intake,150meq Bicarb/1L D5W,"自由文本入量描述, 目标概念库外"
mimic-iii,D_ITEMS:Free Form Intake,500N/S 40meq K+,"自由文本入量描述, 目标概念库外"
mimic-iii,D_ITEMS:Free Form Intake,farr 2 po intake,"自由文本入量描述, 目标概念库外"
mimic-iii,D_ITEMS:Free Form Intake,d5w NHCO3 150,"自由文本入量描述, 目标概念库外"
mimic-iii,D_ITEMS:Free Form Intake,g-tube dr/return,"自由文本入量描述, 目标概念库外"
mimic-iii,D_ITEMS:Free Form Intake,Protonix 80mg/250cc,"自由文本入量描述, 目标概念库外"
mimic-iii,D_ITEMS:Free Form Intake,1/2str Impact,"自由文本入量描述, 目标概念库外"
mimic-iii,D_ITEMS:Free Form Intake,1/2 str. Nepro,"自由文本入量描述, 目标概念库外"
mimic-iii,D_ITEMS:Free Form Intake,MARCAINE RIGHT,"自由文本入量描述, 目标概念库外"
mimic-iii,D_ITEMS:Free Form Intake,VASOPRESSIN  CC/HR.,"自由文本入量描述, 目标概念库外"
mimic-iii,D_ITEMS:Free Form Intake,ETOH Grams/hour,"自由文本入量描述, 目标概念库外"
mimic-iii,D_ITEMS:Free Form Intake,multivitamins,"自由文本入量描述, 目标概念库外"
mimic-iii,D_ITEMS:Free Form Intake,betadine chest irrig,"自由文本入量描述, 目标概念库外"
mimic-iii,D_ITEMS:Free Form Intake,CYCLOSPORIN,"自由文本入量描述, 目标概念库外"
mimic-iii,D_ITEMS:Free Form Intake,3/4 str Impact w/fib,"自由文本入量描述, 目标概念库外"
mimic-iii,D_ITEMS:Free Form Intake,ed crystalloid,"自由文本入量描述, 目标概念库外"
mimic-iii,D_ITEMS:Free Form Intake,aprotinine,"自由文本入量描述, 目标概念库外"
mimic-iii,D_ITEMS:Free Form Intake,farr2,"自由文本入量描述, 目标概念库外"
mimic-iii,D_ITEMS:Free Form Intake,10mEqK/100cc,"自由文本入量描述, 目标概念库外"
mimic-iii,D_ITEMS:Free Form Intake,D5W/20GM CA GLU,"自由文本入量描述, 目标概念库外"
mimic-iii,D_ITEMS:Free Form Intake,OR CELL SAVER,"自由文本入量描述, 目标概念库外"
mimic-iii,D_ITEMS:Free Form Intake,albumin 12.5%,"自由文本入量描述, 目标概念库外"
mimic-iii,D_ITEMS:Free Form Intake,1/2 STR.CRITICARE HN,"自由文本入量描述, 目标概念库外"
mimic-iii,D_ITEMS:Free Form Intake,CALCIUM GLUGOANTE,"自由文本入量描述, 目标概念库外"
mimic-iii,D_ITEMS:Free Form Intake,SODIUM BICARBOANTE,"自由文本入量描述, 目标概念库外"
mimic-iii,D_ITEMS:Free Form Intake,Fendolapam,"自由文本入量描述, 目标概念库外"
mimic-iii,D_ITEMS:Free Form Intake,cc6 ivf,"自由文本入量描述, 目标概念库外"
mimic-iii,D_ITEMS:Free Form Intake,IR IN,"自由文本入量描述, 目标概念库外"
mimic-iii,D_ITEMS:Free Form Intake,NS CT IRRIGATION,"自由文本入量描述, 目标概念库外"
mimic-iii,D_ITEMS:Free Form Intake,D5W 10%ALCOHOL,"自由文本入量描述, 目标概念库外"
mimic-iii,D_ITEMS:Free Form Intake,MANNITOL 20 %.,"自由文本入量描述, 目标概念库外"
mimic-iii,D_ITEMS:Free Form Intake,NS 150MEQ SOD BICARB,"自由文本入量描述, 目标概念库外"
mimic-iii,D_ITEMS:Free Form Intake,D5W 20GMS CA GLUC,"自由文本入量描述, 目标概念库外"
mimic-iii,D_ITEMS:Free Form Intake,FLUCONAZOLE,"自由文本入量描述, 目标概念库外"
mimic-iii,D_ITEMS:Free Form Intake,NS W/ 20 GM CAGLUC,"自由文本入量描述, 目标概念库外"
mimic-iii,D_ITEMS:Free Form Intake,Total IV,"自由文本入量描述, 目标概念库外"
mimic-iii,D_ITEMS:Free Form Intake,calcium gluc,"自由文本入量描述, 目标概念库外"
mimic-iii,D_ITEMS:Free Form Intake,D5W/CAGLU 40GMS,"自由文本入量描述, 目标概念库外"
mimic-iii,D_ITEMS:Free Form Intake,EW FLUID,"自由文本入量描述, 目标概念库外"
mimic-iii,D_ITEMS:Free Form Intake,d5 .225 with 20meq l,"自由文本入量描述, 目标概念库外"
mimic-iii,D_ITEMS:Free Form Intake,IR CRYST.,"自由文本入量描述, 目标概念库外"
mimic-iii,D_ITEMS:Free Form Intake,HD in,"自由文本入量描述, 目标概念库外"
mimic-iii,D_ITEMS:Free Form Intake,10% alcohol,"自由文本入量描述, 目标概念库外"
mimic-iii,D_ITEMS:Free Form Intake,1/4ns w 100meqnahco3,"自由文本入量描述, 目标概念库外"
mimic-iii,D_ITEMS:Free Form Intake,I.R. EBL,"自由文本入量描述, 目标概念库外"
mimic-iii,D_ITEMS:Free Form Intake,I.R. intake,"自由文本入量描述, 目标概念库外"
mimic-iii,D_ITEMS:Free Form Intake,ER in,"自由文本入量描述, 目标概念库外"
mimic-iii,D_ITEMS:Free Form Intake,CONTRAST VIA NG/FT,"自由文本入量描述, 目标概念库外"
mimic-iii,D_ITEMS:Free Form Intake,PLASMAKYTE,"自由文本入量描述, 目标概念库外"
mimic-iii,D_ITEMS:Free Form Intake,FS PROBALANCE,"自由文本入量描述, 目标概念库外"
mimic-iii,D_ITEMS:Free Form Intake,xigris mcg/kg/hr,"自由文本入量描述, 目标概念库外"
mimic-iii,D_ITEMS:Free Form Intake,Nicardipine (mg/h),"自由文本入量描述, 目标概念库外"
mimic-iii,D_ITEMS:Free Form Intake,J Tube Flush,"自由文本入量描述, 目标概念库外"
mimic-iii,D_ITEMS:Free Form Intake,DEXTRAN DRIP,"自由文本入量描述, 目标概念库外"
mimic-iii,D_ITEMS:Free Form Intake,CATH LAB,"自由文本入量描述, 目标概念库外"
mimic-iii,D_ITEMS:Free Form Intake,D5LR 20KCL,"自由文本入量描述, 目标概念库外"
mimic-iii,D_ITEMS:Free Form Intake,NS w/30mmol Kphos,"自由文本入量描述, 目标概念库外"
mimic-iii,D_ITEMS:Free Form Intake,D5 1/4 SODIUM BICARB,"自由文本入量描述, 目标概念库外"
mimic-iii,D_ITEMS:Free Form Intake,Bladder transd.,"自由文本入量描述, 目标概念库外"
mimic-iii,D_ITEMS:Free Form Intake,DILAUDID/BUPIV.,"自由文本入量描述, 目标概念库外"
mimic-iii,D_ITEMS:Free Form Intake,BUPIVACAINE .50%,"自由文本入量描述, 目标概念库外"
mimic-iii,D_ITEMS:Free Form Intake,10 mea KCL/100cc NS,"自由文本入量描述, 目标概念库外"
mimic-iii,D_ITEMS:Free Form Intake,F6 IV MEDS,"自由文本入量描述, 目标概念库外"
mimic-iii,D_ITEMS:Free Form Intake,F6 PO INTAKE,"自由文本入量描述, 目标概念库外"
mimic-iii,D_ITEMS:Free Form Intake,alcohol gtt,"自由文本入量描述, 目标概念库外"
mimic-iii,D_ITEMS:Free Form Intake,MultiVitamin,"自由文本入量描述, 目标概念库外"
mimic-iii,D_ITEMS:Free Form Intake,cryo or,"自由文本入量描述, 目标概念库外"
mimic-iii,D_ITEMS:Free Form Intake,ffp pacu,"自由文本入量描述, 目标概念库外"
mimic-iii,D_ITEMS:Free Form Intake,packed cells pacu,"自由文本入量描述, 目标概念库外"
mimic-iii,D_ITEMS:Free Form Intake,ANTI-THYMOCYTEN,"自由文本入量描述, 目标概念库外"
mimic-iii,D_ITEMS:Free Form Intake,ER NS BOLUSES,"自由文本入量描述, 目标概念库外"
mimic-iii,D_ITEMS:Free Form Intake,magnesium 1gm/hr,"自由文本入量描述, 目标概念库外"
mimic-iii,D_ITEMS:Free Form Intake,TPA 50mg/250cc,"自由文本入量描述, 目标概念库外"
mimic-iii,D_ITEMS:Free Form Intake,TPA 50mg/250cc #2,"自由文本入量描述, 目标概念库外"
mimic-iii,D_ITEMS:Free Form Intake,steril water,"自由文本入量描述, 目标概念库外"
mimic-iii,D_ITEMS:Free Form Intake,40 kcl in 500ns,"自由文本入量描述, 目标概念库外"
mimic-iii,D_ITEMS:Free Form Intake,R PLEURAL NS IRRIG,"自由文本入量描述, 目标概念库外"
mimic-iii,D_ITEMS:Free Form Intake,nicardipine HCL,"自由文本入量描述, 目标概念库外"
mimic-iii,D_ITEMS:Free Form Intake,Noe gtt 60mg/250cc,"自由文本入量描述, 目标概念库外"
mimic-iii,D_ITEMS:Free Form Intake,(R)Nephrostomy flush,"自由文本入量描述, 目标概念库外"
mimic-iii,D_ITEMS:Free Form Intake,BUMEX 12mg/500ml,"自由文本入量描述, 目标概念库外"
mimic-iii,D_ITEMS:Free Form Intake,FARR 6 COLLOID,"自由文本入量描述, 目标概念库外"
mimic-iii,D_ITEMS:Free Form Intake,NA PHOS 15MMOL,"自由文本入量描述, 目标概念库外"
mimic-iii,D_ITEMS:Free Form Intake,D5W w/ 40gms cagluc,"自由文本入量描述, 目标概念库外"
mimic-iii,D_ITEMS:Free Form Intake,NS w/40gms CaGluc,"自由文本入量描述, 目标概念库外"
mimic-iii,D_ITEMS:Free Form Intake,Ca++ Gluconate,"自由文本入量描述, 目标概念库外"
mimic-iii,D_ITEMS:Free Form Intake,NaPO4,"自由文本入量描述, 目标概念库外"
mimic-iii,D_ITEMS:Free Form Intake,h2o flush q 8hr,"自由文本入量描述, 目标概念库外"
mimic-iii,D_ITEMS:Free Form Intake,NS w/30mmol NaPhos,"自由文本入量描述, 目标概念库外"
mimic-iii,D_ITEMS:Free Form Intake,3/4 RESPALOR,"自由文本入量描述, 目标概念库外"
mimic-iii,D_ITEMS:Free Form Intake,ns w/ 40 meq kcl,"自由文本入量描述, 目标概念库外"
mimic-iii,D_ITEMS:Free Form Intake,NICADRDIPINE,"自由文本入量描述, 目标概念库外"
mimic-iii,D_ITEMS:Free Form Intake,INTAKE ED,"自由文本入量描述, 目标概念库外"
mimic-iii,D_ITEMS:Free Form Intake,hemodialysis crystal,"自由文本入量描述, 目标概念库外"
mimic-iii,D_ITEMS:Free Form Intake,intake from floor,"自由文本入量描述, 目标概念库外"
mimic-iii,D_ITEMS:Free Form Intake,contrast via ng,"自由文本入量描述, 目标概念库外"
mimic-iii,D_ITEMS:Free Form Intake,SOIDUM PHOSPHATE,"自由文本入量描述, 目标概念库外"
mimic-iii,D_ITEMS:Free Form Intake,d5w/40 gm ca gluc,"自由文本入量描述, 目标概念库外"
mimic-iii,D_ITEMS:Free Form Intake,iv intake,"自由文本入量描述, 目标概念库外"
mimic-iii,D_ITEMS:Free Form Intake,NS irrig drng tube,"自由文本入量描述, 目标概念库外"
mimic-iii,D_ITEMS:Free Form Intake,1/2 STR IMPACT/FIBER,"自由文本入量描述, 目标概念库外"
mimic-iii,D_ITEMS:Free Form Intake,HCL GTTS 75MEQ/500ML,"自由文本入量描述, 目标概念库外"
mimic-iii,D_ITEMS:Free Form Intake,1/2STR PROMOTE/FIBER,"自由文本入量描述, 目标概念库外"
mimic-iii,D_ITEMS:Free Form Intake,ED IVF,"自由文本入量描述, 目标概念库外"
mimic-iii,D_ITEMS:Free Form Intake,cyclosporin 2mg/hr,"自由文本入量描述, 目标概念库外"
mimic-iii,D_ITEMS:Free Form Intake,ED CRYST.,"自由文本入量描述, 目标概念库外"
mimic-iii,D_ITEMS:Free Form Intake,0.45NSS,"自由文本入量描述, 目标概念库外"
mimic-iii,D_ITEMS:Free Form Intake,cyclosporin 4mg/hr,"自由文本入量描述, 目标概念库外"
mimic-iii,D_ITEMS:Free Form Intake,D5W Bolus,"自由文本入量描述, 目标概念库外"
mimic-iii,D_ITEMS:Free Form Intake,3/4 str Imp/Fib,"自由文本入量描述, 目标概念库外"
mimic-iii,D_ITEMS:Free Form Intake,MgSO4     20gm/500cc,"自由文本入量描述, 目标概念库外"
mimic-iii,D_ITEMS:Free Form Intake,BLADDER PRESSURE FLD,"自由文本入量描述, 目标概念库外"
mimic-iii,D_ITEMS:Free Form Intake,methodone,"自由文本入量描述, 目标概念库外"
mimic-iii,D_ITEMS:Free Form Intake,calicum gluconate,"自由文本入量描述, 目标概念库外"
mimic-iii,D_ITEMS:Free Form Intake,ultrafiltrate in,"自由文本入量描述, 目标概念库外"
mimic-iii,D_ITEMS:Free Form Intake,insulin carrier,"自由文本入量描述, 目标概念库外"
mimic-iii,D_ITEMS:Free Form Intake,bicarb 150meq,"自由文本入量描述, 目标概念库外"
mimic-iii,D_ITEMS:Free Form Intake,Ambisone,"自由文本入量描述, 目标概念库外"
mimic-iii,D_ITEMS:Free Form Intake,ACETYLCYSTER.42GM/1L,"自由文本入量描述, 目标概念库外"
mimic-iii,D_ITEMS:Free Form Intake,SOLU-MEDROL,"自由文本入量描述, 目标概念库外"
mimic-iii,D_ITEMS:Free Form Intake,INAMRINONE LACTATE,"自由文本入量描述, 目标概念库外"
mimic-iii,D_ITEMS:Free Form Intake,primo II,"自由文本入量描述, 目标概念库外"
mimic-iii,D_ITEMS:Free Form Intake,ca gluconate gtt,"自由文本入量描述, 目标概念库外"
mimic-iii,D_ITEMS:Free Form Intake,pre admission intake,"自由文本入量描述, 目标概念库外"
mimic-iii,D_ITEMS:Free Form Intake,Neosure 30 PG,"自由文本入量描述, 目标概念库外"
mimic-iii,D_ITEMS:Free Form Intake,Neosure 30 PO,"自由文本入量描述, 目标概念库外"
mimic-iii,D_ITEMS:Free Form Intake,Neosure 26 PO,"自由文本入量描述, 目标概念库外"
mimic-iii,D_ITEMS:Free Form Intake,Rectal gastrograffi.,"自由文本入量描述, 目标概念库外"
mimic-iii,D_ITEMS:Free Form Intake,ngt irrigant,"自由文本入量描述, 目标概念库外"
mimic-iii,D_ITEMS:Free Form Intake,rectal vanco,"自由文本入量描述, 目标概念库外"
mimic-iii,D_ITEMS:Free Form Intake,Enfamil AR PO,"自由文本入量描述, 目标概念库外"
mimic-iii,D_ITEMS:Free Form Intake,Totals from midnight,"自由文本入量描述, 目标概念库外"
mimic-iii,D_ITEMS:Free Form Intake,bolus ns,"自由文本入量描述, 目标概念库外"
mimic-iii,D_ITEMS:Free Form Intake,RITUXIMAB 600MG/NS,"自由文本入量描述, 目标概念库外"
mimic-iii,D_ITEMS:Free Form Intake,plasmalyte bolus,"自由文本入量描述, 目标概念库外"
mimic-iii,D_ITEMS:Free Form Intake,l&d intake,"自由文本入量描述, 目标概念库外"
mimic-iii,D_ITEMS:Free Form Intake,kcl phos,"自由文本入量描述, 目标概念库外"
mimic-iii,D_ITEMS:Free Form Intake,Impact w/Fiber 3/4,"自由文本入量描述, 目标概念库外"
mimic-iii,D_ITEMS:Free Form Intake,CMV IG,"自由文本入量描述, 目标概念库外"
mimic-iii,D_ITEMS:Free Form Intake,bupivicaine 1%,"自由文本入量描述, 目标概念库外"
mimic-iii,D_ITEMS:Free Form Intake,Amphotericin,"自由文本入量描述, 目标概念库外"
mimic-iii,D_ITEMS:Free Form Intake,Pregesamil PO,"自由文本入量描述, 目标概念库外"
mimic-iii,D_ITEMS:Free Form Intake,cc:cc REPLACEMENT,"自由文本入量描述, 目标概念库外"
mimic-iii,D_ITEMS:Free Form Intake,potassium phospate,"自由文本入量描述, 目标概念库外"
mimic-iii,D_ITEMS:Free Form Intake,1/2 str Nepro,"自由文本入量描述, 目标概念库外"
mimic-iii,D_ITEMS:Free Form Intake,Cryst on floor,"自由文本入量描述, 目标概念库外"
mimic-iii,D_ITEMS:Free Form Intake,.9NS bolus,"自由文本入量描述, 目标概念库外"
mimic-iii,D_ITEMS:Free Form Intake,er ns,"自由文本入量描述, 目标概念库外"
mimic-iii,D_ITEMS:Free Form Intake,ER input,"自由文本入量描述, 目标概念库外"
mimic-iii,D_ITEMS:Free Form Intake,Rituximab 50mg/hr,"自由文本入量描述, 目标概念库外"
mimic-iii,D_ITEMS:Free Form Intake,1/2NS CC:CC,"自由文本入量描述, 目标概念库外"
mimic-iii,D_ITEMS:Free Form Intake,1/2 ns 1/2cc:cc,"自由文本入量描述, 目标概念库外"
mimic-iii,D_ITEMS:Free Form Intake,farr7 intake-iv,"自由文本入量描述, 目标概念库外"
mimic-iii,D_ITEMS:Free Form Intake,pheresis pos balanc,"自由文本入量描述, 目标概念库外"
mimic-iii,D_ITEMS:Free Form Intake,PLASMAPHERESIS IN,"自由文本入量描述, 目标概念库外"
mimic-iii,D_ITEMS:Free Form Intake,PRIMO 2 CABG STUDY,"自由文本入量描述, 目标概念库外"
mimic-iii,D_ITEMS:Free Form Intake,pheresis ivf,"自由文本入量描述, 目标概念库外"
mimic-iii,D_ITEMS:Free Form Intake,farr 10 in,"自由文本入量描述, 目标概念库外"
mimic-iii,D_ITEMS:Free Form Intake,Neocate 20 PO,"自由文本入量描述, 目标概念库外"
mimic-iii,D_ITEMS:Free Form Intake,Quick Mix.,"自由文本入量描述, 目标概念库外"
mimic-iii,D_ITEMS:Free Form Intake,dialysate 1.5% dex,"自由文本入量描述, 目标概念库外"
mimic-iii,D_ITEMS:Free Form Intake,dialysate 2.5%,"自由文本入量描述, 目标概念库外"
mimic-iii,D_ITEMS:Free Form Intake,Primo study cc/hr,"自由文本入量描述, 目标概念库外"
mimic-iii,D_ITEMS:Free Form Intake,Angio contrast,"自由文本入量描述, 目标概念库外"
mimic-iii,D_ITEMS:Free Form Intake,D5 .2,"自由文本入量描述, 目标概念库外"
mimic-iii,D_ITEMS:Free Form Intake,D5W W/ NAHCO3 150MEQ,"自由文本入量描述, 目标概念库外"
mimic-iii,D_ITEMS:Free Form Intake,7.5mEq NaAcetate/100,"自由文本入量描述, 目标概念库外"
mimic-iii,D_ITEMS:Free Form Intake,ISUPEL,"自由文本入量描述, 目标概念库外"
mimic-iii,D_ITEMS:Free Form Intake,J-tube NS 10cc/h.,"自由文本入量描述, 目标概念库外"
mimic-iii,D_ITEMS:Free Form Intake,vanco per ostomy,"自由文本入量描述, 目标概念库外"
mimic-iii,D_ITEMS:Free Form Intake,EW input,"自由文本入量描述, 目标概念库外"
mimic-iii,D_ITEMS:Free Form Intake,Neosure 26cal po,"自由文本入量描述, 目标概念库外"
mimic-iii,D_ITEMS:Free Form Intake,Hep B IG,"自由文本入量描述, 目标概念库外"
mimic-iii,D_ITEMS:Free Form Intake,500ns/40meqkcl,"自由文本入量描述, 目标概念库外"
mimic-iii,D_ITEMS:Free Form Intake,cryst in ed,"自由文本入量描述, 目标概念库外"
mimic-iii,D_ITEMS:Free Form Intake,PD intake,"自由文本入量描述, 目标概念库外"
mimic-iii,D_ITEMS:Free Form Intake,St.H20/Na Acetate,"自由文本入量描述, 目标概念库外"
mimic-iii,D_ITEMS:Free Form Intake,1/2 Na Acet 0.5u Hep,"自由文本入量描述, 目标概念库外"
mimic-iii,D_ITEMS:Free Form Intake,Potassium 20meqIVPB,"自由文本入量描述, 目标概念库外"
mimic-iii,D_ITEMS:Free Form Intake,Angion intake,"自由文本入量描述, 目标概念库外"
mimic-iii,D_ITEMS:Free Form Intake,Pe 30 po,"自由文本入量描述, 目标概念库外"
mimic-iii,D_ITEMS:Free Form Intake,NaAcetate in H2O,"自由文本入量描述, 目标概念库外"
mimic-iii,D_ITEMS:Free Form Intake,D5W w/30mmolNaPhos,"自由文本入量描述, 目标概念库外"
mimic-iii,D_ITEMS:Free Form Intake,Pe 28 po,"自由文本入量描述, 目标概念库外"
mimic-iii,D_ITEMS:Free Form Intake,octreotide gtt,"自由文本入量描述, 目标概念库外"
mimic-iii,D_ITEMS:Free Form Intake,Pe 26,"自由文本入量描述, 目标概念库外"
mimic-iii,D_ITEMS:Free Form Intake,10% Dextran 40/D5W,"自由文本入量描述, 目标概念库外"
mimic-iii,D_ITEMS:Free Form Intake,Enfamil 26 Po,"自由文本入量描述, 目标概念库外"
mimic-iii,D_ITEMS:Free Form Intake,pe28,"自由文本入量描述, 目标概念库外"
mimic-iii,D_ITEMS:Free Form Intake,Bupivicaine,"自由文本入量描述, 目标概念库外"
mimic-iii,D_ITEMS:Free Form Intake,Enfacare 26 NG,"自由文本入量描述, 目标概念库外"
mimic-iii,D_ITEMS:Free Form Intake,E26,"自由文本入量描述, 目标概念库外"
mimic-iii,D_ITEMS:Free Form Intake,BM + 2HMF,"自由文本入量描述, 目标概念库外"
mimic-iii,D_ITEMS:Free Form Intake,PND8.5 with hep 0.5u,"自由文本入量描述, 目标概念库外"
mimic-iii,D_ITEMS:Free Form Intake,BM 4HMF,"自由文本入量描述, 目标概念库外"
mimic-iii,D_ITEMS:Free Form Intake,osh ivf of ns,"自由文本入量描述, 目标概念库外"
mimic-iii,D_ITEMS:Free Form Intake,0.9%NS with 40KCL,"自由文本入量描述, 目标概念库外"
mimic-iii,D_ITEMS:Free Form Intake,NSS WITH MULTIVIT,"自由文本入量描述, 目标概念库外"
mimic-iii,D_ITEMS:Free Form Intake,ivf from osh,"自由文本入量描述, 目标概念库外"
mimic-iii,D_ITEMS:Free Form Intake,D5W +3 Amps NaHco3,"自由文本入量描述, 目标概念库外"
mimic-iii,D_ITEMS:Free Form Intake,na acetate w/ hep,"自由文本入量描述, 目标概念库外"
mimic-iii,D_ITEMS:Free Form Intake,KPo4 30mmol /NS,"自由文本入量描述, 目标概念库外"
mimic-iii,D_ITEMS:Free Form Intake,fasciotomy,"自由文本入量描述, 目标概念库外"
mimic-iii,D_ITEMS:Free Form Intake,angio suite,"自由文本入量描述, 目标概念库外"
mimic-iii,D_ITEMS:Free Form Intake,D5W/0.9NS with meds,"自由文本入量描述, 目标概念库外"
mimic-iii,D_ITEMS:Free Form Intake,plasma pheresis in,"自由文本入量描述, 目标概念库外"
mimic-iii,D_ITEMS:Free Form Intake,Enf 28 2cal corn oil,"自由文本入量描述, 目标概念库外"
mimic-iii,D_ITEMS:Free Form Intake,Enfacare26,"自由文本入量描述, 目标概念库外"
mimic-iii,D_ITEMS:Free Form Intake,CRRT FLUSH,"自由文本入量描述, 目标概念库外"
mimic-iii,D_ITEMS:Free Form Intake,N/S  K PHOS 30MMOL,"自由文本入量描述, 目标概念库外"
mimic-iii,D_ITEMS:Free Form Intake,7.7MEq NaAcetate,"自由文本入量描述, 目标概念库外"
mimic-iii,D_ITEMS:Free Form Intake,PE 26 cal,"自由文本入量描述, 目标概念库外"
mimic-iii,D_ITEMS:Free Form Intake,crystalloid from f10,"自由文本入量描述, 目标概念库外"
mimic-iii,D_ITEMS:Free Form Intake,ED PRBC,"自由文本入量描述, 目标概念库外"
mimic-iii,D_ITEMS:Free Form Intake,angio FFP,"自由文本入量描述, 目标概念库外"
mimic-iii,D_ITEMS:Free Form Intake,Nutramigin 26 PO,"自由文本入量描述, 目标概念库外"
mimic-iii,D_ITEMS:Free Form Intake,BM+4cal prosobee,"自由文本入量描述, 目标概念库外"
mimic-iii,D_ITEMS:Free Form Intake,ER ffp,"自由文本入量描述, 目标概念库外"
mimic-iii,D_ITEMS:Free Form Intake,PE26 PG,"自由文本入量描述, 目标概念库外"
mimic-iii,D_ITEMS:Free Form Intake,PE 26cals,"自由文本入量描述, 目标概念库外"
mimic-iii,D_ITEMS:Free Form Intake,rescue line flush,"自由文本入量描述, 目标概念库外"
mimic-iii,D_ITEMS:Free Form Intake,N/S +ETOPOSIDE,"自由文本入量描述, 目标概念库外"
mimic-iii,D_ITEMS:Free Form Intake,sodium phosphate 15m,"自由文本入量描述, 目标概念库外"
mimic-iii,D_ITEMS:Free Form Intake,1/2 NaAce w1/2 uHep,"自由文本入量描述, 目标概念库外"
mimic-iii,D_ITEMS:Free Form Intake,7.7 meq NaAcetate,"自由文本入量描述, 目标概念库外"
mimic-iii,D_ITEMS:Free Form Intake,Na Acetate,"自由文本入量描述, 目标概念库外"
mimic-iii,D_ITEMS:Free Form Intake,Na Acetate with hep,"自由文本入量描述, 目标概念库外"
mimic-iii,D_ITEMS:Free Form Intake,PE26NG,"自由文本入量描述, 目标概念库外"
mimic-iii,D_ITEMS:Free Form Intake,7.7meqNaAc w1/2uhep,"自由文本入量描述, 目标概念库外"
mimic-iii,D_ITEMS:Free Form Intake,PE26PO,"自由文本入量描述, 目标概念库外"
mimic-iii,D_ITEMS:Free Form Intake,19.25 neq Na Acetate,"自由文本入量描述, 目标概念库外"
mimic-iii,D_ITEMS:Free Form Intake,TPN D5.5,"自由文本入量描述, 目标概念库外"
mimic-iii,D_ITEMS:Free Form Intake,PE 26cal,"自由文本入量描述, 目标概念库外"
mimic-iii,D_ITEMS:Free Form Intake,PO PE 30,"自由文本入量描述, 目标概念库外"
mimic-iii,D_ITEMS:Free Form Intake,PN D9.5,"自由文本入量描述, 目标概念库外"
mimic-iii,D_ITEMS:Free Form Intake,PN D 8.5,"自由文本入量描述, 目标概念库外"
mimic-iii,D_ITEMS:Free Form Intake,Gentamycin chest irt,"自由文本入量描述, 目标概念库外"
mimic-iii,D_ITEMS:Free Form Intake,Phoresis intake,"自由文本入量描述, 目标概念库外"
mimic-iii,D_ITEMS:Free Form Intake,1/2 promote/fibre  e,"自由文本入量描述, 目标概念库外"
mimic-iii,D_ITEMS:Free Form Intake,D5W/amino acid 4.25%,"自由文本入量描述, 目标概念库外"
mimic-iii,D_ITEMS:Free Form Intake,D5W&Mucomyst,"自由文本入量描述, 目标概念库外"
mimic-iii,D_ITEMS:Free Form Intake,effluent retained,"自由文本入量描述, 目标概念库外"
mimic-iii,D_ITEMS:Free Form Intake,Gentamycin Chest Irn,"自由文本入量描述, 目标概念库外"
mimic-iii,D_ITEMS:Free Form Intake,KVO,"自由文本入量描述, 目标概念库外"
mimic-iii,D_ITEMS:Free Form Intake,1/2 impact /fibre,"自由文本入量描述, 目标概念库外"
mimic-iii,D_ITEMS:Free Form Intake,15mmol NaPhos,"自由文本入量描述, 目标概念库外"
mimic-iii,D_ITEMS:Free Form Intake,D5W Bicarb,"自由文本入量描述, 目标概念库外"
mimic-iii,D_ITEMS:Free Form Intake,ns with Na Phos 15 m,"自由文本入量描述, 目标概念库外"
mimic-iii,D_ITEMS:Free Form Intake,OR Cryocipretate,"自由文本入量描述, 目标概念库外"
mimic-iii,D_ITEMS:Free Form Intake,NS cc/cc,"自由文本入量描述, 目标概念库外"
mimic-iii,D_ITEMS:Free Form Intake,Taxol,"自由文本入量描述, 目标概念库外"
mimic-iii,D_ITEMS:Free Form Intake,IV DYE,"自由文本入量描述, 目标概念库外"
mimic-iii,D_ITEMS:Free Form Intake,today at falmout,"自由文本入量描述, 目标概念库外"
mimic-iii,D_ITEMS:Free Form Intake,pd fluid in,"自由文本入量描述, 目标概念库外"
mimic-iii,D_ITEMS:Free Form Intake,quick mix tpn,"自由文本入量描述, 目标概念库外"
mimic-iii,D_ITEMS:Free Form Intake,Pulmonary,"自由文本入量描述, 目标概念库外"
mimic-iii,D_ITEMS:Free Form Intake,10meq k+/100,"自由文本入量描述, 目标概念库外"
mimic-iii,D_ITEMS:Free Form Intake,ca+ gtt for cvvh,"自由文本入量描述, 目标概念库外"
mimic-iii,D_ITEMS:Free Form Intake,novasource,"自由文本入量描述, 目标概念库外"
mimic-iii,D_ITEMS:Free Form Intake,promote/fib/beneprot,"自由文本入量描述, 目标概念库外"
mimic-iii,D_ITEMS:Free Form Intake,40meq KCL/500ml NS,"自由文本入量描述, 目标概念库外"
mimic-iii,D_ITEMS:Free Form Intake,NS pigtail drain,"自由文本入量描述, 目标概念库外"
mimic-iii,D_ITEMS:Free Form Intake,NOVASOURCE/PULMONARY,"自由文本入量描述, 目标概念库外"
mimic-iii,D_ITEMS:Free Form Intake,ACETYLCYSTEINE GTT,"自由文本入量描述, 目标概念库外"
mimic-iii,D_ITEMS:Free Form Intake,ns ivfin ed,"自由文本入量描述, 目标概念库外"
mimic-iii,D_ITEMS:Free Form Intake,PCA carrier,"自由文本入量描述, 目标概念库外"
mimic-iii,D_ITEMS:Free Form Intake,dye,"自由文本入量描述, 目标概念库外"
mimic-iii,D_ITEMS:Free Form Intake,D5W & 3 AMP BICARD,"自由文本入量描述, 目标概念库外"
mimic-iii,D_ITEMS:Free Form Intake,NS thru portal cath,"自由文本入量描述, 目标概念库外"
mimic-iii,D_ITEMS:Free Form Intake,mannitol 50 grams,"自由文本入量描述, 目标概念库外"
mimic-iii,D_ITEMS:Free Form Intake,cath lab contrast,"自由文本入量描述, 目标概念库外"
mimic-iii,D_ITEMS:Free Form Intake,OR cellsaver,"自由文本入量描述, 目标概念库外"
mimic-iii,D_ITEMS:Free Form Intake,Mannitol 25GM,"自由文本入量描述, 目标概念库外"
mimic-iii,D_ITEMS:Free Form Intake,ns w/40 KCL,"自由文本入量描述, 目标概念库外"
mimic-iii,D_ITEMS:Free Form Intake,NA PHOSPHATE 15MMOL,"自由文本入量描述, 目标概念库外"
mimic-iii,D_ITEMS:Free Form Intake,NA Phosphate 30mmol,"自由文本入量描述, 目标概念库外"
mimic-iii,D_ITEMS:Free Form Intake,medical floor ivf,"自由文本入量描述, 目标概念库外"
mimic-iii,D_ITEMS:Free Form Intake,bladder pres. saline,"自由文本入量描述, 目标概念库外"
mimic-iii,D_ITEMS:Free Form Intake,Sim30 w Polycose NG,"自由文本入量描述, 目标概念库外"
mimic-iii,D_ITEMS:Free Form Intake,Sim30 w Polycose PO,"自由文本入量描述, 目标概念库外"
mimic-iii,D_ITEMS:Free Form Intake,iv upon arrival,"自由文本入量描述, 目标概念库外"
mimic-iii,D_ITEMS:Free Form Intake,3/4 str UltraCal,"自由文本入量描述, 目标概念库外"
mimic-iii,D_ITEMS:Free Form Intake,CALCIUM FOR CVVHD,"自由文本入量描述, 目标概念库外"
mimic-iii,D_ITEMS:Free Form Intake,SC33 NG,"自由文本入量描述, 目标概念库外"
mimic-iii,D_ITEMS:Free Form Intake,SC33 PO,"自由文本入量描述, 目标概念库外"
mimic-iii,D_ITEMS:Free Form Intake,Pantroprazole,"自由文本入量描述, 目标概念库外"
mimic-iii,D_ITEMS:Free Form Intake,3/4 Strg Nepro,"自由文本入量描述, 目标概念库外"
mimic-iii,D_ITEMS:Free Form Intake,D5W 150MEQ BICARB,"自由文本入量描述, 目标概念库外"
mimic-iii,D_ITEMS:Free Form Intake,.9%NS w/30mml NaPhos,"自由文本入量描述, 目标概念库外"
mimic-iii,D_ITEMS:Free Form Intake,ivf on floor,"自由文本入量描述, 目标概念库外"
mimic-iii,D_ITEMS:Free Form Intake,na+phos 15mmol,"自由文本入量描述, 目标概念库外"
mimic-iii,D_ITEMS:Free Form Intake,IVPPI,"自由文本入量描述, 目标概念库外"
mimic-iii,D_ITEMS:Free Form Intake,15 mmol naphos/NS,"自由文本入量描述, 目标概念库外"
mimic-iii,D_ITEMS:Free Form Intake,gentamycin ct irrig,"自由文本入量描述, 目标概念库外"
mimic-iii,D_ITEMS:Free Form Intake,g tube flush,"自由文本入量描述, 目标概念库外"
mimic-iii,D_ITEMS:Free Form Intake,SC 31 po,"自由文本入量描述, 目标概念库外"
mimic-iii,D_ITEMS:Free Form Intake,ED NS,"自由文本入量描述, 目标概念库外"
mimic-iii,D_ITEMS:Free Form Intake,Na Acetate +.05 hep,"自由文本入量描述, 目标概念库外"
mimic-iii,D_ITEMS:Free Form Intake,NA PHOS  0mmol,"自由文本入量描述, 目标概念库外"
mimic-iii,D_ITEMS:Free Form Intake,500NS & KPhos 30mmol,"自由文本入量描述, 目标概念库外"
mimic-iii,D_ITEMS:Free Form Intake,redi cat,"自由文本入量描述, 目标概念库外"
mimic-iii,D_ITEMS:Free Form Intake,colyte,"自由文本入量描述, 目标概念库外"
mimic-iii,D_ITEMS:Free Form Intake,pheresis net bal,"自由文本入量描述, 目标概念库外"
mimic-iii,D_ITEMS:Free Form Intake,BARICAT,"自由文本入量描述, 目标概念库外"
mimic-iii,D_ITEMS:Free Form Intake,Neosure 26 cal po,"自由文本入量描述, 目标概念库外"
mimic-iii,D_ITEMS:Free Form Intake,neosure 26cal ng,"自由文本入量描述, 目标概念库外"
mimic-iii,D_ITEMS:Free Form Intake,or cryoprecipate,"自由文本入量描述, 目标概念库外"
mimic-iii,D_ITEMS:Free Form Intake,REDICAT for CTabd,"自由文本入量描述, 目标概念库外"
mimic-iii,D_ITEMS:Free Form Intake,NaAce+1/2Hep,"自由文本入量描述, 目标概念库外"
mimic-iii,D_ITEMS:Free Form Intake,NS Insulin Carrier,"自由文本入量描述, 目标概念库外"
mimic-iii,D_ITEMS:Free Form Intake,Pulmonary TF,"自由文本入量描述, 目标概念库外"
mimic-iii,D_ITEMS:Free Form Intake,NaAc+NaCl+H20,"自由文本入量描述, 目标概念库外"
mimic-iii,D_ITEMS:Free Form Intake,Neosure30 pg,"自由文本入量描述, 目标概念库外"
mimic-iii,D_ITEMS:Free Form Intake,Glucagon infusion,"自由文本入量描述, 目标概念库外"
mimic-iii,D_ITEMS:Free Form Intake,Neosure32 PG,"自由文本入量描述, 目标概念库外"
mimic-iii,D_ITEMS:Free Form Intake,scf 30 gavage,"自由文本入量描述, 目标概念库外"
mimic-iii,D_ITEMS:Free Form Intake,NA PHOS (15MMOL),"自由文本入量描述, 目标概念库外"
mimic-iii,D_ITEMS:Free Form Intake,KCL for CVVH,"自由文本入量描述, 目标概念库外"
mimic-iii,D_ITEMS:Free Form Intake,OR Cryoprecipitate,"自由文本入量描述, 目标概念库外"
mimic-iii,D_ITEMS:Free Form Intake,DEXTROSE 25%,"自由文本入量描述, 目标概念库外"
mimic-iii,D_ITEMS:Free Form Intake,30mmol Phos/44meq K,"自由文本入量描述, 目标概念库外"
mimic-iii,D_ITEMS:Free Form Intake,J-tube flush,"自由文本入量描述, 目标概念库外"
mimic-iii,D_ITEMS:Free Form Intake,Pantoprazole 8mg/hr,"自由文本入量描述, 目标概念库外"
mimic-iii,D_ITEMS:Free Form Intake,Floor PO's,"自由文本入量描述, 目标概念库外"
mimic-iii,D_ITEMS:Free Form Intake,PD solution in,"自由文本入量描述, 目标概念库外"
mimic-iii,D_ITEMS:Free Form Intake,"D10, 1/2NS","自由文本入量描述, 目标概念库外"
mimic-iii,D_ITEMS:Free Form Intake,Pantoprazole gtt,"自由文本入量描述, 目标概念库外"
mimic-iii,D_ITEMS:Free Form Intake,K+ Phos 30mmol,"自由文本入量描述, 目标概念库外"
mimic-iii,D_ITEMS:Free Form Intake,catrh lab ivf,"自由文本入量描述, 目标概念库外"
mimic-iii,D_ITEMS:Free Form Intake,pantaprazole,"自由文本入量描述, 目标概念库外"
mimic-iii,D_ITEMS:Free Form Intake,Octrietide,"自由文本入量描述, 目标概念库外"
mimic-iii,D_ITEMS:Free Form Intake,pantoprazole mg/hr,"自由文本入量描述, 目标概念库外"
mimic-iii,D_ITEMS:Free Form Intake,KCL 10meq/100ml,"自由文本入量描述, 目标概念库外"
mimic-iii,D_ITEMS:Free Form Intake,vassopressin,"自由文本入量描述, 目标概念库外"
mimic-iii,D_ITEMS:Free Form Intake,1/2 str Impact,"自由文本入量描述, 目标概念库外"
mimic-iii,D_ITEMS:Free Form Intake,Nutren pulm w/Bene,"自由文本入量描述, 目标概念库外"
mimic-iii,D_ITEMS:Free Form Intake,D5W with 150MEQ HCO3,"自由文本入量描述, 目标概念库外"
mimic-iii,D_ITEMS:Free Form Intake,Rescue line,"自由文本入量描述, 目标概念库外"
mimic-iii,D_ITEMS:Free Form Intake,Gastrografen,"自由文本入量描述, 目标概念库外"
mimic-iii,D_ITEMS:Free Form Intake,calcuim gluconate,"自由文本入量描述, 目标概念库外"
mimic-iii,D_ITEMS:Free Form Intake,"MULTIVIT ""BANANA""BAG","自由文本入量描述, 目标概念库外"
mimic-iii,D_ITEMS:Free Form Intake,Sodium Citrate ml/hr,"自由文本入量描述, 目标概念库外"
mimic-iii,D_ITEMS:Free Form Intake,Contrast,"自由文本入量描述, 目标概念库外"
mimic-iii,D_ITEMS:Free Form Intake,E.R. prbc,"自由文本入量描述, 目标概念库外"
mimic-iii,D_ITEMS:Free Form Intake,Plasmalyte A,"自由文本入量描述, 目标概念库外"
mimic-iii,D_ITEMS:Free Form Intake,octreotride,"自由文本入量描述, 目标概念库外"
mimic-iii,D_ITEMS:Free Form Intake,D10NSS,"自由文本入量描述, 目标概念库外"
mimic-iii,D_ITEMS:Free Form Intake,KCL 10mmol in 100sw,"自由文本入量描述, 目标概念库外"
mimic-iii,D_ITEMS:Free Form Intake,EP lab intake,"自由文本入量描述, 目标概念库外"
mimic-iii,D_ITEMS:Free Form Intake,RESCUE FLUSH,"自由文本入量描述, 目标概念库外"
mimic-iii,D_ITEMS:Free Form Intake,CITRATE DEXTROSE 3%,"自由文本入量描述, 目标概念库外"
mimic-iii,D_ITEMS:Free Form Intake,pre arrival ivf,"自由文本入量描述, 目标概念库外"
mimic-iii,D_ITEMS:Free Form Intake,GASTROGRAFIN/J TUBE,"自由文本入量描述, 目标概念库外"
mimic-iii,D_ITEMS:Free Form Intake,ANGIO INTIAKE,"自由文本入量描述, 目标概念库外"
mimic-iii,D_ITEMS:Free Form Intake,ns/40kcl,"自由文本入量描述, 目标概念库外"
mimic-iii,D_ITEMS:Free Form Intake,D5W & 150 MEQ NAHCO3,"自由文本入量描述, 目标概念库外"
mimic-iii,D_ITEMS:Free Form Intake,citrate dextrose,"自由文本入量描述, 目标概念库外"
mimic-iii,D_ITEMS:Free Form Intake,GB drain flush,"自由文本入量描述, 目标概念库外"
mimic-iii,D_ITEMS:Free Form Intake,Flush Pack,"自由文本入量描述, 目标概念库外"
mimic-iii,D_ITEMS:Free Form Intake,Flexiseal Irrigant,"自由文本入量描述, 目标概念库外"
mimic-iii,D_ITEMS:Free Form Intake,sodiumphosphate15mmo,"自由文本入量描述, 目标概念库外"
mimic-iii,D_ITEMS:Free Form Intake,citrate gtt,"自由文本入量描述, 目标概念库外"
mimic-iii,D_ITEMS:Free Form Intake,JP REPLETION-LR,"自由文本入量描述, 目标概念库外"
mimic-iii,D_ITEMS:Free Form Intake,0.45%ns + 20 meq kcl,"自由文本入量描述, 目标概念库外"
mimic-iii,D_ITEMS:Free Form Intake,0.45%NS +40meq kcl,"自由文本入量描述, 目标概念库外"
mimic-iii,D_ITEMS:Free Form Intake,0.45% + 60 MEQ KCL,"自由文本入量描述, 目标概念库外"
mimic-iii,D_ITEMS:Free Form Intake,D50.45%NS + 60MQ KCL,"自由文本入量描述, 目标概念库外"
mimic-iii,D_ITEMS:Free Form Intake,JP repl w/Na Bicarb,"自由文本入量描述, 目标概念库外"
mimic-iii,D_ITEMS:Free Form Intake,30mmol NaPhos,"自由文本入量描述, 目标概念库外"
mimic-iii,D_ITEMS:Free Form Intake,Flush,"自由文本入量描述, 目标概念库外"
mimic-iii,D_ITEMS:Free Form Intake,KCL 10 MEQ,"自由文本入量描述, 目标概念库外"
mimic-iii,D_ITEMS:Free Form Intake,Kphos 15 mmol,"自由文本入量描述, 目标概念库外"
mimic-iii,D_ITEMS:Free Form Intake,CRRT Rescue Flush,"自由文本入量描述, 目标概念库外"
mimic-iii,D_ITEMS:Free Form Intake,K Phos 15mmol,"自由文本入量描述, 目标概念库外"
mimic-iii,D_ITEMS:Free Form Intake,Bile refeeding via J,"自由文本入量描述, 目标概念库外"
mimic-iii,D_ITEMS:Free Form Intake,PD fluid,"自由文本入量描述, 目标概念库外"
mimic-iii,D_ITEMS:Free Form Intake,resue flush,"自由文本入量描述, 目标概念库外"
mimic-iii,D_ITEMS:Free Form Intake,acetylcystein,"自由文本入量描述, 目标概念库外"
mimic-iii,D_ITEMS:Free Form Intake,Floor NS Bolus,"自由文本入量描述, 目标概念库外"
mimic-iii,D_ITEMS:Free Form Intake,30mmol Na Phos/D5W,"自由文本入量描述, 目标概念库外"
mimic-iii,D_ITEMS:Free Form Intake,isoproterenolmcg/min,"自由文本入量描述, 目标概念库外"
mimic-iii,D_ITEMS:Free Form Intake,prismasate,"自由文本入量描述, 目标概念库外"
mimic-iii,D_ITEMS:Free Form Intake,Abdominal VAC,"自由文本入量描述, 目标概念库外"
mimic-iii,D_ITEMS:Free Form Intake,NS rescue flush,"自由文本入量描述, 目标概念库外"
mimic-iii,D_ITEMS:Free Form Intake,KCL-10 MEQ-DIALYSIS,"自由文本入量描述, 目标概念库外"
mimic-iii,D_ITEMS:Free Form Intake,Filter flush - NS,"自由文本入量描述, 目标概念库外"
mimic-iii,D_ITEMS:Free Form Intake,NS with Sodium Phos,"自由文本入量描述, 目标概念库外"
mimic-iii,D_ITEMS:Free Form Intake,citrate/ACD,"自由文本入量描述, 目标概念库外"
mimic-iii,D_ITEMS:Free Form Intake,kcl 10meq/100cc,"自由文本入量描述, 目标概念库外"
mimic-iii,D_ITEMS:Free Form Intake,ER intake NS,"自由文本入量描述, 目标概念库外"
mimic-iii,D_ITEMS:Free Form Intake,KCL 40 MEQ IN 500MLS,"自由文本入量描述, 目标概念库外"
mimic-iii,D_ITEMS:Free Form Intake,Replete w/Fib w/prot,"自由文本入量描述, 目标概念库外"
mimic-iii,D_ITEMS:Free Form Intake,cvvdh rescue line,"自由文本入量描述, 目标概念库外"
mimic-iii,D_ITEMS:Free Form Intake,OSH IVF,"自由文本入量描述, 目标概念库外"
mimic-iii,D_ITEMS:Free Form Intake,3%CITRATE DEXTROSECF,"自由文本入量描述, 目标概念库外"
mimic-iii,D_ITEMS:Free Form Intake,CVVHD NS line flush,"自由文本入量描述, 目标概念库外"
mimic-iii,D_ITEMS:Free Form Intake,lactulose,"自由文本入量描述, 目标概念库外"
mimic-iii,D_ITEMS:Free Form Intake,15mm k phos,"自由文本入量描述, 目标概念库外"
mimic-iii,D_ITEMS:Free Form Intake,kcl 10 meq/100 ml  0,"自由文本入量描述, 目标概念库外"
mimic-iii,D_ITEMS:Free Form Intake,citrate infusion,"自由文本入量描述, 目标概念库外"
mimic-iii,D_ITEMS:Free Form Intake,antithymocyteglobuli,"自由文本入量描述, 目标概念库外"
mimic-iii,D_ITEMS:Free Form Intake,NS RESCUE,"自由文本入量描述, 目标概念库外"
mimic-iii,D_ITEMS:Free Form Intake,Farr 5 IV,"自由文本入量描述, 目标概念库外"
mimic-iii,D_ITEMS:Free Form Intake,Farr 5 po,"自由文本入量描述, 目标概念库外"
mimic-iii,D_ITEMS:Free Form Intake,Farr7,"自由文本入量描述, 目标概念库外"
mimic-iii,D_ITEMS:Free Form Intake,ngt meds,"自由文本入量描述, 目标概念库外"
mimic-iii,D_ITEMS:Free Form Intake,plasma pheresis,"自由文本入量描述, 目标概念库外"
mimic-iii,D_ITEMS:Free Form Intake,free h2o bolus,"自由文本入量描述, 目标概念库外"
mimic-iii,D_ITEMS:Free Form Intake,kayexolate PR,"自由文本入量描述, 目标概念库外"
mimic-iii,D_ITEMS:Free Form Intake,Nesiritide,"自由文本入量描述, 目标概念库外"
mimic-iii,D_ITEMS:Free Form Intake,frfee water boluses,"自由文本入量描述, 目标概念库外"
mimic-iii,D_ITEMS:Free Form Intake,K-Acetate 40mEq/250,"自由文本入量描述, 目标概念库外"
mimic-iii,D_ITEMS:Free Form Intake,glucagon,"自由文本入量描述, 目标概念库外"
mimic-iii,D_ITEMS:Free Form Intake,CT prep,"自由文本入量描述, 目标概念库外"
mimic-iii,D_ITEMS:Free Form Intake,CO output,"自由文本入量描述, 目标概念库外"
mimic-iii,D_ITEMS:Free Form Intake,phenobarbital,"自由文本入量描述, 目标概念库外"
mimic-iii,D_ITEMS:Free Form Intake,TOTAL IN ON PAPER CT,"自由文本入量描述, 目标概念库外"
mimic-iii,D_ITEMS:Free Form Intake,H20 BOLUS VIA NG,"自由文本入量描述, 目标概念库外"
mimic-iii,D_ITEMS:Free Form Intake,30mmolNaPhos/NS,"自由文本入量描述, 目标概念库外"
mimic-iii,D_ITEMS:Free Form Intake,soap suds enema,"自由文本入量描述, 目标概念库外"
mimic-iii,D_ITEMS:Free Form Intake,potassium 40/500,"自由文本入量描述, 目标概念库外"
mimic-iii,D_ITEMS:Free Form Intake,TPND9.5,"自由文本入量描述, 目标概念库外"
mimic-iii,D_ITEMS:Free Form Intake,PG  Special Care 28,"自由文本入量描述, 目标概念库外"
mimic-iii,D_ITEMS:Free Form Intake,Sodium Barcarb,"自由文本入量描述, 目标概念库外"
mimic-iii,D_ITEMS:Free Form Intake,K PHOSPHATE,"自由文本入量描述, 目标概念库外"
mimic-iii,D_ITEMS:Free Form Intake,replete/fiber,"自由文本入量描述, 目标概念库外"
mimic-iii,D_ITEMS:Free Form Intake,Gentamycin Irrigatin,"自由文本入量描述, 目标概念库外"
mimic-iii,D_ITEMS:Free Form Intake,Gentamicin to CT,"自由文本入量描述, 目标概念库外"
mimic-iii,D_ITEMS:Free Form Intake,nutren renal fs,"自由文本入量描述, 目标概念库外"
mimic-iii,D_ITEMS:Free Form Intake,SimSC28,"自由文本入量描述, 目标概念库外"
mimic-iii,D_ITEMS:Free Form Intake,Replete with Fiber.,"自由文本入量描述, 目标概念库外"
mimic-iii,D_ITEMS:Free Form Intake,ssc 26,"自由文本入量描述, 目标概念库外"
mimic-iii,D_ITEMS:Free Form Intake,NS CT IRRIGANT,"自由文本入量描述, 目标概念库外"
mimic-iii,D_ITEMS:Free Form Intake,CT warming fluid,"自由文本入量描述, 目标概念库外"
mimic-iii,D_ITEMS:Free Form Intake,D5W WITH BICARB,"自由文本入量描述, 目标概念库外"
mimic-iii,D_ITEMS:Free Form Intake,PROSOBEE 24 by conc,"自由文本入量描述, 目标概念库外"
mimic-iii,D_ITEMS:Free Form Intake,NS WITH K-PHOS,"自由文本入量描述, 目标概念库外"
mimic-iii,D_ITEMS:Free Form Intake,IVF from floor,"自由文本入量描述, 目标概念库外"
mimic-iii,D_ITEMS:Free Form Intake,Imp with fiber 1/2st,"自由文本入量描述, 目标概念库外"
mimic-iii,D_ITEMS:Free Form Intake,Water NG flush,"自由文本入量描述, 目标概念库外"
mimic-iii,D_ITEMS:Free Form Intake,1/2str Impt with Fib,"自由文本入量描述, 目标概念库外"
mimic-iii,D_ITEMS:Free Form Intake,500cc NS w/40meq kcl,"自由文本入量描述, 目标概念库外"
mimic-iii,D_ITEMS:Free Form Intake,Enfamil 30cals/ounce,"自由文本入量描述, 目标概念库外"
mimic-iii,D_ITEMS:Free Form Intake,Enfamil 30 cal NG,"自由文本入量描述, 目标概念库外"
mimic-iii,D_ITEMS:Free Form Intake,chemo ara-c,"自由文本入量描述, 目标概念库外"
mimic-iii,D_ITEMS:Free Form Intake,protonix80mg/250ccNS,"自由文本入量描述, 目标概念库外"
mimic-iii,D_ITEMS:Free Form Intake,CHEMO:Alb w/ Sargram,"自由文本入量描述, 目标概念库外"
mimic-iii,D_ITEMS:Free Form Intake,CHEMO:Cytarabine,"自由文本入量描述, 目标概念库外"
mimic-iii,D_ITEMS:Free Form Intake,EW IV intake,"自由文本入量描述, 目标概念库外"
mimic-iii,D_ITEMS:Free Form Intake,NA PHOS 30 MMO;,"自由文本入量描述, 目标概念库外"
mimic-iii,D_ITEMS:Free Form Intake,intake angio,"自由文本入量描述, 目标概念库外"
mimic-iii,D_ITEMS:Free Form Intake,FFP ON FARR 2,"自由文本入量描述, 目标概念库外"
mimic-iii,D_ITEMS:Free Form Intake,Jtube flush,"自由文本入量描述, 目标概念库外"
mimic-iii,D_ITEMS:Free Form Intake,PD in,"自由文本入量描述, 目标概念库外"
mimic-iii,D_ITEMS:Free Form Intake,crystalloid- ed,"自由文本入量描述, 目标概念库外"
mimic-iii,D_ITEMS:Free Form Intake,ca gluconate 10%,"自由文本入量描述, 目标概念库外"
mimic-iii,D_ITEMS:Free Form Intake,k phos 30 mmol,"自由文本入量描述, 目标概念库外"
mimic-iii,D_ITEMS:Free Form Intake,BM g-tube,"自由文本入量描述, 目标概念库外"
mimic-iii,D_ITEMS:Free Form Intake,phoresis,"自由文本入量描述, 目标概念库外"
mimic-iii,D_ITEMS:Free Form Intake,ED FLUID INTAKE,"自由文本入量描述, 目标概念库外"
mimic-iii,D_ITEMS:Free Form Intake,pharesis fluids,"自由文本入量描述, 目标概念库外"
mimic-iii,D_ITEMS:Free Form Intake,impact 2/3 strength,"自由文本入量描述, 目标概念库外"
mimic-iii,D_ITEMS:Free Form Intake,peritoneal dialysis,"自由文本入量描述, 目标概念库外"
mimic-iii,D_ITEMS:Free Form Intake,ampho,"自由文本入量描述, 目标概念库外"
mimic-iii,D_ITEMS:Free Form Intake,nephrost tube flush,"自由文本入量描述, 目标概念库外"
mimic-iii,D_ITEMS:Free Form Intake,plasmaphersis,"自由文本入量描述, 目标概念库外"
mimic-iii,D_ITEMS:Free Form Intake,BLADDER PRESSURE,"自由文本入量描述, 目标概念库外"
mimic-iii,D_ITEMS:Free Form Intake,15mmol Na+ Phos,"自由文本入量描述, 目标概念库外"
mimic-iii,D_ITEMS:Free Form Intake,JT in,"自由文本入量描述, 目标概念库外"
mimic-iii,D_ITEMS:Free Form Intake,plasmapharesis,"自由文本入量描述, 目标概念库外"
mimic-iii,D_ITEMS:Free Form Intake,barycat,"自由文本入量描述, 目标概念库外"
mimic-iii,D_ITEMS:Free Form Intake,Prom w/Fib 1/2 str,"自由文本入量描述, 目标概念库外"
mimic-iii,D_ITEMS:Free Form Intake,Pheresis Intake,"自由文本入量描述, 目标概念库外"
mimic-iii,D_ITEMS:Free Form Intake,N/S WITH 40MEQ OF KL,"自由文本入量描述, 目标概念库外"
mimic-iii,D_ITEMS:Free Form Intake,3/4 promote/fiber/tf,"自由文本入量描述, 目标概念库外"
mimic-iii,D_ITEMS:Free Form Intake,2/3PROMOTE/FIBER,"自由文本入量描述, 目标概念库外"
mimic-iii,D_ITEMS:Free Form Intake,IR,"自由文本入量描述, 目标概念库外"
mimic-iii,D_ITEMS:Free Form Intake,ultrafiltrate,"自由文本入量描述, 目标概念库外"
mimic-iii,D_ITEMS:Free Form Intake,D5W 500ml bolus,"自由文本入量描述, 目标概念库外"
mimic-iii,D_ITEMS:Free Form Intake,N/s 500 ml bolus,"自由文本入量描述, 目标概念库外"
mimic-iii,D_ITEMS:Free Form Intake,D10w Bolus,"自由文本入量描述, 目标概念库外"
mimic-iii,D_ITEMS:Free Form Intake,.45%NS FLUSH,"自由文本入量描述, 目标概念库外"
mimic-iii,D_ITEMS:Free Form Intake,IV D6W,"自由文本入量描述, 目标概念库外"
mimic-iii,D_ITEMS:Free Form Intake,BMFSPO + HMF + MCT,"自由文本入量描述, 目标概念库外"
mimic-iii,D_ITEMS:Free Form Intake,Hep Flush,"自由文本入量描述, 目标概念库外"
mimic-iii,D_ITEMS:Free Form Intake,GT Pedialyte,"自由文本入量描述, 目标概念库外"
mimic-iii,D_ITEMS:Free Form Intake,Enfamil AR 24 GT,"自由文本入量描述, 目标概念库外"
mimic-iii,D_ITEMS:Free Form Intake,BMFSNG + 2 HMF,"自由文本入量描述, 目标概念库外"
mimic-iii,D_ITEMS:Free Form Intake,ALIMENTUM 24CAL,"自由文本入量描述, 目标概念库外"
mimic-iii,D_ITEMS:Free Form Intake,Neosure 22 NG,"自由文本入量描述, 目标概念库外"
mimic-iii,D_ITEMS:Free Form Intake,D-10 Bolus,"自由文本入量描述, 目标概念库外"
mimic-iii,D_ITEMS:Free Form Intake,Similac 60/40,"自由文本入量描述, 目标概念库外"
mimic-iii,D_ITEMS:Free Form Intake,PN-D11.5 with heparn,"自由文本入量描述, 目标概念库外"
mimic-iii,D_ITEMS:Free Form Intake,crystalloid/dialysis,"自由文本入量描述, 目标概念库外"
mimic-iii,D_ITEMS:Free Form Intake,cyclosporin iv drip,"自由文本入量描述, 目标概念库外"
mimic-iii,D_ITEMS:Free Form Intake,Solumedrol mg/kg/min,"自由文本入量描述, 目标概念库外"
mimic-iii,D_ITEMS:Free Form Intake,ns with 2 amps bicab,"自由文本入量描述, 目标概念库外"
mimic-iii,D_ITEMS:Free Form Intake,Pregesimil FS PO,"自由文本入量描述, 目标概念库外"
mimic-iii,D_ITEMS:Free Form Intake,Pregestilmil FS NG,"自由文本入量描述, 目标概念库外"
mimic-iii,D_ITEMS:Free Form Intake,golytle prep,"自由文本入量描述, 目标概念库外"
mimic-iii,D_ITEMS:Free Form Intake,tube fgs on floor,"自由文本入量描述, 目标概念库外"
mimic-iii,D_ITEMS:Free Form Intake,D5W 150meq Sod Bicar,"自由文本入量描述, 目标概念库外"
mimic-iii,D_ITEMS:Free Form Intake,cagluc (40gm/l),"自由文本入量描述, 目标概念库外"
mimic-iii,D_ITEMS:Free Form Intake,bupivacaine.1% r axi,"自由文本入量描述, 目标概念库外"
mimic-iii,D_ITEMS:Free Form Intake,D5W & 40Gm CaGluc,"自由文本入量描述, 目标概念库外"
mimic-iii,D_ITEMS:Free Form Intake,IMPACT WITHOUT FIBER,"自由文本入量描述, 目标概念库外"
mimic-iii,D_ITEMS:Free Form Intake,OR INPUT CRYSTALLOID,"自由文本入量描述, 目标概念库外"
mimic-iii,D_ITEMS:Free Form Intake,NS bladder pressure,"自由文本入量描述, 目标概念库外"
mimic-iii,D_ITEMS:Free Form Intake,k phos 15 mm,"自由文本入量描述, 目标概念库外"
mimic-iii,D_ITEMS:Free Form Intake,ANGIO CRYSTTALOID,"自由文本入量描述, 目标概念库外"
mimic-iii,D_ITEMS:Free Form Intake,JT flush,"自由文本入量描述, 目标概念库外"
mimic-iii,D_ITEMS:Free Form Intake,NS 40K 500CC,"自由文本入量描述, 目标概念库外"
mimic-iii,D_ITEMS:Free Form Intake,NS/10MG XIGRIS,"自由文本入量描述, 目标概念库外"
mimic-iii,D_ITEMS:Free Form Intake,Similac 24 cals/oz,"自由文本入量描述, 目标概念库外"
mimic-iii,D_ITEMS:Free Form Intake,Sim-24,"自由文本入量描述, 目标概念库外"
mimic-iii,D_ITEMS:Free Form Intake,Sim-24(NG),"自由文本入量描述, 目标概念库外"
mimic-iii,D_ITEMS:Free Form Intake,barium prep,"自由文本入量描述, 目标概念库外"
mimic-iii,D_ITEMS:Free Form Intake,Sim-26 w/promod,"自由文本入量描述, 目标概念库外"
mimic-iii,D_ITEMS:Free Form Intake,Sim-26 w/promod (PG),"自由文本入量描述, 目标概念库外"
mimic-iii,D_ITEMS:Free Form Intake,Sim-26 w/promod(PO),"自由文本入量描述, 目标概念库外"
mimic-iii,D_ITEMS:Free Form Intake,Sim-26 w/promod (PO),"自由文本入量描述, 目标概念库外"
mimic-iii,D_ITEMS:Free Form Intake,CITRATE,"自由文本入量描述, 目标概念库外"
mimic-iii,D_ITEMS:Free Form Intake,1:1 U/O REPLETION,"自由文本入量描述, 目标概念库外"
mimic-iii,D_ITEMS:Free Form Intake,outside hsp,"自由文本入量描述, 目标概念库外"
mimic-iii,D_ITEMS:Free Form Intake,0.5:1 U/O REPLETION,"自由文本入量描述, 目标概念库外"
mimic-iii,D_ITEMS:Free Form Intake,1:1 NS Repletion.,"自由文本入量描述, 目标概念库外"
mimic-iii,D_ITEMS:Free Form Intake,D5W 100MEQ BICARB,"自由文本入量描述, 目标概念库外"
mimic-iii,D_ITEMS:Free Form Intake,.5:1 NS REPLETION,"自由文本入量描述, 目标概念库外"
mimic-iii,D_ITEMS:Free Form Intake,HYDROCHLORIDE ACID G,"自由文本入量描述, 目标概念库外"
mimic-iii,D_ITEMS:Free Form Intake,KPhos 15mmol/250D5W,"自由文本入量描述, 目标概念库外"
mimic-iii,D_ITEMS:Free Form Intake,SC32,"自由文本入量描述, 目标概念库外"
mimic-iii,D_ITEMS:Free Form Intake,Mucamyst iv.,"自由文本入量描述, 目标概念库外"
mimic-iii,D_ITEMS:Free Form Intake,ERCP IV intake,"自由文本入量描述, 目标概念库外"
mimic-iii,D_ITEMS:Free Form Intake,Jevity (TF),"自由文本入量描述, 目标概念库外"
mimic-iii,D_ITEMS:Free Form Intake,D5NS 40K,"自由文本入量描述, 目标概念库外"
mimic-iii,D_ITEMS:Free Form Intake,D5W 15mM Phos/22MEQK,"自由文本入量描述, 目标概念库外"
mimic-iii,D_ITEMS:Free Form Intake,Angiography Intake,"自由文本入量描述, 目标概念库外"
mimic-iii,D_ITEMS:Free Form Intake,replete with fiber,"自由文本入量描述, 目标概念库外"
mimic-iii,D_ITEMS:Free Form Intake,NUTREN PUL 2/3st mvi,"自由文本入量描述, 目标概念库外"
mimic-iii,D_ITEMS:Free Form Intake,Glucagon 25mg/250,"自由文本入量描述, 目标概念库外"
mimic-iii,D_ITEMS:Free Form Intake,H20+7.7meqNaAcetate,"自由文本入量描述, 目标概念库外"
mimic-iii,D_ITEMS:Free Form Intake,Liquid SSC28,"自由文本入量描述, 目标概念库外"
mimic-iii,D_ITEMS:Free Form Intake,SSC26,"自由文本入量描述, 目标概念库外"
mimic-iii,D_ITEMS:Free Form Intake,ED cryst,"自由文本入量描述, 目标概念库外"
mimic-iii,D_ITEMS:Free Form Intake,Sodium Phosphate30mm,"自由文本入量描述, 目标概念库外"
mimic-iii,D_ITEMS:Free Form Intake,40meq KCL,"自由文本入量描述, 目标概念库外"
mimic-iii,D_ITEMS:Free Form Intake,LACTULOSE PR,"自由文本入量描述, 目标概念库外"
mimic-iii,D_ITEMS:Free Form Intake,SSC 30,"自由文本入量描述, 目标概念库外"
mimic-iii,D_ITEMS:Free Form Intake,SSC30,"自由文本入量描述, 目标概念库外"
mimic-iii,D_ITEMS:Free Form Intake,Amiodorone,"自由文本入量描述, 目标概念库外"
mimic-iii,D_ITEMS:Free Form Intake,NS with 30mm Na Phos,"自由文本入量描述, 目标概念库外"
mimic-iii,D_ITEMS:Free Form Intake,Replete w/ fiber,"自由文本入量描述, 目标概念库外"
mimic-iii,D_ITEMS:Free Form Intake,SC30FeNG,"自由文本入量描述, 目标概念库外"
mimic-iii,D_ITEMS:Free Form Intake,Free H20 cont G-tube,"自由文本入量描述, 目标概念库外"
mimic-iii,D_ITEMS:Free Form Intake,10% Dextran 40,"自由文本入量描述, 目标概念库外"
mimic-iii,D_ITEMS:Free Form Intake,PD 2.5% Dextrose,"自由文本入量描述, 目标概念库外"
mimic-iii,D_ITEMS:Free Form Intake,IVF Farr 10,"自由文本入量描述, 目标概念库外"
mimic-iii,D_ITEMS:Free Form Intake,PO Farr 10,"自由文本入量描述, 目标概念库外"
mimic-iii,D_ITEMS:Free Form Intake,sodium phos 15mmol,"自由文本入量描述, 目标概念库外"
mimic-iii,D_ITEMS:Free Form Intake,26 cal po,"自由文本入量描述, 目标概念库外"
mimic-iii,D_ITEMS:Free Form Intake,Pedialyte,"自由文本入量描述, 目标概念库外"
mimic-iii,D_ITEMS:Free Form Intake,SSC 30 PG,"自由文本入量描述, 目标概念库外"
mimic-iii,D_ITEMS:Free Form Intake,SSC 30 PO,"自由文本入量描述, 目标概念库外"
mimic-iii,D_ITEMS:Free Form Intake,SSC 28 ng,"自由文本入量描述, 目标概念库外"
mimic-iii,D_ITEMS:Free Form Intake,Nutren,"自由文本入量描述, 目标概念库外"
mimic-iii,D_ITEMS:Free Form Intake,SW with Na acetate,"自由文本入量描述, 目标概念库外"
mimic-iii,D_ITEMS:Free Form Intake,SSC26 po,"自由文本入量描述, 目标概念库外"
mimic-iii,D_ITEMS:Free Form Intake,SSC28po,"自由文本入量描述, 目标概念库外"
mimic-iii,D_ITEMS:Free Form Intake,SC34+BP,"自由文本入量描述, 目标概念库外"
mimic-iii,D_ITEMS:Free Form Intake,SSC28 NG,"自由文本入量描述, 目标概念库外"
mimic-iii,D_ITEMS:Free Form Intake,SSC26 PG,"自由文本入量描述, 目标概念库外"
mimic-iii,D_ITEMS:Free Form Intake,SSC28,"自由文本入量描述, 目标概念库外"
mimic-iii,D_ITEMS:Free Form Intake,SSC28 NGT,"自由文本入量描述, 目标概念库外"
mimic-iii,D_ITEMS:Free Form Intake,SSC 26 NGT,"自由文本入量描述, 目标概念库外"
mimic-iii,D_ITEMS:Free Form Intake,ns w/15mm of na.phos,"自由文本入量描述, 目标概念库外"
mimic-iii,D_ITEMS:Free Form Intake,sod.phos. 15mmol/250,"自由文本入量描述, 目标概念库外"
mimic-iii,D_ITEMS:Free Form Intake,SC28 PO,"自由文本入量描述, 目标概念库外"
mimic-iii,D_ITEMS:Free Form Intake,SC30 PG,"自由文本入量描述, 目标概念库外"
mimic-iii,D_ITEMS:Free Form Intake,SC30pg,"自由文本入量描述, 目标概念库外"
mimic-iii,D_ITEMS:Free Form Intake,SC30 po,"自由文本入量描述, 目标概念库外"
mimic-iii,D_ITEMS:Free Form Intake,SC30PO,"自由文本入量描述, 目标概念库外"
mimic-iii,D_ITEMS:Free Form Intake,SC26 NG,"自由文本入量描述, 目标概念库外"
mimic-iii,D_ITEMS:Free Form Intake,SC26 pg,"自由文本入量描述, 目标概念库外"
mimic-iii,D_ITEMS:Free Form Intake,SSC 28 PO,"自由文本入量描述, 目标概念库外"
mimic-iii,D_ITEMS:Free Form Intake,Versed 20mg/50ml D5,"自由文本入量描述, 目标概念库外"
mimic-iii,D_ITEMS:Free Form Intake,Ca,"自由文本入量描述, 目标概念库外"
mimic-iii,D_ITEMS:Free Form Intake,500cc ns bolus,"自由文本入量描述, 目标概念库外"
mimic-iii,D_ITEMS:Free Form Intake,Mucamyst.,"自由文本入量描述, 目标概念库外"
mimic-iii,D_ITEMS:Free Form Intake,Nutramigen 22 PG,"自由文本入量描述, 目标概念库外"
mimic-iii,D_ITEMS:Free Form Intake,Nutramigen 22 PO,"自由文本入量描述, 目标概念库外"
mimic-iii,D_ITEMS:Free Form Intake,nutran tube feed,"自由文本入量描述, 目标概念库外"
mimic-iii,D_ITEMS:Free Form Intake,ssc26 ng,"自由文本入量描述, 目标概念库外"
mimic-iii,D_ITEMS:Free Form Intake,plueral tap,"自由文本入量描述, 目标概念库外"
mimic-iii,D_ITEMS:Free Form Intake,Peptamen VHP,"自由文本入量描述, 目标概念库外"
mimic-iii,D_ITEMS:Free Form Intake,amphotercin 25mg,"自由文本入量描述, 目标概念库外"
mimic-iii,D_ITEMS:Free Form Intake,SC 28 NG,"自由文本入量描述, 目标概念库外"
mimic-iii,D_ITEMS:Free Form Intake,"SC 26 Liquid, NG","自由文本入量描述, 目标概念库外"
mimic-iii,D_ITEMS:Free Form Intake,"SC 26 Liquid, PO","自由文本入量描述, 目标概念库外"
mimic-iii,D_ITEMS:Free Form Intake,3/4 str nutrin,"自由文本入量描述, 目标概念库外"
mimic-iii,D_ITEMS:Free Form Intake,7.7meqNaacetate,"自由文本入量描述, 目标概念库外"
mimic-iii,D_ITEMS:Free Form Intake,Similac SC 26,"自由文本入量描述, 目标概念库外"
mimic-iii,D_ITEMS:Free Form Intake,Fleet Enema,"自由文本入量描述, 目标概念库外"
mimic-iii,D_ITEMS:Free Form Intake,"SC28 liquid, NG","自由文本入量描述, 目标概念库外"
mimic-iii,D_ITEMS:Free Form Intake,"SC28 liquid,PO","自由文本入量描述, 目标概念库外"
mimic-iii,D_ITEMS:Free Form Intake,"SC28 liquid, PO","自由文本入量描述, 目标概念库外"
mimic-iii,D_ITEMS:Free Form Intake,Drain 1 flush L side,"自由文本入量描述, 目标概念库外"
mimic-iii,D_ITEMS:Free Form Intake,SC26liq,"自由文本入量描述, 目标概念库外"
mimic-iii,D_ITEMS:Free Form Intake,Midazolam(Versed),"自由文本入量描述, 目标概念库外"
mimic-iii,D_ITEMS:Free Form Intake,SC28liq ng,"自由文本入量描述, 目标概念库外"
mimic-iii,D_ITEMS:Free Form Intake,SC 26 NG,"自由文本入量描述, 目标概念库外"
mimic-iii,D_ITEMS:Free Form Intake,IR Lactated ringers,"自由文本入量描述, 目标概念库外"
mimic-iii,D_ITEMS:Free Form Intake,Neosure 26 cal,"自由文本入量描述, 目标概念库外"
mimic-iii,D_ITEMS:Free Form Intake,Sodium Phos 30mmol,"自由文本入量描述, 目标概念库外"
mimic-iii,D_ITEMS:Free Form Intake,Special Care 28,"自由文本入量描述, 目标概念库外"
mimic-iii,D_ITEMS:Free Form Intake,NaAcetate via UAC,"自由文本入量描述, 目标概念库外"
mimic-iii,D_ITEMS:Free Form Intake,replete full strengh,"自由文本入量描述, 目标概念库外"
mimic-iii,D_ITEMS:Free Form Intake,KETAMINE 200mgm 50ML,"自由文本入量描述, 目标概念库外"
mimic-iii,D_ITEMS:Free Form Intake,SSC28NG,"自由文本入量描述, 目标概念库外"
mimic-iii,D_ITEMS:Free Form Intake,Special Care 26,"自由文本入量描述, 目标概念库外"
mimic-iii,D_ITEMS:Free Form Intake,LACTULOSE/Kayexalate,"自由文本入量描述, 目标概念库外"
mimic-iii,D_ITEMS:Free Form Intake,SSC 26 NG,"自由文本入量描述, 目标概念库外"
mimic-iii,D_ITEMS:Free Form Intake,Nutren 3/4str,"自由文本入量描述, 目标概念库外"
mimic-iii,D_ITEMS:Free Form Intake,Ketamine 100mg/50ml,"自由文本入量描述, 目标概念库外"
mimic-iii,D_ITEMS:Free Form Intake,SC 28 po,"自由文本入量描述, 目标概念库外"
mimic-iii,D_ITEMS:Free Form Intake,Sim SC26,"自由文本入量描述, 目标概念库外"
mimic-iii,D_ITEMS:Free Form Intake,Sim SC28 NG,"自由文本入量描述, 目标概念库外"
mimic-iii,D_ITEMS:Free Form Intake,Sim SC28 PO,"自由文本入量描述, 目标概念库外"
mimic-iii,D_ITEMS:Free Form Intake,Calcium w/ pheresis,"自由文本入量描述, 目标概念库外"
mimic-iii,D_ITEMS:Free Form Intake,Nutramigen28w/RC PG,"自由文本入量描述, 目标概念库外"
mimic-iii,D_ITEMS:Free Form Intake,Replete w/fiber FS,"自由文本入量描述, 目标概念库外"
mimic-iii,D_ITEMS:Free Form Intake,SC26 PO,"自由文本入量描述, 目标概念库外"
mimic-iii,D_ITEMS:Free Form Intake,SC26,"自由文本入量描述, 目标概念库外"
mimic-iii,D_ITEMS:Free Form Intake,Neosure 26,"自由文本入量描述, 目标概念库外"
mimic-iii,D_ITEMS:Free Form Intake,SimSC30,"自由文本入量描述, 目标概念库外"
mimic-iii,D_ITEMS:Free Form Intake,VICU IN,"自由文本入量描述, 目标概念库外"
mimic-iii,D_ITEMS:Free Form Intake,PE32 PO,"自由文本入量描述, 目标概念库外"
mimic-iii,D_ITEMS:Free Form Intake,PE26 ng,"自由文本入量描述, 目标概念库外"
mimic-iii,D_ITEMS:Free Form Intake,N/S +15 MMOL Na phos,"自由文本入量描述, 目标概念库外"
mimic-iii,D_ITEMS:Free Form Intake,BM28 4Enf Powd 4 MCT,"自由文本入量描述, 目标概念库外"
mimic-iii,D_ITEMS:Free Form Intake,E28,"自由文本入量描述, 目标概念库外"
mimic-iii,D_ITEMS:Free Form Intake,PE30 w beneprotein,"自由文本入量描述, 目标概念库外"
mimic-iii,D_ITEMS:Free Form Intake,N/S +30MMOL KPO4,"自由文本入量描述, 目标概念库外"
mimic-iii,D_ITEMS:Free Form Intake,IV PLASMOLYTE,"自由文本入量描述, 目标概念库外"
mimic-iii,D_ITEMS:Free Form Intake,"PE32,NG","自由文本入量描述, 目标概念库外"
mimic-iii,D_ITEMS:Free Form Intake,PE28 ng,"自由文本入量描述, 目标概念库外"
mimic-iii,D_ITEMS:Free Form Intake,IV Plasmalyte,"自由文本入量描述, 目标概念库外"
mimic-iii,D_ITEMS:Free Form Intake,.5BM/.5Neocate 24 PG,"自由文本入量描述, 目标概念库外"
mimic-iii,D_ITEMS:Free Form Intake,.5BM/.5Neocate 24 PO,"自由文本入量描述, 目标概念库外"
mimic-iii,D_ITEMS:Free Form Intake,enfacare 22 pg,"自由文本入量描述, 目标概念库外"
mimic-iii,D_ITEMS:Free Form Intake,enfacare 22 po,"自由文本入量描述, 目标概念库外"
mimic-iii,D_ITEMS:Free Form Intake,Pe28 cals/oz,"自由文本入量描述, 目标概念库外"
mimic-iii,D_ITEMS:Free Form Intake,2/3 str Impact with.,"自由文本入量描述, 目标概念库外"
mimic-iii,D_ITEMS:Free Form Intake,1/2 str Imp with Ben,"自由文本入量描述, 目标概念库外"
mimic-iii,D_ITEMS:Free Form Intake,T3,"自由文本入量描述, 目标概念库外"
mimic-iii,D_ITEMS:Free Form Intake,naAcetate7.7mEq,"自由文本入量描述, 目标概念库外"
mimic-iii,D_ITEMS:Free Form Intake,PO PE28,"自由文本入量描述, 目标概念库外"
mimic-iii,D_ITEMS:Free Form Intake,PE26 cal,"自由文本入量描述, 目标概念库外"
mimic-iii,D_ITEMS:Free Form Intake,enfacare 26 po,"自由文本入量描述, 目标概念库外"
mimic-iii,D_ITEMS:Free Form Intake,IV Rabbit,"自由文本入量描述, 目标概念库外"
mimic-iii,D_ITEMS:Free Form Intake,PND13.5,"自由文本入量描述, 目标概念库外"
mimic-iii,D_ITEMS:Free Form Intake,NJ tube,"自由文本入量描述, 目标概念库外"
mimic-iii,D_ITEMS:Free Form Intake,15.4meq NaAcetate,"自由文本入量描述, 目标概念库外"
mimic-iii,D_ITEMS:Free Form Intake,ER in NS,"自由文本入量描述, 目标概念库外"
mimic-iii,D_ITEMS:Free Form Intake,er in prbc,"自由文本入量描述, 目标概念库外"
mimic-iii,D_ITEMS:Free Form Intake,1/2cc:cc repletion,"自由文本入量描述, 目标概念库外"
mimic-iii,D_ITEMS:Free Form Intake,PE 26 with BP,"自由文本入量描述, 目标概念库外"
mimic-iii,D_ITEMS:Free Form Intake,Neocate 24 via Jtube,"自由文本入量描述, 目标概念库外"
mimic-iii,D_ITEMS:Free Form Intake,Neocate24 via J tube,"自由文本入量描述, 目标概念库外"
mimic-iii,D_ITEMS:Free Form Intake,N/S +KCL 20MEQ,"自由文本入量描述, 目标概念库外"
mimic-iii,D_ITEMS:Free Form Intake,"Enfacare 26,PO","自由文本入量描述, 目标概念库外"
mimic-iii,D_ITEMS:Free Form Intake,Enfacare 22 per GT,"自由文本入量描述, 目标概念库外"
mimic-iii,D_ITEMS:Free Form Intake,Good start PO,"自由文本入量描述, 目标概念库外"
mimic-iii,D_ITEMS:Free Form Intake,pe26 conc NG,"自由文本入量描述, 目标概念库外"
mimic-iii,D_ITEMS:Free Form Intake,PE 28 cals,"自由文本入量描述, 目标概念库外"
mimic-iii,D_ITEMS:Free Form Intake,PE 28,"自由文本入量描述, 目标概念库外"
mimic-iii,D_ITEMS:Free Form Intake,"PE26 conc,NG","自由文本入量描述, 目标概念库外"
mimic-iii,D_ITEMS:Free Form Intake,PE30 PO,"自由文本入量描述, 目标概念库外"
mimic-iii,D_ITEMS:Free Form Intake,PO PE26,"自由文本入量描述, 目标概念库外"
mimic-iii,D_ITEMS:Free Form Intake,Enfacare 28 GT,"自由文本入量描述, 目标概念库外"
mimic-iii,D_ITEMS:Free Form Intake,Enfacare 28 PO,"自由文本入量描述, 目标概念库外"
mimic-iii,D_ITEMS:Free Form Intake,IV INTAKE-ANGIO,"自由文本入量描述, 目标概念库外"
mimic-iii,D_ITEMS:Free Form Intake,free water bolus.,"自由文本入量描述, 目标概念库外"
mimic-iii,D_ITEMS:Free Form Intake,crystalloids in ango,"自由文本入量描述, 目标概念库外"
mimic-iii,D_ITEMS:Free Form Intake,CVVHDF CA GLUC,"自由文本入量描述, 目标概念库外"
mimic-iii,D_ITEMS:Free Form Intake,Protonix gtt 8mg/hr,"自由文本入量描述, 目标概念库外"
mimic-iii,D_ITEMS:Free Form Intake,1/2 ST IMPACT,"自由文本入量描述, 目标概念库外"
mimic-iii,D_ITEMS:Free Form Intake,mesan,"自由文本入量描述, 目标概念库外"
mimic-iii,D_ITEMS:Free Form Intake,doxorubicin,"自由文本入量描述, 目标概念库外"
mimic-iii,D_ITEMS:Free Form Intake,banana readi cat,"自由文本入量描述, 目标概念库外"
mimic-iii,D_ITEMS:Free Form Intake,OR LR,"自由文本入量描述, 目标概念库外"
mimic-iii,D_ITEMS:Free Form Intake,EW fluids,"自由文本入量描述, 目标概念库外"
mimic-iii,D_ITEMS:Free Form Intake,SSC24,"自由文本入量描述, 目标概念库外"
mimic-iii,D_ITEMS:Free Form Intake,enfacare26NG,"自由文本入量描述, 目标概念库外"
mimic-iii,D_ITEMS:Free Form Intake,Good start,"自由文本入量描述, 目标概念库外"
mimic-iii,D_ITEMS:Free Form Intake,potasium,"自由文本入量描述, 目标概念库外"
mimic-iii,D_ITEMS:Free Form Intake,drainage fr CT site,"自由文本入量描述, 目标概念库外"
mimic-iii,D_ITEMS:Free Form Intake,D5W w/40meq K,"自由文本入量描述, 目标概念库外"
mimic-iii,D_ITEMS:Free Form Intake,Enfacare26 PO,"自由文本入量描述, 目标概念库外"
mimic-iii,D_ITEMS:Free Form Intake,Dialysis 1.5% IN,"自由文本入量描述, 目标概念库外"
mimic-iii,D_ITEMS:Free Form Intake,dialysis flush,"自由文本入量描述, 目标概念库外"
mimic-iii,D_ITEMS:Free Form Intake,PE 32 PG,"自由文本入量描述, 目标概念库外"
mimic-iii,D_ITEMS:Free Form Intake,SSC24 with BP,"自由文本入量描述, 目标概念库外"
mimic-iii,D_ITEMS:Free Form Intake,PE30 w/Beneprotein,"自由文本入量描述, 目标概念库外"
mimic-iii,D_ITEMS:Free Form Intake,H2O Flushes,"自由文本入量描述, 目标概念库外"
mimic-iii,D_ITEMS:Free Form Intake,pigtail irrigation,"自由文本入量描述, 目标概念库外"
mimic-iii,D_ITEMS:Free Form Intake,PE 31 PG,"自由文本入量描述, 目标概念库外"
mimic-iii,D_ITEMS:Free Form Intake,PE 31 PO,"自由文本入量描述, 目标概念库外"
mimic-iii,D_ITEMS:Free Form Intake,PE 32 PO,"自由文本入量描述, 目标概念库外"
mimic-iii,D_ITEMS:Free Form Intake,PE28 w/Beneprotein,"自由文本入量描述, 目标概念库外"
mimic-iii,D_ITEMS:Free Form Intake,SODABICARB DRIP,"自由文本入量描述, 目标概念库外"
mimic-iii,D_ITEMS:Free Form Intake,CCO Bolus,"自由文本入量描述, 目标概念库外"
mimic-iii,D_ITEMS:Free Form Intake,PE28 w/BP Bottle,"自由文本入量描述, 目标概念库外"
mimic-iii,D_ITEMS:Free Form Intake,PE 26 w/Beneprotein,"自由文本入量描述, 目标概念库外"
mimic-iii,D_ITEMS:Free Form Intake,D15 bolus,"自由文本入量描述, 目标概念库外"
mimic-iii,D_ITEMS:Free Form Intake,Pigtail Drain Flush,"自由文本入量描述, 目标概念库外"
mimic-iii,D_ITEMS:Free Form Intake,PE 26w/bp bottle,"自由文本入量描述, 目标概念库外"
mimic-iii,D_ITEMS:Free Form Intake,dialysate 2.5% in,"自由文本入量描述, 目标概念库外"
mimic-iii,D_ITEMS:Free Form Intake,potassium phos 15mml,"自由文本入量描述, 目标概念库外"
mimic-iii,D_ITEMS:Free Form Intake,Nutramigen 22 NG,"自由文本入量描述, 目标概念库外"
mimic-iii,D_ITEMS:Free Form Intake,T4,"自由文本入量描述, 目标概念库外"
mimic-iii,D_ITEMS:Free Form Intake,readi-cat2,"自由文本入量描述, 目标概念库外"
mimic-iii,D_ITEMS:Free Form Intake,H20 Na Acet and hep,"自由文本入量描述, 目标概念库外"
mimic-iii,D_ITEMS:Free Form Intake,Nutramigen26 NG,"自由文本入量描述, 目标概念库外"
mimic-iii,D_ITEMS:Free Form Intake,Nutramigen26 PO,"自由文本入量描述, 目标概念库外"
mimic-iii,D_ITEMS:Free Form Intake,H2O/Hep/NaAcet,"自由文本入量描述, 目标概念库外"
mimic-iii,D_ITEMS:Free Form Intake,PE26+polycose NG,"自由文本入量描述, 目标概念库外"
mimic-iii,D_ITEMS:Free Form Intake,PE26+polycose PO,"自由文本入量描述, 目标概念库外"
mimic-iii,D_ITEMS:Free Form Intake,Ca Gluconate,"自由文本入量描述, 目标概念库外"
mimic-iii,D_ITEMS:Free Form Intake,CRRT Citrate,"自由文本入量描述, 目标概念库外"
mimic-iii,D_ITEMS:Free Form Intake,PE29 ng,"自由文本入量描述, 目标概念库外"
mimic-iii,D_ITEMS:Free Form Intake,PE29 po,"自由文本入量描述, 目标概念库外"
mimic-iii,D_ITEMS:Free Form Intake,NA Acetate 0.5U hep.,"自由文本入量描述, 目标概念库外"
mimic-iii,D_ITEMS:Free Form Intake,1/2 Nutren Renal TF,"自由文本入量描述, 目标概念库外"
mimic-iii,D_ITEMS:Free Form Intake,nutramigen24,"自由文本入量描述, 目标概念库外"
mimic-iii,D_ITEMS:Free Form Intake,6% Hespan,"自由文本入量描述, 目标概念库外"
mimic-iii,D_ITEMS:Free Form Intake,Nutrem Pulmonary FS,"自由文本入量描述, 目标概念库外"
mimic-iii,D_ITEMS:Free Form Intake,pantaprozole,"自由文本入量描述, 目标概念库外"
mimic-iii,D_ITEMS:Free Form Intake,KCL CVVHDF,"自由文本入量描述, 目标概念库外"
mimic-iii,D_ITEMS:Free Form Intake,NaCl 500+Kcl 40,"自由文本入量描述, 目标概念库外"
mimic-iii,D_ITEMS:Free Form Intake,StarterPN D10 w/ Hep,"自由文本入量描述, 目标概念库外"
mimic-iii,D_ITEMS:Free Form Intake,PE 30 ng,"自由文本入量描述, 目标概念库外"
mimic-iii,D_ITEMS:Free Form Intake,kcl 10/100ml,"自由文本入量描述, 目标概念库外"
mimic-iii,D_ITEMS:Free Form Intake,Enfacare 22,"自由文本入量描述, 目标概念库外"
mimic-iii,D_ITEMS:Free Form Intake,PE26cal pg,"自由文本入量描述, 目标概念库外"
mimic-iii,D_ITEMS:Free Form Intake,NS 4mEQ Ca/100 + Hep,"自由文本入量描述, 目标概念库外"
mimic-iii,D_ITEMS:Free Form Intake,Floor FFP,"自由文本入量描述, 目标概念库外"
mimic-iii,D_ITEMS:Free Form Intake,Acetylcysteine mg/hr,"自由文本入量描述, 目标概念库外"
mimic-iii,D_ITEMS:Free Form Intake,rescue,"自由文本入量描述, 目标概念库外"
mimic-iii,D_ITEMS:Free Form Intake,TPA MG/HR,"自由文本入量描述, 目标概念库外"
mimic-iii,D_ITEMS:Free Form Intake,pigtail drain replac,"自由文本入量描述, 目标概念库外"
mimic-iii,D_ITEMS:Free Form Intake,CRRT rescue line NS,"自由文本入量描述, 目标概念库外"
mimic-iii,D_ITEMS:Free Form Intake,MULTIVITAMIN BAG,"自由文本入量描述, 目标概念库外"
mimic-iii,D_ITEMS:Free Form Intake,1/2cc:cc 0.45% NS,"自由文本入量描述, 目标概念库外"
mimic-iii,D_ITEMS:Free Form Intake,soduim bicarbonate,"自由文本入量描述, 目标概念库外"
mimic-iii,D_ITEMS:Free Form Intake,POTASSIUM CHLOR 10MQ,"自由文本入量描述, 目标概念库外"
mimic-iii,D_ITEMS:Free Form Intake,Emema,"自由文本入量描述, 目标概念库外"
mimic-iii,D_ITEMS:Free Form Intake,CALCIUM-DIALYSIS,"自由文本入量描述, 目标概念库外"
mimic-iii,D_ITEMS:Free Form Intake,Citrate - dialysis,"自由文本入量描述, 目标概念库外"
mimic-iii,D_ITEMS:Free Form Intake,PD Dialysate,"自由文本入量描述, 目标概念库外"
mimic-iii,D_ITEMS:Free Form Intake,gastric lavage,"自由文本入量描述, 目标概念库外"
mimic-iii,D_ITEMS:Free Form Intake,D5W/150MEQ NA BICARB,"自由文本入量描述, 目标概念库外"
mimic-iii,D_ITEMS:Free Form Intake,net pheresis intake,"自由文本入量描述, 目标概念库外"
mimic-iii,D_ITEMS:Free Form Intake,Thoracentesis off,"自由文本入量描述, 目标概念库外"
mimic-iii,D_ITEMS:Free Form Intake,Ethacrynate Sodium,"自由文本入量描述, 目标概念库外"
mimic-iii,D_ITEMS:Free Form Intake,Sodabicarb Drip.,"自由文本入量描述, 目标概念库外"
mimic-iii,D_ITEMS:Free Form Intake,3/4st impact/fiber,"自由文本入量描述, 目标概念库外"
mimic-iii,D_ITEMS:Free Form Intake,Plasmalyte-A,"自由文本入量描述, 目标概念库外"
mimic-iii,D_ITEMS:Free Form Intake,NS Filter Flush,"自由文本入量描述, 目标概念库外"
mimic-iii,D_ITEMS:Free Form Intake,3% citrate,"自由文本入量描述, 目标概念库外"
mimic-iii,D_ITEMS:Free Form Intake,bupivacaine.1% popli,"自由文本入量描述, 目标概念库外"
mimic-iii,D_ITEMS:Free Form Intake,FARR 10 INTAKE,"自由文本入量描述, 目标概念库外"
mimic-iii,D_ITEMS:Free Form Intake,EW IN,"自由文本入量描述, 目标概念库外"
mimic-iii,D_ITEMS:Free Form Intake,readicat contrast,"自由文本入量描述, 目标概念库外"
mimic-iii,D_ITEMS:Free Form Intake,3/4 STR IMPACT/FIBER,"自由文本入量描述, 目标概念库外"
mimic-iii,D_ITEMS:Free Form Intake,HEPATIC DRN FLUSH IN,"自由文本入量描述, 目标概念库外"
mimic-iii,D_ITEMS:Free Form Intake,FoleyIrrigant,"自由文本入量描述, 目标概念库外"
mimic-iii,D_ITEMS:Free Form Intake,Oral Contrast,"自由文本入量描述, 目标概念库外"
mimic-iii,D_ITEMS:Free Form Intake,ECMO CRYSTALLOID,"自由文本入量描述, 目标概念库外"
mimic-iii,D_ITEMS:Free Form Intake,1/2ns1000+20k,"自由文本入量描述, 目标概念库外"
mimic-iii,D_ITEMS:Free Form Intake,NSS VIA PIGTAIL TUBE,"自由文本入量描述, 目标概念库外"
mimic-iii,D_ITEMS:Free Form Intake,PEG GOLYTELY,"自由文本入量描述, 目标概念库外"
mimic-iii,D_ITEMS:Free Form Intake,P.D. In,"自由文本入量描述, 目标概念库外"
mimic-iii,D_ITEMS:Free Form Intake,FFP Drip,"自由文本入量描述, 目标概念库外"
mimic-iii,D_ITEMS:Free Form Intake,Floor cryst,"自由文本入量描述, 目标概念库外"
mimic-iii,D_ITEMS:Free Form Intake,OR/PACU,"自由文本入量描述, 目标概念库外"
mimic-iii,D_ITEMS:Free Form Intake,NEOSURE PG,"自由文本入量描述, 目标概念库外"
mimic-iii,D_ITEMS:Free Form Intake,NS 500+ 40 KCL,"自由文本入量描述, 目标概念库外"
mimic-iii,D_ITEMS:Free Form Intake,Methylprednisone,"自由文本入量描述, 目标概念库外"
mimic-iii,D_ITEMS:Free Form Intake,Plasmalyte,"自由文本入量描述, 目标概念库外"
mimic-iii,D_ITEMS:Free Form Intake,3/4 STR NEPRO,"自由文本入量描述, 目标概念库外"
mimic-iii,D_ITEMS:Free Form Intake,sodiumbicarb 100meq,"自由文本入量描述, 目标概念库外"
mimic-iii,D_ITEMS:Free Form Intake,pigtail infusion,"自由文本入量描述, 目标概念库外"
mimic-iii,D_ITEMS:Free Form Intake,SODIUM BICARB 150MEQ,"自由文本入量描述, 目标概念库外"
mimic-iii,D_ITEMS:Free Form Intake,tpa 50 mg in 500cc,"自由文本入量描述, 目标概念库外"
mimic-iii,D_ITEMS:Free Form Intake,Promote 2/3 strength,"自由文本入量描述, 目标概念库外"
mimic-iii,D_ITEMS:Free Form Intake,D5 0.25%NS 20mEq KCl,"自由文本入量描述, 目标概念库外"
mimic-iii,D_ITEMS:Free Form Intake,D5 WITH 3 AMPS BICAB,"自由文本入量描述, 目标概念库外"
mimic-iii,D_ITEMS:Free Form Intake,pericard hep/ns 1:1,"自由文本入量描述, 目标概念库外"
mimic-iii,D_ITEMS:Free Form Intake,Cranberry Juice,"自由文本入量描述, 目标概念库外"
mimic-iii,D_ITEMS:Free Form Intake,Dialysis indwelling,"自由文本入量描述, 目标概念库外"
mimic-iii,D_ITEMS:Free Form Intake,TPN D10% +hep,"自由文本入量描述, 目标概念库外"
mimic-iii,D_ITEMS:Free Form Intake,Enfacare 22 NG,"自由文本入量描述, 目标概念库外"
mimic-iii,D_ITEMS:Free Form Intake,Enfacare28,"自由文本入量描述, 目标概念库外"
mimic-iii,D_ITEMS:Free Form Intake,Pe26 + beneprotein,"自由文本入量描述, 目标概念库外"
mimic-iii,D_ITEMS:Free Form Intake,"K PHOS, 30 MMOL","自由文本入量描述, 目标概念库外"
mimic-iii,D_ITEMS:Free Form Intake,ER in FFP,"自由文本入量描述, 目标概念库外"
mimic-iii,D_ITEMS:Free Form Intake,J Tube feeding,"自由文本入量描述, 目标概念库外"
mimic-iii,D_ITEMS:Free Form Intake,sterile H20 via J-T,"自由文本入量描述, 目标概念库外"
mimic-iii,D_ITEMS:Free Form Intake,26cal SC with BP,"自由文本入量描述, 目标概念库外"
mimic-iii,D_ITEMS:Free Form Intake,Pedialyte per GT,"自由文本入量描述, 目标概念库外"
mimic-iii,D_ITEMS:Free Form Intake,Good Start 20cals,"自由文本入量描述, 目标概念库外"
mimic-iii,D_ITEMS:Free Form Intake,PE28 po,"自由文本入量描述, 目标概念库外"
mimic-iii,D_ITEMS:Free Form Intake,PE28 conc,"自由文本入量描述, 目标概念库外"
mimic-iii,D_ITEMS:Free Form Intake,PE32 w/ beneprotein,"自由文本入量描述, 目标概念库外"
mimic-iii,D_ITEMS:Free Form Intake,SC28with beneprotein,"自由文本入量描述, 目标概念库外"
mimic-iii,D_ITEMS:Free Form Intake,iv intake- farr 9,"自由文本入量描述, 目标概念库外"
mimic-iii,D_ITEMS:Free Form Intake,colloids in angio,"自由文本入量描述, 目标概念库外"
mimic-iii,D_ITEMS:Free Form Intake,CVVHDF KCL,"自由文本入量描述, 目标概念库外"
mimic-iii,D_ITEMS:Free Form Intake,K PHOS 15MM0L,"自由文本入量描述, 目标概念库外"
mimic-iii,D_ITEMS:Free Form Intake,12 resiman ivf,"自由文本入量描述, 目标概念库外"
mimic-iii,D_ITEMS:Free Form Intake,OR d5w,"自由文本入量描述, 目标概念库外"
mimic-iii,D_ITEMS:Free Form Intake,D10W with heparin,"自由文本入量描述, 目标概念库外"
mimic-iii,D_ITEMS:Free Form Intake,E24 with BP NG,"自由文本入量描述, 目标概念库外"
mimic-iii,D_ITEMS:Free Form Intake,BM33 with BP,"自由文本入量描述, 目标概念库外"
mimic-iii,D_ITEMS:Free Form Intake,CRRT Irrigation,"自由文本入量描述, 目标概念库外"
mimic-iii,D_ITEMS:Free Form Intake,Enfacare 26,"自由文本入量描述, 目标概念库外"
mimic-iii,D_ITEMS:Free Form Intake,Plasma-Lyte A,"自由文本入量描述, 目标概念库外"
mimic-iii,D_ITEMS:Free Form Intake,E 26 PO,"自由文本入量描述, 目标概念库外"
mimic-iii,D_ITEMS:Free Form Intake,7 feldberg  iv,"自由文本入量描述, 目标概念库外"
mimic-iii,D_ITEMS:Free Form Intake,SterileH20NaAcetate,"自由文本入量描述, 目标概念库外"
mimic-iii,D_ITEMS:Free Form Intake,1/2NaAcet with hep,"自由文本入量描述, 目标概念库外"
mimic-iii,D_ITEMS:Free Form Intake,Enf28 w/polycose,"自由文本入量描述, 目标概念库外"
mimic-iii,D_ITEMS:Free Form Intake,1/2NaAce + 1:1 Hep,"自由文本入量描述, 目标概念库外"
mimic-iii,D_ITEMS:Free Form Intake,BM26 with enfamil p.,"自由文本入量描述, 目标概念库外"
mimic-iii,D_ITEMS:Free Form Intake,E28 2cals corn oil,"自由文本入量描述, 目标概念库外"
mimic-iii,D_ITEMS:Free Form Intake,phenytoin,"自由文本入量描述, 目标概念库外"
mimic-iii,D_ITEMS:Free Form Intake,N/S + K 40 MEQ,"自由文本入量描述, 目标概念库外"
mimic-iii,D_ITEMS:Free Form Intake,NS in angio,"自由文本入量描述, 目标概念库外"
mimic-iii,D_ITEMS:Free Form Intake,Enf 28 2mct,"自由文本入量描述, 目标概念库外"
mimic-iii,D_ITEMS:Free Form Intake,NA Acetate/H2O,"自由文本入量描述, 目标概念库外"
mimic-iii,D_ITEMS:Free Form Intake,BM NG,"自由文本入量描述, 目标概念库外"
mimic-iii,D_ITEMS:Free Form Intake,ed crystalloids,"自由文本入量描述, 目标概念库外"
mimic-iii,D_ITEMS:Free Form Intake,Nutramigin 26 NG,"自由文本入量描述, 目标概念库外"
mimic-iii,D_ITEMS:Free Form Intake,NS+ 15mmol Na Phosph,"自由文本入量描述, 目标概念库外"
mimic-iii,D_ITEMS:Free Form Intake,Nutramigen 26,"自由文本入量描述, 目标概念库外"
mimic-iii,D_ITEMS:Free Form Intake,BM24 w/nsp,"自由文本入量描述, 目标概念库外"
mimic-iii,D_ITEMS:Free Form Intake,Sim SC 26,"自由文本入量描述, 目标概念库外"
mimic-iii,D_ITEMS:Free Form Intake,ED crystal,"自由文本入量描述, 目标概念库外"
mimic-iii,D_ITEMS:Free Form Intake,ED FFP,"自由文本入量描述, 目标概念库外"
mimic-iii,D_ITEMS:Free Form Intake,Sim SC 28,"自由文本入量描述, 目标概念库外"
mimic-iii,D_ITEMS:Free Form Intake,Bicarb  250meq/250cc,"自由文本入量描述, 目标概念库外"
mimic-iii,D_ITEMS:Free Form Intake,Nutramigen 28,"自由文本入量描述, 目标概念库外"
mimic-iii,D_ITEMS:Free Form Intake,IVF from metrowest,"自由文本入量描述, 目标概念库外"
mimic-iii,D_ITEMS:Free Form Intake,Special Care 26 NG,"自由文本入量描述, 目标概念库外"
mimic-iii,D_ITEMS:Free Form Intake,SC 26,"自由文本入量描述, 目标概念库外"
mimic-iii,D_ITEMS:Free Form Intake,SSC 30 NG,"自由文本入量描述, 目标概念库外"
mimic-iii,D_ITEMS:Free Form Intake,bladder pressure in,"自由文本入量描述, 目标概念库外"
mimic-iii,D_ITEMS:Free Form Intake,SC 30,"自由文本入量描述, 目标概念库外"
mimic-iii,D_ITEMS:Free Form Intake,SC 28,"自由文本入量描述, 目标概念库外"
mimic-iii,D_ITEMS:Free Form Intake,SC30,"自由文本入量描述, 目标概念库外"
mimic-iii,D_ITEMS:Free Form Intake,FLOLAN INFUSION,"自由文本入量描述, 目标概念库外"
mimic-iii,D_ITEMS:Free Form Intake,NaAcetate+H2O+ Hep,"自由文本入量描述, 目标概念库外"
mimic-iii,D_ITEMS:Free Form Intake,NA ACETATE+HEP+H2O,"自由文本入量描述, 目标概念库外"
mimic-iii,D_ITEMS:Free Form Intake,D10W-4meqKCL-repogle,"自由文本入量描述, 目标概念库外"
mimic-iii,D_ITEMS:Free Form Intake,Sim SC 28 PO,"自由文本入量描述, 目标概念库外"
mimic-iii,D_ITEMS:Free Form Intake,CA GLUCONATE 40GM,"自由文本入量描述, 目标概念库外"
mimic-iii,D_ITEMS:Free Form Intake,pulmonary nutren,"自由文本入量描述, 目标概念库外"
mimic-iii,D_ITEMS:Free Form Intake,SC26cals,"自由文本入量描述, 目标概念库外"
mimic-iii,D_ITEMS:Free Form Intake,Golytley,"自由文本入量描述, 目标概念库外"
mimic-iii,D_ITEMS:Free Form Intake,1/2 Nutren Pulmonary,"自由文本入量描述, 目标概念库外"
mimic-iii,D_ITEMS:Free Form Intake,OR Fluid,"自由文本入量描述, 目标概念库外"
mimic-iii,D_ITEMS:Free Form Intake,REPLETE TF,"自由文本入量描述, 目标概念库外"
mimic-iii,D_ITEMS:Free Form Intake,SC 26 pg,"自由文本入量描述, 目标概念库外"
mimic-iii,D_ITEMS:Free Form Intake,SC 26cals,"自由文本入量描述, 目标概念库外"
mimic-iii,D_ITEMS:Free Form Intake,SC 26 PO,"自由文本入量描述, 目标概念库外"
mimic-iii,D_ITEMS:Free Form Intake,Nutramigen22 PG,"自由文本入量描述, 目标概念库外"
mimic-iii,D_ITEMS:Free Form Intake,Farr 10 iv intake,"自由文本入量描述, 目标概念库外"
mimic-iii,D_ITEMS:Free Form Intake,Farr 10 po intake,"自由文本入量描述, 目标概念库外"
mimic-iii,D_ITEMS:Free Form Intake,Nut 26 NG,"自由文本入量描述, 目标概念库外"
mimic-iii,D_ITEMS:Free Form Intake,Nut 26 PO,"自由文本入量描述, 目标概念库外"
mimic-iii,D_ITEMS:Free Form Intake,SC28,"自由文本入量描述, 目标概念库外"
mimic-iii,D_ITEMS:Free Form Intake,Sp Care 26 NG,"自由文本入量描述, 目标概念库外"
mimic-iii,D_ITEMS:Free Form Intake,floor po intake,"自由文本入量描述, 目标概念库外"
mimic-iii,D_ITEMS:Free Form Intake,Neosure 22cal NG,"自由文本入量描述, 目标概念库外"
mimic-iii,D_ITEMS:Free Form Intake,out pt intake +prbc,"自由文本入量描述, 目标概念库外"
mimic-iii,D_ITEMS:Free Form Intake,iv fluids on floor.,"自由文本入量描述, 目标概念库外"
mimic-iii,D_ITEMS:Free Form Intake,PN D8.5,"自由文本入量描述, 目标概念库外"
mimic-iii,D_ITEMS:Free Form Intake,"SC26,NG","自由文本入量描述, 目标概念库外"
mimic-iii,D_ITEMS:Free Form Intake,"SC26,PO","自由文本入量描述, 目标概念库外"
mimic-iii,D_ITEMS:Free Form Intake,BM24 w/neosure NG,"自由文本入量描述, 目标概念库外"
mimic-iii,D_ITEMS:Free Form Intake,"SC26+BP, NG","自由文本入量描述, 目标概念库外"
mimic-iii,D_ITEMS:Free Form Intake,SSC30 PG,"自由文本入量描述, 目标概念库外"
mimic-iii,D_ITEMS:Free Form Intake,SC30 NG,"自由文本入量描述, 目标概念库外"
mimic-iii,D_ITEMS:Free Form Intake,SC28 ng,"自由文本入量描述, 目标概念库外"
mimic-iii,D_ITEMS:Free Form Intake,D5w 150meq bicab,"自由文本入量描述, 目标概念库外"
mimic-iii,D_ITEMS:Free Form Intake,2/3Str Replete/Fiber,"自由文本入量描述, 目标概念库外"
mimic-iii,D_ITEMS:Free Form Intake,JP flush,"自由文本入量描述, 目标概念库外"
mimic-iii,D_ITEMS:Free Form Intake,kcl - 10meq/100ml,"自由文本入量描述, 目标概念库外"
mimic-iii,D_ITEMS:Free Form Intake,SPC28,"自由文本入量描述, 目标概念库外"
mimic-iii,D_ITEMS:Free Form Intake,Neocate 26 pg,"自由文本入量描述, 目标概念库外"
mimic-iii,D_ITEMS:Free Form Intake,SimSC26,"自由文本入量描述, 目标概念库外"
mimic-iii,D_ITEMS:Free Form Intake,SC 30 PO,"自由文本入量描述, 目标概念库外"
mimic-iii,D_ITEMS:Free Form Intake,7.7meqNaAce/0.5uhep,"自由文本入量描述, 目标概念库外"
mimic-iii,D_ITEMS:Free Form Intake,SC28PG,"自由文本入量描述, 目标概念库外"
mimic-iii,D_ITEMS:Free Form Intake,Neocate 28 PG,"自由文本入量描述, 目标概念库外"
mimic-iii,D_ITEMS:Free Form Intake,ns 15mmol na phos,"自由文本入量描述, 目标概念库外"
mimic-iii,D_ITEMS:Free Form Intake,PERITONEAL,"自由文本入量描述, 目标概念库外"
mimic-iii,D_ITEMS:Free Form Intake,"SC28,PO","自由文本入量描述, 目标概念库外"
mimic-iii,D_ITEMS:Free Form Intake,SSC 26 po,"自由文本入量描述, 目标概念库外"
mimic-iii,D_ITEMS:Free Form Intake,BM + thick-it,"自由文本入量描述, 目标概念库外"
mimic-iii,D_ITEMS:Free Form Intake,Procainamide HCl,"自由文本入量描述, 目标概念库外"
mimic-iii,D_ITEMS:Free Form Intake,farr 2 ivf,"自由文本入量描述, 目标概念库外"
mimic-iii,D_ITEMS:Free Form Intake,BM20 G-tube,"自由文本入量描述, 目标概念库外"
mimic-iii,D_ITEMS:Free Form Intake,G-tube flush,"自由文本入量描述, 目标概念库外"
mimic-iii,D_ITEMS:Free Form Intake,"BM24 w/neosure, GT","自由文本入量描述, 目标概念库外"
mimic-iii,D_ITEMS:Free Form Intake,Neocate +rice cereal,"自由文本入量描述, 目标概念库外"
mimic-iii,D_ITEMS:Free Form Intake,ns 1/2cc:1cc replace,"自由文本入量描述, 目标概念库外"
mimic-iii,D_ITEMS:Free Form Intake,N-acetylcysteine,"自由文本入量描述, 目标概念库外"
mimic-iii,D_ITEMS:Free Form Intake,tpa cc/hr,"自由文本入量描述, 目标概念库外"
mimic-iii,D_ITEMS:Free Form Intake,Neocate 26 Corn Oil,"自由文本入量描述, 目标概念库外"
mimic-iii,D_ITEMS:Free Form Intake,cellsaver,"自由文本入量描述, 目标概念库外"
mimic-iii,D_ITEMS:Free Form Intake,BM28 w/HMF/MCT/BP po,"自由文本入量描述, 目标概念库外"
mimic-iii,D_ITEMS:Free Form Intake,SSC28 po,"自由文本入量描述, 目标概念库外"
mimic-iii,D_ITEMS:Free Form Intake,SC 28cals PO,"自由文本入量描述, 目标概念库外"
mimic-iii,D_ITEMS:Free Form Intake,Pheresis Balance,"自由文本入量描述, 目标概念库外"
mimic-iii,D_ITEMS:Free Form Intake,IV IG,"自由文本入量描述, 目标概念库外"
mimic-iii,D_ITEMS:Free Form Intake,SC 30cals pg,"自由文本入量描述, 目标概念库外"
mimic-iii,D_ITEMS:Free Form Intake,Rituximab 50mg/31.2c,"自由文本入量描述, 目标概念库外"
mimic-iii,D_ITEMS:Free Form Intake,SSC25PG,"自由文本入量描述, 目标概念库外"
mimic-iii,D_ITEMS:Free Form Intake,Similac SC 26 PG,"自由文本入量描述, 目标概念库外"
mimic-iii,D_ITEMS:Free Form Intake,Similac SC 28 PG,"自由文本入量描述, 目标概念库外"
mimic-iii,D_ITEMS:Free Form Intake,Similac SC 28 PO,"自由文本入量描述, 目标概念库外"
mimic-iii,D_ITEMS:Free Form Intake,BM (thick & easy) PO,"自由文本入量描述, 目标概念库外"
mimic-iii,D_ITEMS:Free Form Intake,sp. care 26 cal ng,"自由文本入量描述, 目标概念库外"
mimic-iii,D_ITEMS:Free Form Intake,SSC30NG,"自由文本入量描述, 目标概念库外"
mimic-iii,D_ITEMS:Free Form Intake,Similac SC 30 PG,"自由文本入量描述, 目标概念库外"
mimic-iii,D_ITEMS:Free Form Intake,Sim 20 (Rice) NG,"自由文本入量描述, 目标概念库外"
mimic-iii,D_ITEMS:Free Form Intake,Sim 20 (Rice) PO,"自由文本入量描述, 目标概念库外"
mimic-iii,D_ITEMS:Free Form Intake,Sim 20 (Thick) PO,"自由文本入量描述, 目标概念库外"
mimic-iii,D_ITEMS:Free Form Intake,SIM 26.,"自由文本入量描述, 目标概念库外"
mimic-iii,D_ITEMS:Free Form Intake,BM20NG+thick&easy,"自由文本入量描述, 目标概念库外"
mimic-iii,D_ITEMS:Free Form Intake,SC 28 PG,"自由文本入量描述, 目标概念库外"
mimic-iii,D_ITEMS:Free Form Intake,special care 26 PG,"自由文本入量描述, 目标概念库外"
mimic-iii,D_ITEMS:Free Form Intake,Special Care 28 PG,"自由文本入量描述, 目标概念库外"
mimic-iii,D_ITEMS:Free Form Intake,NS cc:cc OGT output,"自由文本入量描述, 目标概念库外"
mimic-iii,D_ITEMS:Free Form Intake,BM26 (4HMF + 2MCT),"自由文本入量描述, 目标概念库外"
mimic-iii,D_ITEMS:Free Form Intake,SC 26 Fe NG,"自由文本入量描述, 目标概念库外"
mimic-iii,D_ITEMS:Free Form Intake,Nutren pulm,"自由文本入量描述, 目标概念库外"
mimic-iii,D_ITEMS:Free Form Intake,Neocate 20,"自由文本入量描述, 目标概念库外"
mimic-iii,D_ITEMS:Free Form Intake,TPN D8.5,"自由文本入量描述, 目标概念库外"
mimic-iii,D_ITEMS:Free Form Intake,TPN D13.5,"自由文本入量描述, 目标概念库外"
mimic-iii,D_ITEMS:Free Form Intake,Sim 20 PO,"自由文本入量描述, 目标概念库外"
mimic-iii,D_ITEMS:Free Form Intake,F2,"自由文本入量描述, 目标概念库外"
mimic-iii,D_ITEMS:Free Form Intake,SC28cals,"自由文本入量描述, 目标概念库外"
mimic-iii,D_ITEMS:Free Form Intake,po SSC 26,"自由文本入量描述, 目标概念库外"
mimic-iii,D_ITEMS:Free Form Intake,TPND9.5+Heparin,"自由文本入量描述, 目标概念库外"
mimic-iii,D_ITEMS:Free Form Intake,7.7meq NaAcet/100cc,"自由文本入量描述, 目标概念库外"
mimic-iii,D_ITEMS:Free Form Intake,sim26,"自由文本入量描述, 目标概念库外"
mimic-iii,D_ITEMS:Free Form Intake,acettlcysteine d5w,"自由文本入量描述, 目标概念库外"
mimic-iii,D_ITEMS:Free Form Intake,Special Care 28 NG,"自由文本入量描述, 目标概念库外"
mimic-iii,D_ITEMS:Free Form Intake,Sim 26,"自由文本入量描述, 目标概念库外"
mimic-iii,D_ITEMS:Free Form Intake,PND6,"自由文本入量描述, 目标概念库外"
mimic-iii,D_ITEMS:Free Form Intake,TPND9.3,"自由文本入量描述, 目标概念库外"
mimic-iii,D_ITEMS:Free Form Intake,7.7mEq NaAcetate h20,"自由文本入量描述, 目标概念库外"
mimic-iii,D_ITEMS:Free Form Intake,"mvi,thiam, folic d5w","自由文本入量描述, 目标概念库外"
mimic-iii,D_ITEMS:Free Form Intake,26 cal SC,"自由文本入量描述, 目标概念库外"
mimic-iii,D_ITEMS:Free Form Intake,PE30 ng,"自由文本入量描述, 目标概念库外"
mimic-iii,D_ITEMS:Free Form Intake,PE30,"自由文本入量描述, 目标概念库外"
mimic-iii,D_ITEMS:Free Form Intake,SpecialCare26 PG,"自由文本入量描述, 目标概念库外"
mimic-iii,D_ITEMS:Free Form Intake,PE 30 PG,"自由文本入量描述, 目标概念库外"
mimic-iii,D_ITEMS:Free Form Intake,Neocate24 NG,"自由文本入量描述, 目标概念库外"
mimic-iii,D_ITEMS:Free Form Intake,12 reisman ivf,"自由文本入量描述, 目标概念库外"
mimic-iii,D_ITEMS:Free Form Intake,NaHcO3 150meq in D5W,"自由文本入量描述, 目标概念库外"
mimic-iii,D_ITEMS:Free Form Intake,Pitocin/LR,"自由文本入量描述, 目标概念库外"
mimic-iii,D_ITEMS:Free Form Intake,PE 30,"自由文本入量描述, 目标概念库外"
mimic-iii,D_ITEMS:Free Form Intake,PE28 PG,"自由文本入量描述, 目标概念库外"
mimic-iii,D_ITEMS:Free Form Intake,PE 26 cals NG,"自由文本入量描述, 目标概念库外"
mimic-iii,D_ITEMS:Free Form Intake,PE 26 cals PO,"自由文本入量描述, 目标概念库外"
mimic-iii,D_ITEMS:Free Form Intake,PE 26cals PO,"自由文本入量描述, 目标概念库外"
mimic-iii,D_ITEMS:Free Form Intake,PE 26 NG,"自由文本入量描述, 目标概念库外"
mimic-iii,D_ITEMS:Free Form Intake,PE 26 PO,"自由文本入量描述, 目标概念库外"
mimic-iii,D_ITEMS:Free Form Intake,PE32,"自由文本入量描述, 目标概念库外"
mimic-iii,D_ITEMS:Free Form Intake,30 mmol kphos/500ccw,"自由文本入量描述, 目标概念库外"
mimic-iii,D_ITEMS:Free Form Intake,CA GLUC CVVHDF,"自由文本入量描述, 目标概念库外"
mimic-iii,D_ITEMS:Free Form Intake,PE26 PO,"自由文本入量描述, 目标概念库外"
mimic-iii,D_ITEMS:Free Form Intake,PE 30 FS NG,"自由文本入量描述, 目标概念库外"
mimic-iii,D_ITEMS:Free Form Intake,good start Fe,"自由文本入量描述, 目标概念库外"
mimic-iii,D_ITEMS:Free Form Intake,1/2 Na Acetate+ Hep,"自由文本入量描述, 目标概念库外"
mimic-iii,D_ITEMS:Free Form Intake,POTASS PHOS 15 MMOL,"自由文本入量描述, 目标概念库外"
mimic-iii,D_ITEMS:Free Form Intake,E28 (Concentrate),"自由文本入量描述, 目标概念库外"
mimic-iii,D_ITEMS:Free Form Intake,E 28 FS PO,"自由文本入量描述, 目标概念库外"
mimic-iii,D_ITEMS:Free Form Intake,E26 CONCENTRATE,"自由文本入量描述, 目标概念库外"
mimic-iii,D_ITEMS:Free Form Intake,from beverely hosp t,"自由文本入量描述, 目标概念库外"
mimic-iii,D_ITEMS:Free Form Intake,7.7meqNaAcetate+Hep,"自由文本入量描述, 目标概念库外"
mimic-iii,D_ITEMS:Free Form Intake,7.7 MEQ Na Acetate,"自由文本入量描述, 目标概念库外"
mimic-iii,D_ITEMS:Free Form Intake,NA Acetate w/Heparin,"自由文本入量描述, 目标概念库外"
mimic-iii,D_ITEMS:Free Form Intake,PE30 OG,"自由文本入量描述, 目标概念库外"
mimic-iii,D_ITEMS:Free Form Intake,PE26,"自由文本入量描述, 目标概念库外"
mimic-iii,D_ITEMS:Free Form Intake,Kcl 40 meq in 1/2N/S,"自由文本入量描述, 目标概念库外"
mimic-iii,D_ITEMS:Free Form Intake,N/S + KPO4,"自由文本入量描述, 目标概念库外"
mimic-iii,D_ITEMS:Free Form Intake,15.4 mEq Na Acetate,"自由文本入量描述, 目标概念库外"
mimic-iii,D_ITEMS:Free Form Intake,potassium 10/100,"自由文本入量描述, 目标概念库外"
mimic-iii,D_ITEMS:Free Form Intake,NS->JP::  CC:CC,"自由文本入量描述, 目标概念库外"
mimic-iii,D_ITEMS:Free Form Intake,D5W +NaHcO3,"自由文本入量描述, 目标概念库外"
mimic-iii,D_ITEMS:Free Form Intake,Golytely bowel prep,"自由文本入量描述, 目标概念库外"
mimic-iii,D_ITEMS:Free Form Intake,PN D 11.5,"自由文本入量描述, 目标概念库外"
mimic-iii,D_ITEMS:Free Form Intake,ACD-A,"自由文本入量描述, 目标概念库外"
mimic-iii,D_ITEMS:Free Form Intake,1/2CC/CCJT REPLETION,"自由文本入量描述, 目标概念库外"
mimic-iii,D_ITEMS:Free Form Intake,PE32 NG,"自由文本入量描述, 目标概念库外"
mimic-iii,D_ITEMS:Free Form Intake,Kphos 30mmol/44 mEq,"自由文本入量描述, 目标概念库外"
mimic-iii,D_ITEMS:Free Form Intake,cc/cc replacement JP,"自由文本入量描述, 目标概念库外"
mimic-iii,D_ITEMS:Free Form Intake,TPN D 8.5,"自由文本入量描述, 目标概念库外"
mimic-iii,D_ITEMS:Free Form Intake,15mmol NaPhos.,"自由文本入量描述, 目标概念库外"
mimic-iii,D_ITEMS:Free Form Intake,NSS WITH 40 MEQ KCL,"自由文本入量描述, 目标概念库外"
mimic-iii,D_ITEMS:Free Form Intake,PE 28 cals NG,"自由文本入量描述, 目标概念库外"
mimic-iii,D_ITEMS:Free Form Intake,Dexmedetomide,"自由文本入量描述, 目标概念库外"
mimic-iii,D_ITEMS:Free Form Intake,good start formula,"自由文本入量描述, 目标概念库外"
mimic-iii,D_ITEMS:Free Form Intake,H2O Bolus,"自由文本入量描述, 目标概念库外"
mimic-iii,D_ITEMS:Free Form Intake,BM via g-tube,"自由文本入量描述, 目标概念库外"
mimic-iii,D_ITEMS:Free Form Intake,g-tube H2O flush,"自由文本入量描述, 目标概念库外"
mimic-iii,D_ITEMS:Free Form Intake,SW with 1/2 Na Ace,"自由文本入量描述, 目标概念库外"
mimic-iii,D_ITEMS:Free Form Intake,Tap Water Enema,"自由文本入量描述, 目标概念库外"
mimic-iii,D_ITEMS:Free Form Intake,"BM26 w/enfacare, GT","自由文本入量描述, 目标概念库外"
mimic-iii,D_ITEMS:Free Form Intake,Barium,"自由文本入量描述, 目标概念库外"
mimic-iii,D_ITEMS:Free Form Intake,PE26 cal PG,"自由文本入量描述, 目标概念库外"
mimic-iii,D_ITEMS:Free Form Intake,NS 4mECa .5K+ .5Hep,"自由文本入量描述, 目标概念库外"
mimic-iii,D_ITEMS:Free Form Intake,FREE WATER INTAKE,"自由文本入量描述, 目标概念库外"
mimic-iii,D_ITEMS:Free Form Intake,ALCOHOL,"自由文本入量描述, 目标概念库外"
mimic-iii,D_ITEMS:Free Form Intake,SOLUMEDROL MG/KG/HR,"自由文本入量描述, 目标概念库外"
mimic-iii,D_ITEMS:Free Form Intake,130meqNAACETATE/D5W,"自由文本入量描述, 目标概念库外"
mimic-iii,D_ITEMS:Free Form Intake,INTERVENTIONAL RADIY,"自由文本入量描述, 目标概念库外"
mimic-iii,D_ITEMS:Free Form Intake,ALCOHOL 5% DRIP G/HR,"自由文本入量描述, 目标概念库外"
mimic-iii,D_ITEMS:Free Form Intake,VICU IVF,"自由文本入量描述, 目标概念库外"
mimic-iii,D_ITEMS:Free Form Intake,aprotanin,"自由文本入量描述, 目标概念库外"
mimic-iii,D_ITEMS:Free Form Intake,VASOTEC IV,"自由文本入量描述, 目标概念库外"
mimic-iii,D_ITEMS:Free Form Intake,OR EPIDURAL INTAKE,"自由文本入量描述, 目标概念库外"
mimic-iii,D_ITEMS:Free Form Intake,ampho b iv,"自由文本入量描述, 目标概念库外"
mimic-iii,D_ITEMS:Free Form Intake,nesirtide,"自由文本入量描述, 目标概念库外"
mimic-iii,D_ITEMS:Free Form Intake,aprotanine,"自由文本入量描述, 目标概念库外"
mimic-iii,D_ITEMS:Free Form Intake,Tham infusion,"自由文本入量描述, 目标概念库外"
mimic-iii,D_ITEMS:Free Form Intake,ns with 40kcl,"自由文本入量描述, 目标概念库外"
mimic-iii,D_ITEMS:Free Form Intake,d5w w 10% etoh,"自由文本入量描述, 目标概念库外"
mimic-iii,D_ITEMS:Free Form Intake,ALCOHOL 10% DRIP,"自由文本入量描述, 目标概念库外"
mimic-iii,D_ITEMS:Free Form Intake,Dextran40 10%,"自由文本入量描述, 目标概念库外"
mimic-iii,D_ITEMS:Free Form Intake,D5W/154MEQ NAACETATE,"自由文本入量描述, 目标概念库外"
mimic-iii,D_ITEMS:Free Form Intake,prbc in er,"自由文本入量描述, 目标概念库外"
mimic-iii,D_ITEMS:Free Form Intake,1/2 NS WITH 40 KCL,"自由文本入量描述, 目标概念库外"
mimic-iii,D_ITEMS:Free Form Intake,anti-thomcyte glob.,"自由文本入量描述, 目标概念库外"
mimic-iii,D_ITEMS:Free Form Intake,1/2st impact fiber,"自由文本入量描述, 目标概念库外"
mimic-iii,D_ITEMS:Free Form Intake,ETOH GTT,"自由文本入量描述, 目标概念库外"
mimic-iii,D_ITEMS:Free Form Intake,FLOOR CRYSTALLOIDS,"自由文本入量描述, 目标概念库外"
mimic-iii,D_ITEMS:Free Form Intake,Lepriudin,"自由文本入量描述, 目标概念库外"
mimic-iii,D_ITEMS:Free Form Intake,Pre adm-Floor IV,"自由文本入量描述, 目标概念库外"
mimic-iii,D_ITEMS:Free Form Intake,Travasol,"自由文本入量描述, 目标概念库外"
mimic-iii,D_ITEMS:Free Form Intake,D5W 300MEQ BICARB,"自由文本入量描述, 目标概念库外"
mimic-iii,D_ITEMS:Free Form Intake,D5W/10GM CAGLUC,"自由文本入量描述, 目标概念库外"
mimic-iii,D_ITEMS:Free Form Intake,Integrellin,"自由文本入量描述, 目标概念库外"
mimic-iii,D_ITEMS:Free Form Intake,AMPHO B,"自由文本入量描述, 目标概念库外"
mimic-iii,D_ITEMS:Free Form Intake,co injectate,"自由文本入量描述, 目标概念库外"
mimic-iii,D_ITEMS:Free Form Intake,I.R. output,"自由文本入量描述, 目标概念库外"
mimic-iii,D_ITEMS:Free Form Intake,probalance 15gm prom,"自由文本入量描述, 目标概念库外"
mimic-iii,D_ITEMS:Free Form Intake,CALSTAT,"自由文本入量描述, 目标概念库外"
mimic-iii,D_ITEMS:Free Form Intake,na phosp 15 mmol,"自由文本入量描述, 目标概念库外"
mimic-iii,D_ITEMS:Free Form Intake,ca gluc gtt,"自由文本入量描述, 目标概念库外"
mimic-iii,D_ITEMS:Free Form Intake,FA6 IVF,"自由文本入量描述, 目标概念库外"
mimic-iii,D_ITEMS:Free Form Intake,ca glu 40gm/1L,"自由文本入量描述, 目标概念库外"
mimic-iii,D_ITEMS:Free Form Intake,40Gm CaGluc/1000ccNS,"自由文本入量描述, 目标概念库外"
mimic-iii,D_ITEMS:Free Form Intake,QUICKMIX,"自由文本入量描述, 目标概念库外"
mimic-iii,D_ITEMS:Free Form Intake,1/2str impact/fiber,"自由文本入量描述, 目标概念库外"
mimic-iii,D_ITEMS:Free Form Intake,GALLBLADDER DR FLUSH,"自由文本入量描述, 目标概念库外"
mimic-iii,D_ITEMS:Free Form Intake,Golytly,"自由文本入量描述, 目标概念库外"
mimic-iii,D_ITEMS:Free Form Intake,preadmit to ICU NS,"自由文本入量描述, 目标概念库外"
mimic-iii,D_ITEMS:Free Form Intake,xigris cc/hr,"自由文本入量描述, 目标概念库外"
mimic-iii,D_ITEMS:Free Form Intake,RL + 20K/100,"自由文本入量描述, 目标概念库外"
mimic-iii,D_ITEMS:Free Form Intake,NS/40GM CA GLU,"自由文本入量描述, 目标概念库外"
mimic-iii,D_ITEMS:Free Form Intake,D5W/1L/2AMP BICARB,"自由文本入量描述, 目标概念库外"
mimic-iii,D_ITEMS:Free Form Intake,D5 LR with 40mEq K+,"自由文本入量描述, 目标概念库外"
mimic-iii,D_ITEMS:Free Form Intake,impact 1/2 strength,"自由文本入量描述, 目标概念库外"
mimic-iii,D_ITEMS:Free Form Intake,D5RL 20KCL,"自由文本入量描述, 目标概念库外"
mimic-iii,D_ITEMS:Free Form Intake,k phos gtt,"自由文本入量描述, 目标概念库外"
mimic-iii,D_ITEMS:Free Form Intake,lacutlose enema,"自由文本入量描述, 目标概念库外"
mimic-iii,D_ITEMS:Free Form Intake,TF PROBALANCE,"自由文本入量描述, 目标概念库外"
mimic-iii,D_ITEMS:Free Form Intake,Chest Tube In,"自由文本入量描述, 目标概念库外"
mimic-iii,D_ITEMS:Free Form Intake,K PHOS OVER 6 HRS,"自由文本入量描述, 目标概念库外"
mimic-iii,D_ITEMS:Free Form Intake,urinary irrigant,"自由文本入量描述, 目标概念库外"
mimic-iii,D_ITEMS:Free Form Intake,ANGIO CRYS,"自由文本入量描述, 目标概念库外"
mimic-iii,D_ITEMS:Free Form Intake,THYMOGLOBULIN,"自由文本入量描述, 目标概念库外"
mimic-iii,D_ITEMS:Free Form Intake,IMPACTW/FIBER+PROMOD,"自由文本入量描述, 目标概念库外"
mimic-iii,D_ITEMS:Free Form Intake,CRITICARE TF,"自由文本入量描述, 目标概念库外"
mimic-iii,D_ITEMS:Free Form Intake,CONTRAST VIA OG,"自由文本入量描述, 目标概念库外"
mimic-iii,D_ITEMS:Free Form Intake,Pre admit PRBC,"自由文本入量描述, 目标概念库外"
mimic-iii,D_ITEMS:Free Form Intake,Nulytely prep,"自由文本入量描述, 目标概念库外"
mimic-iii,D_ITEMS:Free Form Intake,Glucagon Gtt,"自由文本入量描述, 目标概念库外"
mimic-iii,D_ITEMS:Free Form Intake,HCL GTT,"自由文本入量描述, 目标概念库外"
mimic-iii,D_ITEMS:Free Form Intake,NAHCO3,"自由文本入量描述, 目标概念库外"
mimic-iii,D_ITEMS:Free Form Intake,D5.45 60K,"自由文本入量描述, 目标概念库外"
mimic-iii,D_ITEMS:Free Form Intake,Xigris 20mg/100mL,"自由文本入量描述, 目标概念库外"
mimic-iii,D_ITEMS:Free Form Intake,Ara-c chemo gtt,"自由文本入量描述, 目标概念库外"
mimic-iii,D_ITEMS:Free Form Intake,Ca Gluc,"自由文本入量描述, 目标概念库外"
mimic-iii,D_ITEMS:Free Form Intake,lr with pictocin,"自由文本入量描述, 目标概念库外"
mimic-iii,D_ITEMS:Free Form Intake,IV Isuprel 1mcg/min,"自由文本入量描述, 目标概念库外"
mimic-iii,D_ITEMS:Free Form Intake,NS for BT,"自由文本入量描述, 目标概念库外"
mimic-iii,D_ITEMS:Free Form Intake,barracat,"自由文本入量描述, 目标概念库外"
mimic-iii,D_ITEMS:Free Form Intake,ready cat,"自由文本入量描述, 目标概念库外"
mimic-iii,D_ITEMS:Free Form Intake,1/2 nsfluidbolus,"自由文本入量描述, 目标概念库外"
mimic-iii,D_ITEMS:Free Form Intake,cardiac output ml,"自由文本入量描述, 目标概念库外"
mimic-iii,D_ITEMS:Free Form Intake,RL IN OR,"自由文本入量描述, 目标概念库外"
mimic-iii,D_ITEMS:Free Form Intake,NS 4gr Ca Gluconate,"自由文本入量描述, 目标概念库外"
mimic-iii,D_ITEMS:Free Form Intake,pantopralole,"自由文本入量描述, 目标概念库外"
mimic-iii,D_ITEMS:Free Form Intake,epidural asp,"自由文本入量描述, 目标概念库外"
mimic-iii,D_ITEMS:Free Form Intake,Meperidine,"自由文本入量描述, 目标概念库外"
mimic-iii,D_ITEMS:Free Form Intake,CO flush,"自由文本入量描述, 目标概念库外"
mimic-iii,D_ITEMS:Free Form Intake,NS IV bolus,"自由文本入量描述, 目标概念库外"
mimic-iii,D_ITEMS:Free Form Intake,capd,"自由文本入量描述, 目标概念库外"
mimic-iii,D_ITEMS:Free Form Intake,TPND10.5 with hep,"自由文本入量描述, 目标概念库外"
mimic-iii,D_ITEMS:Free Form Intake,25% Albumin,"自由文本入量描述, 目标概念库外"
mimic-iii,D_ITEMS:Free Form Intake,Portagen w/PoMod NG,"自由文本入量描述, 目标概念库外"
mimic-iii,D_ITEMS:Free Form Intake,D10W NSS W/.5Uhep.:,"自由文本入量描述, 目标概念库外"
mimic-iii,D_ITEMS:Free Form Intake,BMFSNG + 4HMF,"自由文本入量描述, 目标概念库外"
mimic-iii,D_ITEMS:Free Form Intake,Albumin (human) 25%,"自由文本入量描述, 目标概念库外"
mimic-iii,D_ITEMS:Free Form Intake,D12.5 bolus,"自由文本入量描述, 目标概念库外"
mimic-iii,D_ITEMS:Free Form Intake,PE24FSPO+MCT+Poly+PM,"自由文本入量描述, 目标概念库外"
mimic-iii,D_ITEMS:Free Form Intake,IV meds and flushes,"自由文本入量描述, 目标概念库外"
mimic-iii,D_ITEMS:Free Form Intake,BMFSPO+ 4 HMF,"自由文本入量描述, 目标概念库外"
mimic-iii,D_ITEMS:Free Form Intake,PE24FSPO+Promod+HMF,"自由文本入量描述, 目标概念库外"
mimic-iii,D_ITEMS:Free Form Intake,Prosobee 24cal GT,"自由文本入量描述, 目标概念库外"
mimic-iii,D_ITEMS:Free Form Intake,1000N/S 20GM CA GLU,"自由文本入量描述, 目标概念库外"
mimic-iii,D_ITEMS:Free Form Intake,k phos. 15mm,"自由文本入量描述, 目标概念库外"
mimic-iii,D_ITEMS:Free Form Intake,SOLUMEDROL DRIP.,"自由文本入量描述, 目标概念库外"
mimic-iii,D_ITEMS:Free Form Intake,crystalloid farr 5,"自由文本入量描述, 目标概念库外"
mimic-iii,D_ITEMS:Free Form Intake,PE 26cals NG,"自由文本入量描述, 目标概念库外"
mimic-iii,D_ITEMS:Free Form Intake,H20/NA ACETATE/HEP,"自由文本入量描述, 目标概念库外"
mimic-iii,D_ITEMS:Free Form Intake,N/S + VINCRISTINE,"自由文本入量描述, 目标概念库外"
mimic-iii,D_ITEMS:Free Form Intake,SODIUM PHOS IN NS,"自由文本入量描述, 目标概念库外"
mimic-iii,D_ITEMS:Free Form Intake,intake from vicu,"自由文本入量描述, 目标概念库外"
mimic-iii,D_ITEMS:Free Form Intake,phresis intake,"自由文本入量描述, 目标概念库外"
mimic-iii,D_ITEMS:Free Form Intake,ns cc/cc replacement,"自由文本入量描述, 目标概念库外"
mimic-iii,D_ITEMS:Free Form Intake,ER IV NS,"自由文本入量描述, 目标概念库外"
mimic-iii,D_ITEMS:Free Form Intake,D5W & 3 AMP BICARB,"自由文本入量描述, 目标概念库外"
mimic-iii,D_ITEMS:Free Form Intake,HepB Immune Globulin,"自由文本入量描述, 目标概念库外"
mimic-iii,D_ITEMS:Free Form Intake,free water bolous,"自由文本入量描述, 目标概念库外"
mimic-iii,D_ITEMS:Free Form Intake,FLOOR INTAKE IV,"自由文本入量描述, 目标概念库外"
mimic-iii,D_ITEMS:Free Form Intake,Nepro 3/4 w/Bene 75g,"自由文本入量描述, 目标概念库外"
mimic-iii,D_ITEMS:Free Form Intake,ct gent gtt,"自由文本入量描述, 目标概念库外"
mimic-iii,D_ITEMS:Free Form Intake,ED,"自由文本入量描述, 目标概念库外"
mimic-iii,D_ITEMS:Free Form Intake,3/4 str promote/fibr,"自由文本入量描述, 目标概念库外"
mimic-iii,D_ITEMS:Free Form Intake,Baracat,"自由文本入量描述, 目标概念库外"
mimic-iii,D_ITEMS:Free Form Intake,.45NS BOLUS,"自由文本入量描述, 目标概念库外"
mimic-iii,D_ITEMS:Free Form Intake,Impact w/Fib 1/2 Str,"自由文本入量描述, 目标概念库外"
mimic-iii,D_ITEMS:Free Form Intake,K PHOS-30,"自由文本入量描述, 目标概念库外"
mimic-iii,D_ITEMS:Free Form Intake,D50,"自由文本入量描述, 目标概念库外"
mimic-iii,D_ITEMS:Free Form Intake,1/2 NS REPLACEMENT,"自由文本入量描述, 目标概念库外"
mimic-iii,D_ITEMS:Free Form Intake,er intake iv,"自由文本入量描述, 目标概念库外"
mimic-iii,D_ITEMS:Free Form Intake,PR vanco,"自由文本入量描述, 目标概念库外"
mimic-iii,D_ITEMS:Free Form Intake,15mmol K+Phos.,"自由文本入量描述, 目标概念库外"
mimic-iii,D_ITEMS:Free Form Intake,3/4 ST IMPACT,"自由文本入量描述, 目标概念库外"
mimic-iii,D_ITEMS:Free Form Intake,Sterile H20/Na Acet,"自由文本入量描述, 目标概念库外"
mimic-iii,D_ITEMS:Free Form Intake,PD exchange 2.5%,"自由文本入量描述, 目标概念库外"
mimic-iii,D_ITEMS:Free Form Intake,Factor VII,"自由文本入量描述, 目标概念库外"
mimic-iii,D_ITEMS:Free Form Intake,D50%,"自由文本入量描述, 目标概念库外"
mimic-iii,D_ITEMS:Free Form Intake,d5w& 3 amp nabicarb,"自由文本入量描述, 目标概念库外"
mimic-iii,D_ITEMS:Free Form Intake,ENEMA GASTROGRAFFIN,"自由文本入量描述, 目标概念库外"
mimic-iii,D_ITEMS:Free Form Intake,Elecare 20 NG,"自由文本入量描述, 目标概念库外"
mimic-iii,D_ITEMS:Free Form Intake,1/2 NS + 20 KCL,"自由文本入量描述, 目标概念库外"
mimic-iii,D_ITEMS:Free Form Intake,1/2cc/1cc replace,"自由文本入量描述, 目标概念库外"
mimic-iii,D_ITEMS:Free Form Intake,Flushpack,"自由文本入量描述, 目标概念库外"
mimic-iii,D_ITEMS:Free Form Intake,bm22 pg,"自由文本入量描述, 目标概念库外"
mimic-iii,D_ITEMS:Free Form Intake,Fat Emulsion Lipids,"自由文本入量描述, 目标概念库外"
mimic-iii,D_ITEMS:Free Form Intake,farr 2 iv intake,"自由文本入量描述, 目标概念库外"
mimic-iii,D_ITEMS:Free Form Intake,PACU intake,"自由文本入量描述, 目标概念库外"
mimic-iii,D_ITEMS:Free Form Intake,HCL DRIP,"自由文本入量描述, 目标概念库外"
mimic-iii,D_ITEMS:Free Form Intake,PD Dwell,"自由文本入量描述, 目标概念库外"
mimic-iii,D_ITEMS:Free Form Intake,multivitamin IV,"自由文本入量描述, 目标概念库外"
mimic-iii,D_ITEMS:Free Form Intake,PROTONIX 8MG/HR,"自由文本入量描述, 目标概念库外"
mimic-iii,D_ITEMS:Free Form Intake,G TUBE REFEED,"自由文本入量描述, 目标概念库外"
mimic-iii,D_ITEMS:Free Form Intake,Cyclospoprin,"自由文本入量描述, 目标概念库外"
mimic-iii,D_ITEMS:Free Form Intake,Hydrochloric Acidgtt,"自由文本入量描述, 目标概念库外"
mimic-iii,D_ITEMS:Free Form Intake,NGT NS IRRIGANT,"自由文本入量描述, 目标概念库外"
mimic-iii,D_ITEMS:Free Form Intake,WaterBolus,"自由文本入量描述, 目标概念库外"
mimic-iii,D_ITEMS:Free Form Intake,E24,"自由文本入量描述, 目标概念库外"
mimic-iii,D_ITEMS:Free Form Intake,MARCAINE LEFT,"自由文本入量描述, 目标概念库外"
mimic-iii,D_ITEMS:Free Form Intake,E24 +2corn oil,"自由文本入量描述, 目标概念库外"
mimic-iii,D_ITEMS:Free Form Intake,Br Milk 24 NG,"自由文本入量描述, 目标概念库外"
mimic-iii,D_ITEMS:Free Form Intake,250 n/s 15MML NAPHOS,"自由文本入量描述, 目标概念库外"
mimic-iii,D_ITEMS:Free Form Intake,Enfamil20 GT,"自由文本入量描述, 目标概念库外"
mimic-iii,D_ITEMS:Free Form Intake,calcium drip,"自由文本入量描述, 目标概念库外"
mimic-iii,D_ITEMS:Free Form Intake,potassium phos 30mml,"自由文本入量描述, 目标概念库外"
mimic-iii,D_ITEMS:Free Form Intake,D5 150meq NA Bicarb,"自由文本入量描述, 目标概念库外"
mimic-iii,D_ITEMS:Free Form Intake,Protonix IV,"自由文本入量描述, 目标概念库外"
mimic-iii,D_ITEMS:Free Form Intake,Enfamil 26 by conc.,"自由文本入量描述, 目标概念库外"
mimic-iii,D_ITEMS:Free Form Intake,NaPhos30mmol/250NS,"自由文本入量描述, 目标概念库外"
mimic-iii,D_ITEMS:Free Form Intake,ED IVFs,"自由文本入量描述, 目标概念库外"
mimic-iii,D_ITEMS:Free Form Intake,IV INTAKE F2,"自由文本入量描述, 目标概念库外"
mimic-iii,D_ITEMS:Free Form Intake,Dialysis fluids,"自由文本入量描述, 目标概念库外"
mimic-iii,D_ITEMS:Free Form Intake,2/3 ST IMPACT,"自由文本入量描述, 目标概念库外"
mimic-iii,D_ITEMS:Free Form Intake,LACTULOSE ENEMA'S,"自由文本入量描述, 目标概念库外"
mimic-iii,D_ITEMS:Free Form Intake,Neosure 22 PO,"自由文本入量描述, 目标概念库外"
mimic-iii,D_ITEMS:Free Form Intake,Sucrose,"自由文本入量描述, 目标概念库外"
mimic-iii,D_ITEMS:Free Form Intake,.9% NS flush,"自由文本入量描述, 目标概念库外"
mimic-iii,D_ITEMS:Free Form Intake,Sodium Phosphate IV,"自由文本入量描述, 目标概念库外"
mimic-iii,D_ITEMS:Free Form Intake,APC,"自由文本入量描述, 目标概念库外"
mimic-iii,D_ITEMS:Free Form Intake,d5 1/4 ns,"自由文本入量描述, 目标概念库外"
mimic-iii,D_ITEMS:Free Form Intake,ivf on medical floor,"自由文本入量描述, 目标概念库外"
mimic-iii,D_ITEMS:Free Form Intake,Stomach asp.PH,"自由文本入量描述, 目标概念库外"
mimic-iii,D_ITEMS:Free Form Intake,Umbi hernia,"自由文本入量描述, 目标概念库外"
mimic-iii,D_ITEMS:Free Form Intake,BMFSPO + 2 HMF,"自由文本入量描述, 目标概念库外"
mimic-iii,D_ITEMS:Free Form Intake,PE24PO+2MCT+Promod,"自由文本入量描述, 目标概念库外"
mimic-iii,D_ITEMS:Free Form Intake,Neosure with 2 polye,"自由文本入量描述, 目标概念库外"
mimic-iii,D_ITEMS:Free Form Intake,ml/kg/hr,"自由文本入量描述, 目标概念库外"
mimic-iii,D_ITEMS:Free Form Intake,BM 20 FS NG,"自由文本入量描述, 目标概念库外"
mimic-iii,D_ITEMS:Free Form Intake,repogle,"自由文本入量描述, 目标概念库外"
mimic-iii,D_ITEMS:Free Form Intake,Pregestimil 22cal NG,"自由文本入量描述, 目标概念库外"
mimic-iii,D_ITEMS:Free Form Intake,TPN D24,"自由文本入量描述, 目标概念库外"
mimic-iii,D_ITEMS:Free Form Intake,LR W/ 20 KCL,"自由文本入量描述, 目标概念库外"
mimic-iii,D_ITEMS:Free Form Intake,LR w/40 kcl,"自由文本入量描述, 目标概念库外"
mimic-iii,D_ITEMS:Free Form Intake,CARIPROSIDE,"自由文本入量描述, 目标概念库外"
mimic-iii,D_ITEMS:Free Form Intake,REFED JEJUNOSTOMY,"自由文本入量描述, 目标概念库外"
mimic-iii,D_ITEMS:Free Form Intake,Kphos 15mmol. 250cc,"自由文本入量描述, 目标概念库外"
mimic-iii,D_ITEMS:Free Form Intake,DEXTROSE125GMS/250CC,"自由文本入量描述, 目标概念库外"
mimic-iii,D_ITEMS:Free Form Intake,D5W VIA PEG,"自由文本入量描述, 目标概念库外"
mimic-iii,D_ITEMS:Free Form Intake,OR TPN,"自由文本入量描述, 目标概念库外"
mimic-iii,D_ITEMS:Free Form Intake,k phos over 6hrs,"自由文本入量描述, 目标概念库外"
mimic-iii,D_ITEMS:Free Form Intake,er iv intake,"自由文本入量描述, 目标概念库外"
mimic-iii,D_ITEMS:Free Form Intake,cc for cc replace,"自由文本入量描述, 目标概念库外"
mimic-iii,D_ITEMS:Free Form Intake,PEG DRAINAGE,"自由文本入量描述, 目标概念库外"
mimic-iii,D_ITEMS:Free Form Intake,ns with 50meq HCL,"自由文本入量描述, 目标概念库外"
mimic-iii,D_ITEMS:Free Form Intake,PD Fluid 1.5%,"自由文本入量描述, 目标概念库外"
mimic-iii,D_ITEMS:Free Form Intake,drain flush r,"自由文本入量描述, 目标概念库外"
mimic-iii,D_ITEMS:Free Form Intake,PD 1.5%,"自由文本入量描述, 目标概念库外"
mimic-iii,D_ITEMS:Free Form Intake,cc/cc,"自由文本入量描述, 目标概念库外"
mimic-iii,D_ITEMS:Free Form Intake,Neocate24 po,"自由文本入量描述, 目标概念库外"
mimic-iii,D_ITEMS:Free Form Intake,"Neosure26,PO","自由文本入量描述, 目标概念库外"
mimic-iii,D_ITEMS:Free Form Intake,Neocate 28 PO,"自由文本入量描述, 目标概念库外"
mimic-iii,D_ITEMS:Free Form Intake,BM+neocate4+MCT4,"自由文本入量描述, 目标概念库外"
mimic-iii,D_ITEMS:Free Form Intake,SC28PO,"自由文本入量描述, 目标概念库外"
mimic-iii,D_ITEMS:Free Form Intake,1/2strength impact,"自由文本入量描述, 目标概念库外"
mimic-iii,D_ITEMS:Free Form Intake,SSC26PO,"自由文本入量描述, 目标概念库外"
mimic-iii,D_ITEMS:Free Form Intake,Similac SC 26 PO,"自由文本入量描述, 目标概念库外"
mimic-iii,D_ITEMS:Free Form Intake,BM (thick & easy) PG,"自由文本入量描述, 目标概念库外"
mimic-iii,D_ITEMS:Free Form Intake,sp.care 26 cal po,"自由文本入量描述, 目标概念库外"
mimic-iii,D_ITEMS:Free Form Intake,Similac SC 30 PO,"自由文本入量描述, 目标概念库外"
mimic-iii,D_ITEMS:Free Form Intake,Sim 20 (Thick) NG,"自由文本入量描述, 目标概念库外"
mimic-iii,D_ITEMS:Free Form Intake,BM20PO+thick&easy,"自由文本入量描述, 目标概念库外"
mimic-iii,D_ITEMS:Free Form Intake,Special Care 26 PO,"自由文本入量描述, 目标概念库外"
mimic-iii,D_ITEMS:Free Form Intake,SpecialCare 26 Fe NG,"自由文本入量描述, 目标概念库外"
mimic-iii,D_ITEMS:Free Form Intake,SpecialCare 28 PG,"自由文本入量描述, 目标概念库外"
mimic-iii,D_ITEMS:Free Form Intake,farr 9 intake,"自由文本入量描述, 目标概念库外"
mimic-iii,D_ITEMS:Free Form Intake,SpecialCare28 PG,"自由文本入量描述, 目标概念库外"
mimic-iii,D_ITEMS:Free Form Intake,50%Dextrose,"自由文本入量描述, 目标概念库外"
mimic-iii,D_ITEMS:Free Form Intake,Neosure 27,"自由文本入量描述, 目标概念库外"
mimic-iii,D_ITEMS:Free Form Intake,TPN D9.3,"自由文本入量描述, 目标概念库外"
mimic-iii,D_ITEMS:Free Form Intake,28cal SC,"自由文本入量描述, 目标概念库外"
mimic-iii,D_ITEMS:Free Form Intake,SpecialCare 30 PG,"自由文本入量描述, 目标概念库外"
mimic-iii,D_ITEMS:Free Form Intake,ew-iv fliud,"自由文本入量描述, 目标概念库外"
mimic-iii,D_ITEMS:Free Form Intake,PE 28 PG,"自由文本入量描述, 目标概念库外"
mimic-iii,D_ITEMS:Free Form Intake,Kcl 40meq in 500 N/S,"自由文本入量描述, 目标概念库外"
mimic-iii,D_ITEMS:Free Form Intake,PE 28 NG,"自由文本入量描述, 目标概念库外"
mimic-iii,D_ITEMS:Free Form Intake,SSC30 NG,"自由文本入量描述, 目标概念库外"
mimic-iii,D_ITEMS:Free Form Intake,replete w/fiber 3/4,"自由文本入量描述, 目标概念库外"
mimic-iii,D_ITEMS:Free Form Intake,7.7 meqs NaAcet+H20,"自由文本入量描述, 目标概念库外"
mimic-iii,D_ITEMS:Free Form Intake,Nutramigen28w/RC PO,"自由文本入量描述, 目标概念库外"
mimic-iii,D_ITEMS:Free Form Intake,Neosure 22 cal po,"自由文本入量描述, 目标概念库外"
mimic-iii,D_ITEMS:Free Form Intake,PND8.5,"自由文本入量描述, 目标概念库外"
mimic-iii,D_ITEMS:Free Form Intake,consent,"自由文本入量描述, 目标概念库外"
mimic-iii,D_ITEMS:Free Form Intake,NS Kphos 15mmol,"自由文本入量描述, 目标概念库外"
mimic-iii,D_ITEMS:Free Form Intake,K 10MEQ,"自由文本入量描述, 目标概念库外"
mimic-iii,D_ITEMS:Free Form Intake,REPLETE/FIBER TFEED,"自由文本入量描述, 目标概念库外"
mimic-iii,D_ITEMS:Free Form Intake,Sp Care 28 PG,"自由文本入量描述, 目标概念库外"
mimic-iii,D_ITEMS:Free Form Intake,3/4 str Replete,"自由文本入量描述, 目标概念库外"
mimic-iii,D_ITEMS:Free Form Intake,Nestle Good Start,"自由文本入量描述, 目标概念库外"
mimic-iii,D_ITEMS:Free Form Intake,Sp Care 26 PO,"自由文本入量描述, 目标概念库外"
mimic-iii,D_ITEMS:Free Form Intake,floor,"自由文本入量描述, 目标概念库外"
mimic-iii,D_ITEMS:Free Form Intake,TPN D6.5,"自由文本入量描述, 目标概念库外"
mimic-iii,D_ITEMS:Free Form Intake,BM24 w/neosure PO,"自由文本入量描述, 目标概念库外"
mimic-iii,D_ITEMS:Free Form Intake,SODIUM PO4,"自由文本入量描述, 目标概念库外"
mimic-iii,D_ITEMS:Free Form Intake,"SC26+BP, PO","自由文本入量描述, 目标概念库外"
mimic-iii,D_ITEMS:Free Form Intake,Mediastinal irrig,"自由文本入量描述, 目标概念库外"
mimic-iii,D_ITEMS:Free Form Intake,1/2 ST REPLETE/FIBER,"自由文本入量描述, 目标概念库外"
mimic-iii,D_ITEMS:Free Form Intake,ca gluc -20gm/500ml,"自由文本入量描述, 目标概念库外"
mimic-iii,D_ITEMS:Free Form Intake,SSC 28NG,"自由文本入量描述, 目标概念库外"
mimic-iii,D_ITEMS:Free Form Intake,Neocate 26 po,"自由文本入量描述, 目标概念库外"
mimic-iii,D_ITEMS:Free Form Intake,Gent chest irrigant,"自由文本入量描述, 目标概念库外"
mimic-iii,D_ITEMS:Free Form Intake,dye first cath,"自由文本入量描述, 目标概念库外"
mimic-iii,D_ITEMS:Free Form Intake,7.7meq NaAcetate/H20,"自由文本入量描述, 目标概念库外"
mimic-iii,D_ITEMS:Free Form Intake,bowel prep,"自由文本入量描述, 目标概念库外"
mimic-iii,D_ITEMS:Free Form Intake,PO Fluids,"自由文本入量描述, 目标概念库外"
mimic-iii,D_ITEMS:Free Form Intake,QUINIDINE GLUCONATE,"自由文本入量描述, 目标概念库外"
mimic-iii,D_ITEMS:Free Form Intake,ER COLLOIDS,"自由文本入量描述, 目标概念库外"
mimic-iii,D_ITEMS:Free Form Intake,LR w/50meqNAacetate,"自由文本入量描述, 目标概念库外"
mimic-iii,D_ITEMS:Free Form Intake,Neosure30,"自由文本入量描述, 目标概念库外"
mimic-iii,D_ITEMS:Free Form Intake,Neosure32 PO,"自由文本入量描述, 目标概念库外"
mimic-iii,D_ITEMS:Free Form Intake,CT instill-> talc,"自由文本入量描述, 目标概念库外"
mimic-iii,D_ITEMS:Free Form Intake,Nutren Pulmonary FS,"自由文本入量描述, 目标概念库外"
mimic-iii,D_ITEMS:Free Form Intake,DYE IV contrast CT n,"自由文本入量描述, 目标概念库外"
mimic-iii,D_ITEMS:Free Form Intake,TPN D11.5,"自由文本入量描述, 目标概念库外"
mimic-iii,D_ITEMS:Free Form Intake,CA GLUC for CVVH,"自由文本入量描述, 目标概念库外"
mimic-iii,D_ITEMS:Free Form Intake,OR Plasyalyte,"自由文本入量描述, 目标概念库外"
mimic-iii,D_ITEMS:Free Form Intake,d5ns with 40 meqkcl,"自由文本入量描述, 目标概念库外"
mimic-iii,D_ITEMS:Free Form Intake,JP site drainage,"自由文本入量描述, 目标概念库外"
mimic-iii,D_ITEMS:Free Form Intake,D10W+2meq NaAcetate,"自由文本入量描述, 目标概念库外"
mimic-iii,D_ITEMS:Free Form Intake,golytely prep,"自由文本入量描述, 目标概念库外"
mimic-iii,D_ITEMS:Free Form Intake,PACU IN,"自由文本入量描述, 目标概念库外"
mimic-iii,D_ITEMS:Free Form Intake,NSw/sodium phos15mmo,"自由文本入量描述, 目标概念库外"
mimic-iii,D_ITEMS:Free Form Intake,Similac 26,"自由文本入量描述, 目标概念库外"
mimic-iii,D_ITEMS:Free Form Intake,3/4st nepro/benefibr,"自由文本入量描述, 目标概念库外"
mimic-iii,D_ITEMS:Free Form Intake,SSC 28,"自由文本入量描述, 目标概念库外"
mimic-iii,D_ITEMS:Free Form Intake,NG CONTRAST,"自由文本入量描述, 目标概念库外"
mimic-iii,D_ITEMS:Free Form Intake,KAYEXALATE,"自由文本入量描述, 目标概念库外"
mimic-iii,D_ITEMS:Free Form Intake,SSC30 PO,"自由文本入量描述, 目标概念库外"
mimic-iii,D_ITEMS:Free Form Intake,chest tube irrigant,"自由文本入量描述, 目标概念库外"
mimic-iii,D_ITEMS:Free Form Intake,SC32 w/BP,"自由文本入量描述, 目标概念库外"
mimic-iii,D_ITEMS:Free Form Intake,PD 1.5% Dextrose,"自由文本入量描述, 目标概念库外"
mimic-iii,D_ITEMS:Free Form Intake,potassium Chl 40meq,"自由文本入量描述, 目标概念库外"
mimic-iii,D_ITEMS:Free Form Intake,SC 26cal pg,"自由文本入量描述, 目标概念库外"
mimic-iii,D_ITEMS:Free Form Intake,SC32 benoprotein,"自由文本入量描述, 目标概念库外"
mimic-iii,D_ITEMS:Free Form Intake,Nutramigen 26 PO,"自由文本入量描述, 目标概念库外"
mimic-iii,D_ITEMS:Free Form Intake,Drain 3 flush R side,"自由文本入量描述, 目标概念库外"
mimic-iii,D_ITEMS:Free Form Intake,SC 30 liq NG,"自由文本入量描述, 目标概念库外"
mimic-iii,D_ITEMS:Free Form Intake,BM26(6cal Neosure),"自由文本入量描述, 目标概念库外"
mimic-iii,D_ITEMS:Free Form Intake,BM26(4 neosure 2 MCT,"自由文本入量描述, 目标概念库外"
mimic-iii,D_ITEMS:Free Form Intake,Replete w/Fiber TF,"自由文本入量描述, 目标概念库外"
mimic-iv,d_items:Skin - Impairment,Impaired Skin Site #1,目标概念库外的类别
mimic-iv,d_items:Skin - Impairment,Impaired Skin Cleanse #1,目标概念库外的类别
mimic-iv,d_items:Skin - Impairment,Impaired Skin Treatment #1,目标概念库外的类别
mimic-iv,d_items:Access Lines - Invasive,PICC Line Cap Change,目标概念库外的类别
mimic-iv,d_items:Access Lines - Invasive,PICC Line Insertion Date,目标概念库外的类别
mimic-iv,d_items:Access Lines - Invasive,PICC Line Change over Wire Date,目标概念库外的类别
mimic-iv,d_items:Access Lines - Invasive,PICC Line Dressing Change,目标概念库外的类别
mimic-iv,d_items:Access Lines - Invasive,PICC Line Tubing Change,目标概念库外的类别
mimic-iv,d_items:Access Lines - Invasive,PICC Line Site Appear,目标概念库外的类别
mimic-iv,d_items:Skin - Impairment,Impaired Skin Wound Base #1,目标概念库外的类别
mimic-iv,d_items:Skin - Impairment,Impaired Skin Drainage #1,目标概念库外的类别
mimic-iv,d_items:Access Lines - Invasive,Multi Lumen Cap Change,目标概念库外的类别
mimic-iv,d_items:Access Lines - Invasive,Multi Lumen Change over Wire Date,目标概念库外的类别
mimic-iv,d_items:Access Lines - Invasive,Multi Lumen,目标概念库外的类别
mimic-iv,d_items:Access Lines - Invasive,PICC Line,目标概念库外的类别
mimic-iv,d_items:Access Lines - Invasive,Cordis/Introducer,目标概念库外的类别
mimic-iv,d_items:Access Lines - Invasive,Trauma line,目标概念库外的类别
mimic-iv,d_items:Access Lines - Invasive,CCO PAC,目标概念库外的类别
mimic-iv,d_items:Access Lines - Invasive,Dialysis Catheter,目标概念库外的类别
mimic-iv,d_items:Access Lines - Invasive,IABP line,目标概念库外的类别
mimic-iv,d_items:Access Lines - Invasive,Presep Catheter,目标概念库外的类别
mimic-iv,d_items:Access Lines - Invasive,Multi Lumen Dressing Change,目标概念库外的类别
mimic-iv,d_items:Access Lines - Invasive,Multi Lumen Insertion Date,目标概念库外的类别
mimic-iv,d_items:Access Lines - Invasive,Multi Lumen Site Appear,目标概念库外的类别
mimic-iv,d_items:Access Lines - Invasive,Multi Lumen Tubing Change,目标概念库外的类别
mimic-iv,d_items:Access Lines - Invasive,Multi Lumen Waveform Appear,目标概念库外的类别
mimic-iv,d_items:Access Lines - Invasive,Arterial line Cap Change,目标概念库外的类别
mimic-iv,d_items:Access Lines - Invasive,Arterial line Change over Wire Date,目标概念库外的类别
mimic-iv,d_items:Access Lines - Invasive,Arterial Line Dressing Change,目标概念库外的类别
mimic-iv,d_items:Access Lines - Invasive,Arterial line Insertion Date,目标概念库外的类别
mimic-iv,d_items:Access Lines - Invasive,Arterial line Site Appear,目标概念库外的类别
mimic-iv,d_items:Access Lines - Invasive,Arterial line Tubing Change,目标概念库外的类别
mimic-iv,d_items:Access Lines - Invasive,Arterial line Waveform Appear,目标概念库外的类别
mimic-iv,d_items:Access Lines - Invasive,Cordis/Introducer Cap Change,目标概念库外的类别
mimic-iv,d_items:Access Lines - Invasive,Cordis/Introducer Change over Wire Date,目标概念库外的类别
mimic-iv,d_items:Access Lines - Invasive,Cordis/Introducer Dressing Change,目标概念库外的类别
mimic-iv,d_items:Access Lines - Invasive,Cordis/Introducer Insertion Date,目标概念库外的类别
mimic-iv,d_items:Access Lines - Invasive,Cordis/Introducer Site Appear,目标概念库外的类别
mimic-iv,d_items:Access Lines - Invasive,Cordis/Introducer Tubing Change,目标概念库外的类别
mimic-iv,d_items:Access Lines - Invasive,PA Catheter,目标概念库外的类别
mimic-iv,d_items:Skin - Impairment,Impaired Skin Type #1,目标概念库外的类别
mimic-iv,d_items:Skin - Impairment,Impaired Skin Length #1,目标概念库外的类别
mimic-iv,d_items:Skin - Impairment,Impaired Skin Depth #1,目标概念库外的类别
mimic-iv,d_items:Skin - Impairment,Impaired Skin Odor #1,目标概念库外的类别
mimic-iv,d_items:Skin - Impairment,Surrounding Tissue #1,目标概念库外的类别
mimic-iv,d_items:Skin - Impairment,Pressure Ulcer Stage #1,目标概念库外的类别
mimic-iv,d_items:Skin - Impairment,Tunneling Present #1,目标概念库外的类别
mimic-iv,d_items:Skin - Impairment,Undermining Present #1,目标概念库外的类别
mimic-iv,d_items:Skin - Impairment,Impaired Skin Width #1,目标概念库外的类别
mimic-iv,d_items:Skin - Impairment,Impaired Skin Drainage Amount #1,目标概念库外的类别
mimic-iv,d_items:Skin - Impairment,Impaired Skin Cleanse #2,目标概念库外的类别
mimic-iv,d_items:Skin - Impairment,Impaired Skin Cleanse #3,目标概念库外的类别
mimic-iv,d_items:Skin - Impairment,Impaired Skin Cleanse #4,目标概念库外的类别
mimic-iv,d_items:Skin - Impairment,Impaired Skin Cleanse #5,目标概念库外的类别
mimic-iv,d_items:Skin - Impairment,Impaired Skin Cleanse #6,目标概念库外的类别
mimic-iv,d_items:Skin - Impairment,Impaired Skin Cleanse #7,目标概念库外的类别
mimic-iv,d_items:Skin - Impairment,Impaired Skin Cleanse #8,目标概念库外的类别
mimic-iv,d_items:Skin - Impairment,Impaired Skin Depth #2,目标概念库外的类别
mimic-iv,d_items:Skin - Impairment,Impaired Skin Depth #3,目标概念库外的类别
mimic-iv,d_items:Skin - Impairment,Impaired Skin Depth #4,目标概念库外的类别
mimic-iv,d_items:Skin - Impairment,Impaired Skin Depth #5,目标概念库外的类别
mimic-iv,d_items:Skin - Impairment,Impaired Skin Depth #6,目标概念库外的类别
mimic-iv,d_items:Skin - Impairment,Impaired Skin Depth #7,目标概念库外的类别
mimic-iv,d_items:Skin - Impairment,Impaired Skin Depth #8,目标概念库外的类别
mimic-iv,d_items:Skin - Impairment,Impaired Skin Drainage #2,目标概念库外的类别
mimic-iv,d_items:Skin - Impairment,Impaired Skin Drainage #3,目标概念库外的类别
mimic-iv,d_items:Skin - Impairment,Impaired Skin Drainage #4,目标概念库外的类别
mimic-iv,d_items:Skin - Impairment,Impaired Skin Drainage #5,目标概念库外的类别
mimic-iv,d_items:Skin - Impairment,Impaired Skin Drainage #6,目标概念库外的类别
mimic-iv,d_items:Skin - Impairment,Impaired Skin Drainage #7,目标概念库外的类别
mimic-iv,d_items:Skin - Impairment,Impaired Skin Drainage #8,目标概念库外的类别
mimic-iv,d_items:Skin - Impairment,Impaired Skin Drainage Amount #2,目标概念库外的类别
mimic-iv,d_items:Skin - Impairment,Impaired Skin Drainage Amount #3,目标概念库外的类别
mimic-iv,d_items:Skin - Impairment,Impaired Skin Drainage Amount #4,目标概念库外的类别
mimic-iv,d_items:Skin - Impairment,Impaired Skin Drainage Amount #5,目标概念库外的类别
mimic-iv,d_items:Skin - Impairment,Impaired Skin Drainage Amount #6,目标概念库外的类别
mimic-iv,d_items:Skin - Impairment,Impaired Skin Drainage Amount #7,目标概念库外的类别
mimic-iv,d_items:Skin - Impairment,Impaired Skin Drainage Amount #8,目标概念库外的类别
mimic-iv,d_items:Skin - Impairment,Impaired Skin Length #2,目标概念库外的类别
mimic-iv,d_items:Skin - Impairment,Impaired Skin Length #3,目标概念库外的类别
mimic-iv,d_items:Skin - Impairment,Impaired Skin Length #4,目标概念库外的类别
mimic-iv,d_items:Skin - Impairment,Impaired Skin Length #5,目标概念库外的类别
mimic-iv,d_items:Skin - Impairment,Impaired Skin Length #6,目标概念库外的类别
mimic-iv,d_items:Skin - Impairment,Impaired Skin Length #7,目标概念库外的类别
mimic-iv,d_items:Skin - Impairment,Impaired Skin Length #8,目标概念库外的类别
mimic-iv,d_items:Skin - Impairment,Impaired Skin Odor #2,目标概念库外的类别
mimic-iv,d_items:Skin - Impairment,Impaired Skin Odor #3,目标概念库外的类别
mimic-iv,d_items:Skin - Impairment,Impaired Skin Odor #4,目标概念库外的类别
mimic-iv,d_items:Skin - Impairment,Impaired Skin Odor #5,目标概念库外的类别
mimic-iv,d_items:Skin - Impairment,Impaired Skin Odor #6,目标概念库外的类别
mimic-iv,d_items:Skin - Impairment,Impaired Skin Odor #7,目标概念库外的类别
mimic-iv,d_items:Skin - Impairment,Impaired Skin Odor #8,目标概念库外的类别
mimic-iv,d_items:Skin - Impairment,Impaired Skin Site #2,目标概念库外的类别
mimic-iv,d_items:Skin - Impairment,Impaired Skin Site #3,目标概念库外的类别
mimic-iv,d_items:Skin - Impairment,Impaired Skin Site #4,目标概念库外的类别
mimic-iv,d_items:Skin - Impairment,Impaired Skin Site #5,目标概念库外的类别
mimic-iv,d_items:Skin - Impairment,Impaired Skin Site #6,目标概念库外的类别
mimic-iv,d_items:Skin - Impairment,Impaired Skin Site #7,目标概念库外的类别
mimic-iv,d_items:Skin - Impairment,Impaired Skin Site #8,目标概念库外的类别
mimic-iv,d_items:Skin - Impairment,Impaired Skin Treatment #2,目标概念库外的类别
mimic-iv,d_items:Skin - Impairment,Impaired Skin Treatment #3,目标概念库外的类别
mimic-iv,d_items:Skin - Impairment,Impaired Skin Treatment #4,目标概念库外的类别
mimic-iv,d_items:Skin - Impairment,Impaired Skin Treatment #5,目标概念库外的类别
mimic-iv,d_items:Skin - Impairment,Impaired Skin Treatment #6,目标概念库外的类别
mimic-iv,d_items:Skin - Impairment,Impaired Skin Treatment #7,目标概念库外的类别
mimic-iv,d_items:Skin - Impairment,Impaired Skin Treatment #8,目标概念库外的类别
mimic-iv,d_items:Skin - Impairment,Impaired Skin Type #2,目标概念库外的类别
mimic-iv,d_items:Skin - Impairment,Impaired Skin Type #3,目标概念库外的类别
mimic-iv,d_items:Skin - Impairment,Impaired Skin Type #4,目标概念库外的类别
mimic-iv,d_items:Skin - Impairment,Impaired Skin Type #5,目标概念库外的类别
mimic-iv,d_items:Skin - Impairment,Impaired Skin Type #6,目标概念库外的类别
mimic-iv,d_items:Skin - Impairment,Impaired Skin Type #7,目标概念库外的类别
mimic-iv,d_items:Skin - Impairment,Impaired Skin Type #8,目标概念库外的类别
mimic-iv,d_items:Skin - Impairment,Impaired Skin Width #2,目标概念库外的类别
mimic-iv,d_items:Skin - Impairment,Impaired Skin Width #3,目标概念库外的类别
mimic-iv,d_items:Skin - Impairment,Impaired Skin Width #4,目标概念库外的类别
mimic-iv,d_items:Skin - Impairment,Impaired Skin Width #5,目标概念库外的类别
mimic-iv,d_items:Skin - Impairment,Impaired Skin Width #6,目标概念库外的类别
mimic-iv,d_items:Skin - Impairment,Impaired Skin Width #7,目标概念库外的类别
mimic-iv,d_items:Skin - Impairment,Impaired Skin Width #8,目标概念库外的类别
mimic-iv,d_items:Skin - Impairment,Impaired Skin Wound Base #2,目标概念库外的类别
mimic-iv,d_items:Skin - Impairment,Impaired Skin Wound Base #3,目标概念库外的类别
mimic-iv,d_items:Skin - Impairment,Impaired Skin Wound Base #4,目标概念库外的类别
mimic-iv,d_items:Skin - Impairment,Impaired Skin Wound Base #5,目标概念库外的类别
mimic-iv,d_items:Skin - Impairment,Impaired Skin Wound Base #6,目标概念库外的类别
mimic-iv,d_items:Skin - Impairment,Impaired Skin Wound Base #7,目标概念库外的类别
mimic-iv,d_items:Skin - Impairment,Impaired Skin Wound Base #8,目标概念库外的类别
mimic-iv,d_items:Skin - Impairment,Pressure Ulcer Stage #2,目标概念库外的类别
mimic-iv,d_items:Skin - Impairment,Pressure Ulcer Stage #3,目标概念库外的类别
mimic-iv,d_items:Skin - Impairment,Pressure Ulcer Stage #4,目标概念库外的类别
mimic-iv,d_items:Skin - Impairment,Pressure Ulcer Stage #5,目标概念库外的类别
mimic-iv,d_items:Skin - Impairment,Pressure Ulcer Stage #6,目标概念库外的类别
mimic-iv,d_items:Skin - Impairment,Pressure Ulcer Stage #7,目标概念库外的类别
mimic-iv,d_items:Skin - Impairment,Pressure Ulcer Stage #8,目标概念库外的类别
mimic-iv,d_items:Skin - Impairment,Surrounding Tissue #2,目标概念库外的类别
mimic-iv,d_items:Skin - Impairment,Surrounding Tissue #3,目标概念库外的类别
mimic-iv,d_items:Skin - Impairment,Surrounding Tissue #4,目标概念库外的类别
mimic-iv,d_items:Skin - Impairment,Surrounding Tissue #5,目标概念库外的类别
mimic-iv,d_items:Skin - Impairment,Surrounding Tissue #6,目标概念库外的类别
mimic-iv,d_items:Skin - Impairment,Surrounding Tissue #7,目标概念库外的类别
mimic-iv,d_items:Skin - Impairment,Surrounding Tissue #8,目标概念库外的类别
mimic-iv,d_items:Skin - Impairment,Tunneling Present #2,目标概念库外的类别
mimic-iv,d_items:Skin - Impairment,Tunneling Present #3,目标概念库外的类别
mimic-iv,d_items:Skin - Impairment,Tunneling Present #4,目标概念库外的类别
mimic-iv,d_items:Skin - Impairment,Tunneling Present #5,目标概念库外的类别
mimic-iv,d_items:Skin - Impairment,Tunneling Present #6,目标概念库外的类别
mimic-iv,d_items:Skin - Impairment,Tunneling Present #7,目标概念库外的类别
mimic-iv,d_items:Skin - Impairment,Tunneling Present #8,目标概念库外的类别
mimic-iv,d_items:Skin - Impairment,Undermining Present #2,目标概念库外的类别
mimic-iv,d_items:Skin - Impairment,Undermining Present #3,目标概念库外的类别
mimic-iv,d_items:Skin - Impairment,Undermining Present #4,目标概念库外的类别
mimic-iv,d_items:Skin - Impairment,Undermining Present #5,目标概念库外的类别
mimic-iv,d_items:Skin - Impairment,Undermining Present #6,目标概念库外的类别
mimic-iv,d_items:Skin - Impairment,Undermining Present #7,目标概念库外的类别
mimic-iv,d_items:Skin - Impairment,Undermining Present #8,目标概念库外的类别
mimic-iv,d_items:Access Lines - Invasive,Triple Introducer,目标概念库外的类别
mimic-iv,d_items:Access Lines - Invasive,Indwelling Port (PortaCath),目标概念库外的类别
mimic-iv,d_items:Access Lines - Invasive,Pheresis Catheter,目标概念库外的类别
mimic-iv,d_items:Access Lines - Invasive,Midline,目标概念库外的类别
mimic-iv,d_items:Access Lines - Invasive,Multi Lumen Zero/Calibrate,目标概念库外的类别
mimic-iv,d_items:Access Lines - Invasive,Arterial Line Zero/Calibrate,目标概念库外的类别
mimic-iv,d_items:Access Lines - Invasive,Trauma Line Cap Change,目标概念库外的类别
mimic-iv,d_items:Access Lines - Invasive,Trauma Line Change over Wire Date,目标概念库外的类别
mimic-iv,d_items:Access Lines - Invasive,Trauma Line Dressing Change,目标概念库外的类别
mimic-iv,d_items:Access Lines - Invasive,Trauma Line Site Appear,目标概念库外的类别
mimic-iv,d_items:Access Lines - Invasive,Trauma Line Tubing Change,目标概念库外的类别
mimic-iv,d_items:Access Lines - Invasive,CCO PAC Cap Change,目标概念库外的类别
mimic-iv,d_items:Access Lines - Invasive,CCO PAC Change over Wire Date,目标概念库外的类别
mimic-iv,d_items:Access Lines - Invasive,CCO PAC Dressing Change,目标概念库外的类别
mimic-iv,d_items:Access Lines - Invasive,CCO PAC Site Appear,目标概念库外的类别
mimic-iv,d_items:Access Lines - Invasive,CCO PAC Tubing Change,目标概念库外的类别
mimic-iv,d_items:Access Lines - Invasive,CCO PAC Waveform Appear,目标概念库外的类别
mimic-iv,d_items:Access Lines - Invasive,CCO PAC Zero/Calibrate,目标概念库外的类别
mimic-iv,d_items:Access Lines - Invasive,Tunneled (Hickman) Line,目标概念库外的类别
mimic-iv,d_items:Access Lines - Invasive,CCO PAC Insertion Date,目标概念库外的类别
mimic-iv,d_items:Access Lines - Invasive,Trauma Line Insertion Date,目标概念库外的类别
mimic-iv,d_items:Access Lines - Invasive,Dialysis Catheter Cap Change,目标概念库外的类别
mimic-iv,d_items:Access Lines - Invasive,Dialysis Catheter Change over Wire Date,目标概念库外的类别
mimic-iv,d_items:Access Lines - Invasive,Dialysis Catheter Dressing Change,目标概念库外的类别
mimic-iv,d_items:Access Lines - Invasive,Dialysis Catheter Insertion Date,目标概念库外的类别
mimic-iv,d_items:Access Lines - Invasive,Dialysis Catheter Site Appear,目标概念库外的类别
mimic-iv,d_items:Access Lines - Invasive,Dialysis CatheterTubing Change,目标概念库外的类别
mimic-iv,d_items:Access Lines - Invasive,Tunneled (Hickman) Cap Change,目标概念库外的类别
mimic-iv,d_items:Access Lines - Invasive,Tunneled (Hickman) Change over Wire Date,目标概念库外的类别
mimic-iv,d_items:Access Lines - Invasive,Tunneled (Hickman) Dressing Change,目标概念库外的类别
mimic-iv,d_items:Access Lines - Invasive,Tunneled (Hickman) Insertion Date,目标概念库外的类别
mimic-iv,d_items:Access Lines - Invasive,Tunneled (Hickman) Site Appear,目标概念库外的类别
mimic-iv,d_items:Access Lines - Invasive,Tunneled (Hickman) Tubing Change,目标概念库外的类别
mimic-iv,d_items:Access Lines - Invasive,IABP Cap Change,目标概念库外的类别
mimic-iv,d_items:Access Lines - Invasive,IABP Change over Wire Date,目标概念库外的类别
mimic-iv,d_items:Access Lines - Invasive,IABP Dressing Change,目标概念库外的类别
mimic-iv,d_items:Access Lines - Invasive,IABP Insertion Date,目标概念库外的类别
mimic-iv,d_items:Access Lines - Invasive,IABP Site Appear,目标概念库外的类别
mimic-iv,d_items:Access Lines - Invasive,IABP Tubing Change,目标概念库外的类别
mimic-iv,d_items:Access Lines - Invasive,IABP Art. Waveform Appear,目标概念库外的类别
mimic-iv,d_items:Access Lines - Invasive,IABP Zero/Calibrate,目标概念库外的类别
mimic-iv,d_items:Access Lines - Invasive,Midline Cap Change,目标概念库外的类别
mimic-iv,d_items:Access Lines - Invasive,Midline Change over Wire Date,目标概念库外的类别
mimic-iv,d_items:Access Lines - Invasive,Midline Dressing Change,目标概念库外的类别
mimic-iv,d_items:Access Lines - Invasive,Midline Insertion Date,目标概念库外的类别
mimic-iv,d_items:Access Lines - Invasive,Midline Site Appear,目标概念库外的类别
mimic-iv,d_items:Access Lines - Invasive,Midline Tubing Change,目标概念库外的类别
mimic-iv,d_items:Access Lines - Invasive,PA Catheter Cap Change,目标概念库外的类别
mimic-iv,d_items:Access Lines - Invasive,PA Catheter Change over Wire Date,目标概念库外的类别
mimic-iv,d_items:Access Lines - Invasive,PA Catheter Dressing Change,目标概念库外的类别
mimic-iv,d_items:Access Lines - Invasive,PA Catheter Insertion Date,目标概念库外的类别
mimic-iv,d_items:Access Lines - Invasive,PA Catheter Site Appear,目标概念库外的类别
mimic-iv,d_items:Access Lines - Invasive,PA Catheter Tubing Change,目标概念库外的类别
mimic-iv,d_items:Access Lines - Invasive,PA Catheter Waveform Appear,目标概念库外的类别
mimic-iv,d_items:Access Lines - Invasive,PA Catheter Zero/Calibrate,目标概念库外的类别
mimic-iv,d_items:Access Lines - Invasive,Pheresis Catheter Cap Change,目标概念库外的类别
mimic-iv,d_items:Access Lines - Invasive,Pheresis Catheter Change over Wire Date,目标概念库外的类别
mimic-iv,d_items:Access Lines - Invasive,Pheresis Catheter Dressing Change,目标概念库外的类别
mimic-iv,d_items:Access Lines - Invasive,Pheresis Catheter Insertion Date,目标概念库外的类别
mimic-iv,d_items:Access Lines - Invasive,Pheresis Catheter Site Appear,目标概念库外的类别
mimic-iv,d_items:Access Lines - Invasive,Pheresis Catheter Tubing Change,目标概念库外的类别
mimic-iv,d_items:Access Lines - Invasive,Indwelling Port (PortaCath) Cap Change,目标概念库外的类别
mimic-iv,d_items:Access Lines - Invasive,Indwelling Port (PortaCath) Change over Wire Date,目标概念库外的类别
mimic-iv,d_items:Access Lines - Invasive,Indwelling Port (PortaCath) Dressing Change,目标概念库外的类别
mimic-iv,d_items:Access Lines - Invasive,Indwelling Port (PortaCath) Insertion Date,目标概念库外的类别
mimic-iv,d_items:Access Lines - Invasive,Indwelling Port (PortaCath) Site Appear,目标概念库外的类别
mimic-iv,d_items:Access Lines - Invasive,Indwelling Port (PortaCath)Tubing Change,目标概念库外的类别
mimic-iv,d_items:Access Lines - Invasive,Presep Catheter Cap Change,目标概念库外的类别
mimic-iv,d_items:Access Lines - Invasive,Presep Catheter Change over Wire Date,目标概念库外的类别
mimic-iv,d_items:Access Lines - Invasive,Presep Catheter Dressing Change,目标概念库外的类别
mimic-iv,d_items:Access Lines - Invasive,Presep Catheter Insertion Date,目标概念库外的类别
mimic-iv,d_items:Access Lines - Invasive,Presep Catheter Site Appear,目标概念库外的类别
mimic-iv,d_items:Access Lines - Invasive,Presep Catheter Waveform Appear,目标概念库外的类别
mimic-iv,d_items:Access Lines - Invasive,Presep Catheter Zero/Calibrate,目标概念库外的类别
mimic-iv,d_items:Access Lines - Invasive,Presep Catheter Tubing Change,目标概念库外的类别
mimic-iv,d_items:Access Lines - Invasive,Triple Introducer Cap Change,目标概念库外的类别
mimic-iv,d_items:Access Lines - Invasive,Triple Introducer Change over Wire Date,目标概念库外的类别
mimic-iv,d_items:Access Lines - Invasive,Triple Introducer Dressing Change,目标概念库外的类别
mimic-iv,d_items:Access Lines - Invasive,Triple Introducer Insertion Date,目标概念库外的类别
mimic-iv,d_items:Access Lines - Invasive,Triple Introducer Site Appear,目标概念库外的类别
mimic-iv,d_items:Access Lines - Invasive,Triple Introducer Tubing Change,目标概念库外的类别
mimic-iv,d_items:Access Lines - Invasive,Triple Introducer Waveform Appear,目标概念库外的类别
mimic-iv,d_items:Access Lines - Invasive,Triple Introducer Zero/Calibrate,目标概念库外的类别
mimic-iv,d_items:Access Lines - Invasive,Arterial Line Tip Cultured,目标概念库外的类别
mimic-iv,d_items:Access Lines - Invasive,CCO PAC Line Tip Cultured,目标概念库外的类别
mimic-iv,d_items:Access Lines - Invasive,Cordis/Introducer Line Tip Cultured,目标概念库外的类别
mimic-iv,d_items:Access Lines - Invasive,Dialysis Catheter Tip Cultured,目标概念库外的类别
mimic-iv,d_items:Access Lines - Invasive,Tunneled (Hickman) Line Tip Cultured,目标概念库外的类别
mimic-iv,d_items:Access Lines - Invasive,IABP Line Tip Cultured,目标概念库外的类别
mimic-iv,d_items:Access Lines - Invasive,Midline Tip Cultured,目标概念库外的类别
mimic-iv,d_items:Access Lines - Invasive,Multi Lumen Line Tip Cultured,目标概念库外的类别
mimic-iv,d_items:Access Lines - Invasive,PA Catheter Line Tip Cultured,目标概念库外的类别
mimic-iv,d_items:Access Lines - Invasive,Pheresis Catheter Line Tip Cultured,目标概念库外的类别
mimic-iv,d_items:Access Lines - Invasive,PICC Line Tip Cultured,目标概念库外的类别
mimic-iv,d_items:Access Lines - Invasive,Indwelling Port (PortaCath) Line Tip Cultured,目标概念库外的类别
mimic-iv,d_items:Access Lines - Invasive,Presep Catheter Line Tip Cultured,目标概念库外的类别
mimic-iv,d_items:Access Lines - Invasive,Trauma Line Tip Cultured,目标概念库外的类别
mimic-iv,d_items:Access Lines - Invasive,Triple Introducer Line Tip Cultured,目标概念库外的类别
mimic-iv,d_items:Access Lines - Invasive,Arterial Line Discontinued,目标概念库外的类别
mimic-iv,d_items:Access Lines - Invasive,CCO PAC Discontinued,目标概念库外的类别
mimic-iv,d_items:Access Lines - Invasive,Cordis/Introducer Discontinued,目标概念库外的类别
mimic-iv,d_items:Access Lines - Invasive,Dialysis Catheter Discontinued,目标概念库外的类别
mimic-iv,d_items:Access Lines - Invasive,Tunneled (Hickman) Line Discontinued,目标概念库外的类别
mimic-iv,d_items:Access Lines - Invasive,IABP Line Discontinued,目标概念库外的类别
mimic-iv,d_items:Access Lines - Invasive,Midline Discontinued,目标概念库外的类别
mimic-iv,d_items:Access Lines - Invasive,Multi Lumen Line Discontinued,目标概念库外的类别
mimic-iv,d_items:Access Lines - Invasive,PA Catheter Discontinued,目标概念库外的类别
mimic-iv,d_items:Access Lines - Invasive,Pheresis Catheter Discontinued,目标概念库外的类别
mimic-iv,d_items:Access Lines - Invasive,PICC Line Discontinued,目标概念库外的类别
mimic-iv,d_items:Access Lines - Invasive,Indwelling Port (PortaCath) Discontinued,目标概念库外的类别
mimic-iv,d_items:Access Lines - Invasive,Presep Catheter Discontinued,目标概念库外的类别
mimic-iv,d_items:Access Lines - Invasive,Trauma Line Discontinued,目标概念库外的类别
mimic-iv,d_items:Access Lines - Invasive,Triple Introducer Discontinued,目标概念库外的类别
mimic-iv,d_items:Access Lines - Invasive,Arterial Line,目标概念库外的类别
mimic-iv,d_items:Access Lines - Invasive,Sheath Insertion,目标概念库外的类别
mimic-iv,d_items:Access Lines - Invasive,Sheath Cap Change,目标概念库外的类别
mimic-iv,d_items:Access Lines - Invasive,Sheath Change over Wire Date,目标概念库外的类别
mimic-iv,d_items:Access Lines - Invasive,Sheath Line Discontinued,目标概念库外的类别
mimic-iv,d_items:Access Lines - Invasive,Sheath Dressing Change,目标概念库外的类别
mimic-iv,d_items:Access Lines - Invasive,Sheath Insertion Date,目标概念库外的类别
mimic-iv,d_items:Access Lines - Invasive,Sheath Site Appear,目标概念库外的类别
mimic-iv,d_items:Access Lines - Invasive,Sheath Line Tip Cultured,目标概念库外的类别
mimic-iv,d_items:Access Lines - Invasive,Sheath Tubing Change,目标概念库外的类别
mimic-iv,d_items:Access Lines - Invasive,Sheath Waveform Appear,目标概念库外的类别
mimic-iv,d_items:Access Lines - Invasive,Sheath Zero/Calibrate,目标概念库外的类别
mimic-iv,d_items:Access Lines - Invasive,Sheath Size,目标概念库外的类别
mimic-iv,d_items:Access Lines - Invasive,CCO PAC Dressing Type,目标概念库外的类别
mimic-iv,d_items:Access Lines - Invasive,Cordis Introducer Dressing Type,目标概念库外的类别
mimic-iv,d_items:Access Lines - Invasive,Dialysis Catheter Dressing Type,目标概念库外的类别
mimic-iv,d_items:Access Lines - Invasive,Tunneled (Hickman) Dressing Type,目标概念库外的类别
mimic-iv,d_items:Access Lines - Invasive,IABP Dressing Type,目标概念库外的类别
mimic-iv,d_items:Access Lines - Invasive,Midline Dressing Type,目标概念库外的类别
mimic-iv,d_items:Access Lines - Invasive,Multi Lumen Dressing Type,目标概念库外的类别
mimic-iv,d_items:Access Lines - Invasive,PA Catheter Dressing Type,目标概念库外的类别
mimic-iv,d_items:Access Lines - Invasive,Pheresis Catheter Dressing Type,目标概念库外的类别
mimic-iv,d_items:Access Lines - Invasive,Indwelling Port (PortaCath) Dressing Type,目标概念库外的类别
mimic-iv,d_items:Access Lines - Invasive,Presep Catheter Dressing Type,目标概念库外的类别
mimic-iv,d_items:Access Lines - Invasive,Sheath Dressing Type,目标概念库外的类别
mimic-iv,d_items:Access Lines - Invasive,Trauma Line Dressing Type,目标概念库外的类别
mimic-iv,d_items:Access Lines - Invasive,Triple Introducer Dressing Type,目标概念库外的类别
mimic-iv,d_items:Access Lines - Invasive,Sheath (Venous),目标概念库外的类别
mimic-iv,d_items:Access Lines - Invasive,IABP Size,目标概念库外的类别
mimic-iv,d_items:Access Lines - Invasive,IABP Volume,目标概念库外的类别
mimic-iv,d_items:Access Lines - Invasive,IABP Alarms Activated,目标概念库外的类别
mimic-iv,d_items:Access Lines - Invasive,IABP Balloon Waveform,目标概念库外的类别
mimic-iv,d_items:Access Lines - Invasive,IABP Trigger,目标概念库外的类别
mimic-iv,d_items:Access Lines - Invasive,IABP Helium Tubing,目标概念库外的类别
mimic-iv,d_items:Access Lines - Invasive,IABP Arterial Waveform Source,目标概念库外的类别
mimic-iv,d_items:Access Lines - Invasive,IABP Power Source,目标概念库外的类别
mimic-iv,d_items:Access Lines - Invasive,IABP Position on leg,目标概念库外的类别
mimic-iv,d_items:Access Lines - Invasive,Arterial Line placed in outside facility,目标概念库外的类别
mimic-iv,d_items:Access Lines - Invasive,CCO PAC placed in outside facility,目标概念库外的类别
mimic-iv,d_items:Access Lines - Invasive,Cordis/Introducer placed in outside facility,目标概念库外的类别
mimic-iv,d_items:Access Lines - Invasive,IABP placed in outside facility,目标概念库外的类别
mimic-iv,d_items:Access Lines - Invasive,Midline placed in outside facility,目标概念库外的类别
mimic-iv,d_items:Access Lines - Invasive,Multi Lumen placed in outside facility,目标概念库外的类别
mimic-iv,d_items:Access Lines - Invasive,PA Catheter placed in outside facility,目标概念库外的类别
mimic-iv,d_items:Access Lines - Invasive,PICC Line placed in outside facility,目标概念库外的类别
mimic-iv,d_items:Access Lines - Invasive,Presep Catheter placed in outside facility,目标概念库外的类别
mimic-iv,d_items:Access Lines - Invasive,Sheath placed in outside facility,目标概念库外的类别
mimic-iv,d_items:Access Lines - Invasive,Dialysis Catheter placed in outside facility,目标概念库外的类别
mimic-iv,d_items:Access Lines - Invasive,Trauma Line placed in outside facility,目标概念库外的类别
mimic-iv,d_items:Access Lines - Invasive,Triple Introducer placed in outside facility,目标概念库外的类别
mimic-iv,d_items:Access Lines - Invasive,Tunneled (Hickman) placed in outside facility,目标概念库外的类别
mimic-iv,d_items:Access Lines - Invasive,Pheresis Catheter placed in outside facility,目标概念库外的类别
mimic-iv,d_items:Access Lines - Invasive,ICP Catheter,目标概念库外的类别
mimic-iv,d_items:Access Lines - Invasive,ICP Line Discontinued,目标概念库外的类别
mimic-iv,d_items:Access Lines - Invasive,ICP Line Dressing Change,目标概念库外的类别
mimic-iv,d_items:Access Lines - Invasive,ICP Line Dressing Type,目标概念库外的类别
mimic-iv,d_items:Access Lines - Invasive,ICP Line Insertion Date,目标概念库外的类别
mimic-iv,d_items:Access Lines - Invasive,ICP Line placed in outside facility,目标概念库外的类别
mimic-iv,d_items:Access Lines - Invasive,ICP Line Site Appear,目标概念库外的类别
mimic-iv,d_items:Access Lines - Invasive,ICP Line Tip Cultured,目标概念库外的类别
mimic-iv,d_items:Access Lines - Invasive,ICP Line Tubing Change,目标概念库外的类别
mimic-iv,d_items:Access Lines - Invasive,ICP Line Waveform Appear,目标概念库外的类别
mimic-iv,d_items:Access Lines - Invasive,ICP Line Zero/Calibrate,目标概念库外的类别
mimic-iv,d_items:Access Lines - Invasive,Dialysis Catheter Type,目标概念库外的类别
mimic-iv,d_items:Access Lines - Invasive,Indwelling (PortaCath) Port Type,目标概念库外的类别
mimic-iv,d_items:Access Lines - Invasive,Indwelling (PortaCath) Port #1 Date Accessed,目标概念库外的类别
mimic-iv,d_items:Access Lines - Invasive,Indwelling (PortaCath) Port #1,目标概念库外的类别
mimic-iv,d_items:Access Lines - Invasive,Indwelling (PortaCath) Port #2,目标概念库外的类别
mimic-iv,d_items:Access Lines - Invasive,Pheresis Catheter Type,目标概念库外的类别
mimic-iv,d_items:Access Lines - Invasive,Indwelling (PortaCath) Port #2 Date Accessed,目标概念库外的类别
mimic-iv,d_items:Access Lines - Invasive,Indwelling (PortaCath) Port #1 Date De-accessed,目标概念库外的类别
mimic-iv,d_items:Access Lines - Invasive,Indwelling (PortaCath) Port #2 Date De-accessed,目标概念库外的类别
mimic-iv,d_items:Access Lines - Invasive,Arterial Line Dressing Occlusive,目标概念库外的类别
mimic-iv,d_items:Access Lines - Invasive,Multi Lumen Dressing Occlusive,目标概念库外的类别
mimic-iv,d_items:Access Lines - Invasive,Cordis/Introducer Dressing Occlusive,目标概念库外的类别
mimic-iv,d_items:Access Lines - Invasive,PA Catheter Dressing Occlusive,目标概念库外的类别
mimic-iv,d_items:Access Lines - Invasive,CCO PAC Dressing Occlusive,目标概念库外的类别
mimic-iv,d_items:Access Lines - Invasive,Trauma Line Dressing Occlusive,目标概念库外的类别
mimic-iv,d_items:Access Lines - Invasive,Triple Introducer Dressing Occlusive,目标概念库外的类别
mimic-iv,d_items:Access Lines - Invasive,IABP Dressing Occlusive,目标概念库外的类别
mimic-iv,d_items:Access Lines - Invasive,Sheath Line Dressing Occlusive,目标概念库外的类别
mimic-iv,d_items:Access Lines - Invasive,Dialysis Catheter Dressing Occlusive,目标概念库外的类别
mimic-iv,d_items:Access Lines - Invasive,PICC Line Dressing Occlusive,目标概念库外的类别
mimic-iv,d_items:Access Lines - Invasive,Tunneled (Hickman) Dressing Occlusive,目标概念库外的类别
mimic-iv,d_items:Access Lines - Invasive,Indwelling Port (PortaCath) Dressing Occlusive,目标概念库外的类别
mimic-iv,d_items:Access Lines - Invasive,Indwelling (PortaCath) Dressing Change,目标概念库外的类别
mimic-iv,d_items:Access Lines - Invasive,Pheresis Catheter Dressing Occlusive,目标概念库外的类别
mimic-iv,d_items:Access Lines - Invasive,ICP Line Dressing Occlusive,目标概念库外的类别
mimic-iv,d_items:Access Lines - Invasive,Midline Dressing Occlusive,目标概念库外的类别
mimic-iv,d_items:Access Lines - Invasive,Presep Catheter Dressing Occlusive,目标概念库外的类别
mimic-iv,d_items:Access Lines - Invasive,Indwelling Port (PortaCath) placed in outside facility,目标概念库外的类别
mimic-iv,d_items:Skin - Impairment,Impaired Skin Cleanse #9,目标概念库外的类别
mimic-iv,d_items:Skin - Impairment,Impaired Skin Cleanse #10,目标概念库外的类别
mimic-iv,d_items:Skin - Impairment,Impaired Skin Depth #9,目标概念库外的类别
mimic-iv,d_items:Skin - Impairment,Impaired Skin Depth #10,目标概念库外的类别
mimic-iv,d_items:Skin - Impairment,Impaired Skin Drainage #9,目标概念库外的类别
mimic-iv,d_items:Skin - Impairment,Impaired Skin Drainage #10,目标概念库外的类别
mimic-iv,d_items:Skin - Impairment,Impaired Skin Drainage Amount #9,目标概念库外的类别
mimic-iv,d_items:Skin - Impairment,Impaired Skin Drainage Amount #10,目标概念库外的类别
mimic-iv,d_items:Skin - Impairment,Impaired Skin Length #9,目标概念库外的类别
mimic-iv,d_items:Skin - Impairment,Impaired Skin Length #10,目标概念库外的类别
mimic-iv,d_items:Skin - Impairment,Impaired Skin Odor #9,目标概念库外的类别
mimic-iv,d_items:Skin - Impairment,Impaired Skin Odor #10,目标概念库外的类别
mimic-iv,d_items:Skin - Impairment,Impaired Skin Site #9,目标概念库外的类别
mimic-iv,d_items:Skin - Impairment,Impaired Skin Site #10,目标概念库外的类别
mimic-iv,d_items:Skin - Impairment,Impaired Skin Treatment #9,目标概念库外的类别
mimic-iv,d_items:Skin - Impairment,Impaired Skin Treatment #10,目标概念库外的类别
mimic-iv,d_items:Skin - Impairment,Impaired Skin Type #9,目标概念库外的类别
mimic-iv,d_items:Skin - Impairment,Impaired Skin Type #10,目标概念库外的类别
mimic-iv,d_items:Skin - Impairment,Impaired Skin Width #9,目标概念库外的类别
mimic-iv,d_items:Skin - Impairment,Impaired Skin Width #10,目标概念库外的类别
mimic-iv,d_items:Skin - Impairment,Impaired Skin Wound Base #9,目标概念库外的类别
mimic-iv,d_items:Skin - Impairment,Impaired Skin Wound Base #10,目标概念库外的类别
mimic-iv,d_items:Skin - Impairment,Pressure Ulcer Stage #9,目标概念库外的类别
mimic-iv,d_items:Skin - Impairment,Pressure Ulcer Stage #10,目标概念库外的类别
mimic-iv,d_items:Skin - Impairment,Surrounding Tissue #9,目标概念库外的类别
mimic-iv,d_items:Skin - Impairment,Surrounding Tissue #10,目标概念库外的类别
mimic-iv,d_items:Skin - Impairment,Tunneling Present #9,目标概念库外的类别
mimic-iv,d_items:Skin - Impairment,Tunneling Present #10,目标概念库外的类别
mimic-iv,d_items:Skin - Impairment,Undermining Present #9,目标概念库外的类别
mimic-iv,d_items:Skin - Impairment,Undermining Present #10,目标概念库外的类别
mimic-iv,d_items:Access Lines - Invasive,AVA,目标概念库外的类别
mimic-iv,d_items:Access Lines - Invasive,AVA Cap Change,目标概念库外的类别
mimic-iv,d_items:Access Lines - Invasive,AVA Change over Wire Date,目标概念库外的类别
mimic-iv,d_items:Access Lines - Invasive,AVA Dressing Change,目标概念库外的类别
mimic-iv,d_items:Access Lines - Invasive,AVA Dressing Occlusive,目标概念库外的类别
mimic-iv,d_items:Access Lines - Invasive,AVA Insertion Date,目标概念库外的类别
mimic-iv,d_items:Access Lines - Invasive,AVA Line Discontinued,目标概念库外的类别
mimic-iv,d_items:Access Lines - Invasive,AVA Line Tip Cultured,目标概念库外的类别
mimic-iv,d_items:Access Lines - Invasive,AVA Line placed in outside facility,目标概念库外的类别
mimic-iv,d_items:Access Lines - Invasive,AVA Line Site Appear,目标概念库外的类别
mimic-iv,d_items:Access Lines - Invasive,AVA Tubing Change,目标概念库外的类别
mimic-iv,d_items:Access Lines - Invasive,AVA Waveform Appearance,目标概念库外的类别
mimic-iv,d_items:Access Lines - Invasive,AVA Line Zero/Calibrate,目标概念库外的类别
mimic-iv,d_items:Access Lines - Invasive,AVA Line Placement Confirmed by X-ray,目标概念库外的类别
mimic-iv,d_items:Access Lines - Invasive,CCO PAC Placement Confirmed by X-ray,目标概念库外的类别
mimic-iv,d_items:Access Lines - Invasive,Cordis/Introducer Placement Confirmed by X-ray,目标概念库外的类别
mimic-iv,d_items:Access Lines - Invasive,Dialysis Catheter Placement Confirmed by X-ray,目标概念库外的类别
mimic-iv,d_items:Access Lines - Invasive,IABP Placement Confirmed by X-ray,目标概念库外的类别
mimic-iv,d_items:Access Lines - Invasive,Midline Placement Confirmed by X-ray,目标概念库外的类别
mimic-iv,d_items:Access Lines - Invasive,Multi Lumen Placement Confirmed by X-ray,目标概念库外的类别
mimic-iv,d_items:Access Lines - Invasive,PA Catheter Placement Confirmed by X-ray,目标概念库外的类别
mimic-iv,d_items:Access Lines - Invasive,Pheresis Catheter Placement Confirmed by X-ray,目标概念库外的类别
mimic-iv,d_items:Access Lines - Invasive,PICC Line Placement Confirmed by X-ray,目标概念库外的类别
mimic-iv,d_items:Access Lines - Invasive,Presep Catheter Placement Confirmed by X-ray,目标概念库外的类别
mimic-iv,d_items:Access Lines - Invasive,Sheath Placement Confirmed by X-ray,目标概念库外的类别
mimic-iv,d_items:Access Lines - Invasive,Trauma Line Placement Confirmed by X-ray,目标概念库外的类别
mimic-iv,d_items:Access Lines - Invasive,Triple Introducer Placement Confirmed by X-ray,目标概念库外的类别
mimic-iv,d_items:Access Lines - Invasive,Tunneled (Hickman) Placement Confirmed by X-ray,目标概念库外的类别
mimic-iv,d_items:Skin - Impairment,Impaired Skin  - Dressing Status #1,目标概念库外的类别
mimic-iv,d_items:Skin - Impairment,Impaired Skin  - Dressing Status #2,目标概念库外的类别
mimic-iv,d_items:Skin - Impairment,Impaired Skin  - Dressing Status #3,目标概念库外的类别
mimic-iv,d_items:Skin - Impairment,Impaired Skin - Dressing Status  #4,目标概念库外的类别
mimic-iv,d_items:Skin - Impairment,Impaired Skin  - Dressing Status #5,目标概念库外的类别
mimic-iv,d_items:Skin - Impairment,Impaired Skin  - Dressing Status #6,目标概念库外的类别
mimic-iv,d_items:Skin - Impairment,Impaired Skin  - Dressing Status #7,目标概念库外的类别
mimic-iv,d_items:Skin - Impairment,Impaired Skin  - Dressing Status  #8,目标概念库外的类别
mimic-iv,d_items:Skin - Impairment,Impaired Skin  - Dressing Status #9,目标概念库外的类别
mimic-iv,d_items:Skin - Impairment,Impaired Skin  - Dressing Status #10,目标概念库外的类别
mimic-iv,d_items:Skin - Impairment,Impaired Skin  - Dressing Change #1,目标概念库外的类别
mimic-iv,d_items:Skin - Impairment,Impaired Skin  - Dressing Change #2,目标概念库外的类别
mimic-iv,d_items:Skin - Impairment,Impaired Skin  - Dressing Change #3,目标概念库外的类别
mimic-iv,d_items:Skin - Impairment,Impaired Skin  - Dressing Change #4,目标概念库外的类别
mimic-iv,d_items:Skin - Impairment,Impaired Skin  - Dressing Change #5,目标概念库外的类别
mimic-iv,d_items:Skin - Impairment,Impaired Skin  - Dressing Change #6,目标概念库外的类别
mimic-iv,d_items:Skin - Impairment,Impaired Skin  - Dressing Change #7,目标概念库外的类别
mimic-iv,d_items:Skin - Impairment,Impaired Skin  - Dressing Change #8,目标概念库外的类别
mimic-iv,d_items:Skin - Impairment,Impaired Skin  - Dressing Change #9,目标概念库外的类别
mimic-iv,d_items:Skin - Impairment,Impaired Skin  - Dressing Change #10,目标概念库外的类别
mimic-iv,d_items:Access Lines - Invasive,Impella Aortic Pressure Tubing Change,目标概念库外的类别
mimic-iv,d_items:Access Lines - Invasive,Impella Catheter Position,目标概念库外的类别
mimic-iv,d_items:Access Lines - Invasive,Impella Catheter Repositioned,目标概念库外的类别
mimic-iv,d_items:Access Lines - Invasive,Impella Catheter Site,目标概念库外的类别
mimic-iv,d_items:Access Lines - Invasive,Impella Daily Tubing Change,目标概念库外的类别
mimic-iv,d_items:Access Lines - Invasive,Impella Dressing Change,目标概念库外的类别
mimic-iv,d_items:Access Lines - Invasive,Impella Dressing Occlusive,目标概念库外的类别
mimic-iv,d_items:Access Lines - Invasive,Impella Insertion Date,目标概念库外的类别
mimic-iv,d_items:Access Lines - Invasive,Impella Line,目标概念库外的类别
mimic-iv,d_items:Access Lines - Invasive,Impella Line Discontinued,目标概念库外的类别
mimic-iv,d_items:Access Lines - Invasive,Impella Placement Confirmed,目标概念库外的类别
mimic-iv,d_items:Access Lines - Invasive,Impella Postion Confirmed,目标概念库外的类别
mimic-iv,d_items:Access Lines - Invasive,Impella Position,目标概念库外的类别
mimic-iv,d_items:Access Lines - Invasive,Impella Line Site Appear,目标概念库外的类别
mimic-iv,d_items:Access Lines - Invasive,Tandem Heart Inflow Line,目标概念库外的类别
mimic-iv,d_items:Access Lines - Invasive,Tandem Heart Outflow Line,目标概念库外的类别
mimic-iv,d_items:Access Lines - Invasive,Tandem Heart Access Line Cannula Site,目标概念库外的类别
mimic-iv,d_items:Access Lines - Invasive,Tandem Heart Access Line Catheter Length,目标概念库外的类别
mimic-iv,d_items:Access Lines - Invasive,Tandem Heart Access Line Discontinued,目标概念库外的类别
mimic-iv,d_items:Access Lines - Invasive,Tandem Heart Access Line Dressing Change,目标概念库外的类别
mimic-iv,d_items:Access Lines - Invasive,Tandem Heart Access Line Dressing Occlusive,目标概念库外的类别
mimic-iv,d_items:Access Lines - Invasive,Tandem Heart Access Line Insertion Date,目标概念库外的类别
mimic-iv,d_items:Access Lines - Invasive,Tandem Heart Access Line Position,目标概念库外的类别
mimic-iv,d_items:Access Lines - Invasive,Tandem Heart Access Line Postion Confirmed,目标概念库外的类别
mimic-iv,d_items:Access Lines - Invasive,Tandem Heart Access Line Pump Housing Checked,目标概念库外的类别
mimic-iv,d_items:Access Lines - Invasive,Tandem Heart Access Line Repositioned,目标概念库外的类别
mimic-iv,d_items:Access Lines - Invasive,Tandem Heart Access Line Site Appear,目标概念库外的类别
mimic-iv,d_items:Access Lines - Invasive,Tandem Heart Access Line Tubing Change,目标概念库外的类别
mimic-iv,d_items:Access Lines - Invasive,Tandem Heart Access Line Type,目标概念库外的类别
mimic-iv,d_items:Access Lines - Invasive,Tandem Heart Return Cannula Discontinued,目标概念库外的类别
mimic-iv,d_items:Access Lines - Invasive,Tandem Heart Return Cannula Dressing Change,目标概念库外的类别
mimic-iv,d_items:Access Lines - Invasive,Tandem Heart Return Cannula Dressing Occlusive,目标概念库外的类别
mimic-iv,d_items:Access Lines - Invasive,Tandem Heart Return Cannula Insertion Date,目标概念库外的类别
mimic-iv,d_items:Access Lines - Invasive,Tandem Heart Return Cannula Migration,目标概念库外的类别
mimic-iv,d_items:Access Lines - Invasive,Tandem Heart Return Cannula Position,目标概念库外的类别
mimic-iv,d_items:Access Lines - Invasive,Tandem Heart Return Cannula Repositioned,目标概念库外的类别
mimic-iv,d_items:Access Lines - Invasive,Tandem Heart Return Cannula Site,目标概念库外的类别
mimic-iv,d_items:Access Lines - Invasive,Tandem Heart Return Cannula Site Appear,目标概念库外的类别
mimic-iv,d_items:Access Lines - Invasive,Tandem Heart Return Cannula Size,目标概念库外的类别
mimic-iv,d_items:Access Lines - Invasive,Intraosseous Device,目标概念库外的类别
mimic-iv,d_items:Access Lines - Invasive,IO Dressing,目标概念库外的类别
mimic-iv,d_items:Access Lines - Invasive,IO Insertion Date,目标概念库外的类别
mimic-iv,d_items:Access Lines - Invasive,IO Placed in outside facility,目标概念库外的类别
mimic-iv,d_items:Access Lines - Invasive,IO Site Appearance,目标概念库外的类别
mimic-iv,d_items:Access Lines - Invasive,IO Wristband in place,目标概念库外的类别
mimic-iv,d_items:Skin - Impairment,Impaired Skin #1- Location,目标概念库外的类别
mimic-iv,d_items:Skin - Impairment,Impaired Skin #2- Location,目标概念库外的类别
mimic-iv,d_items:Skin - Impairment,Impaired Skin #3- Location,目标概念库外的类别
mimic-iv,d_items:Skin - Impairment,Impaired Skin #4- Location,目标概念库外的类别
mimic-iv,d_items:Skin - Impairment,Impaired Skin #5- Location,目标概念库外的类别
mimic-iv,d_items:Skin - Impairment,Impaired Skin #6- Location,目标概念库外的类别
mimic-iv,d_items:Skin - Impairment,Impaired Skin #7- Location,目标概念库外的类别
mimic-iv,d_items:Skin - Impairment,Impaired Skin #8- Location,目标概念库外的类别
mimic-iv,d_items:Skin - Impairment,Impaired Skin #9- Location,目标概念库外的类别
mimic-iv,d_items:Skin - Impairment,Impaired Skin #10- Location,目标概念库外的类别
mimic-iv,d_items:Skin - Impairment,Pressure Ulcer #1- Location,目标概念库外的类别
mimic-iv,d_items:Skin - Impairment,Pressure Ulcer #2- Location,目标概念库外的类别
mimic-iv,d_items:Skin - Impairment,Pressure Ulcer #3- Location,目标概念库外的类别
mimic-iv,d_items:Skin - Impairment,Pressure Ulcer #4- Location,目标概念库外的类别
mimic-iv,d_items:Skin - Impairment,Pressure Ulcer #5- Location,目标概念库外的类别
mimic-iv,d_items:Skin - Impairment,Pressure Ulcer #6- Location,目标概念库外的类别
mimic-iv,d_items:Skin - Impairment,Pressure Ulcer #7- Location,目标概念库外的类别
mimic-iv,d_items:Skin - Impairment,Pressure Ulcer #8- Location,目标概念库外的类别
mimic-iv,d_items:Skin - Impairment,Pressure Ulcer #9- Location,目标概念库外的类别
mimic-iv,d_items:Skin - Impairment,Pressure Ulcer #10- Location,目标概念库外的类别
mimic-iv,d_items:Skin - Impairment,Impaired Skin #1- Type,目标概念库外的类别
mimic-iv,d_items:Skin - Impairment,Impaired Skin #1- Cleanse,目标概念库外的类别
mimic-iv,d_items:Skin - Impairment,Impaired Skin #2- Cleanse,目标概念库外的类别
mimic-iv,d_items:Skin - Impairment,Impaired Skin #3- Cleanse,目标概念库外的类别
mimic-iv,d_items:Skin - Impairment,Impaired Skin #4- Cleanse,目标概念库外的类别
mimic-iv,d_items:Skin - Impairment,Impaired Skin #5- Cleanse,目标概念库外的类别
mimic-iv,d_items:Skin - Impairment,Impaired Skin #6- Cleanse,目标概念库外的类别
mimic-iv,d_items:Skin - Impairment,Impaired Skin #7- Cleanse,目标概念库外的类别
mimic-iv,d_items:Skin - Impairment,Impaired Skin #8- Cleanse,目标概念库外的类别
mimic-iv,d_items:Skin - Impairment,Impaired Skin #9- Cleanse,目标概念库外的类别
mimic-iv,d_items:Skin - Impairment,Impaired Skin #10- Cleanse,目标概念库外的类别
mimic-iv,d_items:Skin - Impairment,Impaired Skin #1- Treatment,目标概念库外的类别
mimic-iv,d_items:Skin - Impairment,Impaired Skin #2- Treatment,目标概念库外的类别
mimic-iv,d_items:Skin - Impairment,Impaired Skin #3- Treatment,目标概念库外的类别
mimic-iv,d_items:Skin - Impairment,Impaired Skin #4- Treatment,目标概念库外的类别
mimic-iv,d_items:Skin - Impairment,Impaired Skin #5- Treatment,目标概念库外的类别
mimic-iv,d_items:Skin - Impairment,Impaired Skin #6- Treatment,目标概念库外的类别
mimic-iv,d_items:Skin - Impairment,Impaired Skin #7- Treatment,目标概念库外的类别
mimic-iv,d_items:Skin - Impairment,Impaired Skin #8- Treatment,目标概念库外的类别
mimic-iv,d_items:Skin - Impairment,Impaired Skin #9- Treatment,目标概念库外的类别
mimic-iv,d_items:Skin - Impairment,Impaired Skin #10- Treatment,目标概念库外的类别
mimic-iv,d_items:Skin - Impairment,Pressure Ulcer #1- Treatment,目标概念库外的类别
mimic-iv,d_items:Skin - Impairment,Pressure Ulcer #2- Treatment,目标概念库外的类别
mimic-iv,d_items:Skin - Impairment,Pressure Ulcer #3- Treatment,目标概念库外的类别
mimic-iv,d_items:Skin - Impairment,Pressure Ulcer #4- Treatment,目标概念库外的类别
mimic-iv,d_items:Skin - Impairment,Pressure Ulcer #5- Treatment,目标概念库外的类别
mimic-iv,d_items:Skin - Impairment,Pressure Ulcer #6- Treatment,目标概念库外的类别
mimic-iv,d_items:Skin - Impairment,Pressure Ulcer #7- Treatment,目标概念库外的类别
mimic-iv,d_items:Skin - Impairment,Pressure Ulcer #8- Treatment,目标概念库外的类别
mimic-iv,d_items:Skin - Impairment,Pressure Ulcer #9- Treatment,目标概念库外的类别
mimic-iv,d_items:Skin - Impairment,Pressure Ulcer #10- Treatment,目标概念库外的类别
mimic-iv,d_items:Skin - Impairment,Pressure Ulcer #1- Type,目标概念库外的类别
mimic-iv,d_items:Skin - Impairment,Pressure Ulcer #2- Type,目标概念库外的类别
mimic-iv,d_items:Skin - Impairment,Pressure Ulcer #3- Type,目标概念库外的类别
mimic-iv,d_items:Skin - Impairment,Pressure Ulcer #4- Type,目标概念库外的类别
mimic-iv,d_items:Skin - Impairment,Pressure Ulcer #5- Type,目标概念库外的类别
mimic-iv,d_items:Skin - Impairment,Pressure Ulcer #6- Type,目标概念库外的类别
mimic-iv,d_items:Skin - Impairment,Pressure Ulcer #7- Type,目标概念库外的类别
mimic-iv,d_items:Skin - Impairment,Pressure Ulcer #8- Type,目标概念库外的类别
mimic-iv,d_items:Skin - Impairment,Pressure Ulcer #9- Type,目标概念库外的类别
mimic-iv,d_items:Skin - Impairment,Pressure Ulcer #10- Type,目标概念库外的类别
mimic-iv,d_items:Skin - Impairment,Impaired Skin #2- Type,目标概念库外的类别
mimic-iv,d_items:Skin - Impairment,Impaired Skin #3- Type,目标概念库外的类别
mimic-iv,d_items:Skin - Impairment,Impaired Skin #4- Type,目标概念库外的类别
mimic-iv,d_items:Skin - Impairment,Impaired Skin #5- Type,目标概念库外的类别
mimic-iv,d_items:Skin - Impairment,Impaired Skin #6- Type,目标概念库外的类别
mimic-iv,d_items:Skin - Impairment,Impaired Skin #7- Type,目标概念库外的类别
mimic-iv,d_items:Skin - Impairment,Impaired Skin #8- Type,目标概念库外的类别
mimic-iv,d_items:Skin - Impairment,Impaired Skin #9- Type,目标概念库外的类别
mimic-iv,d_items:Skin - Impairment,Impaired Skin #10- Type,目标概念库外的类别
mimic-iv,d_items:Skin - Impairment,Dressing Status,目标概念库外的类别
mimic-iv,d_items:Skin - Impairment,Impaired Skin #1- Dressing Status,目标概念库外的类别
mimic-iv,d_items:Skin - Impairment,Impaired Skin #2- Dressing Status,目标概念库外的类别
mimic-iv,d_items:Skin - Impairment,Impaired Skin #3- Dressing Status,目标概念库外的类别
mimic-iv,d_items:Skin - Impairment,Impaired Skin #4- Dressing Status,目标概念库外的类别
mimic-iv,d_items:Skin - Impairment,Impaired Skin #5- Dressing Status,目标概念库外的类别
mimic-iv,d_items:Skin - Impairment,Impaired Skin #6- Dressing Status,目标概念库外的类别
mimic-iv,d_items:Skin - Impairment,Impaired Skin #7- Dressing Status,目标概念库外的类别
mimic-iv,d_items:Skin - Impairment,Impaired Skin #8- Dressing Status,目标概念库外的类别
mimic-iv,d_items:Skin - Impairment,Impaired Skin #9- Dressing Status,目标概念库外的类别
mimic-iv,d_items:Skin - Impairment,Impaired Skin #10- Dressing Status,目标概念库外的类别
mimic-iv,d_items:Skin - Impairment,Pressure Ulcer #1- Depth,目标概念库外的类别
mimic-iv,d_items:Skin - Impairment,Pressure Ulcer #2- Depth,目标概念库外的类别
mimic-iv,d_items:Skin - Impairment,Pressure Ulcer #3- Depth,目标概念库外的类别
mimic-iv,d_items:Skin - Impairment,Pressure Ulcer #4- Depth,目标概念库外的类别
mimic-iv,d_items:Skin - Impairment,Pressure Ulcer #5- Depth,目标概念库外的类别
mimic-iv,d_items:Skin - Impairment,Pressure Ulcer #6- Depth,目标概念库外的类别
mimic-iv,d_items:Skin - Impairment,Pressure Ulcer #7- Depth,目标概念库外的类别
mimic-iv,d_items:Skin - Impairment,Pressure Ulcer #8- Depth,目标概念库外的类别
mimic-iv,d_items:Skin - Impairment,Pressure Ulcer #9- Depth,目标概念库外的类别
mimic-iv,d_items:Skin - Impairment,Pressure Ulcer #10- Depth,目标概念库外的类别
mimic-iv,d_items:Skin - Impairment,Pressure Ulcer #1- Width,目标概念库外的类别
mimic-iv,d_items:Skin - Impairment,Pressure Ulcer #2- Width,目标概念库外的类别
mimic-iv,d_items:Skin - Impairment,Pressure Ulcer #3- Width,目标概念库外的类别
mimic-iv,d_items:Skin - Impairment,Pressure Ulcer #4- Width,目标概念库外的类别
mimic-iv,d_items:Skin - Impairment,Pressure Ulcer #5- Width,目标概念库外的类别
mimic-iv,d_items:Skin - Impairment,Pressure Ulcer #6- Width,目标概念库外的类别
mimic-iv,d_items:Skin - Impairment,Pressure Ulcer #7- Width,目标概念库外的类别
mimic-iv,d_items:Skin - Impairment,Pressure Ulcer #8- Width,目标概念库外的类别
mimic-iv,d_items:Skin - Impairment,Pressure Ulcer #9- Width,目标概念库外的类别
mimic-iv,d_items:Skin - Impairment,Pressure Ulcer #10- Width,目标概念库外的类别
mimic-iv,d_items:Skin - Impairment,Pressure ulcer #1- Length,目标概念库外的类别
mimic-iv,d_items:Skin - Impairment,Pressure ulcer #2- Length,目标概念库外的类别
mimic-iv,d_items:Skin - Impairment,Pressure ulcer #3- Length,目标概念库外的类别
mimic-iv,d_items:Skin - Impairment,Pressure ulcer #4- Length,目标概念库外的类别
mimic-iv,d_items:Skin - Impairment,Pressure ulcer #5- Length,目标概念库外的类别
mimic-iv,d_items:Skin - Impairment,Pressure ulcer #6- Length,目标概念库外的类别
mimic-iv,d_items:Skin - Impairment,Pressure ulcer #7- Length,目标概念库外的类别
mimic-iv,d_items:Skin - Impairment,Pressure ulcer #8- Length,目标概念库外的类别
mimic-iv,d_items:Skin - Impairment,Pressure ulcer #9- Length,目标概念库外的类别
mimic-iv,d_items:Skin - Impairment,Pressure ulcer #10- Length,目标概念库外的类别
mimic-iv,d_items:Skin - Impairment,Pressure ulcer #1- Wound Base,目标概念库外的类别
mimic-iv,d_items:Skin - Impairment,Pressure ulcer #2- Wound Base,目标概念库外的类别
mimic-iv,d_items:Skin - Impairment,Pressure ulcer #3- Wound Base,目标概念库外的类别
mimic-iv,d_items:Skin - Impairment,Pressure ulcer #4- Wound Base,目标概念库外的类别
mimic-iv,d_items:Skin - Impairment,Pressure ulcer #5- Wound Base,目标概念库外的类别
mimic-iv,d_items:Skin - Impairment,Pressure ulcer #6- Wound Base,目标概念库外的类别
mimic-iv,d_items:Skin - Impairment,Pressure ulcer #7- Wound Base,目标概念库外的类别
mimic-iv,d_items:Skin - Impairment,Pressure ulcer #8- Wound Base,目标概念库外的类别
mimic-iv,d_items:Skin - Impairment,Pressure ulcer #9- Wound Base,目标概念库外的类别
mimic-iv,d_items:Skin - Impairment,Pressure ulcer #10- Wound Base,目标概念库外的类别
mimic-iv,d_items:Skin - Impairment,Pressure ulcer #1- Surrounding tissue,目标概念库外的类别
mimic-iv,d_items:Skin - Impairment,Pressure ulcer #2- Surrounding tissue,目标概念库外的类别
mimic-iv,d_items:Skin - Impairment,Pressure ulcer #3- Surrounding tissue,目标概念库外的类别
mimic-iv,d_items:Skin - Impairment,Pressure ulcer #4- Surrounding tissue,目标概念库外的类别
mimic-iv,d_items:Skin - Impairment,Pressure ulcer #5- Surrounding tissue,目标概念库外的类别
mimic-iv,d_items:Skin - Impairment,Pressure ulcer #6- Surrounding tissue,目标概念库外的类别
mimic-iv,d_items:Skin - Impairment,Pressure ulcer #7- Surrounding tissue,目标概念库外的类别
mimic-iv,d_items:Skin - Impairment,Pressure ulcer #8- Surrounding tissue,目标概念库外的类别
mimic-iv,d_items:Skin - Impairment,Pressure ulcer #9- Surrounding tissue,目标概念库外的类别
mimic-iv,d_items:Skin - Impairment,Pressure ulcer #10- Surrounding tissue,目标概念库外的类别
mimic-iv,d_items:Skin - Impairment,Pressure ulcer #1- Drainage,目标概念库外的类别
mimic-iv,d_items:Skin - Impairment,Pressure ulcer #2- Drainage,目标概念库外的类别
mimic-iv,d_items:Skin - Impairment,Pressure ulcer #3- Drainage,目标概念库外的类别
mimic-iv,d_items:Skin - Impairment,Pressure ulcer #4- Drainage,目标概念库外的类别
mimic-iv,d_items:Skin - Impairment,Pressure ulcer #5- Drainage,目标概念库外的类别
mimic-iv,d_items:Skin - Impairment,Pressure ulcer #6- Drainage,目标概念库外的类别
mimic-iv,d_items:Skin - Impairment,Pressure ulcer #7- Drainage,目标概念库外的类别
mimic-iv,d_items:Skin - Impairment,Pressure ulcer #8- Drainage,目标概念库外的类别
mimic-iv,d_items:Skin - Impairment,Pressure ulcer #9- Drainage,目标概念库外的类别
mimic-iv,d_items:Skin - Impairment,Pressure ulcer #10- Drainage,目标概念库外的类别
mimic-iv,d_items:Skin - Impairment,Pressure ulcer #1- Drainage amount,目标概念库外的类别
mimic-iv,d_items:Skin - Impairment,Pressure ulcer #2- Drainage amount,目标概念库外的类别
mimic-iv,d_items:Skin - Impairment,Pressure ulcer #3- Drainage amount,目标概念库外的类别
mimic-iv,d_items:Skin - Impairment,Pressure ulcer #4- Drainage amount,目标概念库外的类别
mimic-iv,d_items:Skin - Impairment,Pressure ulcer #5- Drainage amount,目标概念库外的类别
mimic-iv,d_items:Skin - Impairment,Pressure ulcer #6- Drainage amount,目标概念库外的类别
mimic-iv,d_items:Skin - Impairment,Pressure ulcer #7- Drainage amount,目标概念库外的类别
mimic-iv,d_items:Skin - Impairment,Pressure ulcer #8- Drainage amount,目标概念库外的类别
mimic-iv,d_items:Skin - Impairment,Pressure ulcer #9- Drainage amount,目标概念库外的类别
mimic-iv,d_items:Skin - Impairment,Pressure ulcer #10- Drainage amount,目标概念库外的类别
mimic-iv,d_items:Skin - Impairment,Pressure ulcer #1- Odor,目标概念库外的类别
mimic-iv,d_items:Skin - Impairment,Pressure ulcer #2- Odor,目标概念库外的类别
mimic-iv,d_items:Skin - Impairment,Pressure ulcer #3- Odor,目标概念库外的类别
mimic-iv,d_items:Skin - Impairment,Pressure ulcer #4- Odor,目标概念库外的类别
mimic-iv,d_items:Skin - Impairment,Pressure ulcer #5- Odor,目标概念库外的类别
mimic-iv,d_items:Skin - Impairment,Pressure ulcer #6- Odor,目标概念库外的类别
mimic-iv,d_items:Skin - Impairment,Pressure ulcer #7- Odor,目标概念库外的类别
mimic-iv,d_items:Skin - Impairment,Pressure ulcer #8- Odor,目标概念库外的类别
mimic-iv,d_items:Skin - Impairment,Pressure ulcer #9- Odor,目标概念库外的类别
mimic-iv,d_items:Skin - Impairment,Pressure ulcer #10- Odor,目标概念库外的类别
mimic-iv,d_items:Skin - Impairment,Pressure ulcer #1- Cleanse,目标概念库外的类别
mimic-iv,d_items:Skin - Impairment,Pressure ulcer #2- Cleanse,目标概念库外的类别
mimic-iv,d_items:Skin - Impairment,Pressure ulcer #3- Cleanse,目标概念库外的类别
mimic-iv,d_items:Skin - Impairment,Pressure ulcer #4- Cleanse,目标概念库外的类别
mimic-iv,d_items:Skin - Impairment,Pressure ulcer #5- Cleanse,目标概念库外的类别
mimic-iv,d_items:Skin - Impairment,Pressure ulcer #6- Cleanse,目标概念库外的类别
mimic-iv,d_items:Skin - Impairment,Pressure ulcer #7- Cleanse,目标概念库外的类别
mimic-iv,d_items:Skin - Impairment,Pressure ulcer #8- Cleanse,目标概念库外的类别
mimic-iv,d_items:Skin - Impairment,Pressure ulcer #9- Cleanse,目标概念库外的类别
mimic-iv,d_items:Skin - Impairment,Pressure ulcer #10- Cleanse,目标概念库外的类别
mimic-iv,d_items:Skin - Impairment,Pressure ulcer #1- Dressing change,目标概念库外的类别
mimic-iv,d_items:Skin - Impairment,Pressure ulcer #2- Dressing change,目标概念库外的类别
mimic-iv,d_items:Skin - Impairment,Pressure ulcer #3- Dressing change,目标概念库外的类别
mimic-iv,d_items:Skin - Impairment,Pressure ulcer #4- Dressing change,目标概念库外的类别
mimic-iv,d_items:Skin - Impairment,Pressure ulcer #5- Dressing change,目标概念库外的类别
mimic-iv,d_items:Skin - Impairment,Pressure ulcer #6- Dressing change,目标概念库外的类别
mimic-iv,d_items:Skin - Impairment,Pressure ulcer #7- Dressing change,目标概念库外的类别
mimic-iv,d_items:Skin - Impairment,Pressure ulcer #8- Dressing change,目标概念库外的类别
mimic-iv,d_items:Skin - Impairment,Pressure ulcer #9- Dressing change,目标概念库外的类别
mimic-iv,d_items:Skin - Impairment,Pressure ulcer #10- Dressing change,目标概念库外的类别
mimic-iv,d_items:Skin - Impairment,Pressure ulcer #1- Dressing status,目标概念库外的类别
mimic-iv,d_items:Skin - Impairment,Pressure ulcer #2- Dressing status,目标概念库外的类别
mimic-iv,d_items:Skin - Impairment,Pressure ulcer #3- Dressing status,目标概念库外的类别
mimic-iv,d_items:Skin - Impairment,Pressure ulcer #4- Dressing status,目标概念库外的类别
mimic-iv,d_items:Skin - Impairment,Pressure ulcer #5- Dressing status,目标概念库外的类别
mimic-iv,d_items:Skin - Impairment,Pressure ulcer #6- Dressing status,目标概念库外的类别
mimic-iv,d_items:Skin - Impairment,Pressure ulcer #7- Dressing status,目标概念库外的类别
mimic-iv,d_items:Skin - Impairment,Pressure ulcer #8- Dressing status,目标概念库外的类别
mimic-iv,d_items:Skin - Impairment,Pressure ulcer #9- Dressing status,目标概念库外的类别
mimic-iv,d_items:Skin - Impairment,Pressure ulcer #10- Dressing status,目标概念库外的类别
mimic-iv,d_items:Skin - Impairment,Pressure ulcer #1- Stage,目标概念库外的类别
mimic-iv,d_items:Skin - Impairment,Pressure ulcer #2- Stage,目标概念库外的类别
mimic-iv,d_items:Skin - Impairment,Pressure ulcer #3- Stage,目标概念库外的类别
mimic-iv,d_items:Skin - Impairment,Pressure ulcer #4- Stage,目标概念库外的类别
mimic-iv,d_items:Skin - Impairment,Pressure ulcer #5- Stage,目标概念库外的类别
mimic-iv,d_items:Skin - Impairment,Pressure ulcer #6- Stage,目标概念库外的类别
mimic-iv,d_items:Skin - Impairment,Pressure ulcer #7- Stage,目标概念库外的类别
mimic-iv,d_items:Skin - Impairment,Pressure ulcer #8- Stage,目标概念库外的类别
mimic-iv,d_items:Skin - Impairment,Pressure ulcer #9- Stage,目标概念库外的类别
mimic-iv,d_items:Skin - Impairment,Pressure ulcer #10- Stage,目标概念库外的类别
mimic-iv,d_items:Skin - Impairment,Pressure ulcer #1- Tunneling present,目标概念库外的类别
mimic-iv,d_items:Skin - Impairment,Pressure ulcer #2- Tunneling present,目标概念库外的类别
mimic-iv,d_items:Skin - Impairment,Pressure ulcer #3- Tunneling present,目标概念库外的类别
mimic-iv,d_items:Skin - Impairment,Pressure ulcer #4- Tunneling present,目标概念库外的类别
mimic-iv,d_items:Skin - Impairment,Pressure ulcer #5- Tunneling present,目标概念库外的类别
mimic-iv,d_items:Skin - Impairment,Pressure ulcer #6- Tunneling present,目标概念库外的类别
mimic-iv,d_items:Skin - Impairment,Pressure ulcer #7- Tunneling present,目标概念库外的类别
mimic-iv,d_items:Skin - Impairment,Pressure ulcer #8- Tunneling present,目标概念库外的类别
mimic-iv,d_items:Skin - Impairment,Pressure ulcer #9- Tunneling present,目标概念库外的类别
mimic-iv,d_items:Skin - Impairment,Pressure ulcer #10- Tunneling present,目标概念库外的类别
mimic-iv,d_items:Skin - Impairment,Pressure ulcer #1- Undermining present,目标概念库外的类别
mimic-iv,d_items:Skin - Impairment,Pressure ulcer #2- Undermining present,目标概念库外的类别
mimic-iv,d_items:Skin - Impairment,Pressure ulcer #3- Undermining present,目标概念库外的类别
mimic-iv,d_items:Skin - Impairment,Pressure ulcer #4- Undermining present,目标概念库外的类别
mimic-iv,d_items:Skin - Impairment,Pressure ulcer #5- Undermining present,目标概念库外的类别
mimic-iv,d_items:Skin - Impairment,Pressure ulcer #6- Undermining present,目标概念库外的类别
mimic-iv,d_items:Skin - Impairment,Pressure ulcer #7- Undermining present,目标概念库外的类别
mimic-iv,d_items:Skin - Impairment,Pressure ulcer #8- Undermining present,目标概念库外的类别
mimic-iv,d_items:Skin - Impairment,Pressure ulcer #9- Undermining present,目标概念库外的类别
mimic-iv,d_items:Skin - Impairment,Pressure ulcer #10- Undermining present,目标概念库外的类别
mimic-iv,d_items:Access Lines - Invasive,Neuro Mon Line Type,目标概念库外的类别
mimic-iv,d_items:Access Lines - Invasive,Indwelling Port (PortaCath) Power Port,目标概念库外的类别
mimic-iv,d_items:Access Lines - Invasive,PICC Line Power PICC,目标概念库外的类别
mimic-iv,d_items:Access Lines - Invasive,EKOS,目标概念库外的类别
mimic-iv,d_items:Access Lines - Invasive,Avalon/Protek Duo/Crescent,目标概念库外的类别
mimic-iv,d_items:Access Lines - Invasive,Single Lumen,目标概念库外的类别
mimic-iv,d_items:Access Lines - Invasive,Multi Lumen Cooling Catheter,目标概念库外的类别
mimic-iv,d_items:Access Lines - Invasive,ICP - Camino,目标概念库外的类别
mimic-iv,d_items:Access Lines - Invasive,EVD #1,目标概念库外的类别
mimic-iv,d_items:Access Lines - Invasive,EVD #2,目标概念库外的类别
mimic-iv,d_items:Access Lines - Invasive,ICP - PbtO2,目标概念库外的类别
mimic-iv,d_items:Access Lines - Invasive,SEPS (Subdural Evacuating Port System),目标概念库外的类别
mimic-iv,d_items:Access Lines - Invasive,Subdural Drain,目标概念库外的类别
mimic-iv,d_items:Access Lines - Invasive,Lumbar Drain,目标概念库外的类别
mimic-iv,d_items:Access Lines - Invasive,Sheath (Arterial),目标概念库外的类别
mimic-iv,d_items:Access Lines - Invasive,MAC,目标概念库外的类别
mimic-iv,d_items:Access Lines - Invasive,Centrimag Inflow Line,目标概念库外的类别
mimic-iv,d_items:Access Lines - Invasive,Centrimag Outflow Line,目标概念库外的类别
mimic-iv,d_items:Access Lines - Invasive,ECMO Inflow Line,目标概念库外的类别
mimic-iv,d_items:Access Lines - Invasive,ECMO Outflow Line,目标概念库外的类别
mimic-iv,d_items:Access Lines - Invasive,Tunneled Access Line,目标概念库外的类别
mimic-iv,d_items:Access Lines - Invasive,Indwelling Port,目标概念库外的类别
mimic-iv,d_items:Access Lines - Invasive,Camino,目标概念库外的类别
mimic-iv,d_items:Access Lines - Invasive,Multi Lumen - Obturator in place,目标概念库外的类别
mimic-iv,d_items:Access Lines - Invasive,Line Type,目标概念库外的类别
mimic-iv,d_items:Access Lines - Invasive,PICC - Heparin Dependent,目标概念库外的类别
mimic-iv,d_items:Access Lines - Invasive,ICP - Camino marked,目标概念库外的类别
mimic-iv,d_items:Access Lines - Invasive,Sheath Type,目标概念库外的类别
mimic-iv,d_items:Access Lines - Invasive,EKOS Insertion Date,目标概念库外的类别
mimic-iv,d_items:Access Lines - Invasive,EKOS Dressing Change,目标概念库外的类别
mimic-iv,d_items:Access Lines - Invasive,EKOS Line Discontinued,目标概念库外的类别
mimic-iv,d_items:Access Lines - Invasive,EKOS Line Site Appear,目标概念库外的类别
mimic-iv,d_items:Access Lines - Invasive,EKOS US,目标概念库外的类别
mimic-iv,d_items:Access Lines - Invasive,EKOS site,目标概念库外的类别
mimic-iv,d_items:Access Lines - Invasive,EKOS Position,目标概念库外的类别
mimic-iv,d_items:Access Lines - Invasive,Avalon Dressing Change,目标概念库外的类别
mimic-iv,d_items:Access Lines - Invasive,Avalon Insertion Date,目标概念库外的类别
mimic-iv,d_items:Access Lines - Invasive,Avalon Line Discontinued,目标概念库外的类别
mimic-iv,d_items:Access Lines - Invasive,Avalon Line Site Appear,目标概念库外的类别
mimic-iv,d_items:Access Lines - Invasive,Avalon Position,目标概念库外的类别
mimic-iv,d_items:Access Lines - Invasive,Cardiac Assist Cannula Change,目标概念库外的类别
mimic-iv,d_items:Access Lines - Invasive,Cardiac Assist Cannula Date,目标概念库外的类别
mimic-iv,d_items:Access Lines - Invasive,Cardiac Assist Cannula Discontinued,目标概念库外的类别
mimic-iv,d_items:Access Lines - Invasive,Cardiac Assist Cannula Site Appear,目标概念库外的类别
mimic-iv,d_items:Access Lines - Invasive,Cardiac Assist Cannula Position,目标概念库外的类别
mimic-iv,d_items:Access Lines - Invasive,Impella Line Type,目标概念库外的类别
mimic-iv,d_items:Access Lines - Invasive,PICC Biopatch,目标概念库外的类别
mimic-iv,d_items:Access Lines - Invasive,Dialysis/Pheresis Biopatch,目标概念库外的类别
mimic-iv,d_items:Access Lines - Invasive,CVL Biopatch,目标概念库外的类别
mimic-iv,d_items:Skin - Impairment,Pressure ulcer #1- Date Indentified_OLD_1,目标概念库外的类别
mimic-iv,d_items:Skin - Impairment,Pressure Ulcer #1- Date Indentified,目标概念库外的类别
mimic-iv,d_items:Skin - Impairment,Pressure Ulcer #2- Date Indentified,目标概念库外的类别
mimic-iv,d_items:Skin - Impairment,Pressure Ulcer #3- Date Indentified,目标概念库外的类别
mimic-iv,d_items:Skin - Impairment,Pressure Ulcer #4- Date Indentified,目标概念库外的类别
mimic-iv,d_items:Skin - Impairment,Pressure Ulcer #5- Date Indentified,目标概念库外的类别
mimic-iv,d_items:Skin - Impairment,Pressure Ulcer #6- Date Indentified,目标概念库外的类别
mimic-iv,d_items:Skin - Impairment,Pressure Ulcer #7- Date Indentified,目标概念库外的类别
mimic-iv,d_items:Skin - Impairment,Pressure Ulcer #8- Date Indentified,目标概念库外的类别
mimic-iv,d_items:Skin - Impairment,Pressure Ulcer #9- Date Indentified,目标概念库外的类别
mimic-iv,d_items:Skin - Impairment,Pressure Ulcer #10- Date Indentified,目标概念库外的类别
mimic-iv,d_items:Access Lines - Invasive,Sheath Biopatch,目标概念库外的类别
mimic-iv,d_items:Access Lines - Invasive,CVL ArrowGard,目标概念库外的类别
mimic-iv,d_items:Access Lines - Invasive,CVL SecurePort IV,目标概念库外的类别
mimic-iv,d_items:Access Lines - Invasive,HD SecurePort IV,目标概念库外的类别
mimic-iv,d_items:Access Lines - Invasive,CI  SecurePort IV,目标概念库外的类别
mimic-iv,d_items:Access Lines - Invasive,PICC  SecurePort IV,目标概念库外的类别
mimic-iv,d_items:Access Lines - Invasive,TUN SecurePort IV,目标概念库外的类别
mimic-iv,d_items:Access Lines - Invasive,MAC SecurePort IV,目标概念库外的类别
mimic-iv,d_items:Access Lines - Invasive,Chest SecurePort IV,目标概念库外的类别
